7mer,true label,avg_z_score,_ID
DVRFHHF,0,,PLRADGLFLLRQCLRSLGGYVLSLVHDVRFHHFPIERQL
GELFLKL,0,,PLRPAGLSTSADGFLKPPAGSVPGPDSPGELFLKLPPQV
DGNWMGI,0,,PLRADGNWMGIVDPFARPRGHGRKGEDALCRYFSNERIP
NPGFRLV,0,,PLRADGRKFGSKYLVDHEVHFTCNPGFRLVGPSSMVCLP
PLIWCLL,0,,PLRAAGVDAGTPAPLRGVLCPLIWCLLLSLARGRQPLSR
EAGYDAY,0,,PLREAGYDAYITGLCFISMANYLGSFLSPPKIHVSARSK
GHYFETL,0,,PLRPGHYFETLKFLVGHLKTITDHSEKNKMEPRNLARS
LLDFQVV,0,,PLRAEASQELLAQLNRAVQVVVHTGDITEDLLLDFQVVV
QWIWSYW,0,,PLRTAASSLTSPATSLRHHGEGEGQGQWIWSYWAPGQQG
AGCFPLF,0,,PLRSAFLGATVAGCFPLFHRGEYSASPLCLPFPIGETPS
RTAFNRV,0,,PLRTAFNRVLQQIRSRPSIKRGASLHSSSGGGSSGSSSR
ALLFPNI,0,,PLRSAFNSDTNRALRIALLFPNIILKFQCQLMSRQLL
DTEYYAV,0,,PLRDALVSDDETTRLVTLEDDFDEELDTEYYAVGKEEE
DLAFPRF,0,,PLRAAGFALSQVGDLAFPRFEIPAQRFALPAHYLERSPA
KAKYILL,0,,PLRKAKYILLMDIIAADDCRYKFHNSRWVVAGKADPEMP
GCTWKRW,0,,PLRAAPRRWSMGWSCQSRGAGCTWKRWSTPCSTQRSS
APVYHCL,0,,PLRAALYLQSIGEGFKEAVQYVLPRLLLAPVYHCLHYFE
KMHYPMV,0,,PLRHFNYDICQSCFFSGRVAKGHKMHYPMVEYCTPTTSG
RLSYPWV,0,,PLRSAEDSWVPRLCTVQLSQVIQVQFRLSYPWVLTPIL
GHDYQWI,0,,PLRDAAERECRLQGAHLTSILSHEEQMFVNRVGHDYQWI
GDCFLLL,0,,PLRSAAGMLPIWGRRHVQTRLVEPRASALNSGDCFLLLS
TAAYQSV,0,,PLRTAAYQSVRILSVSPIQAEQELEDLVAVDLQWSKPTS
TGEYSHW,0,,PLRTGEYSHWMNMKTILKELVQRGHEVTVLASSASILFD
LVQFLFI,0,,PLRAAWIGGFLHSLVQFLFIYQLPFCGPNVIDNFLCDLY
QRIYLGV,0,,PLRSACLKESTEEGSSKEDYYGNGKDDEEQRIYLGVNEK
GDRYLLI,0,,PLRLECFKCAACQKHFCVGDRYLLINSDIVCEQDIYEWT
RVVFEAI,0,,PLRTEDERVVFEAILQWVKHDLEPRKVHLPELLRSVRLA
TEFWFSV,0,,PLRAAYGEKDAILEADTEFWFSVCCEFSVQHQIQSLMNI
DKDWEDI,0,,PLRPADKDWEDIKKMPEHSTLMKDFRRNTYTNCSLIKYI
DYPYGPV,0,,PLRAEDYPYGPVENKIKVLQFLVDQFLQQILPVRN
LWKWKEL,0,,PLRAAEELWKWKELGHDLHSISIPTKLLGCASKGLDIES
ENEFVTL,0,,PLRAAENEFVTLKKDVDAAYMNKVELQAKADTLTDEINL
ISDFLSV,0,,PLRTAEPISDFLSVTEKKLANSEPVGTQTAKIQQQITR
ERKFPKF,0,,PLRADKQAAQIRRELDGRLQLADKMAKERKFPKFIAKDM
CATFASY,0,,PLRPAEYHEACLFAYCAGAMAGSGQEGRQQAVCATFASY
DDAFDEL,0,,PLRPALHEQHQVTGIDDAFDELQRELKDQLQALQDSEQ
NVTWLQL,0,,PLRIDDTNVTWLQLEAEIKALKEKLLFMKKNHEEEVKGL
ALKYAGL,0,,PLRSALKYAGLQGLMSVLAEIRPKNDLGHPFCNNLRSGD
LSSFQKV,0,,PLRTALLMLNLVFLINSWLSSFQKVGVCITAAVALHYFL
SQAYNAL,0,,PLRPALPLGTAPWTSQAYNALTSVVTSCKNFKVRIRSAA
GFCYDYL,0,,PLREALQAIETKVALMLQLLIHEDDDISSNIIGFCYDYL
LKDFNII,0,,PLRAERKRIIIKMEPEDIPTDELKDFNIIKVTDKDCNES
LNGYKGY,0,,PLRAARLERAGLNGYKGYGVGDWLCMAHYESGFDTAFVD
RASWATF,0,,PLRAARPRASWATFPRERALTAHLDTKKTRKKPRQKKPE
PAPWSAL,0,,PLRNASARQGQMLGIPAPSQALQEPAPWSALPCGLLLDE
SEVFPEV,0,,PLRTTASEVFPEVVGDESALLIVPEEDKQQQQLDLEREL
SGGYVNI,0,,PLRLAASGGYVNIIKILLNAGAEINSRTGSKLGISPLKL
HTNFKNY,0,,PLRAASSYIRDHLNAMNPTMLAVLDLWHTNFKNYV
KGNWHHY,0,,PLRADSKGNWHHYWENNPSAGAFRKTGVHDADFESNVTV
GSRYPPW,0,,PLRAALRVPQRCCLTMLAPDSLGLLGSRYPPWPPKVLGL
KLIYYYL,0,,PLRTDMLSVVKNQNIGFNNAAFITRNPFLSKVKLIYYYL
VLLYTML,0,,PLRIANFVAPEVLKRQGYNAACDIWSLGVLLYTMLTGYT
EGGFDAI,0,,PLRSANIDTPEGGFDAIMQAAVCKEKLAGGMTPSTSWS
NIQYEVI,0,,PLRAVNIQYEVIGNYYSSERMANNACVLFAVSVLMFIIS
IRLFLEL,0,,PLREANLELIRLFLELPSCLSFVNAKAYNGNTALHVAAS
LMAFGCV,0,,PLRAVNNKYRLMAFGCVSGSVQVYTIDNSTGAMLLSHKL
RTHYILI,0,,PLRDATVHSIVIQDGGLLVFGDNKDGSRNITLRTHYILI
PLRYLDV,0,,PLRYLDVYNNKAAVLKYENNVMNIRQFNCSPHPYWLPNF
LKCFSVL,0,,PLRAVQNIAHLLTSLSYKVRMQALKCFSVLAFENPQVSM
VLNFVKV,0,,PLRIPLLPENNMSASIDCAGLLKLRNSVLNFVKVKLIL
KKKYVTL,0,,PLRPIKQGMLLKRSGKWLKTWKKKYVTLCSNGVLTYYSS
KFNWRVI,0,,PLRAVHSEFMHDHADYGFPSCEGKFNWRVIKEKRDAYVS
ARIWSYL,0,,PLRPATLNPIIYGMRTKQLRARIWSYLMHVLFDHSNLGS
TACWMAW,0,,PLRAATNIRNYGTEDEDTACWMAWEPSLGAFYGPAAIIT
EAPFNLV,0,,PLREAPFNLVPHVDNIETANSFAVTNAFCSQYSRGVFAI
AAAFTLF,0,,PLRDAPGASVLQNEHSFPAQLRAAAFTLFLFTATWAFGA
KEEYGDI,0,,PLRAAPWGTRRLLNWIKEEYGDIPIYITENGVGLANPNT
TQEYDAI,0,,PLRAAQNSDKSYKAEYEEDKGKCYFPQTITQEYDAIKKL
ETVFVPV,0,,PLRADTRETETVFVPVIQAGMEALKAAECAGKLFLFHTS
IDYFEEI,0,,PLRKMLCFFKHDNVLSALDILQPPHIDYFEEIYVVTELI
TAVFMKY,0,,PLRTAVFMKYAENIMLKLTFVPHKFNSMKMSYF
AAVFWNV,0,,PLRAAVFWNVKDKTMKHVMKVLEKHEIQPYEIALVHWEN
MSCFQLF,0,,PLRTAVKKEMSCFQLFMCTFDLPAYTGNCSREGTIASLN
KFVFDVF,0,,PLRVAVKKVPYVDEEGNLVKPLKPNGIKMEKFVFDVFRF
AEEWLKV,0,,PLRTEVLVLALQSREQAEEWLKVIREVSKPVGGAEGVEV
VREYTKY,0,,PLRSAVYIYNCNSWVREYTKYHERLLTGLKGSKRLVFID
KTNFPVI,0,,PLRDAYKKTNFPVIQLIPNTPPTRQQVREKIEFCLKMLF
PNLYEKL,0,,PLRTCRPNLYEKLKDLQSRLSLCRKALTEYLETKRIAFP
CRVFQLI,0,,PLRSCRVFQLISLMDTGLPRCCNEKIELAILWFLDQFRK
KRSFSVY,0,,PLRAGSKYNIAITAVSGGKRSFSVYTNGSTVPSPVKDIG
TKVYKDL,0,,PLRDCTKVYKDLLENSMLCAGIPDSKKNACNGDSGGPLV
GLSFCDV,0,,PLRTCTPSAGLSFCDVTEIPCGDVYTVMVSLVAKTGLKL
KAQYVLL,0,,PLRAGTVFVIDEATGNIHVTESLDREEKAQYVLLAQAVD
CMFFEPL,0,,PLRNFSFDAHDPCVFHSSTVTGLLEHYKDPSSCMFFEPL
ILMYATV,0,,PLRSCVMGFILMYATVLCTQYNSALTPTIVGCIKNILIT
GIPWKKI,0,,PLRTCYMNAILQSLFSLQSFANDLLKQGIPWKKIPLNAL
PETYIQY,0,,PLRPETYIQYFKNHNVTTIIRLNKRMYDAKRFTDAGFDH
TTVFEDL,0,,PLRTDDHMALLLEEENAIFSGDCILGEGTTVFEDLYDYM
NSDYETY,0,,PLRAHTYHINSISINSDYETYLSADDLRINLWHLEITDR
SNVFDIL,0,,PLRPDCMASLIVARQGLGDMAVSNTIGSNVFDILVGLGV
DDEFENL,0,,PLRSDDEFENLRIKGPNAVQLVKTTPLKPSPLPVIPDTI
SFLFHAI,0,,PLRPDDHARKILLSRINNYTIPEEEIGSFLFHAINKPNA
KELFQEL,0,,PLRAFMETSAKLNHNVKELFQELLNLKKRRTVNLQIDGK
ASNFARW,0,,PLRASNFARWRYKVSVTLSGKKVTGHILVSLFGNKGNSK
SDLWMDY,0,,PLRSCNMANIREYYERALREFGSADSDLWMDYMKEELSH
GRPYSLL,0,,PLRTDFFSEAFEHNGRPYSLLVYIPSRVALILQNVDLPN
RDPYCAW,0,,PLRMANCSLYRSCGDCLLARDPYCAWSGSSCKHVSLYQP
GPGFARL,0,,PLRLADDCDDPLVSALPQASFSSSSELSSSHGPGFARLN
AGLFKIL,0,,PLRSCEIRDLLPVMCNRAGLFKILALSSMRKLN
SLSYGAI,0,,PLRAGELQKPFFWGTEYPRSLSYGAIGVIVGHEFTHGFD
NREFTYI,0,,PLRACESSSHICPYCNREFTYIGSLNKHAAFSCPKKPLS
RQRWGQY,0,,PLRRVVQVWFQNRRAKEKRLKKDAGRQRWGQYFRNMKRS
HTAFATF,0,,PLRSDKGRLKHTAFATFPNEKAAIKALTRLHQLKLLGHT
VSAFGQV,0,,PLRTDKGVSAFGQVISLDLRSQFPRGRDSEDFNVKEEAN
NNRWEDI,0,,PLRTDKLFKFRNNRWEDILSDEVNVARGVASLFAGRSVA
PSHFLDI,0,,PLRPCHQAGAQEAQPLQPSHFLDISEDWSLHTDDMIGSI
LNGYPFL,0,,PLRLMAAVMTSKWVGDAFGREGIYEAHIRLNGYPFLDAK
PGLYAMV,0,,PLRADCITPGLYAMVGAAACLGGVTRMTVSLVVIMFELT
LPGFYRL,0,,PLRACLPGFYRLRSQPGGRTPGPTLGTCVPCQCNGHSSL
RSVFIPY,0,,PLRALSEQANQRSVFIPYRESVLTWLLKESLGGNSKTAM
PATWDNF,0,,PLRDDRRVTPTCHSSTSEPRCSRFDPDGSGSPATWDNFG
ISEWGKI,0,,PLRAESLAVHNITVCEQKISEWGKIKECPIPQFAGNPPM
AVKFDDI,0,,PLRVDSNLANLIMNEIVDNGTAVKFDDIAGQDLAKQALQ
PLMFVNV,0,,PLRTDSQPTSVMLLDFIQHIMKSSPLMFVNVSGSHERKG
DAGFDVW,0,,PLRLLADSSNWVTNLANSSLGFILADAGFDVWMGNSRGN
NQFWKNL,0,,PLRAGKLNQFWKNLRESQQLRWDESWVQTVLPLVMDIQL
PFVFKLL,0,,PLRTDLPFFDTCVANLPYQISSPFVFKLLLHRPFFRCAI
SESFVVL,0,,PLRTDMKCQRGDLSFIFNGDAAPSESFVVLDNEQKVYQR
MVPFVFV,0,,PLRGDNENKLPREDGMVPFVFVGTKESIGNVQVLLEYHI
LRHWTGI,0,,PLRHWTGILREAFTDADNFGIQFPLDLDVKMKAVMIGAS
PEDFDYI,0,,PLRTDNIFAIKSWAKRKFGFEENKIDRTFGIPEDFDYID
EAHYNLL,0,,PLREDPLAILILFDEAHYNLLKGFYTAPDAKLITSASLL
PRPFFKF,0,,PLRPDPQAMFDIEYFRKDPRPFFKFAKEIYPGQFQPSLC
DPQFPKV,0,,PLREDPQFPKVQWPPRELCSACHNERLDVPVWDVEATLN
SYSFKIL,0,,PLRTDVDSYSFKILIFNMTMHVTCQGIEKLKGECDLRTL
AIAYTIL,0,,PLRDDVNTYNAAIAYTILSQDPELPDKNMFTINRNTGVI
EAMFALF,0,,PLRTEEAMFALFLQQCHFLRQAGHSEKAISLFQAMVDFT
DAHYSIL,0,,PLRTEEFLNAPLPSIKEIKTDAHYSILSLLLCLSDSPSN
LTRFPGL,0,,PLRSEELTRFPGLRGPTGQKVVRFGDEDLTWQDEHSAPF
LGHYIYI,0,,PLRAKENCGDGPDARIPEKRPYTVPFDTHLGHYIYIPSR
VDSYMAI,0,,PLRGKGCPYPAPLERQMETTQNLVDSYMAIVNKTVWDLM
VYNWRTV,0,,PLRTEEPVYNWRTVINSAADFYFEGNIHQSLQNITENQL
RWGFTKF,0,,PLRWGFTKFNADEFEDMVAEKWLIPDGCGVKYIPNRGPM
HQCWKAL,0,,PLRGEFKNKAFALEVIKSTHQCWKALLMKKCNGGAINCT
QGRYLQL,0,,PLRTEGAQDSGGRGTQGRYLQLRSAASLYLSGASPGFPE
HKLYSQL,0,,PLRSEGARDVDNLFFLQGFLKSRERSSHKLYSQLLHTQM
TCAYRLY,0,,PLRTEGINLVTAVLTNPVTAQMQIKEDRFWTCAYRLYYA
EGKYAAL,0,,PLRTEGKYAALEAQAIGLLLELLHSPMTIARLNATKALT
TPTYGDL,0,,PLRALYDICSRTLKLPTPTYGDLNHLVSATMSGVTTCL
TGGYATI,0,,PLRTEVPLLIRLYLADMTLSEVHVVMTGGYATIAGSLLD
CAEFFSI,0,,PLRDEATVKRLRREETHVCEKCCAEFFSISEFLEHKKNC
DEKYKKV,0,,PLRAEDVKKTLDGELDEKYKKVENLIAKKTEESADARRK
NWNYTPL,0,,PLRPNARDNWNYTPLHEAAIKGKIDVCIVLLQHGAEPTI
GFSFKVF,0,,PLRTECLCINPGSFPRSGFSFKVFYPSNKT
GISFITI,0,,PLRNPDVQSISEDARISGISFITIALSTVVNEAKLRLIS
NYIFTHI,0,,PLRSEDKNYIFTHIGNGSNYIKS
KVAFEFV,0,,PLRPEDKVAFEFVLEYMDRMVGCKDWLVENAPGDVVPIV
VIVFVSY,0,,PLRFDISSSLAGLIDGSFEIGNLLVIVFVSYFGSKLHRP
EHDFHEI,0,,PLRTEHDFHEIEGACKRGFQETLYVWNEPKWCIKGISLP
APSYPCL,0,,PLRVEHPLSGVQGETLTSWSLATAPSYPCLAGPCTFRIC
NIVYRDL,0,,PLRAEIASALGYLHSLNIVYRDLKPENILLDSQGHIVLT
LVKWYNV,0,,PLRPEIATSELVQTCLQAIKFILPKEIAVQMLVKWYNVH
ANDYRVV,0,,PLRAEVPSILMEYFANDYRVVNQFARHYQTGQPLPKNMV
LYIYDTV,0,,PLRMEISNLYIYDTVLLLANAFHKKLEDRKWHSMASLSC
VCEFRLY,0,,PLRTEKADHEEVCEFRLYSCPCPGTVCKWQGTMDAIMPH
MDDFSSL,0,,PLRAELEQIAFNPSLVYLMDDFSSLPALPQQLIQPLTTY
AVVYAEV,0,,PLRAELVKCLSSEETVGAVVYAEVGDSASMEQSLLTFKS
HQLWRRF,0,,PLRQELLSIYDCREMETNGPGHQLWRRFPEHVREILEPH
HQEYLKL,0,,PLRAEMTSKHQEYLKLETTWMTAVGLQRWQQKLHIKLA
VNVFGAI,0,,PLRAKNKVNVFGAIINMAASVSGVIGGLKFSRTYYVKGI
RENWLKI,0,,PLRENWLKIQPTTPSEPTAIKSQLKICKDEVNRLSGLQP
CHLYLMV,0,,PLRTESISEFILRRLTMNELNSVSDLDRCHLYLMVLTEL
GPLFTEL,0,,PLRSESVGSDAPCVVKVEPSDNGPLFTELKFYQRAAKPE
RDAFREF,0,,PLRLMGPKLLAETADMIGVKELRDAFREFDTNGDGEIST
DITFSTL,0,,PLRTETIAKLIKYVFDNRETEDITFSTLVERVIQQLEGA
ILDYINV,0,,PLRTETPRPRFSRHSTILDYINVVPTAGPLAQKRNQKAT
QEHFEIY,0,,PLRSETSEDDDSLKCMGYCPQINPLWPDTTLQEHFEIYG
HLAFQDV,0,,PLRTEVREIGPLSRRGFHLAFQDVGACVALVSARYYKQ
QELFQDV,0,,PLRSEVSHLLSHCTFRLPCRRFIQELFQDVQFLQMHEEA
GLGFNGF,0,,PLRTEGVCILTGLGFNGFEEKGKAKWDACANMKVWLFET
AHSFCSY,0,,PLRSEYFIEAVTLNCAHSFCSYCINEWMKRKIECPICRK
RTEYFTL,0,,PLRTEYFTLDVKRNDEEIKSLGLVLKKNLNREDTPKHYL
LMSWRFI,0,,PLRPEYLTKLKPILTKYSARDLQNLMSWRFIMDLVSSLS
HRHWHVV,0,,PLRPFADGGLESQGLSTLLGHRHWHVVQISSTYLESNWP
DGRWHHL,0,,PLRAFDLDMHDGRWHHLALELRGRTVTLVTACGQRRVPA
KDLFKFL,0,,PLRAFANAARIAIMKEKDLFKFLEELKRCNSGSDSPYSK
CTKWILV,0,,PLRPFAPCLEELSFSYSSSLSCPTGTSNSTCTKWILVSL
NTCFNDV,0,,PLRALASLGGPIYAIGGLDDNTCFNDVERYDIESDQWST
LRVFDPI,0,,PLRVFDPISSRKRSSISKQNLFQTGSNVSFSCGGETRVP
TGMYLRI,0,,PLRTGITPFEFENMAESTGMYLRIRSLLKNSPRNQRKT
VAIFIAF,0,,PLRALEKSYDISPGLVAIFIAFYGDRKKVIWLVASSFLI
VNLYKSL,0,,PLRTKSVEQEVVQSQLNHCVNLYKSLSEVKSEVEMVIKT
VRRYLQL,0,,PLRNRQPKDANVRRYLQLTQSELSSYHRKEKQLYLGMFG
EQVFLEL,0,,PLREEYSLSQSTLEQVFLELSKEQELGAFEEDFDPSVKW
LRAFFLI,0,,PLRAFFLITYTFHSTWVTSEAYSSPSIVLSARGGDGSRI
GDQFVFY,0,,PLRSFFQTKALDVSASDDEIARLKKPDQAIKGDQFVFYE
NITFTKV,0,,PLRPFGDSRMYNITFTKVLSVCVWVIMAVLSLPNIILTN
GKSFHRI,0,,PLREWTVEDKVLFEQAFSFHGKSFHRIQQMLPDKTIASL
PDIFSAL,0,,PLRAFGNGAPDIFSALVAFSDPHTAGLALGALFGAGVLV
DASYSLI,0,,PLRSFGINDKFTLNKDDASYSLILEVQLQLIMS
PGVYILL,0,,PLRSFGLENKCGDPRGPGVYILLSKKHLNWIIMTIKGAV
SREYNEL,0,,PLRDFGVSVSNTISREYNELLMAISDSDYYTDDINRACL
SGDFGNL,0,,PLRAFLQDEVSGSVMSVYSGDFGNLEVKGNIQFAIEYVE
IGPFEIL,0,,PLRTFHYMLTIPTAASNISLAIGPFEILVDPYMHEVTHF
LAKFSPY,0,,PLRDSIEDLEVTCTWKLPTLAKFSPYLGQMINLRRLLLS
RHSWRRW,0,,PLRGGIGRAGRPRSSTSQSCCPTCTRVGTSRHSWRRWQS
QMGYNCF,0,,PLRKQRIACQQMGYNCFSLENQETPSQQVGSMCSSLEKQ
AKGYSGI,0,,PLRPERCRMLLALRINVLAKGYSGISLETLKQVIEMFNA
DLKFSNV,0,,PLRAEWHCSLRDLKFSNVDVLQQTPPCSAEVPSDPDKAD
QEFYEPV,0,,PLRTDPQGEPDKRQEFYEPVRTQSIPHPDLRTNAPLLAV
RGKYLSL,0,,PLRMERSLSSYRGKYLSLLQLIRCFSVRRKSCKVF
SSFYVKI,0,,PLRPNCCIKRNPQLRELNAIITKRILRMLLSSFYVKIFP
HLTYNDF,0,,PLRPEQFLYGTATKHLTYNDFINKELILFSNSDNERSIP
NGSFTRV,0,,PLRTFIVGAQMNVKELRSTLLPLSASHLKNNGSFTRVV
IRTFIRV,0,,PLRCNDCGKTFSRSFSLKLIRTFIRVRSLLNAVIVV
EDGYFRI,0,,PLRPFKSEGLEISKETKDKRLEDGYFRIGKFENGVAEGM
HAIFLLV,0,,PLRAFLFSLESQTTIGYGVRSITEECPHAIFLLVAQLVI
MFLFSYV,0,,PLRMFLFSYVSSLPYPTKPSKRSESPLADSTQSVFGNCS
QETFLNI,0,,PLRPFLGNDKQETFLNISQMHLSYSE
ALGYSEL,0,,PLRVSLIANALGYSELGAIKSLRTLRALRPLRALSRFEG
TRVFRLL,0,,PLRAFWKHGMQGKSFKSDEVTQEISDETRVFRLLGSDRV
LRDFLKW,0,,PLRDFLKWEVTDHSLHGLPPWLQREADPLQGLHGAKPCA
GTPFLVI,0,,PLRSFLRKLKADKEFRQKVMLGTPFLVIWLVGFIADLNI
PLRFECL,0,,PLRFECLECGKAFTHSSSLNNHMRTHSAKKPFTCMECGK
LRAFMAL,0,,PLRAFMALNLGVTSCQSLEISLDQFVRGEVLEGSNAYYC
VLPFLAL,0,,PLRSFNAATTQVLPFLALGVGVDDVFLLAHAFSETGQNK
ETVFGML,0,,PLRTFPDNVEHCETVFGMLLGDTIILDNLDAANHYRKEV
LRTFPFL,0,,PLRTFPFLDKMPEANQLHLPNLNSQVDSPSSEKSLLRH
LRAFPLL,0,,PLRAFPLLMTLFELARNRTCSRSCARRAWPPQPASGP
QHPWRGF,0,,PLRAIPQYLWTCTQEYVQSQDYSSGPMRPFAQHPWRGFA
GKAFIRV,0,,PLRIQHQRIHTGDKPYECKECGKAFIRVSQLTHHQRIHT
LRTFSRI,0,,PLRTFSRIGSSMKSVGEVMAIGRTFEESFQKALRMCHPS
PLRFIIV,0,,PLRFIIVRRGRWDFGRSAAATASGGLIFIFALRWLKAFI
LGGWNGI,0,,PLRFTSDNGGHLEPLDGAVQLGGWNGIYKGGKGMGGWEG
KNDYPEL,0,,PLRSFWIKAKNDYPELAEIALKLLLLFPSTYLCETVSL
KQCFSCL,0,,PLRTGCAKCGLELETDENRIYKQCFSCLPLTMKKIYYRP
GRIWERL,0,,PLRAGGRIWERLFHGPTSSLIPRRSVKLKMPTAFVSGPR
DPKFHPL,0,,PLRAGSVESPSVSSTHRVSDPKFHPLHSKIIIIKKGHAK
CKSFKWF,0,,PLRAGDVAVQKKLRSSLNCKSFKWFMTKIAWDLPKFYPP
SRSFQSL,0,,PLRTGEAAISRSFQSLACSPGLPAADRLSYSGRPGSRQA
KRLFEIL,0,,PLRTGEKNLPCANVRQIILWVEDPAKKKRLFEILNDKKL
SKSYLII,0,,PLRECGKAFSSKSYLIIHMRTHSGEKPYECNECGKAFIW
QLEFGPF,0,,PLRPGEMQLEFGPFSVSCEAEKRKSDYIIRTLKVKFNSK
TIQFVDW,0,,PLRRGDVVPKDVNAAIATIKTKRTIQFVDWCPTGFKVGI
GFMYKNL,0,,PLRPGFMYKNLQCLVIDEADRILDVGFEEELKQIIKLLP
GLAFGAF,0,,PLRTGGGGGSSTGLAFGAFTNPFTAPAVQSPLPSTNPFQ
LEGYRKY,0,,PLRAFQKEITMLPLVVVLTIIAIKDGLEGYRKYKIDKQI
TSRYIHF,0,,PLRPFQEEIVAAGAMGSSHGGPGDSSEEESSPTSRYIHF
TFEYQGL,0,,PLRTFQKRQKLTSEGAAKLLLDTFEYQGLVKHTGGCHCG
KRAYREL,0,,PLRPFQSEIFAKRAYRELLLLKHMQHENVIGLLDVFTPA
QESFQVW,0,,PLRIESQGELILQESFQVWDPKTLIRKGRERHLFLFEMS
AELWKVL,0,,PLRPGGSSEQEQMEQAIRAELWKVLDVSDLESVTSKEIR
PMCYRWL,0,,PLRAGHCPHLVESVPCEDPMCYRWLASEGICFPDHGKCG
EKVYEQV,0,,PLRAGMASIILKPNTSLDLEKVYEQVVTFLPAYACPHFL
RLIFTAI,0,,PLRRTSPQPESGIKRLIFTAIMPMVAAGLIIDDPTLQPV
ALKYQSL,0,,PLRTGIPTLDNLQKGVQFALKYQSLGQCVYVHCKAGRSR
SGNFTYI,0,,PLREGIVKKHKPEIKGNMSGNFTYIIDKLIPNTNYCVSV
SKYYWDV,0,,PLRSSKYYWDVHVGDTWNWAFGVCNKYWKGKNQNGNIYG
GKYYWEV,0,,PLRQAFTSGKYYWEVHMGDSWNWAFGVCNNYWKEKRQND
ILVWKEL,0,,PLRDGKILVWKELDYGSMTEAEKQMLVSEVNLLRELKHP
RTRFENL,0,,PLRDGKLSSINNMGLNSCRNEKERTRFENLGPQLTGKSN
HMMYTQV,0,,PLRLLGMVAHMMYTQVFQVTVSLGPEDWRPHSWDYGWSF
KSVYEKL,0,,PLRVGNEYVTKGQTVDQVHHAVNALSKSVYEKLFLWMVT
TGNFASF,0,,PLRTGNFASFCWDHRPVQIITSNNYRESLPCTICLEFIE
KFGFSNI,0,,PLRTGNGVFLVELAKFGFSNITGIDYSPSAIQLSGSIIE
IRDWVEI,0,,PLRPGNQRGIFLVRESETTKGAYSLSIRDWVEIRGDNVK
TGNYIAV,0,,PLRTGNYIAVGNMTPVIEVWDLDIVDSLEPVFTLGSKLS
PVSFTDL,0,,PLRAGPASKIIILKRTSLPTVSPSNERAYLLPVSFTDLA
MSAFTRV,0,,PLRTGPQGAAELAAHSSLLGGPQGPGGMSAFTRVNLSPN
ELNFSHL,0,,PLRDGPMEGDSCPTGNSMKELNFSHLPSNSVSPGDCLLT
VILYILL,0,,PLRAGTPGYLSPEVLRKEAYGKPVDIWACGVILYILLVG
PQGFPGL,0,,PLRPGPQGFPGLPGLPGEAGIPGRPDSAPGKPGKPGSPG
PTSWPLL,0,,PLRPGPTSWPLLGSLLQFLWKGGLKKQHHTLVEYHKKYG
RLTWWAV,0,,PLRAGQVVRLTWWAVSVTPCTTPSLSSCSSCSFMMNKL
TIKYLDF,0,,PLRTGSCRSHTALLRLNSSTIKYLDFVFAVKNENRFYLK
IETYTGL,0,,PLRMVLTEPILIETYTGLMSFIGNRNKLGYSLARGSIGS
GIVFGIV,0,,PLRSGTAIAGIVFGIVFIMGVIAGLPFTSACDEEPPCD
PRGFPPY,0,,PLRPPPAPFAMRNVYPPRGFPPYLPPRPDFFPPPPHSEG
SENFLGI,0,,PLREGTPLNNSNSSLLLMNGPGSLFASENFLGISSQPRN
QCPWALV,0,,PLRPGVDGSQCPWALVSVFPATARSGFSTSWLSGPECTP
GRSFQSF,0,,PLRTGVELPNSLKDHPFLVSSCLGCETWSQGRSFQSFNI
ELGFTHV,0,,PLRVGVLARELGFTHVSLSSEAMPMVRIVPRGHTACADA
LSGFVPL,0,,PLRSEVPLYKDPDDDLTLLILEEDRLLSGFVPLLAAPQD
ILLYGDL,0,,PLRTGVQILLYGDLPKNKENIII
TGLFCSL,0,,PLRTIKITHKNQAPMLMGPPPKTGLFCSLVKRTRNRSKE
SKSWITF,0,,PLRTGSGELWWQAERASSSKSWITFDLKNKEVSVKRVTQ
QSIFRVY,0,,PLRAGSLGINLVAANRVIIFDASWNPSYDIQSIFRVYRF
TTNYQWL,0,,PLRESVNSVIAQAPPVAQEALKKELETLTTNYQWLCTRL
KKVFAKW,0,,PLRECDEYFLHEHAPYGGHRFITEKKVFAKWAKKHRIIF
ANLYVVV,0,,PLRANLYVVVPPTLNPVIYGVRTKHIRETVLRIFFKTDH
LSQFSTL,0,,PLREHCSKCLAEQMILEEFGRCLSQFSTLSLNLRV
IGGFQCV,0,,PLRHAVHEDAPDKVAEAVATFLIRHRFAEPIGGFQCVFP
IVNYEPL,0,,PLRKNIFGTPEFVAPEIVNYEPLGLEADMWSIGVITYIL
EWSWKNL,0,,PLRTHLDYVDTERIMTEKLHNQVNGTEWSWKNLNTLCWA
ISRFPKW,0,,PLRPHLLFLCSQETGGAGASISRFPKWLCGRDSSRPAAM
VPLYDLL,0,,PLREHLYSMKCKNVVPLYDLLLEMLDAHRLHAPTSRGGA
HNAFGRI,0,,PLRDHTFCVEHNAFGRILQHELKPNGRNVPVTEENKKEY
HQNFSIV,0,,PLRANSTGSREATDFAASHQNFSIVEFIRNKGFYLNNST
KERFVKL,0,,PLRSASDRFAASNFGKERFVKLLDQLHNSLRIDLSTYRN
SGGFFGI,0,,PLRPEDQDEGEWGLDQEQVFSLGDGVSGGFFGIRDSSFL
KKSYKSF,0,,PLRHHYNMSTSLNPMRKKSYKSFEKCLPPNLDLLKYNRS
KQTYHPV,0,,PLRDHRGLKFGLMQLDKQTYHPVGAWNSKEHLSQATGIL
RTIFLQV,0,,PLRTIFLQVVDRLEEVDNTVTLIILAVVGGVIGLLILIL
GPRFKLL,0,,PLRAIGPRFKLLTLGLSLLHADVVPNATIRNVLREKIYS
TCTFHIY,0,,PLRAIGTHGANIQQARKVPGVTAIDLDEDTCTFHIYGED
RDIFGVI,0,,PLRAIALILLVLVNVLVICVPTIRDIFGVIGSTSAPSLI
IDFWLKV,0,,PLRTICKTIDFWLKVGISAGTCTAILLTVLTCYFWKKNH
GIIYRDL,0,,PLRYSAEISLALNYLHERGIIYRDLKLDNVLLDSEGHIK
VEVFMQL,0,,PLRAIDELKECFLNQTDETLSNVEVFMQLIYDSSLCDLF
NQQYLNL,0,,PLRAIDFLMDRNNVVPRINTLILRTNQQYLNLISTSVTA
LDVFSLL,0,,PLRAKDPDAANSPIRYSIDRHTDLDVFSLLIQRMVLLK
SLRFLQI,0,,PLRVIDTIVLIASIAVVSAKTQGNIFATSALRSLRFLQI
RAAFTAF,0,,PLRTIEDAIAVLSVAEEAADRHPERRMRAAFTAFEEAQL
REHFDKL,0,,PLREHFDKLLVEDINKDKNLVPEDEANIGASAWICGIIS
RYGYEYL,0,,PLRNHLETKMINAGLRYGYEYLGNSPRLVITPLTDRCYR
RTHFRGV,0,,PLRTHFRGVSLNLTRKLAQQLCTALLFLATPELSILHCD
ITPFPII,0,,PLRTHITPFPIIIIQEESLIYLLQPGKHRLHVDTGMEGD
SPQFFSL,0,,PLRTIIKHCSPQFFSLGLPGATMLIMDFIVAAGRVASSA
QVLFVFL,0,,PLRYIGDIKKRIIHQSLQILQAKLKQARQVLFVFLRDLE
TPMYFLL,0,,PLRLFLSMYLATMLGNLLIILAVNSDSHLHTPMYFLLSI
SPSYVPL,0,,PLRLAVRGDASRDMKQTIMETLEQGPAQASPSYVPLFKD
VPIFVAL,0,,PLRTINAEELLLSNAVAVTFSERLLGNFSLAVPIFVALS
TNIFRNL,0,,PLRDIPFLSPTFNPQEVFIRSTNIFRNLESTRCLLAGLF
DALFTVV,0,,PLREIPHIVVTHCLLNPPALVIKTLPTKLRDALFTVVRV
EPMYYFL,0,,PLRPICLMYLLAIMGNCTILFIIKTEPSLHEPMYYFLAM
IPIYPVL,0,,PLRDIPIYPVLPHVQKSEEMWIEQGKLEWKNQLKLVINE
NSTFSEI,0,,PLRATQKTYGLALAKLGRANERVIVLSGDTMNSTFSEIF
LKIFCRI,0,,PLRSISDLEMRQALKTVDIDAFQDALKIFCRIKGGRVST
RRCYDWI,0,,PLRAMSLFLPCLLCYPPAKGCLKLCRRCYDWIHRPGCRC
VDNFQLV,0,,PLRTISLVPPTLLMTWKGHLNSVADILYVDNFQLVISAG
KQLFSTL,0,,PLRLVFDHDGKIIQKTPYPHPRGTTVSVKQLFSTLPVHH
MPKFNKI,0,,PLRDITVDKNMPKFNKILFYLQPHASSGAKTLKKDRLSA
PVSYYVI,0,,PLRTITWDSGNPDPVSYYVIEYKSKSQDGPYQIKEDITT
NVSFDRV,0,,PLRDIGNVSFDRVSDINFTLNTNESGNIALFEACCKERI
AAQFGEV,0,,PLRANVLPIVQINGNAAQFGEVYELKEDIGVGSYSVCKR
AKCYGDL,0,,PLRAKCYGDLVQELWSGTQKNVAPLKLRWTIAKYAPRFN
VHRFPTV,0,,PLRAKCVLTHSPTWIIDPIDGTCNFVHRFPTVAVSIGFA
LSLWARL,0,,PLRENEGVQLWPSQSSGGDETHLPLSLWARLMPGASVDR
GSSFQTV,0,,PLRKGGKKKGSSFQTVSALFRENLNKLMTNLRSTHPHSV
LPAWGLV,0,,PLRGSSLWGGEVPGQRQLPAWGLVTTAPPRAVLFLASCL
LWIFGFL,0,,PLRTKFKRTSIDRLMNTLVLWIFGFLICLGIILAIGNSI
EDGYEFF,0,,PLRKFLNRHDLDLICRAHQVVEDGYEFFAKRQLVTLFSA
LTSYRDF,0,,PLRPKFRLHSATLAPIGSRGPQLLLRLGLTSYRDFLGTN
NFVFTGF,0,,PLRTKGGDINFVFTGFSVNGKVLSKGQPLGPAGVQVSLR
GGTFARL,0,,PLRLGCVCVNPGRLTKGQVGGTFARLYLRRPAADGAERQ
SENYILL,0,,PLRAIVTLTPMEQQDEYSENYILLLPLLGKPHLWLLPR
TGNFSQL,0,,PLRTIVRNFSTGNFSQLLTTETLLLKSGQEFCKMRKINF
LGRWDLF,0,,PLRPIYPTGLGRWDLFREDLVRSAAQWPWKKKNSTAYFR
AKDFSAI,0,,PLRAKDFSAISLACTKLTEDNKKLEIDINKITEKTNESI
SCIFMCV,0,,PLRKKAFSTCSSHMIVVSVSYGSCIFMCVKTSAKEVWL
PLRYTVL,0,,PLRYTVLPPFLNPIIYSLRNKEIKTAMCVSL
NEAYNYY,0,,PLRAKKDYNEAYNYYTKAIDMCPKNASYYGNRAATLMMH
LSRYLDL,0,,PLRAQEKEKLLYGLASVKNVTLLSRYLDLLKDTNLIKTH
PMVYPEI,0,,PLRAKNPMVYPEIGTGLPHLEPLGPQRVACCPGLRGILL
LNEYILL,0,,PLRAKKQQIRALPETETQLLLLPLNEYILLPRVKLIPVI
LQVYNMV,0,,PLRAKLSDFLYQTGDRITWDKSLQVYNMVHRIDSDTFIC
LRSFILI,0,,PLRSFILILGNSKLKQTFVVMLRCESGHLKPGSKGPIFS
PPHYPTL,0,,PLRNKMKDQLLPEKGCGLAPPHYPTLLTVPASVSLPSGI
NKLFSAI,0,,PLRAKNKAINILKQVNMNKLFSAILRLLACALQRRMLP
HRLFILV,0,,PLRKAFNCSSTLKTHRLFILVRNRTHVKNVAVPLTAPQ
LEFWNQI,0,,PLRSKASPRIQELANPNKRGVIPHSSFELEFWNQIEPEV
TQIYQRL,0,,PLRHLHEGAKSASAEELRRQAQELEENLMELTQIYQRLN
CSHFSSV,0,,PLRVKSCSFTAACCSHFSSVLAQNRFLLELQISNNRLED
EAGFHHI,0,,PLRPKSKALEAVKLAIEAGFHHIDSAHVYNNEEQVGLAI
AEGFTDI,0,,PLRDKSTMDAISAEGFTDIDIDTLCAVLERDTLSIRESR
EDGWMWV,0,,PLRTKVPDTDEISFLKGDMFIVHNELEDGWMWVTNLRTD
VTRYLCF,0,,PLRSKVTRYLCFTRSFSKENSHLGNVLVDMKLIDIKDTL
RVVWILI,0,,PLRSKVVQVCCLRRVVWILIQVKWLS
AEGFADF,0,,PLRTLDPFGSGSFNSAEGFADFSQMSKPPPSGPFTSSLG
RSYFNMI,0,,PLRWDLARGVKIRSYFNMIEGQGHGAVFDCKCSPDGQHF
LPLFRVL,0,,PLRALKRLALRRLAVRPQPLPLFRVLSRKLKHHKQVR
TDNYSDL,0,,PLRHTTALECKTLLPNEIAIRPMDKTVLFTDNYSDLEVT
LQLFNII,0,,PLRTLEFIGKKSMSPKCVTLKAKQLRILQLFNIIRYSTE
NSKWNIL,0,,PLRPTETTMLTNILLRTCPQDHKLNSKWNILCEKIKGIM
VECWKKY,0,,PLRTLEKYKNKRVELIEYQSNIKEDPSAAEAVECWKKYY
IELYSQY,0,,PLREPLWVEGAGHNDIELYSQYLERLRRFISQELPSQRA
IEKYDLV,0,,PLRTLFAVGGMDSTKGATSIEKYDLVQICGLQ
EESWEKL,0,,PLRPKYEWEESWEKLNQTLPMAIKEKIQQRLPLSLTLRS
ANYFGPI,0,,PLRANYFGPITLTKALLPNMISRRTGQIVLVNNIQGKFG
GEDYPGW,0,,PLRTLAADVGILSRNIKIVGEDYPGWSEDSFGARVLVGS
NSRYAHI,0,,PLRDLADFEKNSRYAHIRISKLVMKRISTS
DFFYRCF,0,,PLRSLALALNGVCTNTIKLIVGRPRPDFFYRCFPDGVMN
HHLYEII,0,,PLRELFHVCEDLENIEGLHHLYEIIKGIFLLNRTALFEV
MYDYHVL,0,,PLRSLFMFGSHNKKRPNNLVIGRMYDYHVLDMIELGIEN
ASGWPPV,0,,PLRGLFTRNRCLDGAIQAFASGWPPVLLDQLNPQGDPEH
TANYTCV,0,,PLRDLGDTANYTCVASNIAGKTTREFILTVMFLQTLRG
KRAYGVV,0,,PLRPLGCTGARQVITLLNELKRRGKRAYGVVSICIGTGM
VQGFPTI,0,,PLRSLGGQYGVQGFPTIKIFGSNKNRPEDYQGGRTGEAI
TGYYMGF,0,,PLRALGSMLISWYMSGYHTGYYMGFRQNQKEGRCSHSLN
RGSWGTV,0,,PLRALRLVNGGDRCRGRVEVLYRGSWGTVCDDYWDTNDA
GHIYDTI,0,,PLRALHVRALALVEERVENGHIYDTIVNVKETRLTSLGA
ALPWLAL,0,,PLRTLICSRSLQALEELLSACGGDFCSALPWLALLSANF
TVIFPLL,0,,PLRTVIFPLLNPIIYTLRNKEVKAAIRKVVTKYILCEEK
NAAWERL,0,,PLRPLIQSKQNEVNAAWERLRGLALQRQKALSNAANLQR
KKNFEWV,0,,PLRDLKEVTPEGLQMVKKNFEWVAERVELLLKSESQCRV
REEFRYI,0,,PLRSLKKALLIISTKPDGPITREEFRYILNCMAVKLSDS
QIHFAAV,0,,PLRNLKQIHFAAVSCGLNKPGTENADVQKPRRSLEVIPE
ALKYSDI,0,,PLRSNSKIYFGSNIPNMFVDSSCALKYSDIRTGRESSLP
AFVWREL,0,,PLRALRAMHVLKSLEHATAAFVWRELGKLREEKVLAPR
SPAFLAV,0,,PLRTLLARAARRICSAQNLEHSSPAFLAVPAGSKISNSS
VLAWDTF,0,,PLRGALLFTLSDGVLAWDTFAQPLPHARLVIMTTHYAAQ
NLTYTWY,0,,PLRALLTCRAEAYPGNLTYTWYWQDENVYFQNDLKLRVR
VKLWGVI,0,,PLRTLLNVIIVFEGEKEFDQNVKLWGVIDVKRSYVTMTA
TKHYPFI,0,,PLRALLTLRPGVSLTGTKHYPFICTASFHTSAPLAKEDY
QIIFEAI,0,,PLRSLLWRRRGEQSISWLRALIEYSCERQHQIIFEAIRG
VPVFKAI,0,,PLRLMDVPVFKAIQPDELSSCGWDKKEKYSSAPNAVAFT
LSLFLGF,0,,PLRPLMKISHGGTLLLSLFLGFLQ
RRYYYSI,0,,PLRTLNADLMTLSHREPKELDPIVTRRYYYSIKDISVGG
LNSFSKI,0,,PLRTLNSFSKIRKEILKTPDSSKEKVTCNVSKKHLIQL
KVPWLYV,0,,PLRNLNVMPVLDQSVLCHINADISGMKVPWLYVGMVFSE
KSRFALF,0,,PLRPNGDRGRRKSRFALFKRPKANGVKPSTVHIACTPQA
EAGFNFV,0,,PLRTLPDIISKKEEMYLNEAGFNFVRNCIQAVETSGITI
PPVWSVL,0,,PLRSLPGQLLRSHHKLKSRPPVWSVLSSPPSPPQSSSW
SVGFKDL,0,,PLRTLPPPDPNPPRAEFNYSVGFKDLNESLNALEDQDLD
IIQYKIW,0,,PLRTLPPTSSFPPHVGIIGTIIQYKIWGGDTAKPYQRMS
SASFLGV,0,,PLRAPLPVPSLGMSASFLGVECTSFPNRPSVWNAPLLTP
RGTYECI,0,,PLRPLQFTNSKLFLFSNGTLYIRNLASSDRGTYECIAT
LDTFKEL,0,,PLRTLQFVETLVNLVKKKGSKQQCLMALDTFKELLITDL
KCYWKSY,0,,PLRELQGFWDKEVLRAENDAQKPSLTRAIIKCYWKSYLV
TEGYWKY,0,,PLRMQEDNSTEGYWKYGYDGQVLQDTIYSSEVSSLGIKF
SNTFAKL,0,,PLRALRAVRQRSEFTLMAKRIGKDLSNTFAKLEKLTILA
PILYQFY,0,,PLRHCEALRGSPPILYQFYHEDVTLGNSSASSGGGASFN
KGKFGFL,0,,PLRELRDKGKFGFLLPESRIKPTCRETMLAVKFIAKYIL
DLPFEQI,0,,PLRLSALRRMLWAADDFLEDLPFEQIGNLREEIINCAQG
VGKYTMV,0,,PLRDLRLRVELQRMKISRPLPEVGKYTMVFHTRDKGNEV
GSRYQTV,0,,PLRLRPRSFSWALAFCKACWKLQQGSRYQTVRSIAAWFT
VSLWELL,0,,PLRALSTATATVSVGKFRGRPVSLWELLFSEAISSEQRA
ILSFKPV,0,,PLRPLSEKDLRESSAKLYRDSSVQSILSFKPVSGSSCVD
REDWSKL,0,,PLREDWSKLHAELSEQIKSFEQSQKDLEVALTHKDDNIN
VFYFSCL,0,,PLRVSLPLNTLGPVMKMEPLNNLQVAVKNNIDVFYFSCL
TLTFEDI,0,,PLRTLTFEDIPGIPKQGNASSSTLLQGTGNGVPATHPHL
TTKYGGF,0,,PLRSLTTKYGGFYINTGTLQFRQASDTEEDDITDNQKHK
SKQWKPV,0,,PLRSLVLQWEPPLYMGAGPVTGYHVSFQEEGSKQWKPVT
LRLFPVV,0,,PLRALVQMEYLDMVVNETLRLFPVVSRVTRVCKKDIEIN
AQEYRLY,0,,PLRTLWAEPDSVITQGSPVTLSCQGSLEAQEYRLYREKK
PDQWSSL,0,,PLRAMEAGLRIAPDQWSSLLYGDQSHKSHMQSIIDKLQT
RCEYSHF,0,,PLRSMCTRKRLRRCEYSHFMHHHRDLSGLLVSAFKNQVS
PQSWMFL,0,,PLRTMDMPITRLLSIRIPAPYRQRPQSWMFLTMSKWLQ
MNEYLLW,0,,PLRMGAPSMMKGMNEYLLWHGGRWRWREHLKVEEIGTCL
HFEFHNL,0,,PLRLYARTTGKLKTDNVFWGEHFEFHNLPPLRTVTVHLY
SHLFTSI,0,,PLRPSQCQATKAMLSHLFTSIITVSSCLELWQMMNNLQK
EKHYKKV,0,,PLRTMGNATAICSDKTGTLTMNRMTVVQAYINEKHYKKV
PMGWQSL,0,,PLRPMGWQSLLAQNVANRNSEARAFKPETISAFTSDPAL
VPIYEGY,0,,PLRLSMYSYGRTSGLVVEVGHGVSYVVPIYEGYPLPSIT
SDIFLLF,0,,PLRAMNSSLKCKTLSDIFLLFKSSDFITRDFTQPFIHCT
PHIWGNV,0,,PLRTMMRKAIRGHLENNPALEKLLPHIWGNVGFVFTKED
MNLYMRI,0,,PLRDMNLYMRIAPELYHKMLVVGGIDRVYEIGRQFRNEG
RPRWKVI,0,,PLRSMTKAADPRFRPRWKVILTFFVGAAILWLLCSHRPA
SDTFITY,0,,PLRLKTFRISSDTFITYMMTLEDHYHSDVAYHNSLHAA
AEAYRSL,0,,PLRKSMVVSHPHLVAEAYRSLASAQCPFLGPPRKRLKQS
RMRFPPF,0,,PLRSMWIMMRREKRDRRHFKRMRFPPFDDEEPPLDYADN
ASNFDKL,0,,PLRTNCRTYCRANKTKSSQGASNFDKLMDGTSQALAKAN
RRSFNAL,0,,PLRANEDLRRSFNALQEEKQDLSKEIESLKVSISQLTRQ
NDTFKEL,0,,PLRVNGEIEGLNDTFKELEFLSMANVELSSLARLPSLNK
HRSYLAV,0,,PLRANHWRIHNEDRSYKCNKCGKIFRHRSYLAVYQRTHT
MAGFINY,0,,PLRTNILEIKTMAGFINYKICRLCFQHNTPLDAIAQFRN
ISCFLLL,0,,PLRTNISCFLLLTWLKSSYQSKP
TNNFMIV,0,,PLRANKKKHLKKKSTNNFMIVSATGQTWHFEATTYEERE
SDEFRAY,0,,PLRSNKKNMNQLYHSDEFRAYNWGNDLII
LRAYLDV,0,,PLRAYLDVNELKNILKLDGSTHLIFSLQNPQRRSWQV
KKMYEII,0,,PLRTNLFTYEIAPVFTVMETILLKKMYEIIGWEETSGSI
RTIWVVL,0,,PLRSNLQRTIWVVLRLLPLKVHLKFTSNSNNIYVRHTA
MASFHSL,0,,PLRTNMASFHSLPSWIEECKQHLLANDIPRILVGNKCDL
RQSYLVI,0,,PLRTNMTQLVSNLSATVAELKREVSDRQSYLVISLVLCV
LDKFMGI,0,,PLRPNNKLDKFMGILSWKDSKHSLNNEKIILRGCILRNT
SNKWGCF,0,,PLRTNNSEALQILLNKGAKPCKSNKWGCFPIHQAAFSGS
HRTYLDI,0,,PLRASPDVSEPIDGLNPNEEEHRTYLDIEPITGFTLQFA
STTFPKL,0,,PLRSNPRDWIATSGISTTFPKLRMRVRNILIHNNYKSAT
TVKFFVV,0,,PLRVNPTVKFFVVNTDSLSSVTNATSIQITAPASMLIGD
AMAYLKI,0,,PLRANRAMAYLKIQKYEEAEKDCTQAILLDGSYSKAFA
RPKYQAV,0,,PLREPAAAGAGCSPRPKYQAVLPIQTGSLVAAAKEPTPW
DPAFIHW,0,,PLRDPAFIHWLLRRWQLNGSDIDMSMEHRYKLNGGNLVG
QRNFIEL,0,,PLRAPEHPHQLEHLHQIFVTKNHVLCQEVQRNFIELSKS
NTMYVQF,0,,PLRTNTMYVQFSLRFIAKSTPERSHSILLQFSISGGITW
EGAFMKV,0,,PLRNTTHCPEEASVGNPEGAFMKVLQARKNYTSTELIIE
VERYKQI,0,,PLRVNVERYKQIVLTGILEQVVNCRDALAQEYLMECIIQ
ANVFLLI,0,,PLRANVFLLIPPVLNPIIYSVKIKQIQKAIIKVLIQKHS
GGVFQRL,0,,PLRTPDSISKAEAFCRQYGLAGISGGVFQRLEDTILSPT
AAVYEEI,0,,PLRTPASLGAAVYEEILQTSQSIVRMRQASSRDLAFAED
RGCWVLL,0,,PLRAPDVCETTTHVLSGKPLRTLNVLLGIARGCWVLL
APDFQHV,0,,PLRAPDFQHVGRLVSIETLAKNISVLLMLTTRSCSLMG
ARDFKAY,0,,PLRSPDITRQRILSIDRNLRNQLFNRARDFKAYSLALDD
LQLFQNV,0,,PLRKMDKNKDGIVTLDEFLESCQEDDNIMRSLQLFQNVM
GRSYRLL,0,,PLRTPFPPDLWGPGRSYRLLHGAGGHLESPARSLPQRPA
RAPFQSF,0,,PLRAPFQSFHSHSHITISPSLRPLLQHSLLLSIAREPPI
SPFWQPL,0,,PLRSPFWQPLYSHPPSMHTYSHRIQHALASLPLKLTFQ
ISDFEKF,0,,PLRTPGFSVQSISDFEKFTKGMDDLGSSEEEEDEESGME
EEDFHFV,0,,PLRAPGHDCCETVKVQLCASKEGLPVFVVAEEDFHFVQD
MSMYTLL,0,,PLRTPGIVMSMYTLLRNQPEPTMEEIENAFQGNLCRCP
LLDYLVL,0,,PLRTPGIWVACIKAEGVLLDYLVLLPRDYYEASVLQLPV
LYPWKYI,0,,PLRASGLFRIDLKSTVISRCIILQLYPWKYISRENIIEE
TTYYYSV,0,,PLRDPEIILNTTTYYYSVRVFAGQEPSSCGRAGSPLTT
RPSFDAI,0,,PLRRNRPSFDAILYYYQSGGRLRRPVNVPLDIFLEEIRF
NVRWEYY,0,,PLREYYPNGGLTRNYCRNPDAEISPWCYTMDPNVRWEYY
TPRFKQL,0,,PLRSPGSCNHQIMSASTISAFCATPRFKQLFKGTVEQMS
PPSFVCW,0,,PLRSPGSQPLLNSPPSFVCWSRGFMEMNGRGELVESLKR
LVLYCVL,0,,PLRYPGTEEESFITPLVLYCVLAAPPTAIIFIGEISMYF
VLSFAVI,0,,PLRNPGVFQSTDTCYVLSFAVIMLNTSLHNPNVRDKPGL
PPSYVPV,0,,PLRSPGYTFEKHSGGFIFPPSYVPVVMSELTDQMTFMER
GAIFGPL,0,,PLRAPHMGAHPATAPFHLHGAIFGPLLGLLVLLAGVCVF
GDDWGSI,0,,PLRTPHPWTHTERFLRQAFGDDWGSILSFENREPVGSGC
DYQFRVY,0,,PLRDPIKAMTLGVSYKVTGLIEGSDYQFRVYAINAAGVG
NNDFLCI,0,,PLRGPISNNDFLCIHGGVPPRKAGYIEDLVLMLPQNIWD
STQWRLV,0,,PLRTPKAFLERYLSAGPTLQYDKDRWLSTQWRLVSDEAV
RNKFKYL,0,,PLRTPKGTLPRLVDHVWHHPVRRNKFKYLIDHPVSLTGA
ARNYEYL,0,,PLRDPLCMLLLIDHLALRARNYEYLSASSRSGRLIGTC
EAEFEDI,0,,PLRHGSRDSGPPPSTVSEAEFEDIMKRNRAISSSAISKA
LRMYYFL,0,,PLRMYYFLAMLAVSDMGLSLSSLPTMLRVFLFNAMGISP
LAAFRTV,0,,PLRPPMGDAEYLAAFRTVVMPIASEFAPDVVLVSSGFDA
PTTYNPI,0,,PLRTPTTYNPICLNSGGSNCNKVLYDSMQDTQLPSDDSY
EEVYEFI,0,,PLRNPVFLSSNPSRWSVEEVYEFIASLQGCQEIAEEFRS
GSTYILV,0,,PLRSTVHNTHPRNGHCSSAPRVTSGSTYILVPLSHLAQN
AVFWIEF,0,,PLRPLYKENAMKLSRIHHDQPVKPLDRAVFWIEFVMRHK
LHHFIEV,0,,PLRAQAHAADRGERGHFGVQILHHFIEVFNVMAVRSNPF
LAGYADI,0,,PLRDQAITVGAPVIGLNDSGGARIQEGVESLAGYADIFL
LRQYKVL,0,,PLRQAEELRQYKVLVHSQERELIQLREKLREGRDASHSL
AHEFLMF,0,,PLRSQALAAGFHRGKQEDAHEFLMFTVDAMKKACLPGHK
GDSFRLI,0,,PLRSQALELQLGRLVDGDSFRLIVEMLEEFPQQMPDLLQ
LRQYASL,0,,PLRQYASLTGTQALPPLFSLGYHQSRWNYRDEADVLEVD
AQAYILF,0,,PLRAQAYILFYTQRVTENGHSKLLPPELLLGSQHPNEDG
GLVYGKF,0,,PLRSQDIICSNAGTCHCGRCKCDNSDGSGLVYGKFCECD
AVIYTVV,0,,PLRTQDRTVAVIYTVVIPVLNPLMYSLRNKDVKKALIKV
RGIFAAL,0,,PLRTQDTQPHYIYSPREMTRWVRGIFAALRPLETLPAEG
PQTWLWI,0,,PLRMEEPRFQANFPQTWLWISGPLPVLC
PLRWPGL,0,,PLRWPGLSQLFLTCCPKQGGQHSQRGGQRVSDPRGNIKV
LSSFSEL,0,,PLRPQEELEKASSPALQSPGELSVCLSSFSELLCSSDVA
TTQFLKL,0,,PLRFTTQFLKLRCLQKLYMNSVSFLEGHLDQLLSCLKTS
CEVYILL,0,,PLRPQGASQLNNRLQGTKAWIGACEVYILLTSLRVKCHI
RCQYCRY,0,,PLRIRKDLTYSCRDNKDCTVDKRQRNRCQYCRYQKCLAT
GKSFSRL,0,,PLRRCHNCGKSFSRLTALTLHQRTHTEERPFKCNYCGKS
STCFRSV,0,,PLRSQLLSTCFRSVFALPLLDALEKHTCLFLEPPNIQLW
DSPFRLY,0,,PLRNNVLKLATKLLKELDSPFRLYGLTMNPLLYNITQVV
ADYYGTL,0,,PLRSQNICITMITYIKPWIFSSKQQFIATADYYGTLHIL
KDSFQKV,0,,PLRMKRHEMVVAKHSALCSRFAQDLWLEQNIKDSFQKVT
PASWQPL,0,,PLRAQTVKSACPEPIPASWQPLQAQVILKSASLGLAPAS
GRMFFCL,0,,PLRLPTTAQVTIEAQHQKFPRGRMFFCLSTICRRILLA
EVTFSYW,0,,PLRAQREKVKDEEMEVTFSYWDGSGHRARCGCARATRC
SILFYLL,0,,PLRTQRLRDPDINPCLSILFYLLNDASLISVRNLMLPPD
ISDYFEF,0,,PLRDQRNRKRKAEPYETSQGKGTPRGHKISDYFEFAGGS
TLAFPSI,0,,PLRFHTPTQKHIEALRQEINAARPQCPVGLNTLAFPSIN
STQFPKY,0,,PLRTQSMLVVPKGEDQEMDVYVSTQFPKYIQDIVASTLK
ITDFKLY,0,,PLRGQTFTCGSALSPITDFKLYASAFSERYWASMVLTT
SGLWIGL,0,,PLREQTYLTGLTSSLTSGLWIGLNSLSFNSGWQWSDRSP
RFPFEIV,0,,PLRDQVDTLELSGGAKINRIFHERFPFEIVKMEFNEKEL
QVRWSRY,0,,PLRTQVRWSRYSPEFKDPLIDKEYYRKPVEELTEEEKYV
RTQYMKY,0,,PLRTQYMKYLYPYECETRALSSPGELQAAIDSNRREGRR
AGSFVAY,0,,PLRTRADSSKFSLTKAKRSDGGKYVVTATNTAGSFVAYA
VNCWICL,0,,PLRLAVSGVLNVGKLVNCWICLVSVPVTLLQP
HLEWVGL,0,,PLRLLASASTEKQHLEWVGLVESKIRILVGSLEKNEFIT
EGAWPPV,0,,PLRARGGGEGAWPPVRVMPTTCPLKPSSGGNTVVRTHW
ARVFDII,0,,PLRARVFDIIFLQGTEVIFKVALSLLSSQETLIMECESF
TYLFCTY,0,,PLRASDGFNLERLEMLGDSFLKHAITTYLFCTYPDAHEG
EYSFDDW,0,,PLREREACCFGSEDESSSKAETEYSFDDWDWQNGSLSSL
DVTFHSV,0,,PLRSREKIHRMKERYEHDVTFHSVLHAEKPSRMNRNQDR
MREYKVV,0,,PLRMREYKVVVLGSGGVGKSALTVQFVTGTFIEKYDPT
NAIFKGV,0,,PLRERLELLLQKRKELQENQDEIENMMNAIFKGVFVHRY
ELGFSKV,0,,PLRDRLLVELGFSKVFQAENPFDFMENISLEGKTNFFEK
ISDFGLF,0,,PLRPRGDPYKPAISHRDLNSRNVLVKNDGTCVISDFGLF
EGPWGEL,0,,PLRPRGTNQTCHPGCHCPSGMLLLEGPWGELHVCGR
IATYRKL,0,,PLRELMNIKLALDVEIATYRKLLEGEECRLSGEGVSPVN
GHGYSHI,0,,PLRDRILVAHDIHTKTRLMKYGGHGYSHILTNVVPKMLL
LSPWGEV,0,,PLRARIPGSQREQGSTLSPWGEVLTPLASSSVTHLSSKQ
TFSFKSV,0,,PLRHTGEKPYECHECGKTFSFKSVLTVHQKTHTGEKPYE
CGPWARF,0,,PLRVEGEQALMPITRIAFKVQQKRLTKTSRCGPWARFCN
PYRYELI,0,,PLRARTQQPFPPTVPTKAYDSTVLKTRGNPYRYELIDIP
TSVYVTW,0,,PLRRPTISTASETSVYVTWIPRANGGSPITAFKVEYKRM
LRLWMEF,0,,PLRLWMEFERAKSAVELQTELEEKAKRDADTHPWFLAM
REKFLEF,0,,PLREKFLEFEAEEEMQIQKSQWMKGPQCLPPPATPRLEP
TFKFSLF,0,,PLRSRNLFTFKFSLFQLDSGASGPGHSLGLTLGFSYCG
DLDFFSV,0,,PLRASTGEILEILKKGKAFVLDIDLDFFSVKNPFKEMFT
LWLWGEL,0,,PLRERTGQKNPEMLWLWGELPQAAKSSSPHKMKESSPLS
PLLFNTV,0,,PLRICSLSPLLFNTVLEVLSKAIRQEKEIKVFRIRKEEV
MDLFDFY,0,,PLRSRVTDPQGKSDIPMDLFDFYEQMDKDEEEEEETQTV
RSPFSQL,0,,PLRERVWGLKKGEAGKGVKGPERRSPFSQLVYTNKDSCV
RDRYCGL,0,,PLRDRYCGLPKYEITHQGNRHTLQLYRCREEDAAIYQAS
TTHFKDL,0,,PLRNISNHLVIEANLDGELNLKIETELVCVTTHFKDLGN
ICQYAQV,0,,PLRPSEAREIAERGLIDLSNKFVVSHLICQYAQVVLWFS
TSEFVAL,0,,PLRTSEFVALLPALVDAGTALEMLHALLDLPCLTAVLDL
IAKYQKF,0,,PLRSSEPEEENVGNDTKAVIKALDEKIAKYQKFLDKAKA
GSSFYAL,0,,PLRLDRCYSTPSSCLEQPDSCQPYGSSFYALEEKHVGFS
IPLYRNL,0,,PLRNPSCPMIPLYRNLPDLSCNKA
LIQFLCW,0,,PLRPSCSLLKELHVGENQIEMLRHILNILIQFLCWT
DSFFLPL,0,,PLRDSFFLPLKVSDYSETLRSFLQAAQQDLGALLEQHSI
QKFYCQL,0,,PLRSSFNIQIGSEEEVYISHIYSPQKFYCQLGRNNKDLE
LTAFLEV,0,,PLRDSFTDRGQEPGLTAFLEVSFTEPPGDDKPRESACLP
LEYFVKL,0,,PLRAWGLEMNCDTNPLEAGLEYFVKLNKPADFIGKQALK
SICFPEY,0,,PLRTSIVLFLNKKDIFQEKVTKVHLSICFPEYTGPNTFE
GISYIVY,0,,PLRASKKAGISYIVYPKKKKMRWKKRLKQQKLIFVHEEL
LAKFSNI,0,,PLRASKKQAKRNAAEKFLAKFSNISPENHISLTNVVGHS
AVSWPLL,0,,PLRASKTKDRIREKAVSWPLLLPLFLVPPSLMTSLHQQ
PLLFAII,0,,PLRTSLAEKLLSHGAHIEALDKDNNTPLLFAIICKKEKM
VQIYIGL,0,,PLRSSGQMAPSSSNKSGETNPVQIYIGLLQQLLAGVGGL
VRGYPTI,0,,PLRSSIASEFGVRGYPTIKLLKGDFAYNYRGPRTKDDII
CVCFLVL,0,,PLRPSIGAACVCFLVLLGLDSLKLRVDMKVANIILSYKC
TICYPEY,0,,PLRTSIILFLNKKDLFEEKIKRSPLTICYPEYTGSNTYD
EEVFDVL,0,,PLRSSLEHGSDVYLLRKMVEEVFDVLYSEALGRASVVPL
KEEYFQL,0,,PLRQQVSIEAIQEVEMLPRPPKVTKEEYFQLHHQMHYSQ
TNAFTVV,0,,PLRSSLPNTNAFTVVISHMNVRNVGRPLALPLTLLFIF
NKNYLEL,0,,PLRASSIIGENKNYLELSKLLKKKGTSTFLQRLERGDPV
RSIFLLV,0,,PLRSSPKVIAPVRSIFLLVIIKHNQKLVSNN
LMLYMPV,0,,PLRDSPVVPLMLYMPVKIGAFGREMLKRNIGVVVVGFPA
QELYKNI,0,,PLRESQADTQELYKNIGDCYLLSAPGPHVLLLVIQLGRF
TSLYYDL,0,,PLRITHVYNHSSSEITSLYYDLQGHLFAMEISSGDEFYI
VPVFCGL,0,,PLRPSQPQNSTLRPGPAAPIALVPVFCGLLVAKSLVLSA
QRPFQNL,0,,PLRSSQRPFQNLLTMKVVGQRVVCCHALLLACHLLFFH
SKTWDHF,0,,PLRTSRIATRKTPFGEGSKTWDHFQMRIHKQLIDLHSPS
VMTYDAV,0,,PLRSSRVQYVVDHAMKIVFLNTDPSIVMTYDAVQNVHSV
QVDFIYL,0,,PLRTSSGPSPRDSLAEKPYCSQVDFIYLRNVVVALPLI
DVMYADI,0,,PLRDSSIMMLTSDQKPDVMYADIGGMDIQKQEVREAVEL
NSPYIPY,0,,PLRPSSLAAQLLILENFEDALLNISANSPYIPYLACVRN
RNNYASV,0,,PLRRNNYASVECGAKILAANPEAKSTSAILIENMDLYML
TKIWFVI,0,,PLRLAANPEAKSTSAILIENMDLYMLNPCSTKIWFVIEL
GKDYTLI,0,,PLRASSNGKDYGKDYTLIFHLQRKPRLELQIKEVDEFGN
SSSWLLL,0,,PLRMSSSSWLLLSLVAVTAAQSTIEEQAKTFLDKFNHEA
DSSWSPL,0,,PLRDSSWSPLAPRKYLSNDSMNLPPDRPGLLSLSVSPEV
CLHFSGV,0,,PLRDSTQVNVPRCLHFSGVGKVRQAACGGTGCVVLNGEG
CHCFPGF,0,,PLRTTAIEIMDDCSTNCNGNGECISGHCHCFPGFLGPDC
SIDYGIF,0,,PLRATAQTVLDDGSIDYGIFQINSFAWCRRGKLKENNHC
EESFNAV,0,,PLRTTAYYRGAMGFILMYDITNEESFNAVQDWSTQIKTY
EWVFQML,0,,PLRPSVTSQEWVFQMLSRQNNYTVNNKRNGVAKVNIFFK
RTSWASF,0,,PLRTSWASFHNGVAAGLKIAPASQIVYNKPKHAE
HQVFASF,0,,PLRTSWEEQRASHETLFCTKPLHQVFASFTRKGEKLDMS
NHFFCEI,0,,PLRTSWILGVLLALVHLVLLLPLSFCGPQKLNHFFCEIM
EVCFRTF,0,,PLRETCGKSFASKEYLKHHNRIHTGSKPFKCEVCFRTFA
NKTYSSV,0,,PLRETCKSITYSLENKTYSSVRTEALSVIELLLKKLEES
GTHFGDV,0,,PLRPTDSEGRYFIDRDGTHFGDVLNFLRSGDLPPRERVR
PLRFRGL,0,,PLRFRGLALKYLLTPVNFFQAGYSSRRFDQQVEKYHKPC
ESRYDFV,0,,PLRTTEGASIGMERDTANEAETHSVLLTAVESRYDFVVP
PPYFSPL,0,,PLRDTFRFRVTAPPYFSPLYTFPIHIGGDPDAPVLTNVL
GKDWPAV,0,,PLRTTFTGEPNTCPRCSKKVYFAEKVTSLGKDWPAVPAS
PLRYPAI,0,,PLRPTIFSKDSCYLPPLRYPAICTFKGSLESEKHQYIIH
GKIYLSW,0,,PLRTTIIITVMDKDKLSRNDVIGKIYLSWKSGQGR
EADWVPL,0,,PLRATKQTSGATTEADWVPLELCFGIPLFSSELNRKVCR
VSNYPGY,0,,PLRTTKSPASSASGPRPTYKPPVSNYPGYPKPEEGILDS
MGGYCGY,0,,PLRETMGGYCGYLANMGGLAAGADAAYIFEEPFDIRDLQ
IPDYEVL,0,,PLRDTLNATYRVTFDRTGLGTHTIPDYEVLSNEPHETMP
EEEYPRI,0,,PLRSTLSKNILTLIELPSVNTMEEEYPRIESESTVHIGV
AYEFDKW,0,,PLRSTLSNWAYEFDKWAPSVVKVSYKGSPAARRAFVPQL
EEPFTFV,0,,PLRATMAGLAAGADAAYIFEEPFTFVTCRQMLNIWCQK
GGAYYLI,0,,PLRIATNGVVRGGGAYYLISRSLGPEFGGSIGLIFAFAN
LDQYQQV,0,,PLRSTNPDLYPVRRIDGLTDVSQIITVTVQTGLDQYQQV
TPAFPAL,0,,PLRDTPIEEFTPTPAFPALQYLESVDEGGVAWQAGLRTG
PSGYLEL,0,,PLRPEVLQDSLDRCYSTPSGYLELPDLGQPYSSAVYSLE
KSQFGAL,0,,PLRETQAELQKKEAKINELQAELQAFKSQFGALPADCNI
DPSYDSV,0,,PLRTTSHTDQSSRLSVKEDPSYDSVRRGAWGNNMNSGLN
EEAFICL,0,,PLRTTSNIASFEEAFICLQKLMAAVRDILEGIQRILAPN
TSPFSLF,0,,PLRTTSPFSLFPPPPLAKALNLAILLGCLTICPALDSQS
SIGWLRL,0,,PLRTTSSATVNNPFLPSEDQVSKTSIGWLRLLHHCLTHI
PTTFATL,0,,PLRPTTFATLDIDGVRKIIFALPGNPVSAVVTCNLFVVP
LSDYNIV,0,,PLRAVASYFLSDYNIVCSSEIKRQVVETMGLFHDMVSES
QTQFFHV,0,,PLRTVATQTQFFHVKVLNINLKRKFIKKRIIIISNYSKR
CGRYRKF,0,,PLRTVCDCGRYRKFVGQLDISIARLKTSMKFVKNVIAGI
RPLFERY,0,,PLRSVDPAPPAEERDVGRLREALLDESRPLFERYRAMFA
RTAFTQF,0,,PLRTVEGPQPAEGPQTAEGPQPPERKRRRRTAFTQFQLQ
ISYFGTL,0,,PLRITQLLGTVNSENMDTFYRRGISYFGTLKFSDPNNVA
KNFFVNY,0,,PLRDVIGNKSVVQVKNFFVNYRRRSTLIKFYKNGRQNM
DCTYPEL,0,,PLRDVIVHRLLAVAIGADCTYPELTDKHKLADICKNLNF
LSLFRRL,0,,PLRTVKGQSEDPGSLLSLFRRLSDQRSKERSLLHGDFHA
DPNYYQY,0,,PLRSVKKESEDPNYYQYNMQGSHPSSTSNEVIEMELPME
KNDFFLV,0,,PLRPVKNDFFLVSTMKTPRTMHTSVMALDRLFVIGGKTP
QKVFALW,0,,PLRTVLAAGCKQILVPFPPQTAASPDEQKVFALWESGDM
MIEWRHL,0,,PLRLISIFTVSPNLRPVNEKLEAYILDPRGSRMIEWRHL
LACFCCL,0,,PLRTVLLPLACFCCLPAPTSPLWTTPGLQQSLSFQAEVT
VGLFLSI,0,,PLRPVLVGLFLSIYMHQNHQENILRTKMQVLLGWSCSLV
NVSFKKF,0,,PLRTVRNGIKHVHCLPAETNVSFKKFNIEEFGKTLENNS
RLSYDIV,0,,PLRTVRNSAATAEKWRFRLSYDIVAFAQNACQQVLAQLG
RYEFRVI,0,,PLRTVSGLVEDQRYEFRVIARNAAGNFSEPSDSSGAITA
ESAFSTV,0,,PLRQWLVSFAEESAFSTVLSISHKSRYCGHRFHLNDLAC
ASMWDGL,0,,PLRVSKIVASMWDGLGEEQKQVYQKKTEAAKKEYLKQLA
NSAFGSF,0,,PLRLTKAVGGNEAAAIFNSAFGSFLVSKHSLTCLLQLLL
KGSYNNI,0,,PLRSVSSGGDCIRTYKPEIKKGSYNNIVVNVKTAVADNL
GLRFQEL,0,,PLRPVSVAISLEGVHVIDSREKHVLLGLRFQELSWDHTS
RRAYYIY,0,,PLREVPEQPSAQPLPGSPPRRAYYIYSGGEKIPLVLSRP
ESDFENL,0,,PLRVPIAVGESDFENLNTEEFSSESELEESKEKLNATSS
LDPYQIL,0,,PLRTVPKTEDQRPQLDPYQILGPTSSRLANPGSGQIQLW
IARFYKL,0,,PLREIARFYKLHERKCEPIIMTVPRKSDLFQDDLYPDTP
KDDYSKL,0,,PLRAVQCLHALEEYCPSKDDYSKLCLLLTLPRLTNHAEF
SMGFEEF,0,,PLRKALQEIEEKVKRIIALSMGFEEFLIRIWGVDVRNKL
SYSWTAW,0,,PLRAVVRDGTNVSYSWTAWRDRGPALAGSGKGFSLTVLE
LRDWEEW,0,,PLRDWEEWRPTWARNWKPKDVYKNRSIELVQQQNVQLSL
VYIYNIF,0,,PLRAVSVVYIYNIFKIDIVLWYRSAFHSTETIVDGKLYD
VTFWVSL,0,,PLRTVTFWVSLQATHCLPEPHLLRLRALGFSEELIVELH
SATWKVL,0,,PLRTVTNRGRTVNLKSATWKVLHCTGQVKVYNNCPPHNS
RAAFPGL,0,,PLRSWGNAPRSREPLRAQLLPPSGLSRPSPCLRAAFPGL
GRGFACV,0,,PLRTWGRGFACVSRGENQLPVWIPTKHLKFYNEPIRMQ
TIFYNEY,0,,PLRPARYRRGFIHNGIMVLPRQTCGLFTHTIFYNEYPGD
PNVFTEY,0,,PLRAWLIAICYPEMVMKLIVINFPHPNVFTEYILRHPA
TLAFQEL,0,,PLRTWNLDTLAFQELKSELTEVPASRILKESPSGYLRSG
TGLYGRL,0,,PLRSWQENISLKELQSRGVCLLKLQVSSQRTGLYGRLLV
DGLFDTI,0,,PLRSWQTHRIHNALKGIPDDRDGLFDTIQRSKNHYQKRA
GSLYDFL,0,,PLRSDMTSRNSSTQLWLITHYHEHGSLYDFLQRQTLEPH
LLGFTVI,0,,PLRTYAASEDVAALESQPLLGFTVIQVKDENSESKVFQL
DHRYNEF,0,,PLRAYCATLAIYIYQLDHRYNEFKLHAIMSEHKKTITAI
TPGWTGL,0,,PLRNGASCSAEDGACHCTPGWTGLFCTQRCPAAFFGKDC
VQHYEVI,0,,PLRIGLKEVQISTCRFYRKSVSNLNYQRKVQHYEVISFT
VYVYMKL,0,,PLRKYFSKKEWEKMKSSEKIVYVYMKLNYEVMTKLGFKV
LRTYIVV,0,,PLRTYIVVGVTLRPAILVIPCLLLIKCHLKLYRTKLIYH
QVGFRTV,0,,PLRAYKNSPKPARHVREQLSSETGLDMRVVQVGFRTVV
SVLFGHV,0,,PLRSYKQGYWLPSYKLKSSWATGLHLSVLFGHVECLLVL
NSKYLFV,0,,PLRAYKRREYGKSLNSKYLFVEHQRTHNAEKPYVCNICG
GSSYFVL,0,,PLRNYLCSGSSYFVLANGHILPNSENAHGQSLEEDSALE
TYMFHSF,0,,PLRTYMFHSFLKARLNRRMDAFAQMDLDTQSEEDRINGM
LRAYSVL,0,,PLRAYSVLSPEVPLPGMKWVDNHKGVFNVEVVAVSSIHT
LRPYSEV,0,,PLRPYSEVKPLIDAVYSTGVHNIDVPNVEFALAVYIHPY
NVSFVRI,0,,PLRDYVAPFLESEDEEDEPGMQPNVSFVRINSSLAVAAY
TRIFLHV,0,,PLRDYVIRHLIQENNRVKTRIFLHVLSELKEVEPKLAAW
HLEYLPV,0,,PLRTYVPEHIRKLQSLKELYIENNHLEYLPVSLGSMPNL
DTHFNGI,0,,PLRCGSNRINHFYCDTPPLLKLSCSDTHFNGIVIMAFSS
DCTFSAY,0,,PLRCDCTFSAYTGPFCSNEISAYFGSGSSVIYNFQENYL
VKSFNHI,0,,PLRCTDAVKSFNHIIHFGDHKGIHTGEKLYEYKECHQIF
PRVFENI,0,,PLRCDQVLLKNSRRIVLPDVMNPRVFENILLSSYTGRL
PWQWGFI,0,,PLRCVRLSMGPCIVEACTSALLAHYLLGLPWQWGFILGF
ETGFSTL,0,,PLRCETGFSTLSVIKTKHRNSLNIHYPLRVALSSIQPRL
RNGYCVY,0,,PLRCAKVECARDEELIHLDGKCCPECISRNGYCVYEETG
REVYSIL,0,,PLRRNPFVINDLNMQYLIQARREVYSILQAEGILLPRYA
GELWEDL,0,,PLRSALKMIMEELHDVDKAIEFAKEQDDGELWEDLILYS
DLEYLRF,0,,PLRSANCGLPSSWTSTWQVADDLTQNTLDLEYLRFAHKL
GKAYRFL,0,,PLRGAYICTYCGKAYRFLSQFKQHIKMHPGEKPLGVNKV
RRCFPVL,0,,PLRRCFPVLPSARPYVSANPTLRGGRLRQDPESETGVGD
NPGFRLI,0,,PLRCGIPELIVNGQVIGENYGYRDTVVYQCNPGFRLIGS
MEKYEEF,0,,PLRSCPECTERFNPHDIRLILSDDVLMEKYEEFMLRRWL
CKKYIYL,0,,PLRSCKKYIYLNKYLGDVKNIKVIYGPAARLRPSDVPDK
ASVFDAY,0,,PLRVPKDNAIKKFVIRNIVEAAAVRDISEASVFDAYVLP
LNRFRDY,0,,PLRCFTTPASLNRFRDYLGRIQSGSGEY
SFFYSSV,0,,PLRLLCVLLSVPPGRRVSLSFFYSSVL
NDSYLKY,0,,PLRKMYSDAFLNDSYLKYVGSTLHDRQGEVRLKCLKALQ
AGKYVCV,0,,PLRSDAGKYVCVGTNMVGERESEVAELTVLERPSFVKRP
RCDFAPL,0,,PLRCDFAPLLELSCSDISVSTVVLSFSSGSIIVVTVCVI
RRDFTNI,0,,PLRRDFTNIYWSQNRPDVKKQKLQNDKKTVEAENIFSKC
GSYFFRL,0,,PLRRDKGSYFFRLERGSMKWSYKSQLNYKTKQLSVFVTA
SQYWTKW,0,,PLRMDAELCSQYWTKWLLRLEEYTEKKKNQNIQKPEYSE
KGSYEII,0,,PLRSDLLLLKQSNSSKILVGRWHLASEKGSYEIIQDTDE
QQQFAFL,0,,PLRSDTDLLDFGQCVDQNRQQQFAFLFGVDEQLLSALVM
NRAYCHY,0,,PLRCDTINNRAYCHYDGGDCCSSTLSSKKVIPFAADCDL
RTVFDIW,0,,PLRCEVGYQHGRTVFDIWGRSGVLEKMLRDQQGPRRSR
CANFIRV,0,,PLRCKLAGKDANTECANFIRVLQPYNKTHIYVCGTGAFH
RRLYLSY,0,,PLRRELEGEGGFSRGWTGSRLLATRRRLYLSYLEDGRIG
RPPWRKV,0,,PLRGELRPPWRKVGLCGGARVVGLARGSAVSSLLPFPTQ
EDNYCEI,0,,PLRLLLIQNKKLEDNYCEITGMNTLLSAPIHTQMQQKEF
SISYTNW,0,,PLRGEDRILTHLTGSISYTNWAGSRSLAVTVTEELLNLF
IPKYHTV,0,,PLRIPKYHTVNGHNCEVRKALSKQEMASASSSQRGQSGS
LGRYRLL,0,,PLRFEEAEIQEVLQETLKSLGRYRLLGKIFRKQENANAV
LITFNPV,0,,PLRSEETDHSDLLGTLHNLYLITFNPVGRSAVGHVFSLE
VISFQFL,0,,PLRGEIQLVISFQFLRMPVHVTVLLNYYSCHTLRVVIV
LRCFPLL,0,,PLRCFPLLRLLYWNRKLYNKEPSEIVELKHEIHVWRLTA
NFTYGTV,0,,PLRCSDPGIPANSKRESKIEHGNFTYGTVVFYDCNPGYF
GVKYNPY,0,,PLRSFEDAKEKMREFTKTIKRPFGVKYNPYTRSIQILKD
KKHFTIL,0,,PLRYFETEKKHFTILDAPGHKSFVPNMIGGASQADLAVL
SQDYLII,0,,PLRYFTSDSQDYLIIASQRDDSELTQVFRWNGGSFVLHQ
AYEYQEY,0,,PLRSFVCGEVGLGNSSFNMNIRGDIGHKAYEYQEYGPKP
RCIWDSY,0,,PLRCIWDSYTVQTISVLKDVHTHGIACLAFDLDGQRLVS
LRGFYKY,0,,PLRGFYKYSNMEFVRMKGPQGKGHAEMAVSRVSTGDTSP
IALFQGL,0,,PLRCRAEELGRGIALFQGLSNIAFNCMVLGTLFIGGSLV
RSMWPVI,0,,PLRCGCLCCCCTLGRSMWPVICLSKRTCRSIEKLLEWEK
SPGFMVI,0,,PLRSGGRSLMSPGFMVISPSGFTASPYEDENSSNIIPQQ
LQSFCKL,0,,PLRSGEEKKNIINTPVSSLEILLQSFCKLGLIMAYFYMC
LRSFIPL,0,,PLRSFIPLSRERIYSNTSMPGSSSSPGSWFWSRCQTLT
RGGYGCV,0,,PLRGGYGCVCVNGWSGDDCSENIDDCAFASCTPGSTCID
GKVFCYL,0,,PLRWFMGEETRKDKTKALTHFLKAARLDTYMGKVFCYLG
LIEYEFL,0,,PLRCLNEPSSFLIEYEFLIPPSLKPEIDIPSLSELKELL
TRIFRLL,0,,PLRSFRSNEVTQEISDSTRIFRLLGSDRVVVLESRPTDN
RSAWLPY,0,,PLRCVFNLSAIAQAFSGPFKYQENSRSAWLPYPNPNPHF
LKRFLHV,0,,PLRSGFVKQLLLYLTSKSEKDAVSREIRLKRFLHVFFSS
TGPFPLV,0,,PLRFGGAMVWTLDMDDVRGTFCGTGPFPLVYVLNDILVR
QGDYAGF,0,,PLRWGGELTPAGRVQAEELGRAFRCMYPGGQGDYAGFPG
DFMYDII,0,,PLRYGHRTGYKECPFFIKDNQKLQQFRVAHEDFMYDIIR
TELWSNL,0,,PLRGGIALKKSGFINELITELWSNLEYGRDDVRVTHPRT
SYSFEHL,0,,PLRKSSCPVCGISYSFEHLQANQHLANIVERLKEVKLSP
PGGWTVI,0,,PLRSGIYMIKPENSNGPMQLWCENSLDPGGWTVIQKRTD
AFFWPSL,0,,PLRRGGGPYICKLCGKAFFWPSLFRMHERTHTGEKPYEC
KPLWRTV,0,,PLRCGLEQHGAPKMTEEEEKAMKMKMTDTSEKPLWRTVL
HCLFKIY,0,,PLRVSNDLTQQEIQTLEILFNIPHMVEIKNHCLFKIYNC
CPNFGVY,0,,PLRQSWDCTGHREAGCGPEELGCPNFGVYKR
GPHYPLF,0,,PLRYGPHYPLFPLRDDVTLGDSCSGFTSPGGDADLNPSI
KRRFCHI,0,,PLRRGQSCMKRHGIPMSHVARQITKRRFCHI
EKKFNSL,0,,PLRSGSKKFKKTKPKEDCLLGSAKLDEEFEKKFNSLPQY
DVGFGML,0,,PLRRKQWLKESISDVGFGMLKSVKEYVDPNNIFGNRNLL
SVSFLNV,0,,PLRLDFESGSVSFLNVTKSSLIWSYPAGP
IHVYGWI,0,,PLRSGVPGKLIHVYGWIITGRLETFDFDAEYIDSPVILE
IPDYEAL,0,,PLRSHRDAIPDYEALVGPLHSLLKQKPDWQWDQEHEEAC
IADFLEY,0,,PLRCIADFLEYMGMKGVSLPLGFTFSFPCQQNSLDESIL
GHIYFFL,0,,PLRGIAVGHIYFFLEDVFPNQPGGIRILKTPSILKAIFD
RCIWYVI,0,,PLRCIWYVIGRREMEANDPLLWDIGWLHELGKRLEVPYV
CLVFEPL,0,,PLRRHFYHKQHLCLVFEPLSMNLREVLKKYGKDVGLHIK
NGSFWNV,0,,PLRCHLLNITAMPHNGSFWNVQDLLNSAMPRVVPYTQST
KYGYSTV,0,,PLRCHLPKDQQAKLPPTTLEKYGYSTVAVTLLTLGSMLG
PVHFPDL,0,,PLRCIVSSTPSELPPYCLDHTKLWGCGQPVHFPDLVCRW
LVRYVRV,0,,PLRSIETMMLNLVRYVRVLGNMVHAIQIKTKLCQLVEVM
KQSFPGI,0,,PLRSIFPSAAVGLKNNNDILPNSQEELLYSSKQSFPGIL
CIGFRAL,0,,PLRCIGFRALGDSAVLQVIQTPQGTYVQGVPVFLTDIAY
IGVWQDI,0,,PLRSIGVWQDILYGMAVLSVATNAFIVAFTSDIIPRLVY
RFTWSFL,0,,PLRCIIDGLCYVEGDKNPTSPCLICRPKISRFTWSFLEN
PFSFDPV,0,,PLRGIIQSYRLQRNEMLYPFSFDPVTFNYTDEELLPFST
VQGFGNV,0,,PLRSILGMTPGFRDKTFVVQGFGNVGLHSMRYLHRFGAK
VQGFGNL,0,,PLRSILGMTPGFGDKTFVVQGFGNLHSMRYLHRFGAN
DHPFLFF,0,,PLRCMLMPEENFTADHPFLFFIRHNSSGSILFLGRFSSP
LSRFVEI,0,,PLRRILSRFVEILQRLHMYEEAVRELESLLSQRIYCPDS
SETFTRV,0,,PLRSILYQRGIYPSETFTRVQKYGLTLLVTTDLELIKYL
CHQFSSV,0,,PLRSIPNISYITALNMCHQFSSVKRMVTAHFKKSPCMH
CITWTAV,0,,PLRCITWTAVVAGLICCAAVGVGFYGNSETNDGAYQLMY
ALLYYSV,0,,PLRSIQNSISFSKNAFKCTDHDLKQLVLKCPALLYYSVP
AIKYKPL,0,,PLRCITYVKAIKYKPLLVKHQRVQIGERAYEFCECGKTF
KQLFSSL,0,,PLRCIYCNKQLFSSLAVLQIHLKTMHLDKPEQAHICQYC
ACLFSSV,0,,PLRCKAATSCDSGIIEDVKKTTHTPTLKACLFSSVAQGY
GKAFFQI,0,,PLRCKDCGKAFFQIRHLRQHEIIHTGVKPYICNVLKP
ALGFILI,0,,PLRQMFAKGYGKNNEPLRGYILTFLIALGFILIVN
LFIFGIV,0,,PLRNKEKAHSGGIKILYHKSLSLFIFGIVHLLKNTSIYQ
KEMFIMV,0,,PLRKEMFIMVQEERRLRKALRRRVSQRLSVRLSSCSQM
EVGFPPV,0,,PLRCKKSLVVSSRKGHLKAQLEVGFPPVMERYTSAVSMV
DEEFQKI,0,,PLRSKLQENYIAAEELQSILPSTGINLLDEEFQKIVTDT
GKLYSIL,0,,PLRGKLYSILKIQSPLFTLDANADIGMVPPQQTKQVSQ
KYFWPRI,0,,PLRYKNKKQVGKYFWPRITKVHFKETQFELRVLGKDCNE
PLRFKNV,0,,PLRFKNVDLLSDMVQEHDEPILKHLKDIKVKFSDAGQPM
MNSYECY,0,,PLRGKQHSEYEYGNDLSLSTDIRHQKSHTTMNSYECYQC
ASKYRWF,0,,PLRMGASKYRWFHNACCECIGPECIDYGSKTVKCMNCMF
DITYQLL,0,,PLRSKVAELITNSLATAGDALIELRKLEAVEDITYQLLR
IFGYRGV,0,,PLRGKVLETVGVFEVPKQNGKYEIGQLFLHSIFGYRGVV
RCKYCFV,0,,PLRCKYCFVYGQDWAPTAGLEEGISQITSKSQDVRQALV
LIEFKTL,0,,PLRCLVGFTLTHRRFNYKDNTDLIEFKTLSEEEIEKVLK
PLRYLAV,0,,PLRYLAVSLFLHESHELLLLLVNTVVKDLQSTNLVEVCM
HRGFQSL,0,,PLRCLYKDGDIHRGFQSLLSEVNRTGTQYLLRTANRLCG
EMSFHQF,0,,PLRRLDEMSFHQFPQHPVHVSVVHLPIVYKGSMTQVSPH
KDAFVIL,0,,PLRNYLNQNAYTATAINSTNFCTSAKDAFVILVENALRV
VGNFKCW,0,,PLRCLHRRIARVVGNFKCWICGMLTRISGPVGLGLGPV
ALNWIKY,0,,PLRLIGGLLRIGYKIENKILAMEEALNWIKYAGDVTILT
GKLYNSL,0,,PLRIGKLYNSLCPGTLCLILLPGTKSTHGSLSGLGLMGI
QGTFSRL,0,,PLRCPQMGQGPPQGTFSRLGQPTPGARELTGRLSARGTA
PQEFLQY,0,,PLRCLRENIAFELPQEFLQYTQPMKRDIKKAFYEMSLQA
IECFLIL,0,,PLRYLSTTPFPSQHRTEIECFLILVIKF
RTLFNEL,0,,PLRCRTLFNELRIVVEHIIMKPACPLFVRRLCLQSIAFI
HDFFVGL,0,,PLRGLLKALSQASTDPKESTSPEKRDMHDFFVGLMGKRS
LQRFNRW,0,,PLRSLLQRFNRWNETSCNSSPQLLVTKKLAHCSVCSHPG
VTLFGRL,0,,PLRPTSGPVLTVTLFGRLYEKDWASNASSGLTAQARIIM
GMFYNSY,0,,PLRCMAWTHDGKGMFYNSYPQQDGKSDGTETSTNLHQKL
RPRFKII,0,,PLRCMVHDCADGKKPSSPPEELKFQCGQKTLRPRFKIIG
IRIYGEL,0,,PLRCMFSINPDTGEIRIYGELDFEENNAYEIQVNAIDKG
RIIFSTL,0,,PLRGMGQISNYVVAFILGTEILGKSVRIIFSTLGVCTFF
AGCFDNL,0,,PLRSNNRITTLEAGCFDNLSSSLLVVKLNRNRMSMIPPK
QEMYLPF,0,,PLRSNQFIFQDKELNDVSGEATAQEMYLPFPGRSASYED
NNEFVEF,0,,PLRLNNEFVEFTLSVESTGQESLEAVAQRLELREVTYFS
SPHFDWV,0,,PLRCPDACVDALLDTSVQHSPHFDWVVAHIGSSFPGTII
TISFLNY,0,,PLRHSWCKGNSCILADEMGLGKTIQTISFLNYLFHEHQL
NVGYASY,0,,PLRSNHLVNSDNVGYASYLLEQEKNKGYLPGQGPFVAAF
PDTWREW,0,,PLRSNKKQHLTTEASPSKGPDTWREWSSDGKNLIIYWKP
PFTFCVV,0,,PLRCPNIFPERRTICIDSPSVLISVNEHSYGSPFTFCVV
SLSFRPI,0,,PLRCPHSLSFRPIVVRQGSSRRSCCT
NEQYGAV,0,,PLRCPIDRSGRVADLTEQYNEQYGAVRTPYTMSYGDSLY
MRSYLPV,0,,PLRCPKGADPWFSTGTQNSHRGRKMRSYLPVGKRDIQK
LPDFKQI,0,,PLRCTKYIYNRSPAIAAVGPIKQLPDFKQIRSNMCWLRD
RRPYALL,0,,PLRPGPLLGAPAPPQPVPGAYPNTAPGRRPYALLHPHPL
EGKYGYV,0,,PLRIQTTDDTKVLCRNEEGKYGYVLRSYLADNDGEIYDD
PDAFDNV,0,,PLRFTNKENESQTVFQLDFCEPDAFDNVLNYIYSSSLFV
QAKYGDY,0,,PLRCPPETAVLLASYAVQAKYGDYNKEIHKPGYLANDRL
SRSWITI,0,,PLRCPPDDTKLIEDEFIIDESDQSFASRSWITIPRKAGS
MSSYLGV,0,,PLRCPTEPLQTPTIMSSYLGVAHQRPPQRQVVLSKFVRQ
PPNYVQV,0,,PLRCPPNYVQVSKTKCERTTCHDFLECQNSPARITHYQL
LEEFSPV,0,,PLRCPQLVLVNGEDLTRYREMSYKVTELLEEFSPVVERL
VASWWTV,0,,PLRWPQSNPKFLCADYAEQMSWIITVASWWTVRLKLRQ
RRTFRYL,0,,PLRGPSINPLPKPRRTFRYLSESGVTPYKERNCDKKYCE
LHSWSSF,0,,PLRYPVAWVNTMVFDFKGQLRTGDIILHSWSSFPDELEE
LIPFLSF,0,,PLRSQALQQELAMLREELRARGPVDTKPSNSLIPFLSFR
EYIFCFV,0,,PLRYQDGLRLLGARARGVAMLGVFLVSAVAHEYIFCFVP
QGVYQEV,0,,PLRSQYVTCVETYLEDEGQLDLVVKYLQGVYQEVGAKVL
ACFYVAV,0,,PLRCRTVTRGEGLSPTESCEGLGDLACFYVAVIFILNGL
TVNFRKL,0,,PLRVTVNFRKLLLNRCQKEFEKDKDDDEVFEKKQKEMDE
ARTFSFY,0,,PLRSQGHISIPQPDCPAEARTFSFYLSNIAATTRRAAL
SSLYTAY,0,,PLRCQHSSWVSSLYTAYLGPVLGGFSQGFNQDVSPGCE
IMKFLKI,0,,PLRRQKRNVKKAVVMQLKVPTIMKFLKIAKAVPVRV
SQPYEEV,0,,PLRSQPYEEVSQPCQEVPDISQPCQDISEALSQPCQKVP
SEIFEIV,0,,PLRWRGDHILVGTQDSEIFEIVVQERNKPFLIMQGHCEG
CRKFVKI,0,,PLRCRKFVKINNSTNEGMNVKKCCKGFCIDILKKLSRTV
SESFLTV,0,,PLRCRSQPRSISESFLTVKGAALFLPRGNGSSTPRISHR
ENNYTPV,0,,PLRSRSRTRSRERDLVKPKYDLDRTDPLENNYTPVSSVP
RSRYGIL,0,,PLRSRYGILMTKQELSFSDKKEVCKVVLRRLIQDSNQYQ
RIRYIAF,0,,PLRWSADHGNNKKGFRIRYIAFYYSTPESPPHGYIISQT
PLRYSAL,0,,PLRYSALSGNPFRMATRGIFRTALPVRSITTSKWKVTV
MGIFKTL,0,,PLRRSDLIDQMNASGPIKEKMGIFKTLENSEDSSPECL
PLRYSDL,0,,PLRYSDLNDPVVRPLGSENLLLRGATLKNTEKIFGVAIY
DPKFIEV,0,,PLRGSASSLVEAVLISEGLGQFAQDPKFIEVTTQELADA
PLRFSGL,0,,PLRFSGLCVDGVIFLKHHDGRNNGDAIVKFASCVDASGG
AGRYYAL,0,,PLRCSRGERRAIEKLAVEALSSLDGDLAGRYYALKSMTE
TNAYAAL,0,,PLRISSLENANYKDHENGTGTNAYAALNSVYLIMNNQMR
SLKYIDF,0,,PLRSTKYLSRQKPHKCGTHGKSLKYIDFTSDYARNNPNG
NNGYFMI,0,,PLRYTKHGTLKYQTDCAPNNGYFMIPLYDKGDFILKIEP
IGKFDMI,0,,PLRGTKVFKSSSGNISLYCCSIFDLPRTNIGKFDMIWDR
LKNWSSI,0,,PLRCTLVSSVSRSVSSLARPRALPVAHHRLKNWSSIFAA
ESLWKEL,0,,PLRCTPESLWKELSLQHEGLKELIHKQMRPFSQGIVILS
LRLYDAY,0,,PLRYTWSWNVCQELLSPKDLRLYDAYVNRNSSHNSRSSS
NELFLFY,0,,PLRSSYKTRTCRCRTGFNLGSDGRSCKRPKNELFLFYGK
LFGWDDI,0,,PLRSTAPSDFQPQPVISIIQLFGWDDIICPQVVARYLSH
DGHYKDY,0,,PLRLQKDYRTDLVFGTDVTCWFVHNSGKGFIDGHYKDYF
SDLWDDV,0,,PLRCTGFRWTHNSKYYQKGSHVRQDSMEPSDLWDDVSNC
PRIFTFI,0,,PLRLVIGILVVIIGVSLGMNTGYAINPSRDLPPRIFTFI
PLRYAQI,0,,PLRYAQIMTVVISCLVGRMWLLEIFMAAVSTLNITLRSY
GIFFGSF,0,,PLRGVGIFFGSFDNDGKKNNPAIVIIGNNGQIHYDHQND
RNQFHLL,0,,PLRSVSSFWKNMVWRNQFHLLKTLNLAQKRHAS
GFLYMVY,0,,PLRSVSTPVSEVYESEKDEDGFLYMVYASQETYGMKLSV
NNVFLFI,0,,PLRSVVLRHCKKRQSHLRLTLKNNVFLFIDKLSYRDAKQ
QASFDVF,0,,PLRSVVPSFGDCLVPTSMGQASFDVFHRAFSTHSGITVY
RRMFMGI,0,,PLRSVYGVDQTHSGLPLHHIRRMFMGIHALIWQGSQRC
HLLFRGV,0,,PLRCWDRGGWDGSSRAVHLLFRGVAHPSLYLFPREDPPR
LRKFSCV,0,,PLRCWDSPYLRPLRKFSCVKRACMKRMVLLNFKLMSRS
QVMFVTI,0,,PLRYWHCSWVSELQLELHCQVMFVTISGRMIWMSHLLG
LRSWKVF,0,,PLRSWKVFEEMVEPYRLHESCKDLTTAEKLKRKTPWKIT
NEMFRIF,0,,PLRRYDERIDRVETRITARLRDQLGTAKNANEMFRIFSR
ERQYQDF,0,,PLRSYDRTKRQRRRNWKLKELARERENMDTDNERQYQDF
LRCYNIV,0,,PLRCYNIVVEAMKAFPMSERIQEVSCCLLHRLTLGNFFN
QYEWQKL,0,,PLRTRCYVDGSEEIGSDFKLKCEPKEGSLPLQYEWQKLS
VTVFQWL,0,,PLREAAPKHELVRTALVPPAASFLGSVTVTVFQWLWTH
TITFLPW,0,,PLRDDFANASGTITFLPWQRSEVLNIYVLDDDIPELNEY
GAIFGAL,0,,PLRKANCVAWLGGAIFGALQDILGSRSVSKEYYNQTGRI
SLIYPAL,0,,PLRDDPDVKIKLKIQSLIYPALQPLDVDLPSYQENSNFL
LKLYFLF,0,,PLRDDPEDAKAKVLSVLKHSLLSFKRRRAMETLKLYFLF
GQAFTLL,0,,PLRDAPQYLRTYVHRVGRTARAGKTGQAFTLLLKVQERR
LSFYSHL,0,,PLRHAGNKPIKDQLGLSFYSHLPELHIFQIKGEIANQLV
SGSFPPV,0,,PLREAGSMKNLVLKIISGSFPPVSLHYSYDLRSLVSQLF
AEAFEAI,0,,PLRYAIKKFAEAFEAIPRALAENSGVKANEVISKLYAVR
PTHFTVY,0,,PLRSHDASKVKAEGPGLSKAGVENGKPTHFTVYTKGAGK
TSIFTQV,0,,PLRHAVQMHIQFSSRGWVLDQTSIFTQVDAFVQRCKDLI
PLRYCCI,0,,PLRYCCINCIHLLPDLHALEHTYSDKDGLLIIGVHSAKF
DLQYSFF,0,,PLRDCGGLRLSRPPAPPPGDLQYSFFSSPSLANSIHSPG
PTQYSSF,0,,PLRHCILDPVQVKMSRPTQYSSFSATISPTITVAVFFA
EEGYLHI,0,,PLRYCKANLCGILYFVDSNEMYGTPSVFLTEEGYLHIQM
PVLYPLL,0,,PLRDSNFITALELAVRFGKTLIIQEMDGVEPVLYPLLRR
LPVFGKV,0,,PLRNCSTLDSLPVFGKVVTQGTREAAFVYAISSAGVAFA
VTKYLRL,0,,PLRHCTNTDNPRYKEGDLTLYAINLHNVTKYLRLPYPFS
TGRFSHI,0,,PLRNCVKNASLISALSTGRFSHIQTPVVSSTPRLTTSER
VSSFTAF,0,,PLRHFIGNCVSSFTAFVKRERDLQGRPSSFFGMDRPPKL
KSCWVVL,0,,PLREDCKFDRERIELFCTEYQNNKNSWKSCWVVLAVLS
HSSWRKV,0,,PLRNDDHSSWRKVLEKCQGVVDIPFRSKGMSRLGEEVNG
EEEFIPL,0,,PLREDEEEFIPLAQRLTCKFLTHKQLSPEDSSSPVKSVL
IGNFLYV,0,,PLRPRYQHGIAVIGNFLYVVGGQSNYDTKGKTAVDTVFR
VHTYEQV,0,,PLRNDEVHTYEQVIYTLQKAVNCTQKEAIGFATTVDRDG
ILVYGNI,0,,PLRNDILVYGNIVIQKKKYNKQHIIPLENVTIDSIKDEG
KKYFRRI,0,,PLRNDLEACVMQEERVGETPLMNADSILAVKKYFRRITL
LKHFYDL,0,,PLREDLKHFYDLSDSDSNLSNEDSKALKQKKIKKIKTPD
QTDFNEL,0,,PLRNDLKIEVIEKLFAMDTEAKDQCSTQTDFNELDLETL
AFYYCRL,0,,PLRNDLNMKAVEQDEPIPQKPQSAFYYCRLLLSILGMNS
TFQFNNL,0,,PLREDTCKGQLTGHKKRLFTFQFNNLGNTDINYIKDDTR
GSKFDNI,0,,PLRDENMGSKFDNIGMNAMANKDNASLKQLRWEAERDDW
EKKFHTV,0,,PLREEEPVKKVLEKKFHTVSGSKCEIKVAQPKEVYQQQQ
GALYEAI,0,,PLREEEQNGALYEAIKFYRRAMQLVPDIEFKITYTRSPD
SELYEAV,0,,PLREEFFFSASLPTNTTSSELYEAVKNYIVNKCGLEFKF
PLRYDYF,0,,PLRYDYFRKKLKKPADIPNCFEMKLHRNNISKSPIGVL
TPAFSVW,0,,PLRNEASVLHNLRGGTTPASSTRTPAFSVWSSTRTSTS
KTKYVGY,0,,PLRDEYAIGYFKKQGFSKEIKIPKTKYVGYIKDYEGATL
SRLFFVI,0,,PLRQTEKHVFEQASNHPFLVGLHSCFQTESRLFFVIEYV
KNGYTPL,0,,PLRNAKTKNGYTPLHQAAQQGHRTSSTSCSSMGPSRTP
EALYKWL,0,,PLRNEPCTSFAECVCDENCEKEALYKWLLKKEGKDKNGM
QREYLSL,0,,PLRNERDTLEFEMRHLQREYLSLSDKICNQHNDPSKTTY
SGTYSDY,0,,PLRDESEVDKTHCLNNSVSSGTYSDYSPSQASSGSSNTR
DKSFRGV,0,,PLRDKSFRGVILTSDRPGVFSAGLDLTEMCGRSPAHYAG
PLRYETL,0,,PLRYETLHANLPPTLAKSQVSSVRKNLKLHLLSVLMHPA
VHLYEVL,0,,PLRMLRKERFNLNSQGKVHLYEVLSFTTTGLQEVQHL
VNLYNTL,0,,PLRDEWKVNLYNTLDSSITDKSEIFVHGDLNGIFSK
HHDYHHI,0,,PLRNEYVPRGCKNKCHSHFHDTLGQSDDLIHHHHDYHHI
LRDFAFI,0,,PLRDFAFIANPSSTEISSITGNIELNQQTCLLTLRDYNN
LRHFCVF,0,,PLRHFCVFANTVGLTDEGSDDEGMPENSLLIIILSVIFI
PMTYDPY,0,,PLRNFDVEYTAEDLASVPPMTYDPYDRELVPLLYFSCPY
IASFSSL,0,,PLRNFEIASFSSLSGTQPITWQVEYPRKGTTDIAVSEIF
LRHFEKI,0,,PLRHFEKIKSEGTCIHRLDEELIRRRREELRHALDIREH
NDLFLQY,0,,PLRDFELQTTPVVRGLHPEYNFTSQYLVHVNDLFLQYIQ
DSQYPPV,0,,PLRDFQAKREKVDSQYPPVQRLMTPKPVSIATNRSVYFK
ASTYSAI,0,,PLRDYHRQALVLIPQNASTYSAIGYIHSLMGNFENAVDY
SSSFAGL,0,,PLRHFLINDVMLTSSSFAGLEATTPLLPGIGMMRLKQPF
AGCYNGI,0,,PLRHFLKGVSFNESAADNLKLKTHTMLQLMKEAGCYNGI
CYFYHGV,0,,PLRNFNRNEKCMELLDGKNGKSCYFYHGVHKISDQHTLQ
GIAFSRL,0,,PLRDFPAQVALTSSQIWWTTDVGIAFSRLEEGYETALK
KRTWEKL,0,,PLRLDFQMEQYIYKRKSDGIYIINLKRTWEKLLLAARA
IADFSGL,0,,PLRFLINLVKQKPQITEEQLEAVIADFSGLLEKCCQGQE
CKGFLVI,0,,PLRDLTICSTLLAFIMELLKNSIAMQEQMLACKGFLVIF
ESLFLPY,0,,PLRLHTHRAMRSCASESLFLPYYPPDSEARRPCPGATGR
SEQYETL,0,,PLRNGFEDRTSEQYETLLIETASSLVKNAIQLSIEQLVN
RNGFTGW,0,,PLRNGFTGWTETSVKENKNINEAMRVLIEKMMRNSTEDI
KLQYSIL,0,,PLRHGHFVTCVKAYDADSSDIDKLQYSILSGNDHKHFVI
PSKYVLY,0,,PLRDFWKKSRNTLAPQRLLFEVTSANVVKDPPSKYVLYT
ACSYGHY,0,,PLRHGADVHAKNKGDLVPLHNACSYGHYEVTELLVKHGA
TEYFNQL,0,,PLRDGALRNTEYFNQLKDNSNIILLGDSQGDLRMADGVA
RSRWPTL,0,,PLRSRWPTLQAWGAGLKPGYQAGDEYAEARSQPGNGMPG
VGDFNYI,0,,PLRDGSLYVGDFNYIRRIFPSRNVTSILELRNKEFKHSN
TSNYSVL,0,,PLRYGSEIKRGSQNGGNFLTSNYSVLCSGAQATSVDTES
SGVWVAY,0,,PLRYGVKTQSINVLSGVWVAYENPDFTGEQYILDKGFYT
TIMFKVV,0,,PLRNGVSVEGLDPEQVIHILAMSRGTIMFKVVPVSDPPV
NKGFTMI,0,,PLRNGIIQGERDHYGYRQSVTYACNKGFTMIGEHSIYCT
LRQYIIF,0,,PLRQYIIFGTEDGIYTLNLNELHEATMEQLFPRKCTWLY
LMHFDAW,0,,PLRNGKPLAGLMHFDAWNIMKSVPEGPVQLLIRKHRNSS
MDGYRFW,0,,PLRRREMDGYRFWKTGYWASHLLRRKYHISALYVVDLKK
LTEYFTF,0,,PLRKILYPSTLFLLRGNHECRHLTEYFTFKQECKIKYSE
HHGWPII,0,,PLRNHHGWPIIIIIRDGVLLLLPSLECNGAISAHCKLHL
ISLYRFL,0,,PLRDHILQQNVNGQTISLYRFLPNIVMQANSTVTVWAAA
MNQFRML,0,,PLRVHKVGNTPLDMNQFRMLFSTCKVPGITRDSIMNYFR
TIIWGPV,0,,PLRDHLELFLKMLRQVLVTVLALPAWHSRKLTIIWGPV
QLYFQRI,0,,PLRNHNLKKTPATKIREDKSVQLYFQRISILLSIGAS
MRVWLGL,0,,PLRDHSATIVSIKDEDENKFVSRLMRENNNITMRVWLGL
RISWPQL,0,,PLRNHSLPDRRISWPQLMICTKPNLFWGTHQASGLTFSA
LACWVLW,0,,PLRIDHTQYKFGHPRFSSKLACWVLWKKCVMKSWLNSS
SKTFKTL,0,,PLRDYYSKTFKTLIKKERQPIKPEPKSQPRIKGTPNKTD
APRYASI,0,,PLRDIAPRYASILMGISNGVGTLSGMVCPIIVGAMTKNK
LPTFQQL,0,,PLRNICLTADSSGPVSASLWTPQAKLPTFQQLLHTQLLP
RKRWFQL,0,,PLRLRKRWFQLGRSMNPRARKNRSRIPLLRKRRFHSSVP
EDMFREV,0,,PLRDIHNRHLSNEDMFREVDEIDEIRRVRNKLIVMRWKV
EHAFILY,0,,PLRDIPPRRYFRSGVEIIRMASIYSEEGNIEHAFILYNK
DSLFNTV,0,,PLRDSLFNTVTDKKIAILGFAFKKDTGDTRESSSIYISK
RNIYELI,0,,PLRNIYELIRGRRYPLSEEKIMHYMYQLCKSLDHIHRNG
KRGYGKI,0,,PLRNLKSVNELIYKRGYGKINKKRIALTDNALIARSLGK
RDKWIKY,0,,PLRDKWIKYRKGHANIAYTPDIIIASILRLIGRLGQLGL
PLRYHFV,0,,PLRYHFVISREQMEKDIQEHKFIEAGQYNDNLYGTSVQS
NKGYQMV,0,,PLRLGLNKGYQMVVNKGSDGGQSVCQVHLHVLGGWQMHW
VRDYHKV,0,,PLRNKIYCVRDYHKVLAPKCAACGLPILPPEGSDETIRV
PDNFLHI,0,,PLREKKNQVMIHGIEPMLETPLQWLSEHLSYPDNFLHIS
RKIFSLI,0,,PLRDKKQDLEAKNTQTLTADVKDNEIIEQQRKIFSLIQE
QHFYQNV,0,,PLRNKKRHIQQHFYQNVSKTQVGVFKCPECPLLFVQKPD
LKDYAKL,0,,PLRGKLDPQKAFFSGRLKARGNIMLSQKLQMILKDYAKL
SGSFSEL,0,,PLRDNLSGSFSELSSVVSSSGTEGASSLEKKEVPGVDFS
PKVYIII,0,,PLRIQTTTLTVSMSLSASVSLGMLYMPKVYIIIFHPEQN
GRQYPIF,0,,PLRNKMLNHENVVNMVTVGRQYPIFISGVL
LRDYGRY,0,,PLRLKPGGMMLLRDYGRYDMAQLRFKKGQCLSGNFYVRG
TNIFESF,0,,PLRDKYPFKSPSIDLTNIFESFLPQLLAYPNPIDPLNGD
CPQFDAI,0,,PLRSILTNISEVHQNMGYCPQFDAIDELLTGREHLYLYA
CCTYLQI,0,,PLREKPYKCKQCGKAFICCTYLQIHERIHTGERPYKCKQ
SGVYQHV,0,,PLRYKSGVYQHVTGEMMGGQAGVWRMAHRTGWL
CENWREI,0,,PLRNKTTCENWREIHHLVFHVANICFAVGLVIPTTLHLH
DAGFTGL,0,,PLRDKVSYEVPRLHGDEERFFVEGLSFPDAGFTGLISFH
LLLYQEL,0,,PLRDLDGDASMAKAITGVVCYACRIASTLLLYQELMRKG
KTEWLCL,0,,PLRNLCGFNPTPHLVEKTEWLCLNCQTKRLLEGSLGEPT
VDFYAPW,0,,PLRDLDESFKENRNDDIWLVDFYAPWCGHCKKLEPIWNE
EVKFEIL,0,,PLREIQLELYEVKFEILKNKEILLTT
VKVYDYY,0,,PLRVRDLKPAIVKVYDYYETDEFAIAEYNAPCNKDLGNA
SVSFQAL,0,,PLRIIIVPRSEVLVQQTLQRIRQSVSFQALCHIANPVMG
VRSWVLV,0,,PLRNLGKKPGTITTVGLLTKIQVRSWVLVLFQV
LGSWDLL,0,,PLRDLGSWDLLICLSSKKAEGTPCISKEVMRQLGLHQKA
TTPWIIF,0,,PLRDLIMLIMMVGNLVIIPVGITFFTEQTTTPWIIFNVA
LNKFKTF,0,,PLRNLLNIMEPSLLQFYISRQWLNKFKTFAEPGPISNND
TLSFIVI,0,,PLRDLRAELGKDLQEPEFSAKKEGKVLFNNTLSFIVIEA
AIRWLML,0,,PLRYLREEMVLDNIPKLLNCLRDCNVAIRWLMLHTADSA
LLKYFPV,0,,PLRHLRGLRATLLKYFPVTNDNNA
KHWWQDL,0,,PLRINRCKLDVRTRGLTVMFEIMKTYGHTYEKHWWQDLF
NLSFKDI,0,,PLRNLSFKDITKKALQSHRFFTMTMTFSKNLWFKGSVVL
AQSFPNL,0,,PLRNLSRSSSDNNTNTLGRNVMSTATSPLMGAQSFPNLT
GYSFSLI,0,,PLRYLMSYISNFEDMLLTIIHIIQIPCAVGYSFSLIFMT
LMVYMYL,0,,PLRNLMVYMYLPEPRRVSGACACCVGQTSTWVPT
VNIYKNV,0,,PLRHLPSLEIRENAIDRLVNIYKNVVHKTGGYLTESGYV
SDAFVPF,0,,PLRRDPSFFSNPQDFNPQHFLDDKGQFKKSDAFVPFSIG
IGFYGAF,0,,PLRELQKQIMSELEILYKCDSSYIIGFYGAFFVENRISI
AGNFVLV,0,,PLRQAGNFVLVFPFNEATLGASRNGLNVKRIIQELQKLM
PLRYLVY,0,,PLRYLVYLKSDYLPCAGVLIHPLWVITAAHCNLPKLRVI
MGKYDFI,0,,PLRNMEKYDLNIGKYDFNMRECDFNVRKYDLNMGKYDFI
REMFEIY,0,,PLREMFEIYSQHFQPDEDFSNCAKEIASKHFRFAEMLYY
GDVYTYF,0,,PLRDMKHQSFYIETKLDGERMQMHKDGDVYTYFSRNGYN
GDVYKYF,0,,PLRDMKHQSFYIETKLDGERMQMHKDGDVYKYFSRNGYN
HLHFKNI,0,,PLREMILSSEKGRLPEHITKFLITQILVALRHLHFKNIV
QNPFILL,0,,PLRNMKVWLLKLLSQNPFILLNSPTAIKETLEFLQEQGF
PLRYMLV,0,,PLRYMLVFKGKRYLTGIGSDTRNALYHVHNGEDVVLLTT
VSEFPVI,0,,PLRNMQILLRLAKLNELDDSLEKVSEFPVIVESLKCLCN
DGVFLYF,0,,PLRKPELRKKVHPAVVIRQRKSYRRKDGVFLYFEDNAGV
DGSFRCI,0,,PLRINECDEAEAASPLCVNARCLNTDGSFRCICRPGFAP
STPFKPL,0,,PLRNNEDVSFSRPADLDLIQSTPFKPLALKTPPRVLTLS
RKLFILL,0,,PLRYNITESSQQMEEAIWAVSALSEEVSHFEKRKLFILL
PLRYNKL,0,,PLRYNKLRQPFFQKRSELISKILNLGVTTFGNHLQVSAL
KMTFKDL,0,,PLRGNKTKMTFKDLGMDDLGIYSCDVTDTDGIASSYLID
NNNFHVL,0,,PLRYNNNFHVLSSTANGKIESSVGKSLSKMYARHRKIYT
KDEWHKV,0,,PLRGYSWNNRCMVEIVQKYDPEKDEWHKVFDLPESLGGI
VAKFQPF,0,,PLRNPGHLLQTNEQFTAPQKVVAKFQPFRCRPFRLRLI
PLRYPHF,0,,PLRYPHFAPDAAANLTKIVAYLGTYIGGVTFSGSLIAYG
AIVYSVL,0,,PLRLKKSYSLTLDRTLAIVYSVLTPMVNPIIYSFRNKEI
SIKYNIW,0,,PLRLKHGRVFIIKSYSEDDIHRSIKYNIWCTEHGNKRL
GEPYYIL,0,,PLRNPKEQDTFLKNGEPYYILQHPNILQCVGQCVEAIPY
QIGFIDF,0,,PLRDRKSTMVAQSQIGFIDFIVSQHFLF
LDMFSSV,0,,PLRNPLNLADLDMFSSVNCSSEKPLSFSAMFSTSKSVST
EMPYNIW,0,,PLRHPLRERARKLSQGILIIRFEMPYNIWCDGRKYHIGM
PNCFELY,0,,PLRPNCFELYIPNNKGQLIKACKTEADGRVVEGNHMVYR
GRSYRGI,0,,PLRKSPVVQDCYHGDGRSYRGISSTTVTGRTCQSWSSMI
GLNFYLI,0,,PLRHPVKKIVQEYPGNELLLVYDEDFKYGLNFYLIATEE
NVDYCQI,0,,PLRKVWDDQAVWNVDYCQILKDLQLRT
NQEYETL,0,,PLRKLKNQEYETLDHLECDLNLMFENAKRYNVPNSAIYK
LRLYRVL,0,,PLRLYRVLEAGKIGIFESPTGTGKSLSLICGALSWLRDF
QNGFEEL,0,,PLREQPLQNGFEELIQWTKEGKLWEFPINNEAGFDDDGS
NQTWAQL,0,,PLRNQTWAQLQARVPGQRARLADYCAGAMFVQQLLSRGY
KPMYLHI,0,,PLRNQVKVAGKPMYLHIGEEIDGVDMRAEVGLLSRNIIV
EGQFQQV,0,,PLRRDGVSEGQFQQVLHHELLAIREACIKLEKDYQPGIT
VAEFFEF,0,,PLRYRERTKAESIASLLSLAITTEHTLHATLGVAEFFEF
ELLFNTI,0,,PLRERFEAPEALFQPHLINVEGVGVAELLFNTIQAADID
VLHYYNV,0,,PLRNRFTSAGQASKNIIQPPSCVLHYYNVPLCVTEETFT
LTMFGVI,0,,PLRHRHLGLRLCDKLGKNLLLTLTMFGVILGAVCGGLLR
PHEYSVL,0,,PLRHRLAILSNFPETTSPHEYSVLLPEACFNGDSLMIIP
PFSFTKL,0,,PLRNRLKNLPFSFTKLKELAALWLSDNQSKALIPLQTEA
RRGFIML,0,,PLRERNCAMLHVRGLISDQCGSSRIIRRGFIMLTRLVLN
NVHFEIL,0,,PLRVSGLTGELEFGENGGNPNVHFEILGTNYGEELGRGV
TRLWGLF,0,,PLRNRTLSRHGFDVRAKLAWEGNETVTTRLWGLFCSSRS
KGNYWSL,0,,PLRHPGKGNYWSLDPASQDMFDNGSFLRRRKRFKRHQLT
ASSWPMF,0,,PLRDSAEIQPIGNCEKNGGMLQPPLGFRLNASSWPMFLL
QLAWLCL,0,,PLRISPALRTSDSHRRKCFGSSHFPHQLAWLCLENAALQ
AEVYNQY,0,,PLRHSIIETSRSSLTEPTAEVYNQYPSNALVFESSPFNT
HRLFFNF,0,,PLRIIQNWHLPERFKACNHRLFFNFCPALRKEKMKHSEV
ETCFDKY,0,,PLRESKPEAEETCFDKYTGNTYRVGDTYERPKDSMIWDC
LTYYVKL,0,,PLRNTLLQSKVGLLTYYVKLYPGEVTLLTRPSIQMRLCC
EISFGKL,0,,PLRDSPNTGAHWMRQEISFGKLKLTNNKGASNNNGQMVV
KPEWQRW,0,,PLRDSRGKMLSPATKPEWQRWAESAETRIATLLQQVHGY
GWYWCGV,0,,PLRNSRLVSLTLNLVTRADEGWYWCGVKQGHFYGETAAV
VCLWKVI,0,,PLRNSTDVCLWKVIETAVSELKKDLDIICKYNEAVNCSY
LGLFGLL,0,,PLRNSTVLTLMTLTPEGSELHIILGLFGLLLLLTCLCGT
DKAYQEL,0,,PLRDTAIVNSDLDKAYQELLRLINKLDTEPQWVPST
RSLWLQV,0,,PLRNTDAALLAWGPREVAGCTSGRHRCRSLWLQVWKSM
RNTFIQF,0,,PLRNTFIQFKKPIIVAVNGPAIGLGASILPLCDVVWANE
LLAYIRL,0,,PLRETILNALLTWVRHDLEQRRKDLSKLLAYIRLPLLAP
TSQYFFI,0,,PLRNTSQYFFITPLLQNLPYSEKMTVLFVYNGPHMLEP
NGAYNIF,0,,PLRHTTFSKKENNQVPAVVAFSQGSVGFLWKSNGAYNIF
CKEFLDI,0,,PLRYTISGKETLSDLVTLIAGCKEFLDIQLRINEKKTLN
GKTFIAV,0,,PLRNTIVCLNTGSGKTFIAVLLTKELSYQIRGDFSRNGH
KGQYIHF,0,,PLRYTLQYGQCGDKGQYIHFTPNFLLTNNLATYGPRGKV
LRPFIFV,0,,PLRDTSEVNLPKQVIKQLVQLLALRPFIFVMTQNIVNL
EREFNNL,0,,PLRNTQARAVLEREFNNLLVMGTDRRFDEDDDKSFRRAP
ARFFKGL,0,,PLRDVARFFKGLNVARGGVALCLNAQGRRNGEALIRFVD
EELYPDI,0,,PLRDVYREEEILEAYDEDEDEELYPDIHPPPSLPLPGQF
PLRFKHF,0,,PLRFKHFVGMLPEKDCRCALYDASFETKESSTEELIFFL
ISEWGPW,0,,PLRHVEDYLCDPEEMPLGSRVCKLPCPEDCVISEWGPWT
EVEFPLV,0,,PLREVEFPLVEEELQNIDLRLRAAEETLNWKTEGICDY
MDSYKKI,0,,PLRHVFRTKSSHTFPKGTSVIARNQVRLAEVWMDSYKKI
SLLWKMF,0,,PLRNVGGQVYFTRHSTLISIPHSLLWKMFSPKRDTANDL
LHIYGYF,0,,PLRDVKSLLHIYGYFDEEMAVKYISEVALALDYLHRHA
LFPFSAL,0,,PLRDVLDTWFSSALFPFSALGCRKRPQTLLVSTRCHFW
KYSFQDF,0,,PLRDVLVLRQLRYTGMLETVQIRQSGYSSKYSFQDFVSH
RQIFRSI,0,,PLRNVMNVENPFIRRQIFRSIKVFTRGRNPMNVANVEKP
HSWFPGY,0,,PLRYVNPHGYVHETLTVYKACNLNLIGRPSTEHSWFPGY
QLFYTKV,0,,PLRYVNRIVQQWNLQDNDDDQLFYTKVYIDPLKREAINI
LHSFRKL,0,,PLRDVSDPGRCLHSFRKLRDYARKGCWEAQLSLAKACAN
SLRWPPV,0,,PLRHVSSTSLRWPPVRGSRTSRVPAPRTFAARLRLCPR
SAAWYDV,0,,PLRYHCHQSAAWYDVSSGSYDKALRFLGSNDEEMSYDNN
VFLYQIL,0,,PLRYVVTELMQSDLHKIIVSPQPLSSDHVKVFLYQILRG
DKPWARL,0,,PLREVTDSPDYDRRADKPWARLTPADKAAIRKELNEFKS
RNYFRHL,0,,PLRNYFRHLWNKALLRACADGGANRLYDITEGERESFLP
LRDYGQF,0,,PLRDYGQFGLQRLGLNMSEGSNSSNQPHGTNSSSVAIAI
SQRWAAV,0,,PLREEARWCACGTRTWPLPTPAAPRASQRWAAVW
QWLWNIL,0,,PLRVAAVARAAARCNKGIEACLQWLWNILCW
KKDFRQV,0,,PLREACEKGNMLKRQRIKREKKDFRQVIVNDCHLPESFK
SDYFRAL,0,,PLRKAFFCGRSDYFRALLDDHFRESEEPATQGARQPSP
QVSYPLW,0,,PLREALGVFIVPSRPQRETEVLRGRRQVSYPLWASNIYP
DLHFLNL,0,,PLRLKARTLPDDLHFLNLEGSRYHIALISVYSFKMKFFI
GITYIVV,0,,PLREEDYRPGITYIVVQKRHHTRLFCADKTERVGKSGNV
LRNYRCL,0,,PLRNYRCLVQSYPKKIHDLCDLLLIF
KTHWALV,0,,PLRHYTNQTDMPHCLLCNNKTHWALVRSTMCFEKEVDYL
LGTFSAV,0,,PLRNYVFKNALRLGTFSAVLVTYAASALLHGFSFHLAAV
LQRFYSL,0,,PLRYYVKEVLNKHELQRFYSLRHIASDVGRGRAGCAVP
LRNYVNV,0,,PLRNYVNVEFGVPFPNPANDLSDLLRAIPRANPLSLDSA
AREFRKL,0,,PLRQAAFEVEGESSGAGLSADRRRSLCAREFRKLGFSNS
SGIYTIY,0,,PLRQAGFNKSGIYTIYINNMPEPKKVFCNMDVNGGGWTV
LGKYWAI,0,,PLREAGILDTYLGKYWAIKLATNAAVTVLRVDQIIMAKP
RERFYIY,0,,PLREEGRRDDSLSSTSEDSEKDEKDEDHERERFYIYRH
GGIYTCF,0,,PLREDGSLEINNITRNDGGIYTCFAENNRGKANSTGTLV
HEKWIYV,0,,PLREEHEYASKKRKKDHFRNDTNTQSFYHEKWIYVHKES
AMAYDRY,0,,PLRKAISRAGCGVQIFFLPTLGGGECFLLAAMAYDRYAA
EAKFIGI,0,,PLRKAIVNSCIQHYHDNCLPTIFVYKNGQIEAKFIGIIE
VTMFSEY,0,,PLRKAKIVLDIIVTMFSEYCENQFTVEAAEVVFPNGKSH
KADWERW,0,,PLREDKVECANNALKADWERWKQNIKMISS
GGDYERF,0,,PLREALEMASKGDSTQADKLVRDIYGGDYERFGLPGWAV
SGFYTQL,0,,PLRQANLSLFLEAASGFYTQLLQELCTVFNVDLPCRVKS
HEAWQKL,0,,PLREDPVKFHEAWQKLCKADGILVPGGFGIRGTLGKLQA
LCTFLPL,0,,PLREDTVTEGKRFSLDITNLMPLAACQALCTFLPLGSYR
EDPWQAV,0,,PLREDPWQAVKSLTQARLLSQPPAKAFLYEPTTQASGRA
SDLYHRL,0,,PLREAPYSREEERQRLSDLYHRLHARLHSTPVRCASFT
EQIYELF,0,,PLREEQEKLLKKSCTLYVGNLSFYTTEEQIYELFSKSGD
LCAFPSI,0,,PLRVASSFLIGLGSLLCAFPSINEENKQSKVGIEDICEE
SRNFTSV,0,,PLRKAVPSQTVSRNFTSVDHGISKDKRDYLWTSAKNTLS
CNAWKVY,0,,PLRQAVRIENLELMSQHGCNAWKVYNENLVHMIEHAQKE
KYLYMEY,0,,PLRQCMLHNNNNLEACCRALSQESSKYLYMEYHSPDDNR
EYQFRTY,0,,PLRECNYKVTGLVEGLEYQFRTYALNAAGVSKASEASRP
RCYFWCL,0,,PLRQCCLRCYFWCLENAIKFLNRNAYI
DDTFEAL,0,,PLRECGFTSQTARPQAPATVGLAFRADDTFEALCIEPFS
NAKYFIV,0,,PLRQCFVVDKESGRCKAIIDHFGQRINAKYFIVEDSYLS
GKAFRYL,0,,PLRFLFSFRNHIRIHTGETPYECKECGKAFRYLTALRRH
GKGFTSI,0,,PLREKPYRCNECGKGFTSISRLNRHRIIHTGEKLYNCNE
CVLYYYL,0,,PLRYLERKSVPDCVLYYYLTKKNENYKASSVVIMGNAV
HSIFTFF,0,,PLRKGSHHRFITEKRVLRTGHGHSIFTFFNQTGNQNHL
KCIYQQL,0,,PLRKDCSKLGKKCIYQQLVRGRKIRRSSEEHLRQTRSET
TVKYSNL,0,,PLREDDEEEEEEDKTVKYSNLPNYLLGSLSTDFGVDTSL
GNHFDIV,0,,PLRVDDSLRLGQLKGNHFDIVIRNLKKQINDSANLRERI
AEGFISL,0,,PLREDEKAEGFISLPEFKIDRASECRKKYAFKACHPKIK
KQIWLLF,0,,PLRKQIWLLFEYPESSSPARGIAIVSVLVILISIVIFCW
QEGFEPF,0,,PLRQEGFEPFAINMHAQSPPGSAKACRSLSQCRLHTLT
QPQFEIV,0,,PLRKDGGVQPQFEIVPEDDPQNAIVSSSADACHAELLRT
GCKYEDL,0,,PLRTNGCKYEDLYSNCKSLKLTLTCKHQLVVTVARPPA
AGLFVEI,0,,PLRKDKDIKHALAGLFVEILIPVAAAVKNEVNVPCLKNF
TNTFGAI,0,,PLREEMIVATSQTSQYGGDLTNTFGAIQYARKYAYSAAS
TDEYQSW,0,,PLRKDNVSLKKGDFYQEDETDEYQSWKRSHKKATYVYET
RISFNFF,0,,PLREDVRVANLKPRISFNFFVTAPKNVSDIIPRTEVEKA
RVDYQMY,0,,PLRVDYQMYDYSLDMWSLGCMLASMIFRKEPFFHGHDNY
PVTWTEI,0,,PLRQEAAVPVTWTEIFSGKSVAHEDIKYEQACILYT
ARTYNIF,0,,PLREEEDPLVHLSEDVIARTYNIFAITFRYAVEILTWEK
RTCWVTW,0,,PLRSEKKAKHSIDGILSERGKRWRLGRRTCWVTWRASAN
EEHYKNY,0,,PLRLLLKEDSTLKAAGIASETEIAFLCEEHYKNYLIR
KTCWRYL,0,,PLREEEEDEDDNMSTVMRLRTKMPWKTCWRYLTSGGFFL
SSIFDFW,0,,PLRMGAQSKKVAFCKPGREASPEPNSVSSSIFDFWPPEH
REEFALV,0,,PLREEFALVEEKVLCRVHYDCMLDNLKREVENGNGISVE
RKEFIAW,0,,PLRKEFIAWLVKGRGRRDFPEEVAIVEELGRRHADGSFS
SEVWQKV,0,,PLRQEHQETQKRLSEVWQKVSQQDDLIQELRNKLACSNA
LAPWKNL,0,,PLREETEIVMPTPKPELWAETNFPLAPWKNLTLWCRSPS
MATYLRY,0,,PLRQKIGDTKRATPIEVLCENFPEMATYLRYVRRLDFFE
RLTYHMY,0,,PLREENIVFEDNLQSRSGIPIIKGGTVVKLIERLTYHMY
QAMWRRY,0,,PLRQEIKNSTIKIQAMWRRYRAKKYLCKVKAACKIQAWY
HLFYGHL,0,,PLREEKMVQQLQQDVDMKMLLKHFCNHLFYGHLKMPFGD
EEKFLFL,0,,PLRRMELLQLAQQRIKELEERIEAQKRQIKELEEKFLFL
TFNWESV,0,,PLRQELETKFYEGTFNWESVKQHDAASLLKLFIRELPQP
EYLFNKL,0,,PLRKELGGYLSNLHKMGAPEAGLAEYLFNKLTLGRSQKH
LHMYVVY,0,,PLRQELQRCLKDPDWLAQLFIKHERRLHMYVVYCQNKPK
QNKFIML,0,,PLRQEMAQNKFIMLNLMPETTDKNLSPDGQYMPRIMFV
QEMFYCF,0,,PLRQEMFYCFPDNFSLTNTSESHVQQTTQLSTLNISIFQ
ACLFRSW,0,,PLREEMIFQIPWKHAAKHGWDINKDACLFRSWAIHTGRY
SQRFYQL,0,,PLREEMRSSYIRELIKAIGLRQKGVVSSSQRFYQLTKLL
NFAFCTL,0,,PLRQEPGCTMGICSSCNFAFCTLCRLTTMGSPHVR
NDSWGSF,0,,PLRKEQRYQRGLERNDSWGSFDLRAAIVYHTKEMQSIWN
RVIWGCL,0,,PLRQETLAFPGHVAALRVIWGCLRN
ERQWCDV,0,,PLRKETPSNPVATVKAGERQWCDVGIFKNNTALVSQFYL
TKVFFKI,0,,PLRRNKETRLTKVFFKIEEKEIEHALKDKALIGNILATG
LREFEPL,0,,PLREFEPLSTTALILEDRPSNLPAKSVEEALRHRQEYDE
LREFDRI,0,,PLREFDRIIENQEKSLEASKSTPDGTIKDRRLFMHHVSL
LREFDDV,0,,PLREFDDVSLSPLNSKSESLPVSDKTAISETPLVSQFLI
CQGWLYL,0,,PLRKFEKCFGLPEKEKLVTYYSCSYWKGRVPCQGWLYLS
KRLYFGL,0,,PLRKFKYAQEYDSGTYRCDVQLVKNLRLVKRLYFGLRVL
SLEYPNI,0,,PLRSEFLSEPMSTALFLLSLDMPISLEYPNIHEAVVAYL
VEHWIEV,0,,PLRQFNSMANCVITTCLGNRSTKAPDRARVVEHWIEVAP
MLWFKHL,0,,PLRKFQAGNRMNAMLWFKHLSAACQSNKQQVPTNLMTFE
EFTFGRI,0,,PLREFTFGRIVLYTREGCGNSPETFPWSLSSSSSPPPFS
LRQFTSW,0,,PLRQFTSWVFNGRPHCFWMTGFFNPQGFLTAMRQEITRA
DKMFPAL,0,,PLREIVQDYDSDKMFPALGFGAKLPPDGRISHEFALNGN
IFAFNDF,0,,PLRQGAVHIFAFNDFLKGHVEVIASGAVTQAEDARERV
PLRFVAF,0,,PLRFVAFQAAINAAIIEVTTNHSVMEELTSVIGINMKIP
CREYPSI,0,,PLRMNEEQTALFCSACREYPSIRDKRSRLIEGYTGPFKV
ISSFIAY,0,,PLREGEEADAPGVIPGIVGAVVVAVAGAISSFIAYQKKK
MLEYLKI,0,,PLRQGEVEQIAMMKPKGQTEHDEGMLEYLKILLVVVG
VSAFTVI,0,,PLREGFIKAGQRPSLSGTPLVSANQGVTGMPVSAFTVIL
DTYYENV,0,,PLRKGFRFNQPQKNIYNYGGDISKMQMGIPDDTYYENVY
RLEWLSL,0,,PLRQGGQGQVHLRLEWLSLLSDAEKLEQVLQWNWGVSSR
SSHFSNV,0,,PLREGKASPPTELVKATQRCASYFSSHFSNVVLWDLPH
VNPWPTW,0,,PLRKGKDGRFVNPWPTWKNPSIPNVLRWLIMEKDHSSVP
EDGFPGF,0,,PLRGPIGYPGPRGVKGADGIRGLKGTKGEKGEDGFPGFK
SGTYDLV,0,,PLREGQDISKRAMIATSETHTELVIKEADRGDSGTYDLV
MQAFHSL,0,,PLREGLVKSCSETLLRVMTLSHVLVTACAMQAFHSLFHA
QKEYTFI,0,,PLRQKEYTFIIQAYDCGAGPHETAWKKSHKAVVHIQVKI
KTTFDVY,0,,PLRKGLRGAKTTFDVYTESWAQDPSQENKKKTVVDFETD
GLSFNKL,0,,PLREGLSFNKLVLSLPVNVRCSKTDNAEWSIQDMTHYL
NGDYGSY,0,,PLRQGNGDYGSYAPAAPTTSSMGSSIRHSPLSSGISTPV
SHKYDIL,0,,PLREGNSHKYDILKRTYQKSQLLKMRKSMVVETS
KEGYNEL,0,,PLRHENLQLRISCKSVDESKVFKEGYNELNQCLRTTQSK
STRFKSY,0,,PLRVGSSNYRVSLMGLEILSAFVDRLSTRFKSYVAMVIV
KGVWGVF,0,,PLRLKTWLLSEKKGVWGVFYKAAVIGTRLHAAVAIACVV
TPAFHPV,0,,PLRKGWFPASHVKLLGPSSERATPAFHPVCQVIAMYD
RHRFYRI,0,,PLRKHHLRHRFYRITTPGSERVLLESRRKSKKITARGIF
LSKWDEI,0,,PLRKHIIDENQLTLTEKVEKKRCEILSKWDEIQALEKEI
SVNFAEF,0,,PLRKHPDSSVNFAEFSKKCSERWKTMSAKEKSKFEDMAI
PGLFIYL,0,,PLRRHRAFQTCASHCIVVLCFFGPGLFIYLRPGSRDALH
IAKYCSL,0,,PLREIAKYCSLTKWRSSPACCSAPCP
VDCFQKI,0,,PLRKIARKQGLVNVALDILSRIHTIPTVPIVDCFQKIRQ
IEDYRLL,0,,PLREIEDYRLLTDILGIEDYNGDMDFKIAGTNKGITALQ
KFPWEFV,0,,PLREIGGLEDVELKLKQSIEWPLKFPWEFVRMGLTQPKG
SAVFLII,0,,PLRQIGNLFGQHRSTIITLYNGAFDSSSAVFLIIKLLYE
LTSFIFF,0,,PLRKIHQTYRVQYIQDIILPTPSVFEENFLSTLTSFIFF
ILAFQKV,0,,PLRKILAFQKVFLMKVYLIRLPVHLSLLK
TMKFALF,0,,PLRQILGGFLVSKFRMTCKNTMKFALFTSGVALTLSFVF
TGHFLKV,0,,PLRQILKCMECGSSHDTLQQLTTHMMVTGHFLKVASSAS
CRAFNPL,0,,PLRQILLLKSGCLEVVLVRMCRAFNPLNNTVLFEGKYGG
CLRFLLL,0,,PLRVILRNLSFEEGNVKLLAANRTCLRFLLLSAHSHFIS
EGCYEKV,0,,PLREILSDENRNLRQELEGCYEKVARLQKVETEIQRVR
PKDWSEV,0,,PLREINEKNRPKDWSEVTIWPNAPAVTPAVLGFRSQAPS
GMKFVGF,0,,PLRKINVAAKRGMKFVGFISQHYSPSKFCNGTNHDGDIE
LEKYEQL,0,,PLRNKELIIFGNMQEIYEFHNNIFLKELEKYEQLPEDVD
PGAFTCY,0,,PLRMDKIYEGQVEATSDEYNVESIDGQPGAFTCYLGAGL
IDIYANL,0,,PLREKEIDIYANLSDEKAFVFSVALAEINRKIINQRLIL
MELFRDI,0,,PLRENEERLFGSQEIMTEKDMELFRDIQEQALQKVGVTG
SADFGAV,0,,PLRRDWYQQQLQQVQERQCRLGQSRASADFGAVGSPRPL
RENFMSL,0,,PLRENFMSLVYFGRGLLRCAQKRYNGGLLEFHKSLQEIG
TEKYCGI,0,,PLREKFRKEQIGAAKEAKKKYDKETEKYCGILEKHLNLS
IGVWKPV,0,,PLREKKIGVWKPVESKWISSSCKIIAFRKALLNPVTSRQ
NTAFEDF,0,,PLREKKIIKGILKVNTAFEDFPRH
PGIYGRL,0,,PLREKKSGRIPGIYGRLGDLGAIDEKYDVAISSCCHALD
EKAYKAL,0,,PLREKVSVTTRLLISHLSGIRHYEKDIKKVKEEKAYKAL
RQHFYEV,0,,PLREKHLNLSSKKKESQLQEADSQVDLVRQHFYEVSLEY
IDQWEKI,0,,PLRQRQLEEEIARLPKEIDQWEKIQNNLKLLRNKAVQLE
ILAYLML,0,,PLRKKIVSTLSVAVVFGITWILAYLMLVNDDSIRIVFSY
PHCFCLW,0,,PLREKTVGIYQPHCFCLWPCPGDISDSSRQCRSDTKCH
SHDFSGW,0,,PLREKLSSHDFSGWGKGYEREREAVERLQKAGPKPSSLS
KMKYLNL,0,,PLREKMKYLNLSSTRIHSVTGCIPKTLEILDVSNNNLNL
ASDYLDL,0,,PLRETMNKSPHISNCSVASDYLDLDKITVEDDVGGVQGK
RTAFPSV,0,,PLRKKNNLYPHRTAFPSVALKGHSLASVFKNSVLRSLGA
VEEFRAY,0,,PLRELVRSQADKVIEPRAPSLTNDEVEEFRAYFNEKMSI
SRSFQNL,0,,PLREKPRMNNILTSATEPYDLSFSRSFQNLAHLPPSYES
VSIFHEL,0,,PLREKSDVGSSDESAVSIFHELRVDSLPASDDKDLNVAT
KSGWNWI,0,,PLRQKSGWNWIGSLPQMMTMVVWPLTLLLFRLKQITCA
GQLYAAL,0,,PLREKSIRITAMDTEDQGVKVFLISASSKDTGQLYAALH
LDGFEEL,0,,PLRQKWPGSQDLVSKIMSKPDQLLLLLDGFEELTSTLVA
NHFFCDI,0,,PLRVLAYFSGSTTSLVHVCLTFRLSFCGSNIVNHFFCDI
TGHFVLY,0,,PLRELEKVDAVRLINIVFDETGHFVLYGTMLGIKVINVE
AVKFVKI,0,,PLRQLDVATVSRAVKFVKIIVLVKKLGSWCSSDLYAESV
CIWFQQL,0,,PLRKTSEDICLQLSRLLESNRKLEDQVQRCIWFQQLLLS
IQEFMPL,0,,PLRELESTRNMVKLAEATRTNIGIQEFMPLQSLFTNALL
VVLFWRI,0,,PLRELECNDVVLFWRIQRMLAITANTLRQQLTNTEVR
HCMYKAI,0,,PLRQLEIKQIPSDGHCMYKAIEDQLKEKDCALTVVALRS
AASYAEF,0,,PLRELKVWYAASYAEFVNQKIHDISEEERKVLREQEKNW
LLLWEKV,0,,PLRQLVDPEDIRAMKRLTQEVLLLWEKVASVESQGQEIS
DTNYISL,0,,PLRKLLGQEKRPKMLTSNLKITNEDTNYISLTQKFQFAF
DCDFHAL,0,,PLRELGYLANLTELDLSQNSFSDARDCDFHALPQLLSLH
ASSFSGY,0,,PLRQLHKMCEDDSRSYASSFSGYSTNTKYDPHQIKAEIA
DGEYLEL,0,,PLRKLIVSVPRTLHSHKPPLAEVLKDYIKPDGEYLELL
HVDYVDV,0,,PLRKLLTEYGVSVLVLEARDRVGGRTYTIRNEHVDYVDV
MTSWAAL,0,,PLRKLPPMTSWAALNWRCSVTWRLQAVAGPSSSVVKVA
QERFRSI,0,,PLRKLQIWDTAGQERFRSITRAYYRNSVGGLLLFDITNR
PVEYNWV,0,,PLRKLRPISMPVEYNWVGDYEDPNKMKRDSRRENSLLRY
QHRYSPF,0,,PLRQLTMFQHRYSPFQCHICQRSFTRKTHLRIHYKNKHQ
QDKYMTI,0,,PLRKLVSAVATEISQDKYMTIQYVETLQSDDDEIIQLVV
QKTFYYL,0,,PLREMCKTRKADETLGHSKHCRNKQKTFYYLGQELQYIY
HTGFLKI,0,,PLRQMIRILLCLKNNGNWQEALQFVPKRKHTGFLKISQH
GSLFFFL,0,,PLRENEPTQNQFGEGSLFFFLKEFQVCADKVLGIESHHD
PSGFLTL,0,,PLRQNGVLDFFFQKPSGFLTLLDEESQMIWSVESNFPKK
QRIYQYI,0,,PLRENILLCNPKRSAIKIVDFGSSCQLGQRIYQYIQSRF
EEEWVKL,0,,PLRQNINSVQLKELEEEWVKLPTSAPRPTRFLRSHKNW
VGSFCKY,0,,PLRENKHKVGSFCKYKCKPGYHVPGPLGSQRNGPSRLS
TNFFGAV,0,,PLRVNNAGMGLVGPLEGLSLAAMQNVFDTNFFGAVRLVK
VPYYEKI,0,,PLRENNPMNGNIMGSPFVVPQTTEVGLKGPTVPYYEKIN
AKKFGVL,0,,PLRKNRYVGRTFIQPNMRLRQLGVAKKFGVLSDNFKGKR
KQSWMNV,0,,PLRENSMVELSKLQEYKQSWMNVQCWQ
SMRFEVY,0,,PLRKPATWETGISMRFEVYGCKITDYPCSGMLGMVSGLI
EIFYYKI,0,,PLRETFCQHYTQSTDEQPGSHIDFAVNRLKLAEIFYYKI
MLKFLCL,0,,PLREPGESQSTIGAINPLAEEYLSKQDLLFLDMLKFLCL
KIFYVNY,0,,PLRKPLISFKFGQKIFYVNYLSELSEHVKLEQLGIPRQV
VWKYEHL,0,,PLREPPEGQDEGVWKYEHLRQFCLELNGLAVKLQSECHP
PQPFSCL,0,,PLRKPREGAIPCSHLDTKESAAHLNDINELIPQPFSCLE
LAFWQAV,0,,PLRKPSRGSEEHLKSGPGPIVTRTASGPALAFWQAVLAG
LGSFNWY,0,,PLRPKCSAKLGSFNWYGEQCSCGRWITPAFQIHKNRVDE
RRLWKNV,0,,PLRKQDPFESRRLWKNVTDSLRESEIDKATEHKHTREER
IVPYIVL,0,,PLRKQEGAIEALACVMEQLDVGIVPYIVLLVVPVLGRMS
PVLFYAL,0,,PLRFSNEQGLPGSNASLYLQAAPVLFYALGAVDGNVLLL
LMKFENI,0,,PLRQQLMKFENIHTNNKPGLLGEPPAVVLQTALGIGSVL
KDAYTTL,0,,PLRKQNIKDAYTTLLNQLERFKLSALAPLLVV
AGLYWGY,0,,PLRQQQHPDCKTYHGKVVSSQDPRTKAGLYWGYTVRLAS
ISAFVEI,0,,PLREQRLALLHEGTGPRVISAFVEIIFDNSDNRLPIDKE
NKMYKVY,0,,PLRKQSLIDWNNPAIINKMYKVYLGDIPLKTKEGAVLKP
ETAYERL,0,,PLRQQTAGLEIMEQMALLQETAYERLYRWAQSECRTLTQ
GKLYLIL,0,,PLRMERDILVEVNHPFIVKLHYAFQTEGKLYLILDFLRD
RKQWQEV,0,,PLRKRASLLERQQRRAEEARRRKQWQEVEKEQRREEAAR
EEEWMGL,0,,PLRKRDEPKWGSDNARVSNPTVICQEDSIEEEWMGLLEY
KLKFQEL,0,,PLRKRDREGGESKLKFQELFVEPFNRKARQENLRYNNML
KRGYNSV,0,,PLRKRGYNSVMNESERFYRKRRQHSHSYSSDESLNRQNH
CIFYEKI,0,,PLRESGVQLIEREEEICIFYEKINIQEKMKLNGEIEIHL
LLDWRYL,0,,PLRQRIIQRNRTERLSDLLDWRYLGRYYQHARHLTLSRA
RKTFAEL,0,,PLRKRTIRKAAACYVVRDRTLYYQRRQRHRKTFAELEVV
TNLFRHW,0,,PLRRPYECSECGKSFSHSTNLFRHWRVHTGVRPYECSEC
AVAWRRY,0,,PLRESRSPSAEGAALGFGGAAVAWRRYFLQHLPRVIGKF
KLDYRDI,0,,PLRESSSKFKPTQSSLTRGGSGRISALQGKLSKLDYRDI
MVQYHAL,0,,PLRKRWVNEAQEAASSDNIMVQYHALGLLYHVRKNDRLA
RQRYNKL,0,,PLRQRYNKLRHSVIYIQAIFRGKKARRHLKMMHIAATLI
MPEYLNV,0,,PLRLTMPSPMPEYLNVHYIGESASRLLFLSMHWALSIPS
SNDFGQL,0,,PLRQSDLVDDTSEELKQYSNDFGQLAVELLEQSFRQDET
LKLFEIL,0,,PLRESEADSEVKHQPIFIKERLKLFEILKKDHQLLLAIY
SESFSSI,0,,PLRYEAGHIPSPVIPQESSVEIDNETEQKSESFSSIEKP
EPGYHIL,0,,PLRESSLSLKQYFPKSVSPAASLEPLEPGYHILVGGDRH
IILYEFL,0,,PLRRQGYGKPVDWWAMGIILYEFLVGCVPFFGDTPEEL
VSSFLGL,0,,PLRQSQKKVAQLIKEKMNTQANKELIRVSSFLGLFLGT
PENWSVI,0,,PLRKSRKLAPENWSVINSSSGERLAPF
LQGFDQL,0,,PLRQSSKAGPTRIFTSNTHSSVVLQGFDQLRLEGLLCDV
AAAYAAY,0,,PLRKSTAGSAAAMAGAKAGAAAASAAAYAAYGYNVSKGI
QQGWRGL,0,,PLRESVNLLKSRLEELAKKHCGEQQGWRGLTPTLKEVQV
RQSYDNF,0,,PLRQSYDNFSYRSRSFRRSHRQMSCVNKESQYGFTPGNG
RKSYEPL,0,,PLRKSYEPLEDPGVKSVTKIYNYTRSLATKPLSWAPPS
KDHYIFY,0,,PLRKTDEPGKYTANRGKHVAYIIRSHMKDHYIFYCEGEL
QLDFEKL,0,,PLRKTFKINPLTGEIELKKQLDFEKLQSYEVNIEARDAG
VNGYNSV,0,,PLRKTKMSSCSQDHRSLVLQNDMKHMSQNQAVNGYNSV
RRNFAEL,0,,PLRMEGVEEKKKEVPAVPETLKKKRRNFAELKIKRLRKK
PGEFDLI,0,,PLRKTVVKELTWGQNLGSFSPGEFDLILGADIIYLEETF
QERWVGL,0,,PLREVAADGNVSEPRPLQERWVGLPPNIEAAAVSLNDGD
LYAWEHI,0,,PLRKTNEILKGIKLLKLYAWEHIFCKSVEETRMKELSSL
RLNFIDW,0,,PLRKTNIISELSKWRLNFIDWHRMEMRKEKEKHAAHLKQ
LATYMRI,0,,PLRMTNTKGKRRGTRYMFSRPFRKHGVVPLATYMRIYKK
EITFLEY,0,,PLRKTPKDSFTMSDGKEITFLEYYSKNYGITVKEEDQPL
SCIFVLL,0,,PLRKTQVACLISCIFVLLSSMQLVLCFTGCRCVSLQAL
VNSWVGI,0,,PLRETRASLIPEHSSPVQDCQISQESEPVIQVNSWVGIN
ATTYIKL,0,,PLRQVATTYIKLGWPKNNFNGSLVQASYQHEELRREVIM
HVDFKCL,0,,PLRRTITVKSYFPGADDESIELCRPLDSRLEHVDFKCLF
RKVFQGV,0,,PLRKVFQGVLELEGVEGQELFYTPEMADPKSELFGETAR
GITWVTL,0,,PLREVVCYTLGNIPQMPSAPRLVRAGITWVTLQWSKPEG
LQEWAPY,0,,PLREVIPAQFLEEQKCVPASGELSPELQEWAPYSPGHSS
GEKYIDL,0,,PLRVEVKSDKLPEEMGLLQGSSGDKRAPGDQGEKYIDLR
ATAFGLL,0,,PLRQVLLAYAEEDIYDTSRQATAFGLLKAILSRKLLVPE
DDVFKFL,0,,PLRKVLQKLTSEDLSDDVFKFLQTKSLKVSNIPVTAIRI
QRIYDLF,0,,PLRKVPGCFLQDLEKSKKYSGKNLKRNKDELVQRIYDLF
VPQFDGL,0,,PLRKVPQFDGLGLLSPVGMHARVTIRQVKTVHQEYPWGE
VLDFRSI,0,,PLRQVQALAGAGGVDNLHVLDFRSIKLSLTL
TTNWQAL,0,,PLRKVQPFFRTTNWQALLARTIQPPFVPTLCGPADLRYF
EAQFDEL,0,,PLRQVREAQFDELLNQMRHRSHEEILKFHLRKAKDFLKN
PIPFPSF,0,,PLREWCVAVYAICFILAAIAILLNLGECTNVLPIPFPSF
LPSYLSL,0,,PLRVWLETKVMALNGKPVGAQYLPSYLSLGSWYSPSQCY
QRTFHSL,0,,PLREYRKRQRKARKSGLRQRTFHSLVYHRMQVVA
EEVWGYF,0,,PLRQYSKCMHNLVNLSVPDGASNVELCPLEEVWGYFEDA
PLRFAAY,0,,PLRFAAYQEQYLQSVTAMQVFVNKGNVKPLNDFIREEWH
KQSYLHL,0,,PLRKYDCSLLDPLPKQSYLHLVGVPQPEGQCRIEYKQRI
HPNFTVV,0,,PLRKYIHPNFTVVLTVCGHNYMPGQLTISDIKKGGKNIS
VCVFQEV,0,,PLRQYLCEKDDVCVFQEVSVLNPGQSMIKYLEEDFCYTI
VRLYFFI,0,,PLRFAETDGLASSRVRLYFFISNEGNQNLFVVQASLWLY
KSRYGLV,0,,PLRFAQKLGHNDFKCSNGWLDRFKSRYGLVFRAQPVEAT
LGKFAEV,0,,PLRIPLGKFAEVEHVVNAILFLLSDRSGMTTGSTLPVEG
AFAWKCL,0,,PLRFAFAWKCLLHSCTTEKDSRKMKVLESLLV
PLRFAHL,0,,PLRFAHLSGDRQNDLKDEKKKAKMAAARAVLEKCTMMLL
KRKFYSW,0,,PLRIAIKKMKRKFYSWEECMNLREVKSLKKLNHANVVKL
ARRWRGL,0,,PLRFAKRNNEETVMSARDRYLARRWRGLMQRPILRKKM
PLRFAKY,0,,PLRFAKYLASCRRPTAPCLPAERAAAGPLELLAALY
PLRFALW,0,,PLRFALWWEQKHCWLLKTHWTLDKYGVQADAKLLFTPQH
ENGFIKI,0,,PLRIALHKHLKHKNIVQYLGSFSENGFIKIFMEQVPGGN
PLRFVLL,0,,PLRFVLLIVTDGVISDMAQTKESIVNASKLPMSIIIVGV
HKKFVQI,0,,PLRFAQTGIIVHTHVTPYQVRDPMRSWIGKEHKKFVQIL
KKRYSIF,0,,PLRIAMPLHMIFRSGSLIANMILGIIILKKRYSIFKYTS
SEAFQDV,0,,PLRIANFTSDVEYSDDHCHLILPASEAFQDVQGKRHRGK
SLSYAFI,0,,PLRFGNKVFLIKWSTMKPPVSLSYAFICKGVI
TVMYAVF,0,,PLRLAPEYILSVSCETASDMYSLGTVMYAVFNKGKPIFK
EKVFVSL,0,,PLRFEPQSVGDHSGRLIVCYDTGEKVFVSLYGAAIDMNI
GKCYRLY,0,,PLRIDQLVVTPISQAQAKQRAGRAGRTGPGKCYRLYTER
SKKFNIV,0,,PLRFESSLDYVYQIQEVQESKKFNIVEPVLAFLHSLFIS
PGSFDVV,0,,PLRFDTGNLCMVTGGANLGRIGVITNRERHPGSFDVVHV
RSDFSKF,0,,PLRFVTPLTDLRSDFSKFQEMIETTLDMDQVENHEFLVK
VLGFISL,0,,PLRIAVLGFISLKIHLHLIAKVRPNPSKADRADPQYSEP
VKPWAPL,0,,PLRFAVQPAVKPWAPLQDSEVYLASLEKKLRRIKGLNQE
GSTFHRV,0,,PLRFGYKGSTFHRVIPSFMCQAGDFTNHNGTGGKSIYGS
GSLYTVL,0,,PLRFCPCGSLYTVLEEPSNAYGCQNLSS
RISFPAF,0,,PLRFSCRISFPAFRNCRSGSWGQGEDPELDLYEKHSFVF
RGAWRLL,0,,PLRFGFMRHVFPECFELNIAEAPKVSAPLRGAWRLLWEV
NRVFHDF,0,,PLRSCFYIHAKMRQEHRNRVFHDFRNGLCRNLVCTDLFT
GISWHNI,0,,PLRFCINFANERLQHYFNQHIFKLEQEEYRTEGISWHNI
LFKFPFL,0,,PLRICIPLYRDTRSEDSTRRLFKFPFLWNNKTSNLHYLL
PLRFCSL,0,,PLRFCSLCCTTSYKVKQAGLTGPPRPCSFCRRSLSDPCY
QGEFTRV,0,,PLRFDETELQGEFTRVNMGVHKALQILRNRVDLQHLCGY
LLLWHSI,0,,PLRFDNCLRKDTTFLESDCENSCLLLWHSINLLSFIP
IGNYYSL,0,,PLRIDKYRVETCCVIGNYYSLRSQHEKAALYFQRALKLN
CCGFEPY,0,,PLRLESRVATRWDIQKYAREAYNLGVRYIGGCCGFEPYH
PLRFEVL,0,,PLRFEVLDPSECSFLEKPPSQQSCHLKPCGAKWFSTEWS
LRLFDVV,0,,PLRLFDVVSKIYIATDSTPVDMQTYELCCDMIDVVIDIS
DIHFDVL,0,,PLRFEARKMIGICPQLDIHFDVLTVEENLSILASIKGIP
RLFFEPV,0,,PLRVSDFECSLCMRLFFEPVTTPCGHSFCKNCLERCLD
KIDWNHI,0,,PLRFVGCLQDIKIDWNHITLENISSGSSLNVKAGCVRKD
LHLFDII,0,,PLRLEIVAYEARRLFRDKIVGAKELHLFDIILTSVFQGD
ISAYSAL,0,,PLRIEKFVTDIDELGKDLLLKCLTFNPAKRISAYSALSH
LELFEQI,0,,PLRIEKRRGEKLDKVLALELFEQITKGVDYIHSKKLIHR
HALFGVL,0,,PLRLELLINNQDYRNNHALFGVLNYTKTPGGSRRLRSNI
LPPFLML,0,,PLRIEMNINKIGLLVIIGQLPPRLPPFLMLKRLAKL
SVSFSVI,0,,PLRIEKLKHSYNESYHCKDADCRVGPDLGSSVSFSVISQ
MDTFSNL,0,,PLRIENMDTFSNLLYVRSMKSELSYLAHNLCEIDKYRVE
KLRYQYL,0,,PLRLERSRQSARECRARKKLRYQYLEELVSSRERAICAL
RRVFQTY,0,,PLRFFAKDMALVAPEAPSEQARRVFQTYDPEDNGFIPDS
STPYVAI,0,,PLRFVANSLSTPYVAICGSYTVSVHLAAYLYPSPASI
PLRFVDI,0,,PLRFVDIQDGKILMALLEVLSGRNLLHEYKSSSHRIFRL
HLSFADV,0,,PLRFFLSHLSFADVCFSSNVTPKMLENLLSETKTISYVG
LRFFLSL,0,,PLRFFLSLSFCCQGPQPAESSSPPLPGASCFSLSCTPLF
PEAWLLL,0,,PLRIFPANPANISVALRALGSSYTIPEAWLLLANVVVVL
LRIFPTY,0,,PLRIFPTYGVTPNHSAFSMHALLVNHYMKGGFYPRGGSS
LPLFRDL,0,,PLRLFSIPPPATFPLPRAAPDSGLPLFRDLRPPGPLRDL
ISPYFGY,0,,PLRVFIYHGSANGINTKPTQVLKGISPYFGYSIPGNMDL
NNGYVDV,0,,PLRFGQSISGQIDADNNGYVDVAVGAFRSDSAVLLRTRP
ENQYAQW,0,,PLRFGIKLLIPVADGMNEMYLRCDHENQYAQWMAACMLA
PEEWDEI,0,,PLRIGFLLMLLPEEWDEITLRFINSLKEKKSEEHVDDVT
RKIFATL,0,,PLRLGHISLPSMIRKIFATLTRPLTLFYENSKLDEVPKV
DMNFKPL,0,,PLRIGILDMNFKPLANLRSLVLAGMYLTDIPGNALVGLD
TTCFEGF,0,,PLRLFSTTNVNNATTTCFEGFSKRV
GRFWLDL,0,,PLRFFTSGTSGYPKMTAHTHSSFGLGLSVNGRFWLDLTP
EEHYAMV,0,,PLRIFTVKELTNKKIIMKWRCGNWPEEHYAMVALNFVPT
VQGWGRL,0,,PLRFRKSIGILNIFKVRVTPVQGWGRLSIHKFEAQGVPC
KGMFRTV,0,,PLRRKGMFRTVGQLYKEQLAKLMATLRNTNPNFVRCIIP
GGLFSVV,0,,PLRIGSGIFVSPKGVLVHTASYGMSLIVWAIGGLFSVVD
TLCFVQW,0,,PLRIGSIWILAFLLAFPQCLYSKTKVMPGRTLCFVQWPE
RYVFPQI,0,,PLRFGTRYVFPQIILSGSQLAPERHYEISRDGRLRSRSG
VFGWTPW,0,,PLRQELQGCHTVCGTEVFGWTPWTSGPPAPKAALPRVG
KSLYNPY,0,,PLRFVYCLPRKSPKSLYNPYDLQVINIVGSVKEVELIPT
PETYIHL,0,,PLRFPETYIHLKEATVEDLGQHETVIPGELPLVHELTST
EKKFAVL,0,,PLRFRHGSRITRWLSDFVAAQEKKFAVLLNSLILAKCFR
SEIYCKV,0,,PLRFHKTCFHCMACRKALDSTTVAAHESEIYCKVCYGRR
ICVWLFF,0,,PLRIHLLSDKNLQIRLKVLDVLICVWLFFSPTKTSCFR
PLRFNPY,0,,PLRFNPYNNRKSEGRIVYGLRPGRSYQFNVKTVSGDSWK
LRSFHVY,0,,PLRSFHVYLYTLKNIASETQAGLQQDRFSPSLNVQVALG
NHLFVLI,0,,PLRIIAAAAVKFNSDQLNHLFVLIQKLGD
RIIFANY,0,,PLRIIFANYIARDTRRLGATILDRIHSLQINSSLSTYSL
IVQYEGL,0,,PLRFIIKLQTSLYDPGFLQQLHTVGLIVQYEGLLSTYSD
MGVYLFF,0,,PLRVIGMRSFIKAENTTHAMSIKILCCADCLMGVYLFFV
SWQWKKL,0,,PLRFLIGGLCVLVVKLKIKSWQWKKL
LLKFLMY,0,,PLRLLKFLMYSEEQKEIEEVETLPTLLGKDTTISGKGS
LNAYITV,0,,PLRLIKKAKFLNAYITVSEEVALKQAEESEKRYKNGQSL
DGEFLDY,0,,PLRLIGPDGEFLDYFGQNKRKVKLLLQLPHTCVHTVKR
QSLFCYF,0,,PLRFIPQFSAGHPSTTARRPVTTSQSLFCYFSGSHGEGH
RLNFWNF,0,,PLRIIQAVVMQGGISTILNDAYDGGRLNFWNFNPNPLQR
ATDYCGI,0,,PLRIISHIIRHMDIVTCLATDYCGIHLISGSRDTTCMIW
TPSFTQL,0,,PLRFISKLVDEGSLCDGDVIIKTQSYSKETPSFTQLHDL
GVAFAVV,0,,PLRFITGTKLDSSGVAFAVVGACQALGLRDVHLALSEDH
KSRYTGI,0,,PLRIIYGMGAKSLGEQMGIKENDAACYIDSFKSRYTGIN
REEFTAF,0,,PLRFKAADLNGDLTATREEFTAFLHPEELNI
RDEFEFL,0,,PLRFKEEIEQSLTKRDEFEFLEKASKLVVSQQSQSTSR
VLLFEVL,0,,PLRFKEKASSLRIISAVIESMKYWREHTQKTVLLFEVLA
SLQFEEL,0,,PLRIKDMAKDSDYKFSLQFEELKLIGLDIPHFAADLPLN
QSLFQRL,0,,PLRIKEEQKKYETEEGVNKAAWQKTVNNNQQSLFQRLDP
PLRFKFL,0,,PLRFKFLLTFLVALAVGTMSGDALLHLLPHSQGGHDHSH
KEGFACY,0,,PLRLKGGNYGWRAKEGFACYDKKLCHNASLDDVLPIYAY
NNHFNDF,0,,PLRFKIDSLRDKVTRIVLLWVNNHFNDFEGDPAMTRFLE
QKLWAKF,0,,PLRLKKFPGATPAKNNWKMQKLWAKFRENLIKWSQKMA
LVLFTQL,0,,PLRIKLKNKKGLVSLIDLLVLFTQLIYYSPSCPKMTSAA
SWVFGVL,0,,PLRFKLTAKAVAVLLPILGTSWVFGVLAVNGCAVVFQYM
HGNWIRL,0,,PLRFKMSERLHGNWIRLYLEEKHSEVLFNLGSKVLRQYL
TTAFPIL,0,,PLRFNNTTAFPILRGSNCHKITAPGLGKGQLVNLLPPEN
IRTFINV,0,,PLRIKSRIQVLSMSGKQAGFIRTFINVVKNEGITALYSG
EVSYSFF,0,,PLRVKVSAGDADSGVNAEVSYSFFDASEDILTTFQINPF
ALAFGDV,0,,PLRIKWIKNKYGMDLKVTHLGQKGFLNAIETALAFGDVI
ASYYLAV,0,,PLRFLTDSSCCGYHKASYYLAVFYETGLNVPRDQLQGML
PLRFLTF,0,,PLRFLTFAVERENVIEYKHCLITKNENEEYNLSGTKKNF
RKEYASL,0,,PLRILARKEYASLIELTTQSLSELEAQFLRMSKVPTDLA
TGSFSRV,0,,PLRVLARYDIKALIGTGSFSRVVRVEQKTTKKPFAIKVM
ADRYPIW,0,,PLRRADRYPIWSQQGDIDLQKDDEDTRDALVKKLSAQNV
ADQWLAV,0,,PLRFLASNAALSVAALSADQWLAVASHCATPVACVRAM
TRTWDYV,0,,PLRVLCDVHSHDGVVIAGYTSGDVRVWDTRTWDYVAPFL
PLRFPEF,0,,PLRFPEFLENQNQFNLGRLQIPKS
PLRFVEL,0,,PLRFVELKSPAGKFWQTMGFSEQGRQRLHPEEALYLLEC
MFAYTRL,0,,PLRFLKQENLPKQCSTAVSYAWMFAYTRLQLLSPQVDIN
TTSWALL,0,,PLRFLGAPTLWLEHTQAQVPPPSSSSTTSWALLPPTLTS
CIVYSGI,0,,PLRILGDILLSAACIVYSGILTPEISPVDCE
VSDYVVL,0,,PLRLNLEWEDCPPVSDYVVLNVTSDSFQVSWRLNSTQNH
DRRFKGV,0,,PLRQQFVGKREKIDFADTVTKYDRRFKGVKRDLLLTPKC
PLRFRHL,0,,PLRFRHLQTLKSHLRIHTGEKPYHCEKCNLHFRHKSQLR
LYQYCSL,0,,PLRFLQRRVENGDQLYQYCSLLIKSIPLKQQLQWDPSSH
ICTFLFL,0,,PLRFLICTFLFLSTVVLANKVSSLRRSKQVGKRQPRSNG
HTQFLHY,0,,PLRFLKASVVPVATKVLMDHTQFLHYPGTILSWEQGEEL
IYQFEYV,0,,PLRLLKHFKLNHIYQFEYVSQHLVFANCIPLILKFFNQN
NEAFIKI,0,,PLRLLLGVVRIYHRKAKYLLADCNEAFIKIKMAFRPGVV
TLLFEEL,0,,PLRILLLTLLFEELKLPCAWVVESSGILNVLIKLLEVVQ
KLSYYEY,0,,PLRFLLTVHKLSYYEYDFERGRRGSKKGSIDVEKITCVE
LANFIPW,0,,PLRILNIIQGEVDPTQVHKSLQRIRERKLANFIPWGPAS
KLGYSSL,0,,PLRFLYPGSSTRKLGYSSLILDSTGSTLFTNCTDDNIYM
LLIFQMV,0,,PLRFLPDLLIFQMVIICLMCVHSLERAGSKQYSAAIAFT
ESYYPEY,0,,PLRILPATQEQIAESYYPEYLINLVQGQLQTRRPVPSM
HIAWQIY,0,,PLRFRPMLRKPGKWCAMHVHIAWQIYHHQQKVKKQMQSD
CSSFLSL,0,,PLRLLPTLQVHLVICSSFLSLANKAELLDLGYAGRGLRP
AVIFRNV,0,,PLRFLQSHHLQHLERCPHVPIAVAGQKAVIFRNVRDIGR
AAPFVRV,0,,PLRFLRAQQETANAIRELAAPFVRVWPN
TGSFRLY,0,,PLRLLRPGASDLTGSFRLYRKEVLEKLIEKCVSKGYVFQ
SSSFKAL,0,,PLRVLTEVSSENEAQKQGDELAKLSSSFKALVTLLSEVE
ISLWHLL,0,,PLRFLTGSISNFSRASAPAISSMAAAISLWHLLPATHG
PLRFLVL,0,,PLRFLVLMRSLVTHRTNLRALHRGAALDLSPLHRSPHPS
PLRFMAL,0,,PLRFMALTNDEIIDATQKGNCSRFMNHSCEPNCETQKWT
PLRFMCI,0,,PLRFMCITLLIASLICLTLPVFAGRWLMSFWTGTAKIHE
CTIYGRI,0,,PLRFMESMSFKKKPKTEESIPTHKLSSLKKKCTIYGRIC
RLMFEML,0,,PLRLMFEMLTGTLPFQGKDRNETMNMILKAKLGMPQFLS
PLRFMLY,0,,PLRFMLYAKPCCAVDPIENEEDRKKAVSNINTLLDKADR
EEEYVAF,0,,PLRLGMYSKEEEYVAFSEPCDCSGQVEIWLNHVLGHMKA
PLRFSAV,0,,PLRFSAVKQELQRKWIEELNKQIEDDRQRKIEEKIIYSK
NHPFLFI,0,,PLRINEDGSEAATSTGIHIPVIMSLAQSQFIANHPFLFI
HERYGPV,0,,PLRVNLHERYGPVVSFWFGRRLVVSLGTVDVLKQHINPN
NGLWNMV,0,,PLRINNGLWNMVSVEELEHSISIKIAKEAVMDINKPGPL
PLRFTPL,0,,PLRFTPLSRPPSPLSLPRPRSAPARRPPAPSVATTLPL
DPQFQVV,0,,PLRINQNPLTPLKIEIDPQFQVVRTQETQEIRTLNNQFA
LNVFVAL,0,,PLRINVVIRQVYHLMETTPTDIHPDSMLNVFVALTKGQY
RVNWIDW,0,,PLRVNWIDWIKKKKISTVDYILTNLVIARICLISVMVVN
MLLFVFF,0,,PLRFPAMLLFVFFYCDMLKIASMHSQQIRKMEHAGAMAG
PAQWENV,0,,PLRIPAQWENVWRCPATREEVYVSTITSIQATQGD
PLRFPDL,0,,PLRFPDLDMNEMTVIRGHRDRRLIETRSLVEVEKGLERR
LSRYAHW,0,,PLRLPELIPHLIQCLSDKKALVRSITCWTLSRYAHWVVS
LQVFGIV,0,,PLRIPETLLELGEIPTLKTLQVFGIVPDGTLQLLKEALP
RIPFESF,0,,PLRIPFESFTLMKVFQLEMGLTRHPEEKPVRKDKRDELV
INIFFLY,0,,PLRLPLCDVSASEVSKAIINIFFLYGPPQKIIMDQRDEF
NKGYRRI,0,,PLRIRFVVEGQGLIAGNEFLGQYTLPLLCMNKGYRRIPL
PLQWLQY,0,,PLRVPLQWLQYFDEKELEVMLCGMQEVDLADWQRNTVYR
QDSFKEI,0,,PLRIPQPSALPGIDVGSSVMSPQDSFKEIHVNIEATFKP
ASRFIIL,0,,PLRFPRAAISWKRGTETLRQSKRIFSWRMAASRFIILP
PLPWLVL,0,,PLRFPRARVAGLMRAITAVLCRRTRPLPWLVLPSSLLV
DIFFEAL,0,,PLRIPSKTSAKYLEKKFNKSEKYISENILVLDIFFEALN
VEYFGEW,0,,PLRFQAGSFLASRPRQTPFAEKLARTQAVEYFGEWILNP
LVLWLPV,0,,PLRLQFTIGEATTSAAIVLVLWLPVMPGK
LPRFPSV,0,,PLRFQNQQRPPQRGHRQLSLPRFPSVSLQEASSFFRRDR
TENYRHL,0,,PLRLQNQPVRIVLIEGDLTENYRHLGFNKSANIKTVLDS
PGNWRDV,0,,PLRFQVTKPGNWRDVCEGSATVILGVTSSVPSLPLPNVL
NTWYPKV,0,,PLRIRAKGPIDCESLKTDLSIQTRNAEEKIMNTWYPKVI
TKPWQCL,0,,PLRFRTKPWQCLSVRTVARRCTALTFIASEEKVLVADKS
LNAFNQY,0,,PLRIRAVSKNKPVLNAFNQYEAASPGEQELYVFNADGIH
PASYVEI,0,,PLRFSETSLDGWLQGQNSRGETGLFPASYVEIVRSGIST
EEAYNDY,0,,PLRIRHVQTMYEEAYNDYLKDRGKGNGTLITFHSAEQ
NISYWGW,0,,PLRLRKINISYWGWEDMSPFTNTTLQWLPGEPNDSGFCA
PLRFRML,0,,PLRFRMLEIPLLTVFVGNPNLLEVTAEVTFDDTDSYVIT
KAIYKRY,0,,PLRFRQMNLKDTKTLRVAKAIYKRYIENNSIVSKQLKPA
ANSWVVV,0,,PLRFRVDSAGFGDSVVQYANSWVVVGAPQKITAANQTGG
KMVYMTV,0,,PLRIRVPREKMVYMTVNDSQPEDEDLNVAEIAEKFIWK
PLRFSAL,0,,PLRFSALERLTTLELLEVRRQQEEEERKRRRLLRSRAR
KSIFQGF,0,,PLRISAMKWDPTVCALLMDKSIFQGFLNSIFRTTLMPL
ILAFHTY,0,,PLRFSGNRELGLLQLREGASGRSMRSALCCLTILAFHTY
SGNYQHL,0,,PLRISGNYQHLLEQQRAHELFQAEMFSRQQILHSIIIDG
LYMFCEL,0,,PLRFSCRGILVVYNLGLTLLSLYMFCELVTGVWEGKYNF
PLRFSEY,0,,PLRFSEYSDDASVGKGFSRKSRFVPSACHLQQSSPTDVL
NVYFYSI,0,,PLRISFSNMALSSCLLLPGDATVITSSWDNNVYFYSIAF
PLRFSTV,0,,PLRFSTVVDTPDCCGARLGHSFKVMCVTQRTMNNNVGK
QQTYYRV,0,,PLRFSQQTYYRVSNMDGRLRNPDQSLTEDVVAFAASVAH
ESGWTAL,0,,PLRVSSCGKKGVLDWLIQKGVDLLVKDKESGWTALHRSI
PLRFYTL,0,,PLRFYTLDFALEEYVICVRIQDILTRENKNWPKRRIAIE
PNLFIRI,0,,PLRNFLSALLIPNLFIRIVVLSW
PGEYSYF,0,,PLRISLGDGDIRTMCPLLSMKPGEYSYFSPRTMSMWAG
PLRFSLI,0,,PLRFSLIIDDTEYEKEVLGSDSEIGYKKKIDNARESSFK
PLRFWLL,0,,PLRFWLLDALVGRILPDYYSPAMLGLKTDQEVLGELVRP
IQEFIEL,0,,PLRFSLRIQEFIELIRQNKRLDCASCT
MQRYCRV,0,,PLRFSLTVLFDTDKENTDDRMQRYCRVSRASHRLRSSP
LIKYEFF,0,,PLRFSNPPNVRNKVRIRSWMDTIANINQELIKYEFFPEA
GRIYSIL,0,,PLRQQHQILATPLQNLQVLASSSANECISVKGRIYSILK
KELYVTL,0,,PLRISPKASVSLIRKISKELYVTLGTPANSKGFSVSERY
EGLWKLL,0,,PLRITKRVKAKKNAAPFRSEVCFGKEGLWKLLGGFQETC
SIMFSAV,0,,PLRFTLGAAAGGLSAMILNDLLGRKLSIMFSAVPSAAGY
RVTFINW,0,,PLRVTFINWGTSTLQKFTKMQMVKSFLLMQSLIWKTKT
PIPFEPY,0,,PLRITRNRKKPIPFEPYIPMDAMPGMQNMHDKGMTVQPE
ASIFLII,0,,PLRFTVEVKNYGLKIQNGLMPASIFLIIIVIFLIMLVI
SGIYICI,0,,PLRVVADSRISGIYICIASNKVGTVGRNISFYITDVPNG
PLRFVGL,0,,PLRFVGLADTPSCAVLLPASLFIGSFPGMRRPGMLCSFQ
IKEFKKV,0,,PLRNVIKEFKKVLISYELKACNPKLCRLLKEEVLDCLHC
AEKFSEY,0,,PLRVVKDLLNFRSDLKVILMSATLNAEKFSEYFGNCPMI
IAQWPAL,0,,PLRIVLLLEGSLVWAPREDPVLLQGIRVSIAQWPALTFT
PMDFRKL,0,,PLRIVPEPMDFRKLSTFRESFKKRVIGQDHDFSESSEEE
ESYYNHL,0,,PLRIVRQIFDEAMPPPLLKKELLIHKNVLESYYNHLWTN
KLKFEVF,0,,PLRMPLFANADPNFVTAMLTKLKFEVFQPGDYLIREGTI
NPEYLDI,0,,PLRIVTDLNTQNPEYLDIRHLERGLQYRKTKKVGGNLHC
LRLYCSI,0,,PLRLYCSILFLTCISVHRCLGVLRPLRSLRWGRARYARR
LRFYIAV,0,,PLRFYIAVIVQDINDSTPLFKQTKINLKIGESTKPGTTF
SGDFRKL,0,,PLRVYKEMYKTDLEKDIISDTSGDFRKLMVALAKGRRAE
VFNYREF,0,,PLRLRAEVFNYREFNKGSLFYLCTTSGVCVKKIRALANH
TSDYNKL,0,,PLRIYQNTSDYNKLASVLDEFQMKLGSISLELSHSMVFF
HGRYFHF,0,,PLRIYRASYYRKGGCAMLPVKWMPRGLHGRYFHF
RNFYSNL,0,,PLRNFYSNLILQHEERETRQKKLEVAMEEEGLADEEKKF
LETFTYL,0,,PLRYSLETFTYLLALKAKWPDRITLLRGNHESRQITQVY
KLFWEDV,0,,PLRLISHQRMKKLFWEDVPNLKNCSWAQGLNFQKRTDIL
EDSWLKF,0,,PLRGSASNRSYSADGKGTESHPPEDSWLKFRSENNCFLY
TMLFMIL,0,,PLRVACNASIPAQYKASTVTQGSHNKACTMLFMILYFFT
LVEWLKL,0,,PLRGEDAPKNKDLVEWLKLHPTYTVDMPSYVPKNADVLF
KRRYDTY,0,,PLRSALKESQQQSEDREYEVKERLYPKSKRRYDTYNIAG
VVRFPCV,0,,PLRMAVDSAMELLFLDTFKHPSAEQSSHIDVVRFPCVVY
GSPWVSV,0,,PLRGVGHAGEWARKPLRFYVRGSPWVSVVDRVAEQDTQA
TKTFLAI,0,,PLRSAGKTWREQQQWGLEDEKIAGVHWSYEETKTFLAIL
VADFMKL,0,,PLRGAGPWGQPNYLLSPNWQFDITHLVADFMKLEEPHVA
LAGFGGL,0,,PLRGDGSHRLGDAQEMRAVVLAGFGGLNKLRLFRKAMPE
VNIYRLV,0,,PLRRIGQKKQVNIYRLVTKGSVEEDILERAKKKMVLDHL
SKIWLIV,0,,PLRRAHTMDEKLNKSSVFSDAVCEKTKPGNTSKIWLIVG
ILKWPNV,0,,PLRGTILKWPNVNLRNYKDEQLHRFVRRLLYFYKPSSKL
SPMYFFI,0,,PLRLLENILVIVAIAKNKNLHSPMYFFICSLAVADMLVS
PPLYSLV,0,,PLRRALMAQFVPPLYSLVFTVGLLGNGWW
RETFVNL,0,,PLRRETFVNLLEATLTYPSHCCALRNLPTKEQNFSHSIS
IVGFPTY,0,,PLRGAPAEKLIVGFPTYGHNFILSNPSNTGIGAPTSGAG
GLAWTPL,0,,PLRGPPMYEMEVSQRLSQPGVAIGLAWTPLGGEIMFVEA
GRSWESY,0,,PLRRGPRMSYGGSTCHAYSNTRDRYGRSWESYSSCGDFH
AMGFDRY,0,,PLRGDQAISYVGCAAQMFFSASWACTNCFLLAAMGFDRY
EDGWIRV,0,,PLRGDQDGPPPGLGRVIGELGEDGWIRVQWDTGSTNSYR
DNKYRVF,0,,PLRGDSPDNKYRVFIGPQNCSVHVVHSVFICCL
LMNYPRL,0,,PLRGASWQKTPGTVSSVPDRRDSFFYSPTLMNYPRLHKC
GIYYETW,0,,PLRVATISGNMFNQMAKWVKQDNETGIYYETWNVKASPE
RPAYWAL,0,,PLRPAYWALGFQLCRYGYANTSEVRELYDAMVAANIPYD
ALKYEIY,0,,PLRLAVTWIEAISDDELTDLLPQFVQALKYEIYLNSSLV
PNPFPEL,0,,PLRGCAADRRKKKDLDVPEMPSIPNPFPELCCSPITSVL
GCAFVKF,0,,PLRGCAFVKFSSHTEAQAAIHALHGSQTMPGASSSLVVK
QNSWQCV,0,,PLRLCNGNGRCTLGQNSWQCVCQTGWRGPGCNVAMETSC
ELKWPGV,0,,PLRRCPPGLLLHDTRCLPLSECPCLVGEELKWPGVSFLQ
LNIYKAL,0,,PLRRCNCVECVSSSDVDSLRHSRSRLNIYKALASPSLIA
SETFVQF,0,,PLRVCPCKESETFVQFANPSQLQCSDNVKIVLDKNLKDC
CTTYDGI,0,,PLRRCTTYDGIDGLPLPSILQDFLKEYHYKQKVRVRWLE
ISCYAKF,0,,PLRRCAPVNISCYAKFAEALITFVSDNSVLHRLISGVMT
LVGFSSL,0,,PLRGGVRPLFWSTNERGALVGFSSLFQRPPISSWGGNRI
DLCYTDI,0,,PLRVDCLIEQTHPEIRKRYDQDLCYTDILFTEQERGVGI
SDCWYLY,0,,PLRGYCMGRMNSDCWYLYTLDFPESRVISQPDQTLEILM
IIIYKEL,0,,PLRLDDIIIYKELEGTNAEEEKNKRQNLSKKESPSVIF
RVDFSII,0,,PLRVDFSIISVAGKALAPADLMEHHSGSQGPLLTTGDLG
LVTFSGI,0,,PLRRDGDLVTFSGIEGMVELNDCDPRSIHVREDGSLEIG
LLSFELL,0,,PLRVDLLTAQDLLSFELLDINIVQELERVPHNTPVDVTP
IPAFVIV,0,,PLRWDNTKALLAFAIPAFVIVAVNLIVVLVVAVNTQRPS
RRHYRFI,0,,PLRMDSNNFLGNCGVGEREGRVASALVARRHYRFIHGIG
PSHFQAL,0,,PLRRDSNVTINCERIKLNTEENKPSHFQALGDDISRTVI
VTIFGPI,0,,PLRREAGFLRPVTIFGPIADVAREKLAREEPDIYQIAKS
AEHFSMI,0,,PLRKEDVAMARREIISAAEHFSMIRASRNKNTALNGAVP
SSGFLDL,0,,PLRRELMVFAHTQWKAQAQSILSLLMSSSSGFLDLFF
GNDWLIW,0,,PLRLESEQVPLMSAHWCLKNTFKVGAVAGNDWLIWDITR
VDAWKQL,0,,PLRLHALVGSPIIWGGEPRAHVMAQVDAWKQLQTFFHKH
LRRFCEV,0,,PLRRFCEVIPGLNDTAENLLRTIELGLEVSPSTLFAVAS
LRSFCPL,0,,PLRSFCPLECLPTAATPTAFRPAHRPAGTWMAGVRAPK
HGTFEWV,0,,PLRSFDVKLTQLASGHSHGTFEWVDSMLVQALKSGDWLL
TGNYIEL,0,,PLRVFEVTGMPENVDRAREEIEMHIAMRTGNYIELNEEN
VLSFLNL,0,,PLRSFLSRPNVLSFLNLAGTDTALDTVRGCSVGGWMTGR
QLYWKNV,0,,PLRVFLTGTFTQEVMIQIRSLPHTIQLYWKNVRPSFAV
HRAYLDV,0,,PLRRFNFDGGECCDPEITNVTQTCFDPDSPHRAYLDVNE
LRGFTSL,0,,PLRGFTSLMEMALLAASWVVPIDIEEDEDSEGPGSGESR
LRSFPDI,0,,PLRSFPDIHCIVGSPLPVVLLALHIGTAAWESDRNQTHG
LRVFVVI,0,,PLRVFVVIILVIILAISLHKCRKAGVGQSWKENSPLNVS
LRVFRTL,0,,PLRVFRTLYSQCKAELDLQTEPPFSKDHAQLSSKLRENK
KAEWNIL,0,,PLRRFSIMKCRFYTRKENAMIVGNAKDTAHTKAEWNILE
VTLWINL,0,,PLRSFTADRIAPPVVTLWINLASFQNGRRCLLRNLK
KVIFQLI,0,,PLRRGDIIRVFFKDNEDWGMAALVRVRKVIFQLIMWLV
LRGWDTV,0,,PLRGWDTVFLVALLLLGLPANGLMAWLAGSQARHGAGTR
EKNFELV,0,,PLRWHFEEAVDGECPPQRSILEQLAEKNFELVINLSMRG
GLPFLSL,0,,PLRRGFGLGCCVAMDKPLGLPFLSLPRQCLGLEDSPQIR
ERSFKKF,0,,PLRGRGAKKGPRNPTPENSRRLGRQGALVQERSFKKFGA
KDFYRTI,0,,PLRRGIKDATEIIFEMSKDERKDFYRTIAWGLNRPLFAV
LEPFASL,0,,PLRLGKGAAQENGAPECSPRNPLEPFASLEQNREEAHRV
CQTFCAV,0,,PLRLGKNELAAIIPLVVKSVQRYCQTFCAVAL
CPAWQCL,0,,PLRPHKPASGPSPSNCTAWTPPRRGHAQAGQCPAWQCLL
TEAFKYF,0,,PLRSGGQPQLTQPGKLTEAFKYFLQGMGYMASSCMTRLS
KFIFELI,0,,PLRNEKISVQAYETQVKFIFELIQNADTDQEPVSHLHKL
RMTYLLF,0,,PLRGGNSEKPTVLKLTRKEGLQGPVETERMTYLLFLSEL
RCFWSRV,0,,PLRRRRRDLILPGESVCVHRCFWSRVLCGGVPSRVGQ
LRGWRRL,0,,PLRGWRRLRKEPAARRGLHLAASADHTSLAQRLPGSRKC
DAAWPTF,0,,PLRLSSDIVGQLYELTEVQFDLASRGFDLDAAWPTFARR
GESFQVI,0,,PLRLDSEASTILKELQVKLSGVLDELSVTYGESFQVIIE
GKVYGKY,0,,PLRRGVCVCGKCSCHKIKLGKVYGKYCEKDDFSCPYHHG
LRQFVTV,0,,PLRQFVTVSRRVCRPLLHSCQRQAAGLIRRPQHSQWAR
KCVFWNF,0,,PLRSHNTTMPFRISMTFKNNSPSGGETKCVFWNFRLANN
CAYFASL,0,,PLRGHPGLPGPPGPPGQCDPSQCAYFASLAARPGNVKGP
SPTFYFF,0,,PLRRHQHSQVVVPPLRHPSLSQVVVPSQNFSPTFYFFNH
DVIYTEW,0,,PLRGHVLKVYRKKDVIYTEWVQQQKANGTTVRVGIHPSK
LILFDIL,0,,PLRGHSLGSLILFDILTNQKDSLGDIDSEKDSLNIVMYQ
PPLYVLF,0,,PLRRHLPPPLYVLFVQATAYGQACDKTLSVAIEGSVDEA
NVYFKNF,0,,PLRRIAKQLENDTRIIEVLCKEHECNIDEVKNVYFKNFI
ENDFLAI,0,,PLRGIAQNEENDFLAIGLHNQTLKIAVNLGERISVPMSY
TESYIQL,0,,PLRRICLPHGAGGDAKKLTESYIQLGLQCAGGAGRGDLY
EGFYQCL,0,,PLRRIEVLSNGSLYISEVEGRRGEQSDEGFYQCLAMNKY
SLSYLSF,0,,PLRVIGIVTAKSGDIFKVDVGGSEPASLSYLSFEGATKR
KKLFQHI,0,,PLRRIGMASIKMKENHEFDGKKLFQHIADYLPSYARPRF
ILFYCAI,0,,PLRGIIILFYCAIIGGKLLGLIKLPTLPPLPSLLGMLLA
AWPFPDV,0,,PLRSIKAWPFPDVLECCLVLLLIRSHFPGCLAQEMQQQA
RDMFCKI,0,,PLRWINPKDDLRDMFCKILHGFKNKLAMKLASFL
VKYWAQF,0,,PLRSISVKYWAQFFVPTILIPCQILTVLNMVEIKL
IRTYAVI,0,,PLRRKDAESRRRELHIRTYAVIPLNDECGIIEWVNNTAG
RKLWIFL,0,,PLRRKLWIFLEEHQDALELIMSKYRKQMLQLMVAKKRC
GDIFTHL,0,,PLRGKNLEPIITLYNRNNATENSDKTIGDGDIFTHLNSH
SLTWNSV,0,,PLRTSLTWNSVKGKKSCHTAVDRTAGWNIPMGLLFNQTG
QGKYECV,0,,PLRIKQLRSESIGGTPIRGALQIEQSEESDQGKYECVAT
DSNFLRI,0,,PLRSKSGLKIIKLTDSNFLRILENSIRLGLPVLLEELKE
RDCFPKL,0,,PLRLKLEELWLEGNPLCSTFSDQSAYVSAIRDCFPKLLR
LSKYYVL,0,,PLRVKVLEIKNKARKLNIEPLRSNLSKYYVLSQSEICKG
LHEFIDV,0,,PLRSLACYIASLVFLHEFIDVYFIAPCHSCGKSPSSLW
PILYVLI,0,,PLRGLAFLNSCLNPILYVLISKKFQARFRSSVAEILKYT
IKPYLAL,0,,PLRMLSQKPKKKHNFLNHGLSLNLVIKPYLALEGSVAFP
NKDYINF,0,,PLRWLDKNKDYINFIQEKAKVVTFDCGNDIFEEGDEPKG
TSEFKPY,0,,PLRSLEAIQAVMAKNKVCLVDVEPEALKQLRTSEFKPYI
LFSWDNF,0,,PLRVLFSWDNFVKEKTGFSVSSKDSKGLEIKSVFLRNKF
MATYDSF,0,,PLRSLGCPSFTSMATYDSFLEKSPSDKADTSSHFSVDT
LMGFSKL,0,,PLRWLGDTLGRIKAMLVANILSLVGALLMGFSKLGPSHI
GLGFNSV,0,,PLRRLGESLKRGEVDKVGKFGLGFNSVYHITDIPIIMSR
VNQFKNV,0,,PLRRLHEKGVLLEIEDLQVNQFKNVIFEISPTEEVGDFE
TRLFSLV,0,,PLRVLHGIGNTFQGGANCIMFVLCTRAVRTRLFSLVAA
RGRWASL,0,,PLRRLITGGRPPGRGRWASLCGLGCGQPVPSSWVRKHIH
EGEFTGL,0,,PLRPADLRYFEGEFTGLPPALTPPAPHSLLTARQQAAFR
SDKFKDY,0,,PLRVLPSDKFKDYLETMAPELLEGQGAVPQTDIWAIGVT
ICFFVPI,0,,PLRVLQVENENHCDFVNSVICFFVPIWKI
KGYFLEI,0,,PLRGQLRCIGTVQHLKSKFGKGYFLEIKLKDWIENLEVD
ATQYPQL,0,,PLRGLPATQYPQLLEIKKQLNLLQKIYTCTTVSLKL
IALYATY,0,,PLRSLSVLVLLLTIIAVRMIALYATYDDGICKSSDCIKS
SGFFGNL,0,,PLRRLTQSSGFFGNLSMVTNLDDSNWAAAFSSQRSGLFT
HKFFIGF,0,,PLRSLTSRLPKTGETIHGHKFFIGFGGKGANQCVQAARL
GECFGLL,0,,PLRVLVLRNLTKVYRGQRMPAVDRLCLGIPPGECFGLLG
RGLYKAL,0,,PLRGLYKALEAAHGPGQANQEIVAMIDTEFAKQTSLDAV
RRMFQIY,0,,PLRRMFQIYQTSPDGDPVAESVWELDCEGEISLDKITPF
KTCFLNL,0,,PLRRMGRLVGQSSHCFWAKTCFLNLFSLHSSIILMPLF
KRRYFQL,0,,PLRVMKNWKRRYFQLDENTIGYFKSELEKEPLRVIPLKE
IILYDHV,0,,PLRVMLETPEYRSRFTNEETVSFCLRVMVGVIILYDHVN
GPLWPSW,0,,PLRMMPGCGAGPLWPSWLCTWVAASGAGAGAAAVVFPEA
LVGFCLV,0,,PLRWMSAPIQVGLVGFCLVFATPLCCALFPQKSSMPVTS
CSLFLTL,0,,PLRGMSSSLNQQGVIVHCLLLVLLPIICSLFLTLVSWS
SDSYGDL,0,,PLRKCSHQDPIESSDSYGDLSDASDLKTPEKQSANGSFS
LENFRNL,0,,PLRRKLNRDVMLENFRNLLSVGHQPFHQDTCHFLREEKF
TQNFMLL,0,,PLRGNTQNFMLLCPRLKHRWFFTSARPGDLHVVLDMAKV
VLSFNNL,0,,PLRSNNSIARIHRKGWSFCQKLHELVLSFNNLTRLDEES
VYPYKEI,0,,PLRGNPQITVYPYKEILYLIHVRPWKRGILKGTITFSTT
TFCFKVY,0,,PLRGNSLASKIMTFCFKVYGATYLQKLLDPLLRIVITSS
SSFYLDI,0,,PLRSNYIDGHTPEGSKADSAVSSFYLDIQPSPDQSGLDI
MPEFYAL,0,,PLRSPESLRYALMPEFYALSPVPPEEQAEIESTAHPATP
KKLWRAF,0,,PLRIITPILNPIIYTLRNKEMKISMKKLWRAFVNSREDT
PLIYTCV,0,,PLRSPLIYTCVIQRCVMLLKNSWVKS
TAAFIRV,0,,PLRGPPGCGKTMLAKAVAHHTTAAFIRVVGSEFVQKYLG
VPSYPGY,0,,PLRGQPPVTYPGQPPVPLPGQQQPVPSYPGYPGSGTVTP
PRYWRGV,0,,PLRSPQRPRYWRGVKFNNPVFRSTVDAVQGGRDVLRLYG
RPQYAEI,0,,PLRLLYKFERPQYAEILADHPDAPMSQVYGAPHLLRLFV
LATFLAL,0,,PLRVPRVKLCRWWMKNCLACLATFLALLKRK
DLPFTAL,0,,PLRGPTAYPTAPYLPDLPFTALPPGASDGRGRPAFPFSC
GKRYVKY,0,,PLRMQCIQTVEIREKTMKMAGGKRYVKYSNKESQRVSLF
VKGYHYI,0,,PLRRQEKKFVIDCEIERLQNILEQIVSVGKHVKGYHYII
KKAFCLW,0,,PLRGRLKKAFCLWRESAQRTERTGRVRAAEFHMAQLL
MGSFIRL,0,,PLRGQMGSFIRLKQFLEKCLQHKDIPVPKGFLTSSFWRS
EKPFDCI,0,,PLRRQNASLIRHRRYYHTGEKPFDCIDCGKAFTDHIGLI
DKPFSTV,0,,PLRGQYHGDAGDSLSWHNDKPFSTVDRDRDSYSGNCALY
QSEWRLY,0,,PLRVQSEWRLYCVRGEVPVEGNLLEVACHCSSLRSRTSM
KQRYYSI,0,,PLRVRGYIIGYGVGSPYAETVRVDSKQRYYSIERLESS
NCVFWKI,0,,PLRRRITDLERKIQDLNLSRQQKLINCVFWKIKLLPLK
PLRWRIW,0,,PLRWRIWSRSELKTVPQRMWSLSGKYQRRVFLCSGR
SQFYGKL,0,,PLRQRKDSHVSLATGVPWGYEETKTLLAILSSSQFYGKL
RKRFDVL,0,,PLRRRKRFDVLLAEHKNKTREKELIRHPDSQQPPQPLRD
SWNFCPI,0,,PLRHRLASAGVDTNVRIWKVKRVQMVKPSWNFCPILLV
LGGFWFL,0,,PLRRRLGLSRQTAKSSWSRSRDRTVAAVGLGGFWFLPP
SPTYLLI,0,,PLRRRLLSSHCTLVIHPTEHSPTYLLIGTKHEKDTWLYH
QRGFCRL,0,,PLRVRNIPNGLQEFLDPLCQRGFCRLIPHTVHQVLGQF
DTQWFSF,0,,PLRRQTQVFQIPPRKLLSGSSTRTLQDTQWFSFENHRKM
AMIFFRV,0,,PLRSRRSIRSSQNVAMIFFRVHEPGNGFTLTIKTDPNLF
PSLYNTF,0,,PLRGSCNPSLYNTFASKQAPLKEVEDTSFDKQKSPLETP
PDAYQDV,0,,PLRSRSPLAEHRPDAYQDVSIHGTLPRKKKGPPPIRSCD
GGHFYLL,0,,PLRIYQLPGGHFYLLDPANEKLIKNYIIKCLEVSSISNF
SYCFHCL,0,,PLRSSYCFHCLHLPLSRSLFAQGTPPRESQRQEPSVAMA
MIRWTKL,0,,PLRGSYSISQFQSRMIRWTKLRINMLPATIICEPISECF
GELFMQL,0,,PLRLSGGELFMQLEREGIFMEDTACFYLAEISMALGHLH
IIMFRLI,0,,PLRGSIDSGPPGLLRGAIPSSIWVVSIIMFRLILLILSV
GKPFVFV,0,,PLRVSLVTGDYLYNFSYSNDNDITAVTDSNGKPFVFVG
SNKFKFL,0,,PLRRSNKFKFLKPIIPNFLPQSTGSEVEENPPFQNNLGF
PNSYFRV,0,,PLRSSPPGTAFPLKNAEDLDIGQNNIENYIISPNSYFRV
SAGYGHI,0,,PLRRSPPLQLSEAELLNQLQREVEALDSAGYGHICGCCG
IVKWKRI,0,,PLRVSKNSAMKEAFKAQETGQNVILRITNAIVKWKRIF
LTRFTEL,0,,PLRMSTRESFNPESYELDKSFRLTRFTELKGTGCKVPQE
VTLWGKV,0,,PLRMSKRYLQKATKGKLLIIIFIVTLWGKVVSSANHHKA
SQHYDLV,0,,PLRRSQHYDLVLNGNEIGGGSIRIHNAELQRYILATLLK
EKVFSNI,0,,PLRSSRFNRDHPPEHPIQDDSVWYIDDSEKVFSNINIIT
PLRWSRV,0,,PLRWSRVNKSLLNALKANVDGLLEGLTYVFRVCAENAAG
CGNFGEL,0,,PLRGSSSSGVLMVGPNFRVGKKIGCGNFGELRLGKNLYT
VFEYREY,0,,PLRVSVLDINDNPPVFEYREYGATVSEDILVGTEVLQVY
PQSYPIV,0,,PLRSSVPGPQSYPIVTGRDLASTTLPGYPPHVPPAGQGS
RRQFEFY,0,,PLRSTIKCRDLSALMHELSNDGARRQFEFYLEEMILPLM
DIDFDVY,0,,PLRSTKKDFEIDFEDDIDFDVYFRKTKAATILTKSTLEN
GKKYQIF,0,,PLRRTLDQSPELRSTAMDTLSSLVFQLGKKYQIFIPMVN
RITWGKY,0,,PLRVTLELGGKSPCYIDKDCDLDIVCRRITWGKYMNCGQ
QFKWDNV,0,,PLRRTLEYKPSPLVRGTFDWNLQFKWDNVFSYEMDGPEG
NGLFRPI,0,,PLRSTNGLFRPIGTQPPQQQQQQPSTNLQSNSFYGSSSL
EDPWAGL,0,,PLRRTSTPFGSGRVREKRMSNELENYFKPSMLEDPWAGL
TTHFLYL,0,,PLRVTTHFLYLAMWACGALAVSQRWLPRVVCSCLYGGPC
AKTFFMY,0,,PLRRVADEMDVMLGQEVGYSIRFEDCSSAKTFFMYMTDG
RSIWDVI,0,,PLRGVDPCSRRSIWDVISKNKTARTIILSTHHLDEAEVL
VDTYIKL,0,,PLRNFDIKHDLDLMVDTYIKLYTSKSELPTDNSETVENT
VVEFHLL,0,,PLRRMEVVSVTNGSIVVEFHLLIIADVDVQEVSAAFLTA
LTPYTTF,0,,PLRRVEKGQLLEYILTDLRVPHSYEVRLTPYTTFGAGDM
IRMWKGY,0,,PLRRVILLDVARGIAIRMWKGYRDAQIGWIQTVEDLHER
TYFFTAV,0,,PLRVVPGINLPVNQLTYFFTAVLISGVVHEIGHGIAAIR
AVFYTGV,0,,PLRSVSGICISVSWILPLTYSGAVFYTGVNDDGLEELVS
GAVFVVF,0,,PLRMLWFQGAIPAAIATAKRSGAVFVVFVAGDDEQSTQM
LRRWARV,0,,PLRRWARVEGTPSDPNPNDPRARMDSESLFKDGKLLPAI
LRGWFSY,0,,PLRGWFSYSPSLATLGAVKALGPEDLPRQPYPAHTHSS
PGGYSDL,0,,PLRRWTRSAPGGYSDLSSRKAGSWTPRAAVRRRPVSSQR
RQYFVQW,0,,PLRVYCKKVDRKSLYAARQYFVQWCADRNFTKPQDGDVI
GYTFRKL,0,,PLRVYIGDGGNDVCPVTFLKNDDVAMPRKGYTFRKLFP
MRKYYLI,0,,PLRRYIQESKERAAEMVKAEVLRERQETARKMRKYYLIC
NFSWTEY,0,,PLRGYPNPENFSWTEYLEATQTNAVPAKVFKMRLPHGFL
TVEWGLL,0,,PLRWYRGPWYQEPGTRHSPVAEARLRRTVEWGLLRDGLL
LRNYSTI,0,,PLRNYSTIFAEGNISQPVLMDINAVLCCPPIALRNLIII
VQCYILL,0,,PLRLAADFEIGHFLRSVLSHVQCYILLVKLLKMMMMIM
SSVYNQV,0,,PLRHSAQSNKQKQVIEESSVYNQVSLPLVKSLMLKPFES
QEDWKII,0,,PLRRAEDLPVQARRLVDLMKNDTRIHFQEDWKIITLFIG
PSGYAPV,0,,PLRHAEHHDHVVFLTRQDFGPSGYAPVTGMCHPLRSCAL
LIGYLEY,0,,PLRHEILIGYLEYVKKLGYVTGHIWACPPSEGDDYIFHC
PLRWPVL,0,,PLRWPVLENNGLALKGPVGSGSSGINIQCSTIGQMPNNQ
ADHWMLY,0,,PLRHAPFRADHWMLYECESPWAGGSRGLVHGRLWRQDGV
DIYYLPF,0,,PLRQARDIYYLPFKDQLKLLYSIGANVSAEKVSQLLSFA
SDRFQPY,0,,PLRRCYLMKQVLNFTLEEVLFPQSDRFQPYMQEVVPFLA
LDKYMYL,0,,PLRHDVDHIPESDRNYYGCGQMPRHFATKLDKYMYLLPY
IATYYTI,0,,PLRLEEKEDNEEGVYDYENTGRMTQKWIQSGHIATYYTI
HEGYSLL,0,,PLRHEGYSLLADGVSCTPTVEYPCGKIPILEKRNASKPQ
KKHFPEF,0,,PLRQEKELQEEKKRKKHFPEFPATRAYADSYYYEDGGMK
QQFFGPL,0,,PLRHGQQFFGPLGAGQPLFLHPGQFTMGPGAFSAKGMGH
DYNFHCF,0,,PLRRKGLIDYNFHCFRKAIHEVFEVRMKVVKSRKVQNRL
MKCFSTV,0,,PLRHFIKDIRHLPVNSKEFLAKEESQIQWMKCFSTVII
STYYLAW,0,,PLRHFSQTPLMSTYYLAWAICNFTYRETTTKSGVVVRLY
LRHFTQI,0,,PLRHFTQISLDFEGTENFKGHTLNFVAPFPLPFGPACR
SLIFSQV,0,,PLRHGENGANRHFTKAISGGISLIFSQVYFIKEHNVVAP
PVIYPVL,0,,PLRQGLVIGSKPVIYPVLHWLLQRTNELKKRAYLARFLI
PFLFPDY,0,,PLRHGNEKPFLFPDYRVGLGEGAGPSPFLSGKPFKCPEC
LFFYNNY,0,,PLRLGNIRQLFFYNNYIENFPSDLECLGNLEILSLGKNK
NAVYLHL,0,,PLRHGPRTLHRTQRVTLKNAVYLHLFLFDRRQLLVTLGT
LMIYMLI,0,,PLRHHLDHKMEIKQWKKSFLCSLVFGIPVMALMIYMLIP
ILTFGFV,0,,PLRLHIGSVITLAAMIYKKSAVQLFEKHPCLYILTFGFV
QNNFENV,0,,PLRLHLAAQNNFENVARLLVSRQADPNLHEAEGKTPLQA
GMLYINF,0,,PLRLHLRKLRHDVVQTAVPDGPLQEVPLRYLLGMLYINF
QPHFPGL,0,,PLRHQQPHFPGLTRGLVAVLLYWDGKRCIANSLKALIQS
RTAYPSL,0,,PLRHHVNVRTAYPSLHLLHAVRGYWLTNKVHIKRPTTGL
VQKFVTL,0,,PLRLIEKGSQSVQKFVTLSNVLKHFDQTRLQRQIADIHV
IKFFEEV,0,,PLRQIKFFEEVLLFEDELHDHGVSSLSVKIRVMPSSFFL
NRNFEKV,0,,PLRLILMNARGSSSRELVEPKLAELNRNFEKVSQHIKSA
LGGFAPV,0,,PLRQINHNVLSTSTLSSPAVNLGGFAPVVSDGFGVGYAV
VWLYEQV,0,,PLRQIQVWLYEQVNMQIEGCIIV
TGLYVIV,0,,PLRQIVYPENTGLYVIVESYGPKILQESHEISFEAAFGY
SGGFEFF,0,,PLRLKAIGSGESETPPSTPTAQEPSSSGGFEFFRNRSIS
DWPYEYL,0,,PLRRTDLEKLEKEITARNEQLDWPYEYLKPSCIENSVTI
LALFNSV,0,,PLRLKEPNEALKNFNRALELNPKHKLALFNSVIVMQESG
ILGYCMI,0,,PLRHNGVAPSRRGDLEILGYCMIQWLTGHLPWEDNLKDP
AVRYNCI,0,,PLRRKHIYRAQAVRYNCIRIDKQPVYNVEVKNAEFPRGV
IENFREL,0,,PLRLKIKELQLADNKLEVISHKIENFRELRILILDKNLL
KAGFGGV,0,,PLRRKIKNVTNQIALLKLGKLPLLYKLSSLEKAGFGGVL
SVSYYQL,0,,PLRHKLEVQRTDGVLSQLSPLPHLYSVSYYQLSEELARV
NEVYEAV,0,,PLRLKLSRKSGISPKKSKYMTPMQQKLNEVYEAVKNYTD
ETDFLII,0,,PLRPGQLLQALENNLFRAPVYLHKMPETDFLIIRTRQGY
KGNWCYI,0,,PLRHKPVSLQPRGLINKGNWCYINATLQALVACPPMYHL
IKTYQLL,0,,PLRQKRCIDKFKATLEIKDPVVQIKTYQLLHSIFQYPNP
GPAYSIL,0,,PLRLLAENCSPGPRYNVNPKILRTGKDLGPAYSILGRYQ
PEDYSEI,0,,PLRNLALLEKIQSSLLVYSMEDSSPHVTPEDYSEIIAAI
QVIFSPL,0,,PLRKLAAQLDKKRDDFCKQNQEASSDRCSALLQVIFSPL
ENKYLIV,0,,PLRHLKENKYLIVVTDGHPLEGYKEPCGGLEDAVNEAKH
CSAFKKI,0,,PLRHRKKLFPNGCSAFKKITPNIDEEGAIKEDAGMMDVH
RIAFREF,0,,PLRHMLGVRELRIAFREFDRDRDGRITVAELREAVPALR
PLIYGLW,0,,PLRHPLIYGLWNKTVRKELLGMCFGDRYYREPFVQRQRT
LVSYYHF,0,,PLRHLPSHLIPPSIWKENCKIVYVARNPKDCLVSYYHFH
PLMWELI,0,,PLRPLMWELIHKKVFSPQDQDVQDNPRGRSAKLRAAIKL
AELWALL,0,,PLRLLQFQCRNRLLLTGTPIQNTMAELWALLHFIMPTLF
GPSFWTL,0,,PLRLLSPILAGPSFWTLSHQQLSSTSFKDEDKTAKLHHS
MDGFLSY,0,,PLRHVLSMDGFLSYLCSKDGDIFNPACLPIYQDMAQPLD
SSAFKFY,0,,PLRNPDLWFLHDQNSSAFKFYRKKVFELCPSICFTSSPH
RIDFSKL,0,,PLRHYAKMALDGQNIYNACCTLRIDFSKLTSLNVKYNND
VNLFRTL,0,,PLRLNEMVEYITHSRDVVTEAIYPEAVTMFSVNLFRTLP
TKLFVML,0,,PLRQNETTAMKKQQELMDENFDLSKRLVRTKLFVMLCS
SIAFSIV,0,,PLRLNLIGKYSQHPDSGMSDSVKDKFSIAFSIVGMFASH
RSSFSVL,0,,PLRHNLVHLLLLAAGRTHRSSFSVLLQGLSLLTSCLAW
SKDYTLI,0,,PLRLPHDAKDTVACILKGLNKPQRQAMKKVLLSKDYTLI
SYTWAQV,0,,PLRQPLLALLPDTPGPEPELWLQKVSDSVLLLSYTWAQV
RKNFLRV,0,,PLRHPNATVWRKNFLRVGHLVLIGGPDDGVITPWQSSFF
SQKYLDY,0,,PLRLPSGSQKYLDYMQQGHNLLIFVKSWSPDVFSLPLRI
SDFYPAI,0,,PLRLQASLSKYCDQLPPRSDFYPAIGDICCAQFSEDDQ
QEEFDVF,0,,PLRQQEEFDVFTKAPFSKKVNVQECHAVGPETHPKSIDI
IINFEYV,0,,PLRNQEGVAMMFIINFEYVTDNENAATPERVNPILPIKT
ETRFSSV,0,,PLRQQEILGVETRFSSVNWQYQCGLTCEHKADLLPISAS
MCGWNSL,0,,PLRLQHGANVNGSHSMCGWNSLHQASFQENAEIIKLLLR
IQVYEML,0,,PLRLQIVRTLDHKNIIQVYEMLESADGKICLVMELAERG
LAMFSKL,0,,PLRHQMMCTPSNTPATPPNFPDALAMFSKLRASEGLQSS
HNHFQFF,0,,PLRLQSQAAVIVTVLDENDNSPKFTHNHFQFFVSENLPQ
EHAWQDI,0,,PLRQQTPLHLAAEHAWQDIADMLLIAGVDLNLRDKQGKT
LGIWEPL,0,,PLRLRAKHTQENCETWGVNGETGTLVDMKELGIWEPLAV
LEVYPSI,0,,PLRYRARPVITVNAGLEVYPSILNQDNKTCSLPGTALKV
LLLFQRF,0,,PLRQRPDLLLFQRFTLEKMEWPNHYACEKLLVLLTHYD
ESNYFGV,0,,PLRLRSLRRNTKKPKPKPRPSITKATWESNYFGVPLTTV
KWLYEDI,0,,PLRRSFRTGIKRRILLLIPKWLYEDIPNMKNSNVVKMLQ
DSGFVTI,0,,PLRHSFSLHWSLPSGHVERYQVDLVPDSGFVTIRDLVV
SVPFDDV,0,,PLRRSHYVPHELIPTESCKPLNIAFKSSVPFDDVPCTL
KLTFNAI,0,,PLRRSQNPVQPIGPQTPKACDSKLTFNAITTIRGEVMFF
RHSWNGL,0,,PLRHSWNGLTRPARINDNLPPAAAGSREQRGRVDSQPGT
LQQFLPL,0,,PLRQHSSKSEKGLVSCQSDIPISQDGSLSFLQQFLPLHD
VLDFIHY,0,,PLRLSVLLSLGMGAVAVLDFIHYCRATVCWELKGNMVVL
RTFFPEY,0,,PLRNTAIELKLVRFPEDLENDIRTFFPEYTHQLFGDDET
LKVFSKL,0,,PLRHTGFLDTCLKDCMLTNPELLKVFSKLMSVCVMFTNC
HSRWRIL,0,,PLRHTIRCYNVKSRECVEQLQLEDRVLCLHSRWRILYAG
SAYFSPL,0,,PLRHTKSIASAYFSPLTGNRVVTTCADCNLRIFDSSCIS
VNTFSAL,0,,PLRLTQAEIQGNINKVNTFSALANIDLALEQGDALVLFH
RQTWKLL,0,,PLRQTWKLLREDSCNAGPEDIQSRIGPLHVIPLKKSLLI
LNIFHQL,0,,PLRQVAAAKDHTVVLTEDGCVYTFGLNIFHQLGIIPPPS
ETAFIAV,0,,PLRHVFPETAFIAVTSYQNHKITQLKIENNPFAKGFRGS
KREFDEV,0,,PLRLVLSDTMKTGLKREFDEVFTKKMIESMSRPSMELVL
SLFYISL,0,,PLRLVVSLFYISLSLTYFRPKSNNSPEGKKLLSLSYTVM
GFLYNGF,0,,PLRRWLPPVYEDGFSQPRGWNPGFLYNGFPLPPVREVTR
LRLYIHF,0,,PLRLYIHFSEDLTLFDEMPLIPRTILEEGQTCVELIRLR
LDTFGHL,0,,PLRHYPLNLPSVTVTNLDTFGHLKDSNSWPPSNKLMLI
KEGFLAI,0,,PLRLYPPNPRQEPREFPFAVGGSPGYNKEGFLAIQYAVD
SHDFRLI,0,,PLRIDALADAINEFEGGMMLVSHDFRLIQQVAQEIWVCE
CAAFPGL,0,,PLRMAARLLGRVNPANTVRAGLRLGCCAAFPGLRLGFPH
EPYYKML,0,,PLRITFSTRNNLTTYKSEIKYSCQEPYYKMLNNNTGIYT
REQFRRY,0,,PLRMAHYKAADSKREQFRRYLEKSGMLDTLTKVLVPYM
VSRWMTL,0,,PLRLAKDLASRDVVSRWMTLEIRDTSTCT
LFFWPKI,0,,PLRKIGLFFWPKITRLDFKKNKLTLVVVEDDDQGKEQEH
LYPYNDL,0,,PLRIVLHKSRKKSKEQNVSDDPESTGFLYPYNDLLVWAA
PDRFVVL,0,,PLRIALSEPQLCEVLQVAGPDRFVVLETGGEAGITRSVV
SKYFTPV,0,,PLRNAPQFLKSKYFTPVTKNVKVGTKLIRVTAIDDKDFG
IFRFASL,0,,PLRIERGAFNKQVLILNDNLISFLPDNIFRFASLT
KPAFQAI,0,,PLRMASMNKPAFQAIRSHSPAKPVLIFVSSRRQTRLTAL
RRRWSAW,0,,PLRMATSMGLLLLLLLLLTQPGAGTVLTRRRWSAWGPP
VCKFKML,0,,PLRIAVCKFKMLSCQLCKESEERVPDSEQHQVVHHLFS
KRFYSSY,0,,PLRMAYFNGKRFYSSYFASQIFSESLIFFFTGTIPIISI
QVAYDGV,0,,PLRKCTEYWPEEQVAYDGVEITVQKVIHTEDYRAASHLP
DAAFRML,0,,PLRIDAAFRMLMAMPTSCAAASTGSLTL
LLDYKGV,0,,PLRMDAPRQVVNFGPGPAKLPHSVLLEIQKELLDYKGVG
LLIWACL,0,,PLRIDDPETKRFPYPLNELLIWACLMKRQVMARFLWQHG
PLEFSSY,0,,PLRMDEHSCPLEFSSYGYPREEIVYQWKRSSVEVGDTRS
PKGYECI,0,,PLRYFLEGSNDALLCGNSSDAGHCPKGYECIKTGRNPNY
APDYDHL,0,,PLRIEHRIMLRMAPDYDHLTLMQKVEVFEHAVNNTAGDD
EIDFETL,0,,PLRIEIDFETLKASTLRELEKYVSACLRKRPLKPPAKKI
GHMFDVV,0,,PLRMENQEKASIAGHMFDVVVIGGGISGLSAAKLLTEYG
NTTWADI,0,,PLRMEPQVTLNVTFKNEIQSFLVSDPENTTWADIEAMVK
CRPYCDV,0,,PLRIKSITVSPIPFFNKQRNGCRPYCDVLIGETKIYSTC
GNGYVDL,0,,PLRIESLDPDTETRRLSPVAIMGNGYVDLINGPQDHGWC
ASFWLAL,0,,PLRMETLCLRASFWLALVGCVISDNPERYSTNLSNHVDD
GDLFTRL,0,,PLRLDFLRGGDLFTRLSKEVMFTEEDVKFYLAELALALD
LRIFLHL,0,,PLRIFLHLKRRVKSVVLVILLGPLLFLVCHLFVINMNQI
EAGYPNY,0,,PLRILKGMIDQISMKEAGYPNYLIRKFMFGFPENWKEHI
VGLWSLY,0,,PLRIFLPNVGLWSLYKDKHLVKSAEPGEQQEFNFGLKYI
NRGFPIL,0,,PLRILNRGFPILEADKEKRAAVDISTSFPIKGTHFSDSF
LRIFTKV,0,,PLRIFTKVLSDDDLLQTVQSTSGLAIILFIKTMFHPSEK
EGTYRVL,0,,PLRMGEIEGTYRVLQTAGMRLGAQTPVGVSTLEPGQTLL
PKVYLLI,0,,PLRMGIKSLKIVKKMMDTHGSWMKDAVYNSPKVYLLIGS
NSVFDIF,0,,PLRMGLAWGLGVLFLMHVCGTNRIPESGGDNSVFDIFEL
CPVFKGF,0,,PLRPICPVFKGFSSSSKDQIAIPEDTPENTETASVCTK
GRRWCEW,0,,PLRMGRRWCEWTETIRVEEEVAPRQEDLVPCASLDHYSR
PEVFDSL,0,,PLRMHIYALHRNSAVWPDPEVFDSLRFSTENASKRHPSA
DADFVDV,0,,PLRIHKRLAPDDADFVDVLHTYTRSFGLSIGIQMPVGHI
LMKFSVL,0,,PLRMHLLKVGTWRNNTASSWLMKFSVLWLVSQNCCRASV
GFLWGVI,0,,PLRPTFCDNCAGFLWGVIKQGYRCKDCGMNCHKQCKDLV
TGTWLHY,0,,PLRIHRKSPLPRSRKTATNDEESPLSVSSPEGTGTWLHY
NKCYQEV,0,,PLRIQSLHKQKCDDLQRNKCYQEVAKLLRENRRKEIEII
VLVWILV,0,,PLRIIDSHENLKEFKGDLIKVLVWILVQYCS
TVSYEEF,0,,PLRIITVSYEEFLKSHKENKVEEIPDSTMSICVPSETVD
QFQFHMF,0,,PLRNNHQFQFHMFNDEDSVSLLQKNPCLSTFNDPSGQIS
VHWYQQL,0,,PLRLISGSNHLKVNDDSQVSFSEGKCNHVHWYQQLTIT
LISWFAI,0,,PLRMIVLKMVDLNGDDLGLISWFAIHPVSMNNSNHLVNS
RIKWNPF,0,,PLRIKWNPFIDNIIASCSEDTSVRIWEIPRAG
LKSFECL,0,,PLRMKCPLDRAYLIKLSGLNKETYQSCLKSFECLLGLNS
LRSFCPI,0,,PLRIKELDSLSKVKNDQLRSFCPIELNINGSPGAESDLA
SYLYGVL,0,,PLRMQGQGRRRGTCKDIFCSKMASYLYGVLFAVGLCAPI
LFYYDEV,0,,PLRMKLFYYDEVTPPDYQPPGFKDGDCEGVIFEGEPMYL
KALFEYI,0,,PLRINLSRLNLTKYSQKPKLAKALFEYIFHHENDVKTAL
GERWSSL,0,,PLRMKMGERWSSLFPFPVSPSCCFLLTQSARGVIECLKI
GMHFIFL,0,,PLRIKNKIHRLPVLTLSVGMHFIFLPTNVSSSSSSFLC
APWFQDI,0,,PLRIKNSKLEVSCCAPWFQDILHLESPESGNHSTSVQSW
KPWFSNW,0,,PLRMKPLRLRPLSEPSLYICTFLCKEVLGLKPWFSNWVP
LRMYYSF,0,,PLRMYYSFTFMKQVNLKLEDDFHSSRFYIGCDLCTNCYY
PQAFKFF,0,,PLRITTSPITVRKNKKDEERRESRIQSYSPQAFKFFMEQ
MIRYLPW,0,,PLRLKVGLAQIAAMDISRGNHRDNKAMIRYLPWLYHPPS
VDIWVSV,0,,PLRMKYTKQNFMMSVLGIIIYVTDLIVDIWVSVRFFHEG
VVDFEAL,0,,PLRILFNKGETHSAVVDFEALNVIVRLIEQAPIQMGEEA
DISFNLL,0,,PLRILDISFNLLRNIEGVDKLTRLKKLFLVNNKISKIEN
NPPYSLY,0,,PLRILVSLLSQLMVPNPPYSLYPRSGTGQTTKMQTENLG
KRGWQQV,0,,PLRILHILQEVDEEIKRGWQQVSH
DPNYNPL,0,,PLRILKAIFDTPDEDPNYNPLPEERPGGFAWGEGQRLGG
VLDFKAI,0,,PLRLLISKPKNAIRGITMTFALKGKVLDFKAIVRHYKMR
GGIFVPF,0,,PLRILSRSPGLVLCHGGIFVPFLRAGSEVLPRPAPSSC
QIPFLLL,0,,PLRMLPQIPFLLLVSLNLVHGVFYAERYQMPTGIKGPLP
HFCWKDL,0,,PLRILRKAAPCVEVVAANILAELSSQPSHFCWKDLREYG
LLHWDLL,0,,PLRLLRVLLHWDLLRWPRGHSTLQGTVKSSKDTDVEKEE
QVVFKYL,0,,PLRLMERFMEQVVFKYLRAEPEDHYFLMTEPPLNTPENR
EIKFNLY,0,,PLRLMKRLEEEIKFNLYMVTEKFPKELENKKKELHFLQK
LVMFKKV,0,,PLRIMMIIIAALFTASAVISLVMFKKVHGLYRTTGASFE
PHYYLSI,0,,PLRLMQSKQTIPHYYLSIDVNMGEVLLVRKELNKILEGR
MREWVLL,0,,PLRMMREWVLLMSVLLCGLAGPTHLFQPSLVLDMAKVLL
GAPWYPI,0,,PLRLNEGNKGAGAGDPGSLVSPLNPGGGLSASGAPWYPI
PQEWEAI,0,,PLRINGFCEQLNEDFEGPPLATRLLAHKIQSPQEWEAIQ
LQGYSTL,0,,PLRMNGTRLGMDYKLGSTVTYYCDAGYVLQGYSTLTCIM
RDLYATI,0,,PLRINMAGASIPAMSSRDLYATITHSVREEKMESGKPQT
TERFCAL,0,,PLRMNLWTERFCALEEKCENIQKPLSSVQENIQQKSKDI
NPVYSPV,0,,PLRMNPVYSPVQPGAPYGNPKNMAYTVTRQPIQQLPLP
QKCFSRI,0,,PLRMNRRRKFLLASVLALQNSSFIYPSCQKCFSRIILVS
LSQWDLV,0,,PLRLNTYRVEAAWKLSQWDLVENYLAADGKSTTWSVRLG
MNVFENY,0,,PLRMNVFENYEQARLTVVLMSTFGGNHLQQVMFL
PIRFWIL,0,,PLRIPVMYQGNTYNIPIRFWILDSHPFAPPICFLKPTAN
SQNFSAL,0,,PLRIPEKSQNFSALKKDILLPFQGQLDSIPVSNPSCPMI
PHNFEVW,0,,PLRIPHNFEVWTATTPTYCYECEGLLWGIARQGMKCLEC
QSPYKGF,0,,PLRQAAAPASVPAQAPKGAQSPYKGFRVEISVCQREDRL
IFTFTEL,0,,PLRIPLEIFTFTELEEVHLENNQIEEIPQEIQRLKNIRV
SVTFPVV,0,,PLRMPLVEETSLLEDSSVTFPVVIIGNGPSGICLSYMLS
VTNFMGL,0,,PLRIQPKDSLTLLPPVTNFMGLFKATKKTKDSHNIFSFS
KNSWNQI,0,,PLRLPPKQSKKNSWNQIHYSHSQQDLESHINETFDIPSS
SNYFLKI,0,,PLRMPREDRATWKSNYFLKIIQLLDDYPKCFIVGADNVG
GLCYMSY,0,,PLRMPSLPTTNCVHSLQMIPPLSPAPNQELVLGLCYMSY
VLSWEHL,0,,PLRMQDAVLSWEHLLELKNNHCEQLTVNIKQMENMVGVL
SLPYPDL,0,,PLRMQGGILFVYDNKKMLEHQEPHSLPYPDLEPYTVDMS
QGPWVLL,0,,PLRMQGPWVLLLLGLRLQLSLGIIPVEEENPDFWNRQAA
HFLFTPL,0,,PLRIQNPSAADLVHFLFTPLNMVVQATGGPELASSVLSP
RIRFAEY,0,,PLRIRFAEYSSSLQKPVASPGKASSQRKTEGDLQGDHQK
RLRFKKY,0,,PLRLRFKKYKQAGSHSNSFRLSNGRTEDVEPQGVPLLAR
RIRYGPW,0,,PLRLRIKYWDRRRRAAPHSYSAQRGRIRYGPWYFEPKLG
EDKFDLL,0,,PLRMQYHGCRSNIKDRSKVTELEDKFDLLVDANDVILEH
RLLWKLV,0,,PLRMRLLWKLVILLPLINSSAGDGLLSRPIFTQEPHDVI
IPSWKHV,0,,PLRIRTGTNPEFNETLKYTSAIPSWKHVLCSSQSGTMI
RTEYQSL,0,,PLRMSAFGHDEAWMEAGGFGLEAAERTEYQSLCKSKLLF
SASYPPY,0,,PLRISASYPPYQATGPPNTSYMPGMPGGISPYPSGYPPN
RPRYFLL,0,,PLRMSDVTIVKEGWVQKRGEYIKNWRPRYFLLKTDGSFI
TSVYSEY,0,,PLRISISQTSVYSEYCSTEIRWICQKELTPVRNKVYPDS
LLTFLIV,0,,PLRLLTFLIVITLYVISKHRARNYYTDTSQKEAFHLEAR
ENTFKIL,0,,PLRMSTADALDDENTFKILVATDIHLGFMEKDAVRGNDT
DVKFFVL,0,,PLRITFLANHTLNGEILRNAESGAIDVKFFVLSEKGVII
TGLFDPY,0,,PLRLTKGSVYATDFSNASTTGLFDPYKMCWSGMITSLIS
VPFYPGI,0,,PLRLTKSYLSNRTNSRVQSIGGVPFYPGITLQAWQQGIT
ATSFSLL,0,,PLRLTLHSSEASLGGHSVATSFSLLTSLFSAMTFRHSC
TVAWTLI,0,,PLRVSVVRALRHAVPAGILCLGLTVAWTLIFGGSSLGR
GTGFSNI,0,,PLRLSVYSDGQRRHFIIQYVDNMYRFEGTGFSNIPQLID
VSFYLGF,0,,PLRISVYSGPLRSGRNIERVSFYLGFSIEGPLAYDIEVI
SVAYENV,0,,PLRMVESMKKVAGMDVELTDEERNLLSVAYENVIGARRT
KSEYFEL,0,,PLRKQPDKKSKKSLIGGNHSKIVVEQRKSEYFELKAKLQ
NPLYTEW,0,,PLRMVKLANPLYTEWILEAIQKIKKQKQRPSEERICHAV
DSLFFVV,0,,PLRMRGKERDSLFFVVKMVKLGRSISLTAKMKI
KTVYCEF,0,,PLRIWDDKTVDYFTSKVHNKTVYCEFLKKHDQKWEVNMI
RLKYELL,0,,PLRKADEKRIRRLKYELLEIKRKGAKRGSQHYSDRTCAL
RKAFRSV,0,,PLRKAFNCPSSFQYHERTHSGEKPYECTQCRKAFRSVKY
LPFFKTL,0,,PLRIYRVAKLIIQQCQQLHCLRVLPFFKTLNDDSVVEIA
QQYYHSL,0,,PLRKAKESQQYYHSLAVRQSLAVHFNIQQDCGHFLAEVP
KSFWGPL,0,,PLRKAKKTFLGQNKSFWGPLELVEKLVPEAAEITASVKD
PYDFGGV,0,,PLRKELPANSVLLIYLSATGVFPTGRSDSEGPYDFGGVL
SGHYTAY,0,,PLRMHHGKGFGSGHYTAYCYNTEGGACALLCGVGDTERG
VNVWYSV,0,,PLRKDPIVNVWYSVNGERLGTYMGHTGAVWCVDADWDTK
DPTYSDF,0,,PLRKDSLRPKLSEEQQRIIAILLDAHHKTYDPTYSDFCQ
PGSFTLL,0,,PLRKGGGNLLGIIVGGPGGLDARPGSFTLLLRNRKGFV
LLYWRDI,0,,PLRKEDRSPSAIFSAELSKTSVVDLLYWRDIKKTGVVFG
SIGYKAI,0,,PLRKDEDNIKNSIGYKAIHEYLQKLRVLRLTLTVNS
GTIYIRW,0,,PLRKEETLPAEAPVHGEKEEINFLIGTIYIRWMVSSVLP
KDRFLVL,0,,PLRKDRFLVLGSCCSLCSRLVCVGPMFLEGSPGEGTVLS
IGIFKNI,0,,PLRKDLCEKGTIQQMIGIFKNIISKPNEKEEAIVLEIQS
TLSFTGL,0,,PLRMDSTIPVLGTELTPINGREETPCYKQTLSFTGLTCI
RKDYERL,0,,PLRKDYERLSCIGSPIVSPRIVQLETESKRLHNKENQHV
LMIFSLL,0,,PLRMDYLLMIFSLLFVACQVLQKQQS
KLEYQFV,0,,PLRKEQESLIKLEYQFVSSECPSMNLDSTLQVISLQVNN
SSEFVGL,0,,PLRKKIAVKRALKSEDLSINLISSEFVGLDIQQKLTVFY
MLGFVFI,0,,PLRMEIPFTPALPSPRQGDVSVEENTPIMLGFVFINHFP
NQIFHEV,0,,PLRKVIYINSPLPQKKMTMRERNQIFHEVPLKFMMSKNT
ILNYESL,0,,PLRKEKLTLMFEIQGLKEQCENLQQEKQEAILNYESLRE
LFFFHDL,0,,PLRKEQELFFFHDLSPGSCFFLPRGASFIIRLQISFVR
SGDFSSV,0,,PLRKETSGDFSSVDLSFLPDEVPGK
SGRFWVW,0,,PLRMFPLRACGWSGRFWVWPVHARSRAPAWTSTLTSSR
DFYYGNL,0,,PLRKNFPYERRPTSAACIPFGQGDFYYGNLMVGGTPHNI
DNNYGCV,0,,PLRKSQLLLVNSTQDNNYGCVPLLEDSETRKNNLTLDQP
SREFLSV,0,,PLRMFRITNIEFLPEYRQKESREFLSVSRTVQQVINLVY
LRQFSTL,0,,PLRQFSTLVSTSLLCVCVVWVFANQKLFIQTGTF
NSSFDSL,0,,PLRMFTIKLLLFIVPLVISSRIDQDNSSFDSLSPEPKSR
TEKFWKL,0,,PLRMFCDTEKFWKLKKKLDAQINLSPEDTAFRNEDTAFP
QVDWNAW,0,,PLRKVDVLNQVDWNAWLYSPGLPPIKPNYDMTLTNACIA
LRKFIGI,0,,PLRKFIGIIECGGINLKLEELEWKLAEVGAIQTDLEKT
ILEWRRI,0,,PLRKLKALHPLPGLILEWRRITNAITKVVFPLQREKCLN
NSIFHRV,0,,PLRKGFGFKNSIFHRVIPDFVCQGGDITKHDGTGGQSIY
QGHWADW,0,,PLRQGHWADWLQAYRARLDKDLEGAGDAAAWRLSTCA
KEPWKIL,0,,PLRKGKEPWKILRDETRGPCPDMQLRCQTKKLLPKNGI
CAEYTHF,0,,PLRMGKRQHQKDKMYITCAEYTHFYGGKKPDLPQTNFRR
QERWHRV,0,,PLRKGSQLQERWHRVIAQLEIRQSELESIQEVLGDYRAC
CHSYDEI,0,,PLRKNLIRRLQKYPVRVTREEQSHPARLYTGCHSYDEIC
NLLFAKV,0,,PLRKQLNLLFAKVREMLKMRDSNGARMLTLITEQFMADP
ERGFCVL,0,,PLRNHSSSNSFGRNLPPKRRCRDYDERGFCVLGDLCQFD
AIHWGTF,0,,PLRQHVDPEEAVRIHTDVQTKKSMAIHWGTFALANEHYL
QLIFGGL,0,,PLRMIDTAARDTARVLIASALTLLVGIIQLIFGGLQIGF
VQHYMAY,0,,PLRTIEYIHQETATVLGTEIVAFKEKEVRAKVQHYMAYW
VADYAVV,0,,PLRKIMSLLSRTVADYAVVPLLGCEVEATVGEVVTNTWL
RETWEAL,0,,PLRKMREEQLRRWKERETWEALAQDEGLRPPKTKVQRV
RKLYEEV,0,,PLRKLYEEVRISYSDQCHSALRKSQFISKT
RKNYNKL,0,,PLRKNYNKLKNTLRNLNLHTVCEEARCPNIGECWGGGEY
KKKYEAI,0,,PLRYIKKKKKKYEAIITVVKPSTRILSIMYYAREPGKIN
SVHYAGL,0,,PLRKILGGVPAPERKWPWQVSVHYAGLHVCGGSILNEYW
LVLFLLL,0,,PLRMILIPRMLLVLFLLLPILSSAKAQVNPAICRYPLGM
EKAFNNL,0,,PLRKKCEKAFNNLSSFQIHERMHRGGKYHACKGSGNTYR
VADFCSY,0,,PLRLKLTQGNRKLAQLEKLQDEELDPEFVQQVADFCSYI
SGKYFAF,0,,PLRQKCQLSYELNCSGKYFAFKEQLKHAVVKIVRDKYLK
HDCWSLI,0,,PLRKKEKLSPDIMKDAYVQKLVKVCNGHDCWSLISLSNN
QERFHAL,0,,PLRKKLNIGGKRVNLAIWDTAGQERFHALGPIYYRDSNG
QEVYCHL,0,,PLRMKIAVIGQSLFGQEVYCHLRKEGHEVVGVFTVPDKD
GLKFVGV,0,,PLRKKIQEAASQGLKFVGVIPQYHSSVNSAGSSAPVSTA
RPIWIAW,0,,PLRKKTKTEQELPRPHLRPIWIAWTGGALMMMAAATLV
RSLWDTI,0,,PLRKKRSLWDTIKKKKISASTSHNRRVSNIQNVNKTFSV
KELFAKL,0,,PLRKKSYQIDADRVVYSTKEKNLTLKELFAKLKMHPYDL
ADIFDRI,0,,PLRKKYMHKVMNDLPSCPCSYPPEVAYSTADIFDRIKRK
ESLWPFL,0,,PLRKLETLGIGQRTPFRIGIKESLWPFLIDKRWRQTVFH
IKPYGTV,0,,PLRKLKPAFIKPYGTVTAANSSFLTDGASAMLIMAEEKA
SKFYCQL,0,,PLRKLQPSLSVGSTESVKVSSALSPSKFYCQLIKWTPEL
KTPWRKF,0,,PLRNLLGAMEKFKTPWRKFLHPCQSMQLLLQTSP
GFRFGTV,0,,PLRKLHHPSQGFRFGTVRESSAEDYVRQSFPEMHEYMRR
SSPFHNF,0,,PLRKLPPGFSGRSSRTTRRSWLSSPFHNFRTHPGLHQT
RTVYNIF,0,,PLRKLSNIPTIKRFLEPGSKKKPPPDEIYVRTVYNIFRP
KLGYPEL,0,,PLRKLTKLGYPELINYTEPINGLSALHLASVSNDIDMVS
MQLFENV,0,,PLRKMDRNQDGVVTIEEFLEACQKDENIMSSMQLFENVI
QNHFSEI,0,,PLRKMLFEEQNHFSEIETELQAELVRMEQQHQEKVLYLV
LAKFSFY,0,,PLRKNMLLAKFSFYFHEALSRQTTASEMKTLTAKANPDF
GNQYLFL,0,,PLRKNERTSVAGTVRKCWPNRVAKEQISRRLDGNQYLFL
IQMFHQY,0,,PLRQNAIQMFHQYSFRGKDLIVQLQPTDALLCITKCRF
TEGFFAL,0,,PLRMNARYFLEMSDTKDMNEFETEGFFALHQRRCLPPG
ITEFEKI,0,,PLRNNDITEFEKILKTNHSNIMDDPFIREHIEELLRNIR
KTSFGQL,0,,PLRNNFEFCEAHIPFYNRGPITHLEYKTSFGQLEVFREK
VPAFLQV,0,,PLRKNKRRLRCVFTPSGGVPAFLQVQNTRSEDTTSLSYT
RAIFTGY,0,,PLRRGKLYSLGNGRWMLTLAKNMEVRAIFTGYYGKDKPL
KMEFTEY,0,,PLRQNPDFKLGSHCKQLDITDSTEPRLNKMEFTEYISSH
RGIWLSY,0,,PLRMNVGTAHSEVNPNTRVMNSRGIWLSYVLAIGLLHIV
TLAWNNI,0,,PLRKTLAWNNITKLQLHEHYKIHKEAVTGITVSRNGSSV
GSRWMPV,0,,PLRMPLRKLSFHGGSRWMPVNTGPACRELEGGLLAAPRP
ERRWEAI,0,,PLRQPMQLIIVNLERRWEAIVMQAVQWQTRLQKKMGKES
QQIFHTL,0,,PLRKPPNDGGITGNRQLTHQQIFHTLQMAVIVKPKAVW
DLTYSGI,0,,PLRKTQRNTLNPVWNEDLTYSGITDDDITHKVLRIAVCD
MELFFTV,0,,PLRKPTESWRETLLDSRVMELFFTVHRKIREDSDMAQDS
LTSFTCI,0,,PLRKPYKMDINLKTLTSFTCIQRSLLDTNLEMVRHSFIF
IQWFNKL,0,,PLRKQQSLETCEKTVYESSQMTEHHKVSDHIQWFNKLSL
ERVFQDV,0,,PLRRCTYYETCATYGLNVERVFQDVAQKIVATRKKQQLS
ILIFHSV,0,,PLRKSCLARRVILIFHSVALCLASLNSCLDPVIYYFSTN
AGMYTCV,0,,PLRKSDAGMYTCVGTNMVGERDSDPAELTVFERPTFLRR
LLRYTAY,0,,PLRMSDNGVCVLAFKCPGLLRYTAYRCKQLSDTSIIAVA
ECRFWCV,0,,PLRKSIGLYLRSQKIPLYEECRFWCVKVLIFSVNSMAN
LRTFLGV,0,,PLRMSLACLRTFLGVDVLQDLAACHLSWT
SQLWLNL,0,,PLRKSSRNFEKPVSPLVKKMRYVSQLWLNLKISKNLMA
AKLFLWW,0,,PLRQTLRNEMKVLLILSKWLEQVYPSSVEEEAKLFLWWH
PTVFERY,0,,PLRKTSLLMVFADGAFPESYTPTVFERYMVNLQVKGKPV
EKIFKQL,0,,PLRKTFECNICEKIFKQLIHLTEHMRIHTGEKPFRCKEC
MAKFVKV,0,,PLRKTYMAKFVKVKRTDQVLVKKEISILNIARHRNIYT
HAGYKPF,0,,PLRQCGKAFNRSSTLNTHTRIHAGYKPFVCEFCGKGFHQ
QKAWMPI,0,,PLRQGKYDEAIDCTQKAWMPIHIIRCCQRTVRQHIFV
AQLFACL,0,,PLRMVPLVAVVSGPRAQLFACLLRLGTQQVGPLQLHTGA
VFTYQVF,0,,PLRNVENTLFINTSNHGVFTYQVFGVGVPNPYRLRPFLG
TTMFSTL,0,,PLRKVSEIQGMLQELIGTTMFSTLENNAIKYISSTIVNL
PVEFLVL,0,,PLRNVVFKRAEEGVPVEFLVLHDVDLIISHVENNMHIEE
LRKYIHL,0,,PLRKYIHLVQIVETEKIAANQLRHQLEDQDTEIERLKSK
CLEYRKL,0,,PLRLEAAATSLQALSPQKQSFVLEVLSGCLEYRKLLTVV
NEDFKYV,0,,PLRMAADLGPWNDTINGTWDGDELGYRCRFNEDFKYVLR
SRLYSRF,0,,PLRSSRLYSRFGFSSCTLQVEQYQPEMAQCLRCQEPPQA
RPSFPKL,0,,PLRMAAFQCKVSLRPSFPKLKGRVIKLCFYLKRCF
LYRYAKF,0,,PLRLADKHGFRQEYLDTLYRYAKFQYECGNYSGAAEYLY
QARFSVL,0,,PLRMAASVEQREGTIQVQGQALFFREALPGSGQARFSVL
KPKFSGF,0,,PLRMAAVPQNNLQEQLERHSARTLNNKLSLSKPKFSGFT
HIPYKLL,0,,PLRLVCEMSSLFHAMYSGSRTPHIPYKLLHLIWIHAEHL
PKLYRSV,0,,PLRQPQKHVQQRACYNIQPKLYRSVIEDVIEGVRNLFAE
LADFVKL,0,,PLRLADFVKLSRTQVWKLENSLLDHRNKTIHNDYRRTS
LHFFVQI,0,,PLRLAEFIQKRCNSLLEEETILHFFVQILLALHHVHTHL
DNVFLFL,0,,PLRLAEFTEADEAMAELAIADNVFLFLMESVVVSEYFYQ
GEEFYML,0,,PLRRAGGWVSGEEFYMLTRRVLQLETVLEGVVSQIDAVG
QGTYEDF,0,,PLRLPILQHISRNKEQGTYEDFVEGLRVFDKESNGTVMG
CPTWLQV,0,,PLRLALSSDCPTWLQVRVRGSWRWKMQLGELIRQVSGNS
DTEFSTI,0,,PLRLAKDTEFSTISKGAAPSASSTPTIIASPKATYVQDS
TSYYQGV,0,,PLRLAMGPVTNKTGLDASPLAADTSYYQGVYSRPIMNSS
GGCFSTW,0,,PLRMAKLIVDTMLSLMFPVTGIWLWGGCFSTWTKQGPSS
PHAFSKL,0,,PLRMDLAKHLPHAFSKLENPRRVSILLKDISENLYSLRR
QFLFQTY,0,,PLRLSLASLNATKLKHPYYPCMAKVSLQLAIQFLFQTYL
LVSFTCV,0,,PLRLALVSFTCVGYAVTKAHPALVCAVLHSEVVVALILQ
SASWMCL,0,,PLRLALLYMIENGPGEIPVDFSKQYSASWMCLSLLAALA
VVSFHQV,0,,PLRLALMEKFKKKVHQLAMTVVSFHQVDYTFDRNVLSRL
DTKWLTL,0,,PLRMALNVAPVRDTKWLTLEVCRQFQRGTCSRSNEECKF
GELWGTL,0,,PLRLALTQGSPHSRSRHQGTGGELWGTLQAYSVNGLAAA
LALWTWV,0,,PLRLALWTWVVNRLKGTETTQKAGRGPTSLRLRWDNPRS
PLRYPFL,0,,PLRYPFLDAKEEFTHTTLAADVMRPRRNDPPLAVLTQAN
TQNYFGL,0,,PLRMANGTADVRKLFIFTTTQNYFGLMSELWDQPLLCNC
VTPWDIL,0,,PLRLANSVTPWDILLSLLQLPLMIWIIQVLINLSLLKL
EKNFKAF,0,,PLRLATQLTGPVMPIRNVYKKEKARVITEEEKNFKAFAS
EGLWPPL,0,,PLRLAPSSEQEQPEGLWPPLASPLHPLEVQGLICGPCFS
DGAFEGL,0,,PLRLEQLDLHSNVLMDIEDGAFEGLPRLTHLNLSRNSLT
QGFYEEV,0,,PLRLENMALENHGFARRIYEDSDADLQLQGFYEEVANPL
TPHWALF,0,,PLRMARTPHWALFGASERGFDPKDTRHQRKNKSKAISGC
LASFKIL,0,,PLRLASFKILSLEGQKVMVAIPLVMTLVLLVSVTINRC
NDEWTRF,0,,PLRLAVPHNDEWTRFARTLVEIRANRADSEEEGTVELSA
EKEFINF,0,,PLRQAWEKEFINFVKNYKNPNLTISFTAERSIEDELNRE
EGGFAIV,0,,PLRLGSGYIGRVFGIGRQQVTVDEVLAEGGFAIVFLVRT
TEFFRKL,0,,PLRLDWLQGAGLGDIATEFFRKLSMAVNLLCVPRTSLL
MEGFSLF,0,,PLRLCSCRMEGFSLFLACCGAGWGSCRQTSWSPAIPCH
RRLFRDF,0,,PLRLCEQQPIGRRLFRDFLATVPTFRKAATFLEDVQNW
VVLFHLL,0,,PLRLCHDLGHGHFLTCLMVVLFHLLARR
ADNFQGI,0,,PLRLCHKTDLNNLEMPIKEDQIADNFQGISGPKEDSTSI
LRLWLLV,0,,PLRLWLLVKEAQPLEWVSSPLGPPEPWSSHSY
ASPFTNI,0,,PLRVYADSMLSFSLTTAMYLVTFGIGASPFTNIEAARIF
GHGYSKL,0,,PLRMCRRACGGHGYSKLSGLPSLVTKLSASCTYEGENTV
RKIFLCW,0,,PLRLDEARLAGKDCASTRRRKIFLCWLLGSWAICILPT
CECYSAY,0,,PLRLDGDGTCECYSAYTGPKCDKPIPECAALLCPENSRS
GDKYKFF,0,,PLRLDHFNIQVDNPVSVLTQEMSKQFLQSKNEGDKYKFF
SALYFAV,0,,PLRLDQRINKHYDDHRKSALYFAVSNSDLSSVKLLLSAG
SSQYKFV,0,,PLRRDQRAMMVQTSSQYKFVCEAILRVYEEGLVQMLDPS
KNAFASV,0,,PLRLDKLRKNAFASVILFGTNNSSSISGVWVFRGQELAF
NNSFNDI,0,,PLRLELDKLGTSELLLAKNVGNNSFNDIMEANLPSPSHN
LSPFVLF,0,,PLRLDVLIQLGIIVTVVLQILWTRPCLSPFVLFILTIA
KEDYSVV,0,,PLRLDTLAAMQDLKMGVASTEEETQAVMKVYSKEDYSVV
ELLWNKY,0,,PLRLDRKLLELLWNKYWVNTLSSSSLLTNADYTTGQVFD
TTEWTTL,0,,PLRLDTTEWTTLVSDSQEDKKNSRPRPRAGHCAVAIGTR
SSTYMQI,0,,PLRLDVFSSTYMQIVKLLGLDVPSLCLAELVKTYCSSFK
KDEFKAV,0,,PLRMDVVFLIDNSRNIAKDEFKAVKALVSSVIDNFNIAS
SKDYSGF,0,,PLRPEARASKDYSGFRGNIIPRGAAGKIRE
ITPFQRL,0,,PLRVECQRTECIKPVVQEVLTITPFQRLYRIGESIELTC
LQLFSQI,0,,PLRMEDEMPKTLYVGNLSRDVTEALILQLFSQIGPCKNC
RRRFSAL,0,,PLRLEGEASPPLGARRRFSALLEPSRFSAPQEDEDEARL
LAPYQHL,0,,PLRLEIALAPYQHLEEDMKSLKQVLEMKNQQIHEQEKKI
VVSFLLL,0,,PLRLEILVILKEWTSKLWHRQSIVVSFLLLLAVLIATYY
LINFLDL,0,,PLRLESQGIERLHPMQFDHKKELRKLNMSILINFLDLLD
GPGFPSL,0,,PLRMEKRGSCVAGGPGFPSLVTLLPLSSLHTTHPKPCPL
GTYFTSF,0,,PLRLEQCNIVQPPPPCKIENSIPNPNGTESGTYFTSFQL
DSPFVGL,0,,PLRMELFEGRGISEEGLRDSPFVGLGHQVGESGLLVLR
EKIYPYY,0,,PLRLKNITRKNIAKMIAGNSTESSKTPVTIEKIYPYYVK
EPAFGEV,0,,PLRMEPAFGEVNQLGGVFVNGRPLPNAIRLRIVELAQLG
PTDYLSW,0,,PLRVEQPIVPRPAPRPTDYLSWGTASPYSAMATYSATCA
QQGFLHL,0,,PLRLERREVEQQGFLHLGEHDGSLDLRSRRSVQEGNPRA
RLLFQIF,0,,PLRLSAAIRASQPRLLFQIFGTGHSSLESPTNMPSPSPD
RSSFIIY,0,,PLRLFDQPGDPLKRSSFIIYDIMNELMGKRFSPKDPDDD
HHFWHGF,0,,PLRLFAYPGCDAGIRHGAVLRPALHHFWHGFR
QLRFSRV,0,,PLRMFDFSFPTPASAGTRMGPASCGGRSLHLPQLRFSRV
LRMFDKV,0,,PLRMFDKVLVDAPCSNDRSWLFSSDSQKASCRISQRRNL
LRLFVLI,0,,PLRLFVLILILYLLTILGNTTIILVSRLEPKLHMPMYFF
SSHFSEF,0,,PLRLLEQQSTNSSEFEAPSLSDSMSSVADSHSSHFSEFS
NLSYYVY,0,,PLRLFVLTKTNLSYYVYDKMKRGSRKGPLKLRKSVVWR
LRLFLAF,0,,PLRLFLAFRSDASVGLSGFAIEFKEKPREACFDPGNIMN
TPMYFFL,0,,PLRLFLGMYLTTVLGNLLIMLLIQLDSHLHTPMYFFLSH
LRLFTTL,0,,PLRLFTTLTTRPVMEPPCVGNLNNSLDLNRKLIPRENLV
EELWQRL,0,,PLRLFSCADLGLRLLAPLMPFLAEELWQRLPPRPGCPPA
PLKFVGF,0,,PLRLGAIRGTHGDLAGGAAADWQPAPCPTVRPLKFVGFC
NYNFELV,0,,PLRLGAVCGVVLYCACWHNGMSERNLSALENYNFELVDG
KHNFDTF,0,,PLRMGAYHGKHNFDTFSHQRPCLLKSLKHEGANKLRYPL
EGDFRSY,0,,PLRMGCVFCKKLEPVATAKEDAGLEGDFRSYGAADHYGP
RISFLIL,0,,PLRLGETSAPQQTSLGLLDNLAPAVQIILRISFLILLGI
AHSYTSV,0,,PLRLGKNEDGKGRCPFDPAHSYTSVMVDGELYSGTSYNF
KRPFERL,0,,PLRLGLAAMPEKRPFERLPADVSPINCSLCLKPDLLDFT
HSSYTPL,0,,PLRLGLIIFSLGVISWRRAGHSSYTPLPGSNYSEGWHIS
GMLFGGI,0,,PLRLGMLFGGILMKRFVFSLQTIPRIATTIITISMILCV
LGLWLRL,0,,PLRLGLVAGALALGLWLRLRRGGKDGSPKPGFLASVIPV
SRRWMDL,0,,PLRLGMGFSQASRRWMDLQPTDVLWSLGDAFGGSLSLSA
HLRWHSW,0,,PLRMGNSSLHLRWHSWNVPGLGRQPQAPSSAAPEALAVA
ATVFSLL,0,,PLRMGPPSLVLCLLSATVFSLLGGSSAFLSHHRLKGRFQ
AAKYRVL,0,,PLRLGPRNELFDAAKYRVLADRFGSPADSWGVRNRPCR
SAPWLSL,0,,PLRLGPSPQRDPQAVKERALSAPWLSLFPPEGNMEDKEM
LQLYISV,0,,PLRLGSAPQLTLQLYISVMQQDVTVGRSLLMTISLLSIV
KPVFDFL,0,,PLRLHFVNNSSISAGQSKAQISLQKIKPVFDFLVNKFST
GALFNLF,0,,PLRLPGALFNLFSAAPIHLGLQSPPGSLLRFPPSQPEST
TDMFYTL,0,,PLRLHIIAGQMNIEYMNNTDMFYTLTGKSGEIFNSDKDN
LLGYNEI,0,,PLRLHLEHNNLEEFPFPLPKSLERLLLGYNEISKLQTNA
MISYNSL,0,,PLRLHLGGESFWVSMISYNSLGKSPVATLRIPAIQEKSF
RNLYDSI,0,,PLRVRDKPGLERFVAMNRGINEGGDLPEELLRNLYDSIH
TSSFGTI,0,,PLRLHSSVKRSCSQNDSEEPTLSLTSSFGTILRKCSRNE
KNKFSDV,0,,PLRLNSVKNKFSDVQVLCSLYGEKAKAALDLERQIQDAD
GPPYTLY,0,,PLRLRYCDRSHQTYWLDPAKTLAEHKELINTGPPYTLYF
LTTWPYI,0,,PLRRHYRKHTAPSRSSAGCATAASRALTTWPYI
GGAYVKL,0,,PLRLIVQYEVNFQNGIECGGAYVKLLSKTPELNPDQFHD
LGGFTSY,0,,PLRLIEVQSNSLHKISVDVQRPTGSFSIDFLGGFTSYYD
SNQFCDV,0,,PLRLNEQRLSNQFCDVTLLIEGEEYKAHKSVLSANSEYF
RLIFCTL,0,,PLRLIFCTLAALAEERKPLECLDAFGATGIMGLQWAKHL
GTSYVPI,0,,PLRLIISMSRDYASNLGTSYVPIPARSFTQSSPTFPLAS
CSDYASW,0,,PLRMIGRIPCGRLGTVEELANLAAFLCSDYASWINGAVI
SKKFDIL,0,,PLRLIKISEGTGFRIHMIHKAAVAAKKFGPKSSKKFDIL
IPPFCNL,0,,PLRLVQQNVIPPFCNLLSVKDSQVVQVVLDGLKNILIMA
KDQYGDV,0,,PLRLILNKDDIRCGWPTTITVQTKDQYGDVVHVPNMKVE
LSPWGDL,0,,PLRLILSPWGDLTSRSLAADPSHPCLCGPAHLGNTPRNN
NVKYNSI,0,,PLRMINIWNVKYNSIHCVANLLAGLVLYQEDVGIHVVDG
NQRWDNL,0,,PLRRTDTASRLKQMVHEGNQRWDNLQRRVTAVLRRLRHF
LTMFEAL,0,,PLRLISLLLTMFEALGDPEKNCSRAATVMINCLLQERGG
ELMYVTL,0,,PLRLISEVVRSLLVVSDLSTERNQFELMYVTLTELRRVH
TTSYTFI,0,,PLRLITTSYTFIVAALLKIHSAAGRHRAFSTCSSHLTW
LRQFLGL,0,,PLRLITEMRLVNEMYQTSLRQFLGLFDLSLARSVKSPIT
VFNFCAI,0,,PLRLITNALHHIPDVITYLTRLRNQSVFNFCAIPQVMAI
PWNWTCL,0,,PLRMKAMPWNWTCLLSHLLMVGMGSSTLLTRQPAPLSQK
CEDFYQF,0,,PLRLTEACIRVAGKILESLDRGVSPCEDFYQFSCGGWIQ
IKLFEGV,0,,PLRLNEEITKLNPDIKLFEGVAINNTFLPSQNDLRICSL
IPFFVNV,0,,PLRLKEGSSREVPVGIPFFVNVTHNGTYQCQASSSRGKY
QSAFVSV,0,,PLRLKEIQSAFVSVLSENDELSQDVASKGLGLVYELGNE
SEVWGLV,0,,PLRPKHKTRPSHSEVWGLVPVSDDY
LSLYRTL,0,,PLRLKKAREPGPPREPKEPFRPPPITPHEYMLSLYRTLS
LEVFREL,0,,PLRLKKPETFPKNQRRVFRTPDLKGMLEVFRELTDVRRY
PGKYHFW,0,,PLRLKLDSEKKLEDARARCEGQEMTTEELTKPGKYHFWE
VVRYRSV,0,,PLRLKPPQLATMLLGMPGEGEVVRYRSVWPLTLLALKS
CFTWREF,0,,PLRLKTTFQENTQSISVRGIKFIPGPPGNKDLCFTWREF
EAIYQCV,0,,PLRLKNNNSTLTISGIGPEDEAIYQCVAENSAGSSQASA
LSQYPSL,0,,PLRLKNPLGTFIFCHAYLADQDMECLSQYPSLSQLKEL
TDTWENL,0,,PLRLQSATDTWENLVSDARIKQGLIHQHCQVRIDTLGLL
PLRWLKI,0,,PLRWLKIQESRCEVNLQGASLRSECCATLGAAWGSPCER
LADFKMF,0,,PLRLQWVVGTEVEIINQQLADFKMFQKEQVDPLQMKLQQ
LTFFQEW,0,,PLRLLARLTFFQEWIDKGPPVVFWISGFYFTQSFLTGVS
PCLYLAL,0,,PLRLLATAPCLYLALVLAPTTLLPPMCSWALGSCFCPA
NLAFNEI,0,,PLRLLCEFSVTQNRLEVNISQSTYKDPNNLAFNEIKILG
PESFGSV,0,,PLRLLGTWSDTSSGGPARAYPVGGLCYYLSPPESFGSVL
RNCYQNF,0,,PLRMLDVEAQEPPKGKWSTPPFDPRFPSQNQIRNCYQNF
DGDFVRY,0,,PLRLLDVWNKEDTVQVSTLLRPPHCPRMVQDGDFVRYHY
IIVYTLY,0,,PLRLLKPCECCGRSLKIIVYTLYFKTHRQMGVVSKPSR
LLGWGSL,0,,PLRLLGWGSLLIILKNEGFYSSTCPAESSTNTTQDEQRR
VELYTAF,0,,PLRLLQRRKRENMSDGDTSATESGDEVPVELYTAFQHTP
KQSWDRV,0,,PLRLSLDQALVKQSWDRVTSRLFDWHIQLDKSLPAPLGT
PCLFLEL,0,,PLRLLLRRPCPGMASGDPCLFLELGLTIPRPFMKALGQE
MLLWPLL,0,,PLRMLLWPLLLLLLLLPTLALLRQQRSQDARLSWLAGLQ
EDVFVHV,0,,PLRLLNSAQSGSAGRPLAEDVFVHVDMSEGVPGDPASPP
STSFITV,0,,PLRLLTPKGEDSEEDEDTEYFDAMEDSTSFITVITRPS
GHIFQKV,0,,PLRLLPVCEHSGPSSGKIPSDRAELGAGSVCGHIFQKVE
STTFQGI,0,,PLRLLQHSHSQVPEAGSTTFQGIIEANRRWLERVKNDPR
LYYFSSV,0,,PLRLLQMVLQGWKFNGGSLYYFSSVKKSWHEAEQFCMSQ
TWDFDIL,0,,PLRVLRGAPHEVAVEILEGESVITWDFDILHGDVVFSL
LEQYLTI,0,,PLRLLVLEQYLTIIPEKLKPWVRAKKPENCEKLVTLLEN
CPYWGEL,0,,PLRMLVLFLLGTVFLLCPYWGELHDPIKATELCVMNVK
ARIYADF,0,,PLRMLSKRGCHARIYADFPIRRLISQRSSLETLEDIEEN
IERFFKL,0,,PLRLVSNVGGDGEEIERFFKLHQEDQACATCLILACSTA
RKSFVPL,0,,PLRTDEGIEEEIPDSPVLKSMIKKRNKRIRKSFVPLKY
EVLFKSI,0,,PLRLMLDNWKLGEVLFKSINSCS
GREYIKV,0,,PLRLMLRCTKGREYIKVVMQNGRMMGAVLIGETDLEETF
PAAFAFL,0,,PLRMMSSRRHPAAFAFLVHLSLYLSRSLTSAGQPF
LDSYEFL,0,,PLRLMTKVNKQKLFEKSTGLPHKASRHLDSYEFLKAILN
GKWFDKW,0,,PLRLNDRVFEERRALLGKWFDKWTDSQRRRILTGLLERC
VALFILY,0,,PLRLTEFGINVALFILYMAAALSM
SGTFRLI,0,,PLRLNGRISYYSTPIAVGTVIRYSCSGTFRLIGEKSLLC
LDGFNDI,0,,PLRLNLDGFNDIVIGAPLEDDHGGAVYIYHGSGKTIRKE
TTAYSRL,0,,PLRLNISEKLTLLPTLYEIHSKTTAYSRLNETHLLTFS
AQRYIFV,0,,PLRLNLVKRMKIKTGKALNLGYALDYAQRYIFVKSAGSR
AKCYQLL,0,,PLRMNRFKNALNSCDPWVQAKCYQLLLSVFQHSNRALST
LNRYMEY,0,,PLRLNRYMEYAISTSPFTSNETNIIEVVASSEVGRYVAK
VRRFQVV,0,,PLRLTSQPGKEVVKQLEEGLKDTDLARVRRFQVVEVTKG
MKAFDLI,0,,PLRMPDSWDKDVYPEPPRRTPVQPNPIVYMMKAFDLIVD
GSRFYFW,0,,PLRLPENPYHSRPRPDPSPEIEGDLQPATHGSRFYFWTK
PAAWSTF,0,,PLRLPAAWSTFAYSLRPSRSPLRALIEMVVAREPSASLG
VLSWEPV,0,,PLRLPAPQHPKIRLYNAEQVLSWEPVALSNSTRPVVYQV
LYGFSAL,0,,PLRLPTVPSDHLPNLYGFSALHAVT
TKEYSHI,0,,PLRLPIHCVCVTKEYSHILVGLEDGKLIVVGVGKPAEMR
GRNYIVV,0,,PLRLTKKHGRNYIVVDERRAVEELLECLDLEKSSCCMGY
APVFLSY,0,,PLRLPLIAEVEQLPEGRASPVAAPVFLSYSEPEGSAGPS
RLRYNRL,0,,PLRLRYNRLSAIPRSLAKCSALEELNLENNNISTLPESL
GEDYFAL,0,,PLRQPNSSLEANLVVDTVSHLSRIGEDYFALNKLTAKKT
AGRYYRL,0,,PLRLPPACTRAERREVERVVVDALSGLKGDLAGRYYRLS
QGIYLII,0,,PLRMPQGIYLIISGMAILHSLSPTFGIESNQRCDRGSSD
PESFPEL,0,,PLRLTRLPESFPELQNLTCLSVNDISLQSLPENIGNLYN
AEKFVFF,0,,PLRMPSETLWEIAKAEVEKRGINGSEGDGAEIAEKFVFF
RPSFTEL,0,,PLRRPSFTELREDLENTLKALPPAQEPDEILYVNMDEGG
SAPWGGL,0,,PLRMPTATGLTLLTSASSAISDPGGEVSAPWGGLRTWTQ
AESFMHV,0,,PLRLPVPLRAHSTLQDEAESFMHVQLEVMVKHPPAEPSR
TDLWAAV,0,,PLRMPWSSRGALLRDLVLGVLGTAAFLLDLGTDLWAAVQ
VQLWLCV,0,,PLRMPYASDYGRRLAQTSQVQLWLCVCLHVFFCMPLCVD
VSIYLPV,0,,PLRLQEPVVPDPDVSIYLPVLKTMKSVVEKMKNISNHL
CRAFSAL,0,,PLRPSGPESSVNMDLYSGAQRVCRAFSALVDQIALPNLK
EKLFQIV,0,,PLRPQFKSHNTNEVLEKLFQIVPGENPYRFRDPHQCRRC
PVLWGLI,0,,PLRMQKIMHISVLLSPVLWGLIFGVSSNSIQIGGLFPRG
QDAFVVI,0,,PLRLQQDAFVVIGRDTRPSSEKLSQSVIDGVTVLGGQFH
QRKYLKI,0,,PLRLQRCFGHNFRSHLHQRKYLKIMPVHLLMLLLYIWQV
SALYSNL,0,,PLRLQRENERNLFSRQKAPLASFNHSSALYSNLSGHRGS
PLMYEWY,0,,PLRPQSHIQQICETILTSGENLARKRNFTAKSPLMYEWY
KPKFDML,0,,PLRMRAQEDLEGRTQHETTRDPSTPLPTKPKFDMLYKID
TLVFQGY,0,,PLRMRDEVAEKEKADINVTLVFQGYENTPIMVCVDGIVS
VCAFVIV,0,,PLRLRNSATGYRQSPDGACSVPSARTMVVCAFVIVVAVS
GTHYEFL,0,,PLRLRESEESIGTHYEFLQPLQKLLNVSEECSYSDPSES
SDGFWTF,0,,PLRLREDSRLHYSVTLSDGFWTFRTATFSTDGILTSVNH
CGDFDSF,0,,PLRMRENVPGEKKPQNGIPLPPQIFNEEQYCGDFDSFFS
LAAYSFV,0,,PLRMRLPLSHSPEHVEMALLSNILAAYSFVSENPERAAL
LLCWPVL,0,,PLRMRGLLCWPVLLLLLQPWETQLQLTGPRCHTGPLDLV
EHRYPVV,0,,PLRLRLLEHRYPVVMAREAAPSSPAGCALATWRRRPPS
GALFAAL,0,,PLRLRTLLARQLVFFAGALFAALLVLTVYDEDVLWST
CVGFLSI,0,,PLRPSPSCVGFLSISSSESSQLVVTRQLIQSSSRVVAS
GRPFTTL,0,,PLRLRRLQSGPTSPGEDRQAGRPFTTLCYTTNSVRVPV
SSSWRVF,0,,PLRMRSLGANMAAALRAAGVLLRDPLASSSWRVFSHGV
LQQFPDI,0,,PLRQMHVLSYSLCPDLMEIALKKKDVQLLQLCLQQFPDI
NWVYKIL,0,,PLRLSEALKSLRSGPKSKNWVYKILGGFAPEHKEPTLPT
VHLFDTF,0,,PLRLSENKEEPVKLAVVCRDGQVHLFDTF
VANFLAL,0,,PLRLSFYCTGCRLRSTDLIVKHLIVANFLALRCKGVPHT
EAGFPEV,0,,PLRLSGRDAAQLAEEAGFPEVARMVRESHGETRSPENRS
CGPFSAL,0,,PLRMSGSHTPACGPFSALTPSIWPQEILAKYTQKEESAE
CPSWTPL,0,,PLRMRTVCTERPARTRFHATRHLSCSQPCPSWTPLRLRD
EHYFSPV,0,,PLRMSCKKQRSRKHSVNEKCNMKIEHYFSPVSKEQQNNC
ELGWGTL,0,,PLRLSGAAELGWGTLQVVGPEQRLAPHLTALPRTPPSSG
DIQFRLV,0,,PLRSSDEDIQFRLVTRFVNEAVMCLQEGILATPAEGDIG
MIRFTSW,0,,PLRLSKTMLPEATLLIMIRFTSWQTCKPLLKCPSLVTLL
KKAFALF,0,,PLRMSLINPSSSLKAELDGSTKKKYSFAKKKAFALFVKT
RGLFIPF,0,,PLRLSMEPTTKRGLFIPFSVSSVTHKGIPMAASNLSVNY
PEYFDGL,0,,PLRPSQSSGIIMTRDENVPPIVEFGPEYFDGLIIKSGES
PKRYHNL,0,,PLRLSQVGWLHCSHLSLKVFIPKRYHNLLRLLNLKCSKL
SRHYQDV,0,,PLRLSRHYQDVSCLQFTGDSSHFISGGKDCLVLVWSLCI
NKLYTSV,0,,PLRLSRKCNEDKDLPNKLYTSVAYGAEDVAKESFRLCLH
IEGFLLL,0,,PLRMSRKIEGFLLLLLFGYEATLGLRLPRMKARTRGTK
VCPWAAV,0,,PLRMSRTGLPVCPWAAVSPVARRRGEQNPAASGAAWGWM
GPSFESY,0,,PLRLSSAHKVSGMASRLLGPSFESYLLPELTVMTVR
TIRFTSV,0,,PLRQSSLLSSLSGSHSGESLPLSSGNQITIRFTSVGPIT
VSQFKMV,0,,PLRMSSNSDTGDLQESLKHGLTPIVSQFKMVNYSYDEDL
KRIFEKY,0,,PLRMSTKKSPEELKRIFEKYAAKEGDPDQLSKDELKLLI
TSTWSRV,0,,PLRLSVKMMPAGCTQGHRTTSTWSRVSRA
PRVFQHL,0,,PLRLTKLNLGKNSLTHISPRVFQHLGNLQVLRLYENRP
STEFMGV,0,,PLRLTLEPHGDSTEFMGVNMDVIRALLIFLEKRLHKTHR
EDIWEEI,0,,PLRLTEGHCLIVPLQHHRAATLLDEDIWEEIQMFRKSLV
KNYFSQV,0,,PLRLTSIEEGYERSFIHKIKHKHILAKNYFSQVPVLASF
DSYFVDL,0,,PLRLTSRGVCVCISTAFEGNLLDSYFVDLVIQKPLRIHH
ISNFDNI,0,,PLRTQISNFDNISKLSEQVVLTSISTLPAANGAGPLQNW
VTVWELI,0,,PLRVTVWELISSEYFTAEQRQELLRQFRTGKVTVEKVIK
MLEYVPV,0,,PLRMVADMLEYVPVKKDLRLTAGTGQITACLFPDHGSL
TTPFKVV,0,,PLRMVDSSTLAGLEPGTTPFKVVSPLTEAVLGETLLTVT
PVPFLVL,0,,PLRMVLLWPCPCPVPFLVLPCFWPCPVHVLDLTLALDLP
LDIYNNL,0,,PLRLVNLFQQGGRELDIYNNLRQTPLHLAVITTLPSVVR
APYFYDL,0,,PLRMVKMSREVQVFEITENSAKLHWERAEPPAPYFYDLT
SKLYIVI,0,,PLRLVSSTILVVKIRKNTWASHSSKLYIVIMVTIIIFLI
LDSFLPI,0,,PLRLVTHLDSFLPICRVNDFETADILCPKAKRTSRFLSG
PLHFLLL,0,,PLRLVSIISKTVVLGLALRREGPAPLHFLLLTDTPRFAL
KMLFLGI,0,,PLRMWLPQLSPSVKMLFLGIQLPCCEKAQGTAETTCGCS
VMSFVNL,0,,PLRPLASLQDSHFLTDADMVMSFVNLVEHDKEFFHPRYH
TSIFAQI,0,,PLRRWPGTKKTFEGTMTSIFAQIISVALILIFDSGVDLN
DDLFPHL,0,,PLRLYASTGDLLDLEKDDLFPHLDDILQHVNGLQEVVDD
LRMYDNV,0,,PLRMYDNVNKLNASLQETSVSISSTKGMFPGSLAHTTTK
LRLYEVY,0,,PLRLYEVYSSSAGPAVRHKCLRAILRIIYFADAELLKDV
LRLYIII,0,,PLRLYIIIGALCVAFILMLIILIVGICRISRIEYQGSSR
NMPYNIY,0,,PLRRVVELQLEDNPWNCSCDLLPLKAWLENMPYNIYIGE
LRSWDAL,0,,PLRSWDALSQTKAALRHIENKLEVAPTSTAVCDSVMDTK
LPLWSAL,0,,PLRMAAALALVAGVLSGAVLPLWSALPQYKKKITDRCFH
LREFVAV,0,,PLRMAAERQEALREFVAVTGAEEDRARFFLESAGWDLQI
LRMYPTY,0,,PLRMYPTYGNGDPQNFKLSQDDIKGIQKLYGKRSNSRKK
LRMYVLY,0,,PLRMYVLYPGAVISSLVSQSLVKVFLCMNNCSNGSFFAE
RWMYMFL,0,,PLRMAANSSFLGSVCSLFVVRVALKGLGDSPFRWMYMFL
PPSYRKF,0,,PLRMAAPEAPPLDRVFRTTWLSTECDSHPLPPSYRKFLF
LREFLQL,0,,PLRMAEGEEEGGDVLISVGHANVLGYTLREFLQLLQHIT
GFEYADV,0,,PLRVAFSLACIVLGNDVLQKDLHENEGFEYADVLYLLHS
QWCFSQV,0,,PLRMAGAGGGGCPAGGNDFQWCFSQVKGAIDEDVAEADI
LEQFILL,0,,PLRMAGEQKPSSNLLEQFILLAKGTSGSALTALISQVLE
LLGFLPL,0,,PLRNVVCLMLKDPPPLTALLGFLPLKRNEHGNPLKGIFK
GATWGRL,0,,PLRMALLSTVRGATWGRLVTRHFSHAARHGERPGGEELT
GVLFLLL,0,,PLRMAQTPSVIILIRTVSPELKSYALGVLFLLLRLLGFI
SGMFVTF,0,,PLRQSCSVPPLVEDEEFSESGMFVTFLMSALESMGLAHL
PPIFEGL,0,,PLRMATLGFVTPEAPFESSKPPIFEGLSPTVYSNPEGFK
MEEFRNF,0,,PLRMASESETLNPSARITTFYPTMEEFRNFSVTLPTLN
LLNWEEF,0,,PLRMALLTPQGVKEVFQLQRPQGRERLRRLLNWEEFNEQ
DDSFMAV,0,,PLRMASSSDSEDDSFMAVDQEETVLEGTMDQDEEPHPVF
QWPYRAV,0,,PLRMAVAHALTEKSKAMTGVEQWPYRAVAQALEVIPRTL
GLYFSCL,0,,PLRMAVRWTWAGKRLPAAGVFNSGLYLRGALGLYFSCLR
SAPWCTV,0,,PLRMCVHPPCTGSPCPFCGSLVSSRSAPWCTVPMSMAM
GCAFTLL,0,,PLRMGPAGCAFTLLLLLGSCLHSFPKKKELQSVCGQPVY
KENWAIL,0,,PLRMDEDIEDLDHCEMKEEPTSEKKLEDEGTEKENWAIL
PDSYIGI,0,,PLRMDPMELRNVNIEPDDESSSGESAPDSYIGIGNSEKA
RRRWPVV,0,,PLRMDRNPSPPPPPGRDKERRRRWPVVTALGARLQQTL
QEEWEKV,0,,PLRMDGGDDGNLIIKKRFVSEAELDERRKRRQEEWEKVR
PRDFPGI,0,,PLRMDGKQGGMDGSKPAGPRDFPGIRLLSNPLMGDAVSD
ASFYSKL,0,,PLRMDISADRVKVEGELQLIQALQNEVVSQASFYSKLLQ
TSAWPLY,0,,PLRMDTRNKAQLLVLLTLLSVLFSQTSAWPLYRAPSALR
EMDYKQW,0,,PLRMEMDYKQWIVDFVNQSLLQLSTCDVESKRYERTEFA
LPSYSQV,0,,PLRMENHKDSNLPSYSQVVLPQLCVAPPGPAPGSAGPA
LAGFTLL,0,,PLRMFVPCGESAPDLAGFTLLMPAVSVGNVGQLAMDLII
LRMFVPV,0,,PLRMFVPVSLVLDRKDALLMLAMLVEPLWSFSDMHRVGK
LRVFIRL,0,,PLRVFIRLHQDYKGGLCGNFDDNAINDFATRSRSVV
KLPFLLI,0,,PLRMLKMMGQLFISTIRKSKLPFLLIPLQLLVMQKPNQ
RVWFPDV,0,,PLRMEEVLIPDEDYSLDEIHTEVSKYLGRVWFPDVMPLW
PGPFQFV,0,,PLRMGASPEGPRPSSWACTPGPFQFVSAAVARLRLCR
RGPFPGV,0,,PLRMGGKQSTAARSRGPFPGVSTDDSAVPPPGGAPHFGH
GSLFSLW,0,,PLRMGSLFSLWLSTRPATRTMTFGWHRSETLGALASVVS
GTAWSTL,0,,PLRMGTAWSTLFQAQGTLPPMQMAAGTKGQHSASLLLAC
IKPYQTL,0,,PLRMNCGIRGSEMFAEMDLRAIKPYQTLIKEVGQRHCVD
AAFYLAL,0,,PLRMQEVLQRKALLAFQRAHSLSPTDHQAAFYLALQLAI
MNPYHNL,0,,PLRMNPYHNLESGMANLLKPIDDFCTKFFVGTEEGEVIY
VLHFTRL,0,,PLRMKGERERTREGSEAIQGSAMGSQRTALVLHFTRLA
QHIFAFF,0,,PLRMQHIFAFFCTGFLGAVVGANFPNNIQIGGLFPNQQS
VTEFILL,0,,PLRMKIANNTVVTEFILLGLTQSQWSLC
LQLFPCF,0,,PLRMKQAGFPLGILLLFWVHMLQLFPCFID
KATWYTL,0,,PLRMKQLPVLEPGDKPRKATWYTLTVPGDSPCARVGHSC
LDFFQAL,0,,PLRMLDFFQALVVTGTNNLGTWICCAC
LGVYSLV,0,,PLRMLEGSWINRKEDKLGVYSLVHFSPKMLGSVATTLPL
PFNFQPI,0,,PLRMLMQIKMDNHPFNFQPILASHSMTRDSTKPKKMTDT
PTLYSII,0,,PLRMIPTLYSIIFVVGFLVTAWW
DSFFCDL,0,,PLRMISWAVSLVHTLSQLSFTVNLPFCGPNVVDSFFCDL
AVVFGWI,0,,PLRMITGNMALIQVQATVVGFLASIAAVVFGWIPDGHFS
KPSFVSY,0,,PLRMLGKGVVGGGGGTKAPKPSFVSYVRPEEIHTNEKEV
RNGFTAL,0,,PLRMLKGLRPSRLTRNGFTALHLAVYKDNAELITSLLHS
STEYHRV,0,,PLRMNKNTSTEYHRVCLKRILPFR
TPYYSHV,0,,PLRMMPCHSTPYYSHVHCPLPMRFLQCPPDLTGKSHYLD
TRLWINL,0,,PLRMNAEFITSEPCTFPQPTGHQATRLWINLLPVQLLQA
PGPWLLL,0,,PLRMPGPWLLLALALTLNLTGVPGGRAQPEAAQQEAVTA
VRLYQRW,0,,PLRMTDMKVECHHVRLYQRWKTKHCGEEPPL
IKAFGIL,0,,PLRMPTPVIKAFGILKRAAAEVNQDYGLDPKIANAIMKA
RGLFPAI,0,,PLRMRGGVLLVLLLCVAAQCRQRGLFPAILNLASNAHIS
RGQFGWV,0,,PLRMRGQFGWVSNWQTRPQKQRSSLIQFR
CLTFLLL,0,,PLRMQSVQSTSFCLRKQCLCLTFLLLHLLGQVAATQRCP
EEWFHQV,0,,PLRMQSREEEWFHQVRRVMTILFLTMVISYFGCMKAAPM
LAGFLSW,0,,PLRMQKVTLGLLVFLAGFLSWTPMTWKIKTVLSTMTGT
MSLYPSL,0,,PLRMSLYPSLEDLKVDKVIQAQTAFSANPANPAILSEAS
AGEFSDI,0,,PLRMSRSLDSARSFLERLEARGGREGAVLAGEFSDIQAC
GASWMSV,0,,PLRMSHWAPEWKRAEANPRDLGASWMSVAAVAVAGVAL
SFSYEPY,0,,PLRMSSFSYEPYYSTSYKRRYVETPRVHISVRSGYSTAR
LQDFPAL,0,,PLRMSSGAPQKSSPMASGAEETPGFLDTLLQDFPALLNP
LLGFAIF,0,,PLRMTIALLGFAIFLLHCATCEKPLEGILSSSAWHFTHS
SMSYNLL,0,,PLRMTNKCLLQIALLLCFSTTALSMSYNLLGFLQHSSNF
VSCYIDY,0,,PLRMTTRSLNTHDVAAPLSPHSQEVSCYIDYNISMPAQN
LLLFGTV,0,,PLRMVDMDKLINNLEVQLIQKVAQCRYSSRSLLLFGTV
TQPWEHV,0,,PLRMWLQSLLLLGTVACSISAPARSPSPSTQPWEHVNAI
REDYDQF,0,,PLRNALHLASEREAISRLKDRPPLRAREDYDQFMRQRSF
TEKFYML,0,,PLRNEQAAEFLFNQCICIHLKSNTEKFYMLCLMTRKLFA
NLHYPLL,0,,PLRYDEHISNFHSKLKKENPDIYEENLHYPLLLILTKHG
QVSFNTI,0,,PLRNDGKNAEQVSFNTIVIESVVECPRNCHGNGESFLV
PLRYCEV,0,,PLRYCEVDIDECQSSPCVNGGVCKDRVNGFSCTCPSGFS
PLRYEDL,0,,PLRYEDLCTGALKSFALEVFYQTQGRLHPNLRRAIQQIL
DMLYMTW,0,,PLRNEDFIKDCVRIHNKFRSEVKPTASDMLYMTWDPALV
VDKYRKL,0,,PLRNEVLLKHEVDKYRKLFQSKQQTARKSISIKTVSCVE
ESLFDLL,0,,PLRNESLFDLLSTLPYVGPSVTPMTIVENPQGVFIKGLS
ETLYGFV,0,,PLRNDAPPGGSKETWGLQETLYGFVQNPSLAFSPNPEEN
KVCYVDY,0,,PLRNAEEDAWLRAQVISTEENKIKVCYVDYGFSENVEKS
LRNYPTL,0,,PLRNYPTLMGNYNGQNTASLSVFIPPYFAEKIILTEMPG
RYSFEMV,0,,PLRNGEVRYSFEMVQPDFELHAISGEITNTHQFDRESLM
RAKYNEV,0,,PLRNGRGNTSGSHIVNHLVRAKYNEVTLHKDGPLGETVL
KVAFSSL,0,,PLRNGPSFQTAFGKTEQTVKVAFSSLNLLLQTQALVASI
EIPWLQY,0,,PLRNGSNYLEEVREPSLQEEQASLEEGEIPWLQYHENDS
LEIFDGL,0,,PLRNIVKGDKESIKNLLEIFDGLLEYLTERISETSHEKS
PLRYIAL,0,,PLRYIALPLTLLVLLAGYNHDKLIPLLLQLKAGCRVSA
IRTFSTL,0,,PLRNLLKNTPSISEEQIRTFSTLKTKGNMKIKKLLVSV
TVKYYEL,0,,PLRYIMALREEYFDPSIVGWTVKYYELEEKIVSLIKNLI
EDIFGEL,0,,PLRNITLANVIRQLGSLSKYAEDIFGELFTQANTFASRV
QKVFDGV,0,,PLRNKVLLRVRMLYYLKQEVIGNECQKVFDGVDASDIDV
EATYGTV,0,,PLRNLEATYGTVRTGNRTLFEDRDSDSQDEVVVESLPTT
PLRYLFV,0,,PLRYLFVITNNTNQGLQAWKIEDIPANKMSIAWQLPQYA
LLDFKSI,0,,PLRYLLDFKSIDDEVVEQRSGSSTPQRSCSAAGLHRPHS
VAIFGGV,0,,PLRNLLLSVSKDHALRLWNIQTDTLVAIFGGVEGHRDEV
TQLYGFL,0,,PLRNLNKLLENEQVQKLFVKTQLYGFLKEMGSEVSEDSE
AKHFVPL,0,,PLRYLPSERVFLFGAETSQAQRKWTEAIAKHFVPLFAEN
EKCFQRV,0,,PLRYLQAEKCFQRVLRKIPKLQNIITNLV
KAQYYLY,0,,PLRNPQKAQYYLYRAKSRQLLQNIFGARQDVATVLLLNH
RNLWSTY,0,,PLRNLWSTYAHAGAFVEKKGVPSVPVAEESRASTLPYVP
VIVFNGI,0,,PLRNNLRLATHPSCNNEHVIVFNGIRSNSPQLEKLCSSV
EINFQAF,0,,PLRNKDDYLRASRALLREIIKQTKHEINFQAFCLGLMQE
VTLYHQF,0,,PLRNNNQTSVTLYHQFYQMRLVLLPWLQQVAW
GPEFNRV,0,,PLRNPRAYTLPISKEESRLSRLATKSHYSSTGPEFNRVL
RSPYEAF,0,,PLRSPYEAFIVENLPGGSRVIQIRASDADSGTNGQVMYS
GDNFEVW,0,,PLRNQDPLGKQGYQLRQGDNFEVWERPLSGLAWAVAMIN
VKVFGKF,0,,PLRNQCLSATQNKTFQTHKCVKVFGKFSNSNRHKTRHTG
IGRFLGL,0,,PLRNQEDEEDAHAGIIGRFLGLQSHDHHPPRANSRTKLL
TSNFSDY,0,,PLRNQPMEIKVLGPYTFSICDTSNFSDYIRGGIVSQVKV
TRSWAPV,0,,PLRNQRLEAVWRGGALSWSSGGGWTRSWAPVPRRCLLQ
RKLYVEL,0,,PLRTRKLYVELKSSPQPHLVPFLKKSVVALRQLLPNSQS
IHLYSEL,0,,PLRNRNVTLTLAEEASQEPEMAPLGPKGLIHLYSELELS
KDAFPPL,0,,PLRNSEEESDPPTYKDAFPPLPEKAACLESAQEPAGAWG
GGSYCKL,0,,PLRNSVAEFDSHSGGSYCKLRSMIQPHGVSDQEKLSLDP
RNSYAGL,0,,PLRNSYAGLDPSNQIGSGSSRLGTAATIKGDTDTAKTSD
PLRYTAI,0,,PLRYTAINFVATPDEQNRDLDMFINASKNFNLNITWAAS
DAEYTVV,0,,PLRYTFESDKGLYQLTINSVTTDDDAEYTVVARNKYGED
RSTWSTF,0,,PLRNTGGRKVSGTMYNTGRHVSFAWTRSTWSTFLVGR
KLHFGQI,0,,PLRNTRDAVKLHFGQITQHVHSFS
VSGYPTL,0,,PLRNTNTCNKYGVSGYPTLKIFRDGEEAGAYDGPRTADG
HFNFAIV,0,,PLRYTWMDATLKELTSLVKEVYPEARKKGTHFNFAIVFT
EQVYHGL,0,,PLRNVEVSSGNSEVEDRPQDPLARLRHKELQMEQVYHGL
PLRYVLL,0,,PLRYVLLEVHYDNPTYEEGLIDNSGLRLFYTMDIRKYDA
KHSYGKL,0,,PLRYVSNGSVYFDTAKFASSEKHSYGKLVPEAVGDQKAL
KFPFKTL,0,,PLRYYPDDNGIYNQKFPFKTLAMVTSFLTNICISYLAKY
GTPWCVV,0,,PLRSVATAPIPGTPWCVVWTGDERVFFYNPTTRLSMWDR
IFQWHLF,0,,PLRPDLAIFQWHLFHHEFLRQSDGATLFQNNHSETFSPN
GPQFSGL,0,,PLRPAQGPQFSGLVSSLPPGVPCPEWSTAWGPCSTTCGL
VEAFFLV,0,,PLRPAVEAFFLVHATERESKPPVRDTRESQLAHIKDEPP
QDQFVDI,0,,PLRPCNEKLIQDQFVDISFPSQVVNTNMQSVQLNTEDTV
ESKYQCI,0,,PLRPCKSKSLGDLTSEDIACNFESKYQCISKSFVTTGIR
DRGFKVW,0,,PLRPWRAGTLISASEDRGFKVWDHCTGSLIYSSSVLSAY
SLCYPRV,0,,PLRPDGTEVADKAAYLTSLNSADLLKSLCYPRVKVGNEF
KAKFENF,0,,PLRPDIAWYKKGGDLPSDKAKFENFNKALRITNVSEEDS
QRKFILV,0,,PLRPDPQAMFDIEYFRKDHVHSSSLQRKFILVNSSHLS
CEKFLGI,0,,PLRPDTTISLSQCEKFLGIGNKKAFWGTEKFEDKMGTYS
QASFLCL,0,,PLRPARRERQASFLCLLRGCGPEPHSPGLAHARGALGDR
HTAWIPF,0,,PLRPATEPPQLPGRCPESDHTAWIPFHGHCYYIESSYTR
DADWLEL,0,,PLRQEGILSMKVTRKGSVISTLDADWLELTTFYYKQGLS
DGIFETF,0,,PLRPESFDLSWMATDGIFETFTIEIIDSNRLLETVEYNI
VLRFLKF,0,,PLRTENPDNCAEKLGCVLRFLKFLVKLIHWKKNLFTNC
QQLFYRY,0,,PLRPQTTEKISPNWESGINVDLAISTRQYHLQQLFYRYG
LRIWRDY,0,,PLRRFAKERRLRIWRDYVAPTANLDQKDKQFVAKVMQVL
TMAYMHI,0,,PLRPFTQAEMCLPCCSPQQGSLQLSSSEGGASTMAYMHI
LRPFTRV,0,,PLRPFTRVHPYETKEFIINDILKHFQEELLSQAARILGS
PALWSLL,0,,PLRPGDPALWSLLSRVVAQYAQRNAKGGVVAGNVAHILD
ITGFTCL,0,,PLRPGLLVKRDFITGFTCLHWAAKHGRQELLAMLVNFAN
DVFYQQL,0,,PLRPGLVLFQLSAAGDVFYQQLRPQVDSSLRRDAGPPGD
LDKFSNI,0,,PLRPGMDVLPSHCWISEMVVQLSDSLTDLLDKFSNISEG
HGVFSGL,0,,PLRQGNLVVSSLWSFTFGHGVFSGLRIFDVRFQGERIAY
LAVWNAL,0,,PLRPGYYYRDDSLAVWNALEKYVTEIITYYYPSDAAVEG
TYLWEKL,0,,PLRPHCQIQGSQDIGSDVILLCSSEEGIPRPTYLWEKLD
MSLYRSL,0,,PLRPHHFMMSLYRSLAGRAPAGAAAVSASGHGRADTITG
KPSYNQL,0,,PLRPNLFKTPQRKPSYNQLASTPIIFKEQGLTLPLYQSP
IRIFQVL,0,,PLRPGGIVKVYSFKIHEHETALFIIRIFQVLKLKPNLL
GYQYKRL,0,,PLRPGGQINPNSGYQYKRLEECLPTGVYECNKRCKCDPN
RGPYDTF,0,,PLRPHQGSGLGPGTYFFKSDLETYVARSVGTRGPYDTFS
EGGFEKF,0,,PLRTICLSWKLSEGGFEKFQISYCMPSRQEKLIKVIVYG
LLLYENY,0,,PLRPKDQEEWKRRTGLLLYENYGQSETGLICATYWGMKI
LERFPIF,0,,PLRPKIQSIYLERFPIFKACFSANGEEVLATSTHSKVLY
KTGYGEL,0,,PLRPKKKTGYGELNGNAGEREISLKNLSSDEATNPISRV
DLCYNYL,0,,PLRSKLQTNAMDGLVNLTMLDLCYNYLHDSLLKDKIFAK
PDLYEKF,0,,PLRSKSPWLRKNGVKKIDPDLYEKFISHRFGEEILYRID
DLVYADL,0,,PLRPLKTTTCLEDGIRNGSCSSDGLLDLVYADLGTLSRL
KVLFKKL,0,,PLRPSKVLFKKLLNKIRSQKSLWTIKSMSEDESEMITTV
DTAYRVV,0,,PLRPLLNAIQQGCRAPPYLGRVGVADEGRTDTAYRVVAD
NQIFSNL,0,,PLRPLPESPVGLDYSNPWHSSYVQARNQIFSNLHIIHLT
MTPYPIY,0,,PLRPLQSRVWQTKSHALKVIAATWCLSFTIMTPYPIYSN
GGHFTFL,0,,PLRRLSQQGSAQSTAGGSFLQAAAPLVTLIIGGHFTFLG
EKYYGAV,0,,PLRTNEVGEVETSSKLLLQATPQFHPGYPLKEKYYGAVG
NTAYSAW,0,,PLRPNGIVSTGYSNTAYSAWDRPSYDSSLKPGKIDHLS
VLHYGDL,0,,PLRPNHKVLHYGDLEESPQGEVPHDSLQDKLPVADIKAV
KLTFLDL,0,,PLRSLELCVLQKLTFLDLRNNFLNSLPEEMESLVRLQTI
QAHFALF,0,,PLRPNIIMSDADMDWAVEQAHFALFFNQGQCCCAGSRTF
LRPYVII,0,,PLRPYVIIYGTPGVPLIQLVRRPVEVLQDPTLRLMLLT
SAQYETL,0,,PLRPSAVNQAAPHQQNRIWEREPAPLLSAQYETLSDSDD
TTAFSGI,0,,PLRPPLSTPNQTTAFSGIGGLSSQLPVGGLGTGSLTGIG
VSVFYSV,0,,PLRSDAPSILDLLVSVFYSVAPPTLNPVIYCLKNKDIKS
DFTYPSL,0,,PLRPPRRQNEEVSISLDFTYPSLEESIPSKPAAQTPPAS
ITIYHLI,0,,PLRPQCTPPSVLPSDITIYHLIQSLSPFDPSRLFGWQSA
PGDFDVL,0,,PLRPTSPTEYQMALSPPASRGKLPGDFDVLPTGIPGRAV
LSCWSSL,0,,PLRPQKIAVNSMVLSCWSSLWLLSCSMG
RYVFEAV,0,,PLRPQKLKEVISLEKLNVGNERYVFEAVIRWIAHDTEIR
TLDFLDI,0,,PLRPQMQLNLTLYTLDFLDILRNQTTTSAEHFTGKKNRP
IENWKFF,0,,PLRPQTLNLTAVNEAVLIENWKFFVRMALILLSMKMLQ
LRPWDSI,0,,PLRPWDSIKLTFEATGPSHMSFYVRAHKGSTLSQWSLGN
TTVFQMV,0,,PLRPSFQSPVKISEIMRSNGFCLANTETIVLTTVFQMV
VETYSAI,0,,PLRPRPDFAVETYSAISQEDLLMRLLECDVIIYNITESS
QKVFLWV,0,,PLRQRPPVDEVLREGHINLSGLSCVHTLCSQQKVFLWV
QKLFDLL,0,,PLRPSAVKVDCLNINCNPVKTVIDDLIQKLFDLLVLSLK
VMRFLHF,0,,PLRPSDVKARQAIVLLGVKKSLGGVMRFLHFSY
IAPWPHV,0,,PLRRASAPCCSRAALGHGQPHPIAPWPHVVRTMRKRAL
AEEWKHL,0,,PLRRQEEVIDHKLTEREWAEEWKHLNNLLNCIMDMVEKT
KCPWKEY,0,,PLRSKCPWKEYKSDSGKPYYYNSQTKESRWAKPKELEDL
VVCFDPL,0,,PLRSSYSTCVLVSEENKDAIITAKEKRGKYVVCFDPLDG
KVSYASL,0,,PLRPTDGSTICKVSYASLADVDKAVAAAKDAFENGEWGR
KNSFHNY,0,,PLRPTNENPRPLSFQSELTASASVDYEEQKNSFHNYLK
LLCWHRL,0,,PLRPTVDISQILLGPSVLLCWHRLKKYFFKSHT
AKDFLHI,0,,PLRVAFAVKTNVSYCGALDEDVPVPSTAISFDAKDFLHI
KDSFESI,0,,PLRPVIEVKNKHPVEVVYLSEAQKDSFESILRLIFEIHH
KPEFVSV,0,,PLRSVLRILQKPEFVSVRHLELAGENPSSDINCTKVLQG
RPWFKSV,0,,PLRPWFKSVEEFMDSSVEDSKKESSSDKKVLSAIINKTI
LRPYASL,0,,PLRPYASLFQSHSCKTKTSPCVLSDRGKAPDPQAGNFVL
VLGFSIL,0,,PLRPYGGALLNKDKILESIRQCGVALCIVLGFSILSASI
EKSYWKV,0,,PLRQALCLQPDGSCTGVGSQSEKSYWKVHKISSGICMFE
SSPYIQV,0,,PLRQELEASVQEGKLDRSSPYIQVLEEDWRQALRGPPGV
SGFFASL,0,,PLRQAPIDIPPDNPRHYGQSGFFASLCWQDQKSEKSFCE
QMGFDGF,0,,PLRQASLFAQMGFDGFFLGALIIKISGYGCRSWRWSRC
VTTFSSY,0,,PLRQCVPVHHRRFLSRSKVCVTTFSSYSASEQVRSALC
RARYIVL,0,,PLRQEKPKPTHKPTLTIKQKVIAWSRARYIVLVPVEGGE
TEDYRQF,0,,PLRQEALDYFSDKESGKQKFNDSEGDDTEETEDYRQFRK
ESSYTSV,0,,PLRQEAVPKSLGASESSYTSVNRGPPLDRAEVYSSKLQD
QALFTGW,0,,PLRQEFYDPMTPVNARYEFGQALFTGWAAASLCLLGGAL
SRVYSKL,0,,PLRQEGLKDSDLENSEGLSRVYSKLYKEAEKIKKWKVST
ILYYESL,0,,PLRQEHSRSILYYESLNKTLSKLKEVHEQLLSTEQVSDH
KEDFVQF,0,,PLRQEMFQISKEDFVQFTKAAKQSVLDGTSKWSAKITIT
EKTWLSL,0,,PLRQELPDSGALMLVPNRQLTADYFEKTWLSLKVAHQQL
GQTYSSV,0,,PLRQENFVLKILFCKQSDRGLYTCTASNLVGQTYSSVLA
EYLFERI,0,,PLRQEYLFERIKELSQGGCMSSFRWNRGGDFKGRKWDTD
LRQFQVL,0,,PLRQFQVLGQAFHKHLSSLTLVGAMRESFIQGCTVRNSF
SECYPVL,0,,PLRQFVYTASIPALLCNLGVTPIDGAPHRSYSECYPVLL
NGIFMKF,0,,PLRQGAEAFEIQHSGLANGIFMKFLKDRLLEDKKITVLL
HSRFNVY,0,,PLRQRCGGGLPGVKTLFLFPNQTGFPNKHSRFNVYCFRD
GLQFPGW,0,,PLRQGRPLWHYASSEVVIPRKETHHGKGLQFPGWLSHSL
EKPYFPI,0,,PLRQGSSTSSSPAPVEKPYFPICMRLLRVVSVLIKQFYS
QGTYLLV,0,,PLRQGTYLLVDPNEREERVMDGLLVIAMNKHREICTIQS
VCPFCRF,0,,PLRQGVIVCPFCRFETCLPDDEVSSLPDDNNILVNLTCG
GPTFIKV,0,,PLRQIEVEKTMFEKGPTFIKVRVVKDNHNFMIHLNDPK
RQHFLPL,0,,PLRQLRAAPGGCSASSPPGRGRTAQPEKFRQHFLPLVPF
KTKWADL,0,,PLRQIREEGLKWQKTKWADLPPIKKNFYKESTATSAMSK
KQLFKCI,0,,PLRQHLHITGNKVDILPKQLFKCIKLRTLNLGQNCITSF
PPPFLGL,0,,PLRQLNGLPATSKASRRVSSTRCPPPPFLGLSMSSSNTF
QHLYRSI,0,,PLRQIYPDESHYFTSSSLKQHLYRSIINFFVECFRIQDK
RQKFEKI,0,,PLRQKFEKISESAKQELIDFKTRRVAAFRKNLVELAELE
RAEYINF,0,,PLRQKRITKKNPKKAEKLERKKVYRAEYINFLENLKILE
IPTWFIF,0,,PLRQTVEKLSNIIFLFRLNSRIPTWFIF
DHLFDCF,0,,PLRQLDHLFDCFKASWTNASKKQREKLLELIRRLAEDDK
LQAYPAL,0,,PLRQLRKEEENASVIDSAELQAYPALVVEKMLKALKLNS
TQLFACW,0,,PLRQLHVPCGAQCQTQLFACWSAHGPSTTW
ADYFLGV,0,,PLRQLIAQKLYLQDDNDLREMHTILADYFLGVWSGGRRK
IAIFCLW,0,,PLRQLLASIPAAVYVIAIFCLWQATLQVMV
RFHYAAF,0,,PLRQLTEERRFHYAAFPSAMSHRNRSFSFNPHPGYLTPS
PSCYGNI,0,,PLRQLQNTSSIKPIEDKGEFSVPSCYGNIKNDNGSSSLT
VVQWKLY,0,,PLRQNFVFEEDRLHSIQIANHICHLIQKGNIVVQWKLYN
TMVYGLF,0,,PLRQNFEVPNRIIEIANKTPKISQLYKQASGTMVYGLFM
QNIWYFL,0,,PLRQNIWYFLDEYLFDIPRGIKSKSHFYSEEAINLLNPK
LPLYSLL,0,,PLRQPDASLPLHVLPLYSLLAPEKQAQVFKASTGGDSVV
SNSWQTV,0,,PLRQPGTPGTLPASAYIIEAFSQSVSNSWQTVANHVKTT
AIRYDAF,0,,PLRQTSPKHKGKISRMLAAKTVLAIRYDAFGEDSSSAMG
LRSWRIL,0,,PLRQQHLRTMNHQSRTLVLKNLINSNSLSLRSWRIL
ALPWEQV,0,,PLRQSCSEDPALPWEQVAVRLFDQESCIRSLEGSGKPPV
PLSYETL,0,,PLRQSRFHLTPLSYETLEFASGFASEQCPEGIVAISTNT
HCGWCVL,0,,PLRQYTSCELCLGSRDPHCGWCVLHSICSRRDACERADE
DRQFHSV,0,,PLRQSGRFDCSDRQFHSVAAAWQARLESPADVKELIPEF
KKLFAGI,0,,PLRQSHLKKLFAGINSVCFDEKSKHITAMKSLEGEVVPF
SNYFTTL,0,,PLRQSNYFTTLSNSVVNEPPRSYPSKEVSNIYGDKQSNA
LFPWAQI,0,,PLRQSIGLIQPFATNGKLFPWAQIRLPTAVVPLRYELSL
TEVWALL,0,,PLRQRGPRAIFPRTKFQINTPPRKMAPVYSPNTEVWALL
SKNFQRI,0,,PLRQRLGADVTAVEFLGHVGGVGIDMEISKNFQRILQKQ
RGKYRTI,0,,PLRQRLLSQSFLGSEGSHGRPGGPGPGTGRGKYRTISQI
CYNYPVI,0,,PLRQVVLWFSHSGLLPEGIDDSVQLSRLCYNYPVIQNYY
QPVFITV,0,,PLRQVVRQLEAEPGLPPVQPVFITVDPERDDVEAMARYV
CVIYHLL,0,,PLRTPSCVIYHLLPLCVMCAWVLPSLTRSGRSVFL
LLYYESI,0,,PLRRAESSRPEDIKDMTKDQIANEKVALQKALLYYESI
SVMYTPF,0,,PLRRAESFSVMYTPFATKIRADKIEKVKDAFTKTHPAYA
MEAFNLV,0,,PLRRAMEAFNLVRESEQLLSICQIPLLCWILCTSLKQEM
LAVFAAV,0,,PLRRAHGVYVFEQNHLAVFAAVHPPAPSVSSSVAAAHA
AQAYMKL,0,,PLRRAQAYMKLEDYEKALVDCEWALKCDEKCTKAYFHMG
PPSFESY,0,,PLRRAVLHLGLPPSFESYVQAVGRAGRDGQPAHCHLFLQ
RRGFLQV,0,,PLRRGFLQVFAPAVAAVFPPSARLFVAAAFCPGVCCLLI
ESVFQEL,0,,PLRRDNPFKRTNEIVEEQYTPQSLATLESVFQELGKLTG
LMCWRLV,0,,PLRSECMDPKRLAESSVDLNLKLMCWRLVPTLDLDKVVS
REQYENL,0,,PLRREQYENLKWTLERKLEELDGELALQRQELLLEFESK
PAVWVLL,0,,PLRRFLQTEDSWVPASPDTGLDPLTVRRHVPAVWVLLSR
LPTWQPV,0,,PLRRFPLPTWQPVTAVGEGLDRVWAYDVPEGGQAGEAAS
ESSWHSL,0,,PLRWGGRLGPRGREGLEYSDPAGAVCERESSWHSLAPPP
HNQYFLL,0,,PLRRGHKLQSCSSKALRDPLLHLCRLWISDHNQYFLLEL
KRGYEAF,0,,PLRRGKRGYEAFLKPWSSTTRNTSRCSRARNRPSAAP
TPPWRPL,0,,PLRRRWLQRPRKQTPPWRPLSCDSLVAAWPLPMTVVCRA
LSNFALI,0,,PLRRQSSLAFLTSLVLKSLSIIALSNFALILPMKNYNN
MRSYLDV,0,,PLRRMGISIQGSHVSDQLEMRSYLDVPRNKSLAIHNIQG
RMIWEPY,0,,PLRRMIWEPYTAAPGGEPPGAKAHNPGPSTAALEVMQDL
QTYFLPV,0,,PLRRKGKCAVIKTSTRQTYFLPVIGLVDAEKLKPGDLVG
ASRYIFL,0,,PLRRKRIEVVEELQVQILKLLLDNKDDNGGEASRYIFLT
DLSYQNI,0,,PLRRKLKQAINYSKSLDMEKGVENDLSYQNIGGNTNWKP
SDEFISL,0,,PLRRKNSNMSDEFISLSPGTPPST
DIFWKMV,0,,PLRRKQDIFWKMVQSRVGDSFYIRTHFELEPSPPSGLGF
SKVYNGI,0,,PLRSKVYNGILEKSCSMNQLSSGIPVPKPRHTSCSSAGN
IASFSGF,0,,PLRRLAANTIASFSGFRSSFRMDSSVEEDELMLNEGKSS
PWFFGAI,0,,PLRRRDGSSQQLQGYIPSNYVAEDRSLQAEPWFFGAIGR
VCLFSML,0,,PLRRLGQLGLKEGFPSAGKILVRLLVCLFSMLTMKIFH
LLRFFSV,0,,PLRRLRAVLKRSRIPMETLETWEERLLRFFSVSPQAVYT
RYEYDHW,0,,PLRRRYEYDHWDAAIHGFRETEKSRWSEASRAILQRVQV
RLLWTVV,0,,PLRRLLWTVVSEDIQSCRHVATKLIQGNEYIFRVSAVNH
CLCFARL,0,,PLRRLTHQDKKSVESTCLCFARLVDNFQHEENLLQQVAS
NQLFHAV,0,,PLRWMLKIARQLRVEKEREEYLAQQKQEQKNQLFHAVQR
NPLFAGI,0,,PLRRNFLKCSEDNPLFAGIDCEVFESRFPTTMALSVLVT
NEQYQKL,0,,PLRSNLSMNQTLEGHSGSVQVVTWNEQYQKLTTSDENGL
AKRFCQY,0,,PLRRNYLQDENENRTGTLQQLAKRFCQYVVKQSELKGTF
GVAYPAF,0,,PLRRSRLYHDGKNQPGVAYPAFLGPDEAFALPDSLLVVL
PLAFPPL,0,,PLRSQAAALESHPYGLPLAKRAAPLAFPPLGLTPSPTAS
MVEYSQY,0,,PLRRTKSQDPMAIFFTKGTTGAPKMVEYSQYGLGMGFSQ
KIRFKPF,0,,PLRRPMPQLTSIIVNQLKKIIKRKHTLPNYKIRFKPFFP
PLAWQAF,0,,PLRRQQIKDFTCNPLNSISEPKGNPLAWQAFESQPAAPA
KKYYDGW,0,,PLRRRFIKKYYDGWLICEEPTCRNRTRHLPLQFSRTGPL
RRRYGDI,0,,PLRRRYGDIEEAPPPPLLPDWCFEDDEDEDEDEDGKKES
LELFGQI,0,,PLRSSEQERTGLPRDMLEGQDSKLPSSVRSTLLELFGQI
RSHFKLF,0,,PLRRSHFKLFTSMADVTIQFQSDPGTSVLGYQQGFVIHF
LRSFTDL,0,,PLRRSKRSKNQENGPVCSLRDCLRSFTDLEELDETELYM
KKEYPAL,0,,PLRRTKVLSLAKRILRFKKEYPALQPKEPPPSLLEADLT
LRYFQCW,0,,PLRYFQCWAVMCCNVPEARVFKASRSNNFYLGMLLLILF
LRRWNVL,0,,PLRRWNVLGLQGALLTHFLQPIYLKSVTLGYLFSQGHLT
LRRYAYV,0,,PLRRYAYVRGGGDPWTNGSGLALCQRYYHRGHVDPANDT
QFGYPKL,0,,PLRRYGDQHGLRFALPARYQFGYPKLFQASRVKGYRPQG
EGRYRKY,0,,PLRYAAGYGGGYLRKAADEGPEGRYRKYAYEPAKAPVAD
IEVWPVL,0,,PLRSELQLRTLCIEVWPVLAVIGGVDAGLRVGGRCVHKQ
SRHFTAL,0,,PLRSAKVSRHFTALSGCEARAASASRLRQLQAWYRGPWY
AADFQDF,0,,PLRSADFTVPKFLQAEETINENAADFQDFEAEETNEGRH
HPFFLSL,0,,PLRSAEDAMKHPFFLSLGERIHKLPDTTSIFALKEIQLQ
TKLFRTL,0,,PLRSAKIVPKISYASKVKETSTKLFRTLLCHQLHLHHL
SKMYGTL,0,,PLRSAQSRRIAKSINRNSVRSRMPAKSSKMYGTLRKGSV
EDLFVNI,0,,PLRSCLSLFRDEVFHIHKAAEDLFVNIRGYNKRINDIRE
MLLFTHI,0,,PLRSESPSEIMESLTKMYSIPKDKQMLLFTHIRLAHGFS
TTCFCLF,0,,PLRSECSRPHSLGQNRTTCFCLFLTS
LRTFDVI,0,,PLRTFDVIHQGQDLLQYVNEVQASGVELLCDRDVDMATR
NPSFHSL,0,,PLRSFLMDEFAMPPTLMQNPSFHSLIEGRGHEGAVQEQY
MFIFAIL,0,,PLRSFPVESDVAPIARMFIFAILPDGEVVGDSEKFEIE
LRSFPTL,0,,PLRSFPTLQDHRKHIHEVHSKEYHPCPTCGKIFSAPSML
PSQWWPY,0,,PLRSFVIPSESDVPTHCPSQWWPYAGHCYKIHRDEKKIQ
DGLYKEL,0,,PLRTGIVEKVKGSITTMLALASSQGDGLYKELADVGSEY
ARLYHHL,0,,PLRSHEQEARLYHHLPDPGLPQPLALPVRTWERPLRPVS
AGLFGLV,0,,PLRSVQQAAKWVEMHVKEAGLFGLVNNAGVAGIIGPTPW
EKQFQLL,0,,PLRSHIHAYVNALLIPGPAGKTKLEKQFQLLSQSNIQQS
HAGWTPL,0,,PLRSIKGDIPSVEYLLQNGSDPNVKDHAGWTPLHEACNH
TFRWTSL,0,,PLRSILREPTFRWTSLKHSRSEPQYFSSAKYAKEGLIRN
ISLYDCI,0,,PLRYIPPRRLDPKEHSYYYRPARTGIISLYDCIFKRRLD
MTEYQRL,0,,PLRSIRVTQLMTPSDSCEDTQMTEYQRLFQSKSTDSEPD
LADYVLY,0,,PLRSNSHLADYVLYKNKVEDSGIFTIKNMINTEEGITLE
AIYYFRV,0,,PLRSKTSFKVENLTEGAIYYFRVMAENEFGVGVPVETVD
PLRWKVL,0,,PLRWKVLKEKIAKYGIRNSLLIAPMPTLPLLRSWGIMS
EPEYVPW,0,,PLRSLEKEPEYVPWTATSGPGGIRTVIIRQHEIVLKVA
QTPFYTV,0,,PLRSLPVFGQTPFYTVENSVEVARNSL
PLRWKPW,0,,PLRWKPWLDEEAISTLRKGGFYSQKVTTNPNLRIISLNT
PAVFSVV,0,,PLRSPAVSLVVSPAASPEISPEVCPAASTVVSPAVFSVV
RSPFKNF,0,,PLRSPFQSPFRSPLRSPFRSPFKNFGHPGGRTIDFDCED
IYSWAWI,0,,PLRSTLLALVLMPLCLWIYSWAWINTPIVRGP
PLSFLTL,0,,PLRSPPPLSFLTLLPVPSTGTSVITSKPMNSTSVISTVT
PRIYVPL,0,,PLRSPSDHRVPRIYVPLKDCPQDFVARPKDYANTLFICR
LPDFPLI,0,,PLRSQLLSFATTLCSQESSTLGLPDFPLIV
RQSWGLL,0,,PLRSRLPPQEDTRAQRQRLQKQLTEHLRQSWGLLGAPIQ
DDNYDYL,0,,PLRTSCCTHLSFMDPGPEGKLYSEDYDDNYDYLESGNWM
NINFNLI,0,,PLRSTFAVTTTCLIWFGCKLVLNPSAININFNLILLLLL
STIWSGL,0,,PLRSTIWSGLPSSEPRGPSTMQDDLPSSEPQGPSIMQDI
RRVYTRL,0,,PLRSVDIDAIRRVYTRLLSNEKIETAFLNALVYLSPNVE
TQVYPKL,0,,PLRSVSFEDTEATQVYPKLYLSPRIEHALGGSSALHIPT
SVSFSSL,0,,PLRVQQLSVSFSSLQIKALQNAVEKEVQAEDNIYIENSL
GLHFVSV,0,,PLRSVSGNSCVVRQVGLHFVSVSLFSS
DSRYFLW,0,,PLRSVTTGGTAEMYTKTGVNGDSRYFLWPLQHGTLHFCS
HAIYDKL,0,,PLRSYKEQESKKGFDQEEVFEKPTRETCQGMRHAIYDKL
GEHWTVY,0,,PLRSYKLAYSNDGEHWTVYQDEKQRKDKVFQGNFDNDTH
ATIFHEL,0,,PLRTAHKIYIHSYNTATIFHELVYKQTKIISSNQELIYE
PAVFVAY,0,,PLRTDLLGTSFLSPAVFVAYARNSSLLGLARGGPALCDA
NLIFQNI,0,,PLRTDDEVDGANDAGLLSGVLSTILQKNLIFQNIYFYC
TLKFLKV,0,,PLRTDGKVKDMNWLLNLSQSLKTLKFLKVKRLNLSALF
LLVYFNV,0,,PLRTGDALINAQYVGKPLILLVYFNVMNVLTLVRPYEC
RTHWLEY,0,,PLRTHWLEYIRMLLAGAVRIADKIESGKTSVVVPLR
DIPFCEF,0,,PLRTKNYEDERPDIPFCEFAETVSKDPQNSKVDKGVLGR
EIDWLHV,0,,PLRTSMNEIDWLHVKNLCQLESEEKQVKISATVNTMVFD
RGLFSVL,0,,PLRTSSFCRGLFSVLSTSQSLTELDLSDNSLGDPGMRVL
RLSFVLF,0,,PLRTSVVIVFHNEAWRLSFVLFTV
TVVFDGL,0,,PLRTVVFDGLLKIKICEAVSLNRQPGRCAMRWVRGRRL
HGNFKAL,0,,PLRTYHGPSPQSEPEVAAIVNFITAHGNFKALISIHSYS
DNMFHVL,0,,PLRVAFILKFLDNMFHVLMAQVTTVIITTVSVLVFDFRP
SSRWSEL,0,,PLRVGGNTPRKNPMHPSSRWSELDLLILLGTAGHVLSLG
IEEFSDV,0,,PLRVDSEDEKDPEWLREKTITQIEEFSDVNEGEKEVMKL
LRVFRVL,0,,PLRVFRVLVYVVAAERVWGDEQKDFDCNTKQPGCTNVCY
PLDFEEV,0,,PLRVFSLDYTTGNILTQQPLDFEEVERYTINIEAKDRGS
KVKFDYV,0,,PLRVGKHVVRWKVKFDYVPTDTTPRDRWVEKGSEDVRLT
RVKWTFL,0,,PLRVHYLRPPPSRRAVLGSPRVKWTFLSRGREAEVLVAR
NSSWEIL,0,,PLRVHSALPFRLQLRRGEARLGEERHFQESGNSSWEILR
RIFFESV,0,,PLRVLETDCHVLRKKAWQDCGMRIFFESVYGQCKAIFYM
LRFWGPW,0,,PLRVLGTQEKEVEGSGFPETRTLELRFWGPWRKKQHVH
RNKFGQL,0,,PLRVLTLSGAIFGWGRNKFGQLGLNDENDRYVPNLLKSL
GLLWVLL,0,,PLRVNSTEWVKRQKISFADQIVTALAVSRVGLLWVLLLN
DGSFLNL,0,,PLRVTCRQLLTDGSFLNLSDELCQGPKASSHKSCARTDY
LRVWASF,0,,PLRVWASFSATAKSRALGLLLPWGCGQRSRGPGVCRDSR
VLSFTCI,0,,PLRVSAYGIQCPAILAALATLLGAVLSFTCIPASTKGAK
NKTFCMI,0,,PLRVTLDFMLPRKTSLSSDSNKTFCMIGHCLSSQEEFLQ
ESHFNQV,0,,PLRVVCESAARLQLSQLKEHCLNFVVKESHFNQVIMMKD
GCTYYPV,0,,PLRVVTLEATHYLPGNSGFPRGCTYYPVGNSSYPRGNTY
AVKFFLL,0,,PLRVVVGVDYRLAPQHHFPAQFEDGLAAVKFFLLEKLLT
VQVFRVY,0,,PLRWGGPWRPPPPGLWKFPCPVQVFRVYGLHPLCFCCCS
VENYPVY,0,,PLRWHSMVYVPQMQQQLHVENYPVYTEPPLVDQTVPQCY
CVSWIYY,0,,PLRWPLAAEPGEVVTYQWNIPERSGPGPNDSACVSWIYY
PLRYAHW,0,,PLRYAHWVVSQPPDTYLKPLMTELLKRILDSNKRVQEAA
PLRYDRL,0,,PLRYDRLNCENAVLKENLKVKTEEIKMLKSDNAVLNQRY
LEKYDGV,0,,PLRYVDQAELEKYDGVDAGKYTIGLGQAKMGFCTDREDI
MTKYLKV,0,,PLRYDLCKTQIYTEEGKVWDYMACQPESTDMTKYLKVKL
PSSFIAY,0,,PLRYECKECGNLPSSFIAYSTCSHSYRGKAV
PLRYVTV,0,,PLRYVTVRRINLEACSNEMVTFLQGELHVSKLFNHPNIV
RYGFCEY,0,,PLRYGFCEYQDQETALSAMRNLNGREFSGRALRVDNAAS
GGFYFRV,0,,PLRYIDARWCSKTGGFYFRVNPLSLVEIILHVVRQMTDP
LEFFTHL,0,,PLRYMAAALLEFFTHLPSSSSMPPSTTSASTVLTGRVW
KVIYSHF,0,,PLRYTGPKQDVRAARDFILKLYQDQNPDKEKVIYSHFTC
LKHFIHV,0,,PLRYYLKHFIHVLQTGQLNQKLGVSLLVIVLEAFHFDHK
PLRYVNV,0,,PLRYVNVSRGLFEQHKLIYSFMLCVEMMRQQGTLSDAEW
