Residue,proteome,input_library,ilir_bg,nonbinders_undef_pos
M,0.021290899315962657,0.02232426144734021,0.02132438371877552,0.02174780526735834
D,0.04732087631084148,0.043881076181857895,0.04737264484290967,0.04662144187283852
A,0.07007688965239628,0.06249926455415048,0.07013252855851457,0.05573290768821495
S,0.08353972177687366,0.08342754215288606,0.08328850423348756,0.07668262835860601
P,0.06319212941584258,0.05589445856978814,0.06315319257172128,0.06185155626496409
W,0.012127121359375572,0.013596492360977774,0.012147453037774814,0.008379888268156424
N,0.03579498644061784,0.04021834059882082,0.03589313658554801,0.04449321628092578
T,0.05376072000288689,0.05220933673259993,0.05351070860627121,0.05227454110135674
V,0.059532140370995044,0.061957115399131124,0.05963890820620893,0.05407023144453312
L,0.09961386102019923,0.10441522942609967,0.09963465604719016,0.11199787177440809
I,0.0433198603073891,0.05263496256473,0.04337783480203681,0.05739558393189678
F,0.036473457958313624,0.044156025303355266,0.03649449826285036,0.02919659483905294
G,0.06571343966885347,0.05856904193433308,0.06574165474159767,0.05879223197658952
Y,0.026598704761611847,0.030529684603509303,0.026631039422129122,0.022146847565841978
R,0.05636538657629467,0.05557875498560535,0.05636127568998062,0.07807927640329874
C,0.02299830587453231,0.026366128334654983,0.023007985040291584,0.024541101356743814
Q,0.04766732055651615,0.043714614292016056,0.04769437510172419,0.041566906092045754
K,0.057271384150922824,0.058881588482674045,0.05732637839353644,0.06191806331471136
E,0.0710947279923368,0.06233108064475856,0.07103976737484315,0.0640462889066241
H,0.026248066487237962,0.026815001430711242,0.026225904138650682,0.028465017291832935
