pos,A,C,D,E,F,G,H,I,K,L,M,N,P,Q,R,S,T,V,W,Y
0,-0.9199700550412219,0.0,2.2314543978838084,0.6441886071278174,0.0,0.0,1.4967575342424488,0.0,0.0,-1.4273778160651978,0.0,0.04921115441712451,0.0,0.0,-0.6058408022401219,0.8265063488961993,1.784344322625279,0.9002624235294728,0.0,0.0
1,-0.9199700550412219,0.0,2.9684199920500145,0.6441886071278174,1.0221217031054168,0.17278022785934383,0.0,0.0,-0.6288457837326841,-0.4273778160651978,0.0,0.0,-0.7707761942115743,0.0,0.39415919775987807,0.4114688496173556,0.0,0.0,0.0,0.0
2,0.0,0.0,3.1059235157999496,1.3811542012940237,0.0,0.7577427285805,0.0,0.0,0.0,0.0,0.7987317978831677,0.0,0.0,0.0,0.0,0.8265063488961993,0.46241622773791674,-0.6847000771916832,0.0,0.0
3,0.0,0.0,0.0,0.0,3.022121703105417,0.0,0.0,0.0,0.0,0.0,0.0,0.0,0.0,0.0,0.0,0.0,0.0,0.0,5.517622147717474,2.4776126929936546
4,0.0,0.0,1.9684199920500145,1.6441886071278176,0.0,0.0,0.0,1.3589025976059768,0.0,0.15758468465595837,0.0,0.0,0.0,-0.3640318442685298,0.0,0.0,0.46241622773791674,2.1226548448659206,0.0,0.0
5,-0.9199700550412219,0.0,-0.3535081028373477,1.0592261064066613,1.0221217031054168,0.0,0.4967575342424488,2.095868191772183,-0.6288457837326841,0.15758468465595837,2.383694298604324,0.0,-0.7707761942115743,0.0,0.0,-1.1734936511038006,0.46241622773791674,0.31529992280831676,0.0,0.0
6,0.0,0.0,0.0,0.0,0.0,0.0,0.0,3.095868191772183,0.0,1.8945502788221644,0.0,0.0,0.0,0.0,0.0,0.0,0.0,2.1226548448659206,0.0,0.0
