Residue,proteome
M,0.021290899
D,0.047320876
A,0.07007689
S,0.083539722
P,0.063192129
W,0.012127121
N,0.035794986
T,0.05376072
V,0.05953214
L,0.099613861
I,0.04331986
F,0.036473458
G,0.06571344
Y,0.026598705
R,0.056365387
C,0.022998306
Q,0.047667321
K,0.057271384
E,0.071094728
H,0.026248066