pos,A,C,D,E,F,G,H,I,K,L,M,N,P,Q,R,S,T,V,W,Y
0,-0.4766687035436566,-1.676612474708483,1.4523633280449257,0.5531535309741945,0.0,-1.191273342700695,-0.2823335355964337,-0.00515097295406202,-0.08600875868420438,0.16276492376163862,0.019640728044285103,-0.7298799154217579,0.6725251572859909,-0.2686537961912715,-0.06300377719164217,0.4624527783361607,0.18582549842821738,-0.8788286463094098,0.0,-2.8864408775663843
1,-0.0360961121576751,-1.676612474708483,0.9262945163773382,1.052724540464706,-1.7569693667334656,0.05665417074289059,0.45463205856977246,-1.268185378787856,-0.5334677356554257,0.2960314546251027,0.019640728044285103,0.8550825852993983,-0.9649047633293008,0.07926950722903561,-0.06300377719164217,-0.3676222202215272,-0.0942824207645179,-1.463791147030566,0.24667798154891668,-0.564512782679022
2,0.10829379717749966,-0.6766124747084828,1.1404193217301857,0.602063131455141,-1.0200037725672597,-0.3839184206430909,-0.2823335355964337,0.11032624446587383,-0.8229743528504105,0.1154592089832817,-0.5653217726768709,0.6851575838570859,-0.5498672640504568,-0.5581604133862562,0.20003062864215165,0.32043377346373275,-0.0942824207645179,-0.7268255528643598,-1.7533220184510834,-0.8864408775663843
3,0.0,0.0,0.0,0.0,3.5769313698199725,0.0,0.0,0.0,0.0,0.0,0.0,0.0,0.0,0.0,0.0,0.0,0.0,0.0,4.604229986167,3.3423778129294965
4,-0.5835839074601685,-0.6766124747084828,0.530365840046199,1.2801350365677786,-0.5345769453970178,-0.2843827470921767,-0.2823335355964337,-0.4201884722329059,-0.6709712594053605,-0.5435038731816512,0.8941098459604261,0.38559730199817804,-0.43439004663052094,0.07926950722903561,-0.2694546546590685,-0.4500843804135,0.6219246132348908,0.03870919349861726,0.5686060764362788,-1.8864408775663843
5,-1.1140986241589481,-1.0916499739873269,0.530365840046199,0.0171006307339846,-0.1720068660123095,-1.3839184206430908,0.9400588857400143,1.2172414483823857,-0.4079368535715665,0.2960314546251027,0.019640728044285103,0.49251250591469,-0.8129016698842509,-0.0276456966874764,-1.1625394507425566,0.591735795281127,-0.0942824207645179,0.03870919349861726,-0.7533220184510834,-0.564512782679022
6,0.0,0.0,0.0,0.0,1.5160491276729504,0.0,0.0,1.7674385309428653,0.0,2.0912116627366046,0.0,0.0,0.0,0.0,0.0,0.0,0.0,1.6791668068114771,1.831640482270073,1.7574153122083402
