_Unnamed: 0,_ID,_ER 0,_ER 1,_ER 3,_ER 4,_ER 5,_ER 6,_Cluster Id,_Input Count,_1 Count,_3 Count,_4 Count,_5 Count,_6 Count,_Length,_Max Sort,_Count sum,_Hit_y,_% Identity,_Query length_y,_Positions not strictly conserved,_Gaps,_Query start,_Query End,_Hit Start,_Hit End,_E-value,_Score (Bits),_z_score_4,_z_score_5,_z_score_6,avg_z_score,_regex_matches,_num_regex_matches,7mer,_motif_start,_motif_end,true label,lir_type
184,PLRADGLFLLRQCLRSLGGYVLSLVHDVRFHHFPIERQL,0,-1.526745344,-1.829866999,,,,186,74,14,6,0,0,0,36,3,94,sp|P43403|ZAP70_HUMAN,100.0,36.0,0.0,0.0,1.0,36.0,30.0,65.0,2.9600000000000004e-21,83.2,,,,,"('DVRFHHF', 26, 32)",1,DVRFHHF,26,32,0,...[FWY]..[WFY]
219,PLRPAGLSTSADGFLKPPAGSVPGPDSPGELFLKLPPQV,0,-1.665215281,-1.398021212,,,,221,64,11,7,0,0,0,36,3,82,sp|O14686|KMT2D_HUMAN,100.0,36.0,0.0,0.0,1.0,36.0,2132.0,2167.0,4.02e-17,71.2,,,,,"('GELFLKL', 28, 34)",1,GELFLKL,28,34,0,...[FWY]..[LVI]
294,PLRADGNWMGIVDPFARPRGHGRKGEDALCRYFSNERIP,0,-0.69375545,-1.397793496,,,,297,905,305,99,0,0,0,36,3,1309,sp|Q6P9H4|CNKR3_HUMAN,100.0,36.0,0.0,0.0,1.0,36.0,436.0,471.0,1.2500000000000001e-22,87.0,,,,,"('DGNWMGI', 4, 10)",1,DGNWMGI,4,10,0,...[FWY]..[LVI]
467,PLRADGRKFGSKYLVDHEVHFTCNPGFRLVGPSSMVCLP,0,-4.063246355,-3.506545669,,,,470,276,9,7,0,0,0,36,3,292,sp|Q53RD9|FBLN7_HUMAN,97.222,36.0,1.0,0.0,1.0,36.0,88.0,123.0,1.5e-19,78.2,,,,,"('NPGFRLV', 23, 29)",1,NPGFRLV,23,29,0,...[FWY]..[LVI]
663,PLRAAGVDAGTPAPLRGVLCPLIWCLLLSLARGRQPLSR,0,-0.778872063,-3.790338635,,,,666,384,122,8,0,0,0,36,3,514,sp|Q8IW93|ARHGJ_HUMAN,76.923,13.0,3.0,0.0,7.0,19.0,68.0,80.0,3.1,23.5,,,,,"('PLIWCLL', 20, 26)",1,PLIWCLL,20,26,0,...[FWY]..[LVI]
751,PLREAGYDAYITGLCFISMANYLGSFLSPPKIHVSARSK,0,-3.772105327,-4.85283456,,,,754,401,16,4,0,0,0,36,3,421,sp|O95453|PARN_HUMAN,100.0,36.0,0.0,0.0,1.0,36.0,378.0,413.0,1.66e-20,80.9,,,,,"('EAGYDAY', 3, 9)",1,EAGYDAY,3,9,0,...[FWY]..[WFY]
954,PLRPGHYFETLKFLVGHLKTITDHSEKNKMEPRNLARS,0,-1.642495205,-4.182656057,,,,957,63,11,1,0,0,0,35,3,75,sp|Q9P227|RHG23_HUMAN,93.939,33.0,2.0,0.0,1.0,33.0,1025.0,1057.0,9.55e-17,70.1,,,,,"('GHYFETL', 4, 10)",1,GHYFETL,4,10,0,...[FWY]..[LVI]
1745,PLRAEASQELLAQLNRAVQVVVHTGDITEDLLLDFQVVV,0,-5.147014713,-4.227743947,,,,1748,130,2,2,0,0,0,36,3,134,sp|P41226|UBA7_HUMAN,100.0,36.0,0.0,0.0,1.0,36.0,88.0,123.0,4.74e-17,71.2,,,,,"('LLDFQVV', 31, 37)",1,LLDFQVV,31,37,0,...[FWY]..[LVI]
1767,PLRTAASSLTSPATSLRHHGEGEGQGQWIWSYWAPGQQG,0,-2.294571902,-2.375301135,,,,1770,90,10,5,0,0,0,36,3,105,sp|Q6ZMV7|LEKR1_HUMAN,52.941,17.0,8.0,0.0,2.0,18.0,299.0,315.0,1.6,24.3,,,,,"('QWIWSYW', 26, 32)",1,QWIWSYW,26,32,0,...[FWY]..[WFY]
2336,PLRSAFLGATVAGCFPLFHRGEYSASPLCLPFPIGETPS,0,-3.957536914,-4.038266148,,,,2340,57,2,1,0,0,0,36,3,60,sp|Q9BXB1|LGR4_HUMAN,97.143,35.0,1.0,0.0,2.0,36.0,669.0,703.0,3.41e-18,74.3,,,,,"('AGCFPLF', 11, 17)",1,AGCFPLF,11,17,0,...[FWY]..[WFY]
2432,PLRTAFNRVLQQIRSRPSIKRGASLHSSSGGGSSGSSSR,0,-5.33166122,-6.412390454,,,,2436,591,8,2,0,0,0,36,3,601,sp|O75069|TMCC2_HUMAN,100.0,36.0,0.0,0.0,1.0,36.0,146.0,181.0,8.22e-17,70.5,,,,,"('RTAFNRV', 2, 8)",1,RTAFNRV,2,8,0,...[FWY]..[LVI]
2436,PLRSAFNSDTNRALRIALLFPNIILKFQCQLMSRQLL,0,-6.334100266,-5.414829499,,,,2440,148,1,1,0,0,0,34,3,150,sp|Q16821|PPR3A_HUMAN,100.0,10.0,0.0,0.0,1.0,10.0,900.0,909.0,0.8,25.0,,,,,"('ALLFPNI', 16, 22)",1,ALLFPNI,16,22,0,...[FWY]..[LVI]
2676,PLRDALVSDDETTRLVTLEDDFDEELDTEYYAVGKEEE,0,-3.627147241,-3.292838975,,,,2680,68,3,2,0,0,0,35,3,73,sp|Q5JRA6|TGO1_HUMAN,94.444,36.0,1.0,1.0,1.0,35.0,284.0,319.0,1.76e-14,63.5,,,,,"('DTEYYAV', 26, 32)",1,DTEYYAV,26,32,0,...[FWY]..[LVI]
2950,PLRAAGFALSQVGDLAFPRFEIPAQRFALPAHYLERSPA,0,-1.498105296,-1.453303647,,,,2954,114,22,12,0,0,0,36,3,148,sp|A6NHT5|HMX3_HUMAN,100.0,36.0,0.0,0.0,1.0,36.0,80.0,115.0,2.43e-18,74.3,,,,,"('DLAFPRF', 13, 19)",1,DLAFPRF,13,19,0,...[FWY]..[WFY]
3629,PLRKAKYILLMDIIAADDCRYKFHNSRWVVAGKADPEMP,0,-0.325786772,-6.395200693,,,,3633,292,127,1,0,0,0,36,3,420,sp|O15119|TBX3_HUMAN,97.222,36.0,1.0,0.0,1.0,36.0,146.0,181.0,7.100000000000001e-21,82.0,,,,,"('KAKYILL', 3, 9)",1,KAKYILL,3,9,0,...[FWY]..[LVI]
4239,PLRAAPRRWSMGWSCQSRGAGCTWKRWSTPCSTQRSS,0,-0.128185521,-5.393081679,,,,4243,2041,1018,14,0,0,0,34,3,3073,sp|Q9BXT8|RNF17_HUMAN,38.095,21.0,13.0,0.0,3.0,23.0,1226.0,1246.0,3.7,23.1,,,,,"('GCTWKRW', 20, 26)",1,GCTWKRW,20,26,0,...[FWY]..[WFY]
4341,PLRAALYLQSIGEGFKEAVQYVLPRLLLAPVYHCLHYFE,0,-6.363051639,-4.121852778,,,,4345,302,2,5,0,0,0,36,3,309,sp|Q07889|SOS1_HUMAN,100.0,36.0,0.0,0.0,1.0,36.0,320.0,355.0,3.04e-20,80.1,,,,,"('APVYHCL', 28, 34)",1,APVYHCL,28,34,0,...[FWY]..[LVI]
5541,PLRHFNYDICQSCFFSGRVAKGHKMHYPMVEYCTPTTSG,0,-0.70073125,-2.000905621,,,,5546,486,163,35,0,0,0,36,3,684,sp|P11532|DMD_HUMAN,100.0,36.0,0.0,0.0,1.0,36.0,3331.0,3366.0,5.04e-24,90.9,,,,,"('KMHYPMV', 23, 29)",1,KMHYPMV,23,29,0,...[FWY]..[LVI]
5684,PLRSAEDSWVPRLCTVQLSQVIQVQFRLSYPWVLTPIL,0,-5.404754819,-8.877801476,,,,5689,1632,21,1,0,0,0,35,3,1654,sp|P25100|ADA1D_HUMAN,34.783,23.0,15.0,0.0,10.0,32.0,187.0,209.0,0.98,25.0,,,,,"('RLSYPWV', 26, 32)",1,RLSYPWV,26,32,0,...[FWY]..[LVI]
5744,PLRDAAERECRLQGAHLTSILSHEEQMFVNRVGHDYQWI,0,-0.826423066,-6.282191731,,,,5749,270,83,1,0,0,0,36,3,354,sp|P13611|CSPG2_HUMAN,100.0,36.0,0.0,0.0,1.0,36.0,3191.0,3226.0,6.5e-22,84.7,,,,,"('GHDYQWI', 32, 38)",1,GHDYQWI,32,38,0,...[FWY]..[LVI]
5906,PLRSAAGMLPIWGRRHVQTRLVEPRASALNSGDCFLLLS,0,-5.960697255,-7.041426489,,,,5911,457,4,1,0,0,0,36,3,462,sp|O95425|SVIL_HUMAN,90.625,32.0,3.0,0.0,5.0,36.0,1445.0,1476.0,8.65e-14,61.6,,,,,"('GDCFLLL', 31, 37)",1,GDCFLLL,31,37,0,...[FWY]..[LVI]
6301,PLRTAAYQSVRILSVSPIQAEQELEDLVAVDLQWSKPTS,0,-4.782858383,-4.863587617,,,,6306,101,2,1,0,0,0,36,3,104,sp|Q9HAT2|SIAE_HUMAN,100.0,36.0,0.0,0.0,1.0,36.0,146.0,181.0,1.2e-17,72.8,,,,,"('TAAYQSV', 3, 9)",1,TAAYQSV,3,9,0,...[FWY]..[LVI]
6312,PLRTGEYSHWMNMKTILKELVQRGHEVTVLASSASILFD,0,-1.171805334,-5.556315315,,,,6317,653,158,4,0,0,0,36,3,815,sp|Q9BY64|UDB28_HUMAN,100.0,36.0,0.0,0.0,1.0,36.0,30.0,65.0,2.64e-19,77.4,,,,,"('TGEYSHW', 3, 9)",1,TGEYSHW,3,9,0,...[FWY]..[WFY]
6538,PLRAAWIGGFLHSLVQFLFIYQLPFCGPNVIDNFLCDLY,0,-3.751920206,-4.055041861,,,,6543,173,7,3,0,0,0,36,3,183,sp|Q8NGL6|O4A15_HUMAN,100.0,36.0,0.0,0.0,1.0,36.0,175.0,210.0,3.59e-20,79.3,,,,,"('LVQFLFI', 13, 19)",1,LVQFLFI,13,19,0,...[FWY]..[LVI]
6577,PLRSACLKESTEEGSSKEDYYGNGKDDEEQRIYLGVNEK,0,-0.322327568,-1.433645122,,,,6582,328,143,35,0,0,0,36,3,506,sp|Q16821|PPR3A_HUMAN,100.0,36.0,0.0,0.0,1.0,36.0,494.0,529.0,1.23e-18,75.5,,,,,"('QRIYLGV', 29, 35)",1,QRIYLGV,29,35,0,...[FWY]..[LVI]
6668,PLRLECFKCAACQKHFCVGDRYLLINSDIVCEQDIYEWT,0,-3.135874156,-0.824285966,,,,6673,129,8,21,0,0,0,36,3,158,sp|P25791|RBTN2_HUMAN,100.0,36.0,0.0,0.0,1.0,36.0,117.0,152.0,4.14e-21,78.6,,,,,"('GDRYLLI', 18, 24)",1,GDRYLLI,18,24,0,...[FWY]..[LVI]
6965,PLRTEDERVVFEAILQWVKHDLEPRKVHLPELLRSVRLA,0,-3.112272832,-7.523918944,,,,6970,2554,161,4,0,0,0,36,3,2719,sp|Q9H0H3|KLH25_HUMAN,100.0,36.0,0.0,0.0,1.0,36.0,204.0,239.0,1.35e-18,75.5,,,,,"('RVVFEAI', 7, 13)",1,RVVFEAI,7,13,0,...[FWY]..[LVI]
6990,PLRAAYGEKDAILEADTEFWFSVCCEFSVQHQIQSLMNI,0,-1.628263446,-6.956920193,,,,6995,431,76,1,0,0,0,36,3,508,sp|Q9H583|HEAT1_HUMAN,100.0,36.0,0.0,0.0,1.0,36.0,1431.0,1466.0,1.57e-20,80.9,,,,,"('TEFWFSV', 16, 22)",1,TEFWFSV,16,22,0,...[FWY]..[LVI]
7057,PLRPADKDWEDIKKMPEHSTLMKDFRRNTYTNCSLIKYI,0,-4.169041019,-2.664807752,,,,7062,66,2,3,0,0,0,36,3,71,sp|P49336|CDK8_HUMAN,97.222,36.0,1.0,0.0,1.0,36.0,262.0,297.0,6.53e-20,79.3,,,,,"('DKDWEDI', 5, 11)",1,DKDWEDI,5,11,0,...[FWY]..[LVI]
7384,PLRAEDYPYGPVENKIKVLQFLVDQFLQQILPVRN,0,-1.861612494,-2.849232324,,,,7389,100,15,4,0,0,0,32,3,119,sp|Q12830|BPTF_HUMAN,100.0,24.0,0.0,0.0,1.0,24.0,349.0,372.0,5.77e-11,53.5,,,,,"('DYPYGPV', 5, 11)",1,DYPYGPV,5,11,0,...[FWY]..[LVI]
7448,PLRAAEELWKWKELGHDLHSISIPTKLLGCASKGLDIES,0,-0.831711009,-2.390487539,,,,7453,382,117,21,0,0,0,36,3,520,sp|Q5VT06|CE350_HUMAN,100.0,36.0,0.0,0.0,1.0,36.0,2930.0,2965.0,8.91e-20,79.0,,,,,"('LWKWKEL', 7, 13)",1,LWKWKEL,7,13,0,...[FWY]..[LVI]
7695,PLRAAENEFVTLKKDVDAAYMNKVELQAKADTLTDEINL,0,-0.514881008,-1.055041861,,,,7700,173,66,24,0,0,0,36,3,263,sp|P02538|K2C6A_HUMAN,97.222,36.0,1.0,0.0,1.0,36.0,262.0,297.0,4.42e-18,73.9,,,,,"('ENEFVTL', 5, 11)",1,ENEFVTL,5,11,0,...[FWY]..[LVI]
8117,PLRTAEPISDFLSVTEKKLANSEPVGTQTAKIQQQITR,0,-1.53063926,-0.611368494,,,,8124,53,10,10,0,0,0,35,3,73,sp|Q9UPN3|MACF1_HUMAN,97.143,35.0,1.0,0.0,1.0,35.0,5461.0,5495.0,9.39e-17,70.1,,,,,"('ISDFLSV', 7, 13)",1,ISDFLSV,7,13,0,...[FWY]..[LVI]
8156,PLRADKQAAQIRRELDGRLQLADKMAKERKFPKFIAKDM,0,-1.60577359,-1.464110402,,,,8163,67,12,7,0,0,0,36,3,86,sp|Q86UW7|CAPS2_HUMAN,97.222,36.0,1.0,0.0,1.0,36.0,266.0,301.0,1.59e-17,72.4,,,,,"('ERKFPKF', 27, 33)",1,ERKFPKF,27,33,0,...[FWY]..[WFY]
8363,PLRPAEYHEACLFAYCAGAMAGSGQEGRQQAVCATFASY,0,-7.973269841,-6.469036574,,,,8372,922,2,3,0,0,0,36,3,927,sp|A2VEC9|SSPO_HUMAN,100.0,36.0,0.0,0.0,1.0,36.0,412.0,447.0,2.15e-18,74.7,,,,,"('CATFASY', 32, 38)",1,CATFASY,32,38,0,...[FWY]..[WFY]
8495,PLRPALHEQHQVTGIDDAFDELQRELKDQLQALQDSEQ,0,-0.370122935,-2.990010979,,,,8504,441,186,16,0,0,0,35,3,643,sp|Q9BVG3|TRI62_HUMAN,97.143,35.0,1.0,0.0,1.0,35.0,117.0,151.0,7.12e-17,70.5,,,,,"('DDAFDEL', 15, 21)",1,DDAFDEL,15,21,0,...[FWY]..[LVI]
8703,PLRIDDTNVTWLQLEAEIKALKEKLLFMKKNHEEEVKGL,0,-2.175272973,-4.063357129,,,,8712,116,14,2,0,0,0,36,3,132,sp|P05783|K1C18_HUMAN,86.111,36.0,5.0,0.0,1.0,36.0,189.0,224.0,5.19e-13,59.7,,,,,"('NVTWLQL', 7, 13)",1,NVTWLQL,7,13,0,...[FWY]..[LVI]
8775,PLRSALKYAGLQGLMSVLAEIRPKNDLGHPFCNNLRSGD,0,-1.904256832,-6.061801662,,,,8784,927,135,4,0,0,0,36,3,1066,sp|P35573|GDE_HUMAN,100.0,36.0,0.0,0.0,1.0,36.0,929.0,964.0,7.75e-21,81.6,,,,,"('ALKYAGL', 4, 10)",1,ALKYAGL,4,10,0,...[FWY]..[LVI]
8909,PLRTALLMLNLVFLINSWLSSFQKVGVCITAAVALHYFL,0,-1.398086927,-1.478816161,,,,8918,1141,236,118,0,0,0,36,3,1495,sp|Q8IZF6|AGRG4_HUMAN,100.0,36.0,0.0,0.0,1.0,36.0,2785.0,2820.0,1.81e-18,75.1,,,,,"('LSSFQKV', 18, 24)",1,LSSFQKV,18,24,0,...[FWY]..[LVI]
9136,PLRPALPLGTAPWTSQAYNALTSVVTSCKNFKVRIRSAA,0,-1.255455771,-7.091072507,,,,9147,1419,324,3,0,0,0,36,3,1746,sp|Q6AI08|HEAT6_HUMAN,100.0,36.0,0.0,0.0,1.0,36.0,987.0,1022.0,5.71e-19,76.6,,,,,"('SQAYNAL', 14, 20)",1,SQAYNAL,14,20,0,...[FWY]..[LVI]
9202,PLREALQAIETKVALMLQLLIHEDDDISSNIIGFCYDYL,0,-1.006591139,-7.386528391,,,,9213,1161,315,2,0,0,0,36,3,1478,sp|O43592|XPOT_HUMAN,100.0,36.0,0.0,0.0,1.0,36.0,320.0,355.0,1.17e-18,75.5,,,,,"('GFCYDYL', 32, 38)",1,GFCYDYL,32,38,0,...[FWY]..[LVI]
9838,PLRAERKRIIIKMEPEDIPTDELKDFNIIKVTDKDCNES,0,-0.570272719,-2.117319957,,,,9849,572,210,38,0,0,0,36,3,820,sp|Q9Y2K1|ZBTB1_HUMAN,100.0,36.0,0.0,0.0,1.0,36.0,320.0,355.0,1.96e-18,75.1,,,,,"('LKDFNII', 22, 28)",1,LKDFNII,22,28,0,...[FWY]..[LVI]
9877,PLRAARLERAGLNGYKGYGVGDWLCMAHYESGFDTAFVD,0,-2.982627895,-1.741429034,,,,9888,58,4,5,0,0,0,36,3,67,sp|Q96QH8|LYZL5_HUMAN,100.0,36.0,0.0,0.0,1.0,36.0,30.0,65.0,5.550000000000001e-21,78.2,,,,,"('LNGYKGY', 11, 17)",1,LNGYKGY,11,17,0,...[FWY]..[WFY]
10111,PLRAARPRASWATFPRERALTAHLDTKKTRKKPRQKKPE,0,-5.679235752,-4.759964986,,,,10122,94,1,1,0,0,0,36,3,96,sp|Q8WV83|S35F5_HUMAN,42.857,21.0,12.0,0.0,11.0,31.0,173.0,193.0,2.8,23.9,,,,,"('RASWATF', 7, 13)",1,RASWATF,7,13,0,...[FWY]..[WFY]
10603,PLRNASARQGQMLGIPAPSQALQEPAPWSALPCGLLLDE,0,-0.243291397,-0.479298856,,,,10614,532,245,110,0,0,0,36,3,887,sp|P0CJ90|DU4L7_HUMAN,97.059,34.0,1.0,0.0,3.0,36.0,343.0,376.0,1.94e-15,66.6,,,,,"('PAPWSAL', 24, 30)",1,PAPWSAL,24,30,0,...[FWY]..[LVI]
10748,PLRTTASEVFPEVVGDESALLIVPEEDKQQQQLDLEREL,0,-2.724559742,-3.805288976,,,,10759,97,8,2,0,0,0,36,3,107,sp|Q9Y6V0|PCLO_HUMAN,100.0,36.0,0.0,0.0,1.0,36.0,3185.0,3220.0,1.21e-17,72.8,,,,,"('SEVFPEV', 6, 12)",1,SEVFPEV,6,12,0,...[FWY]..[LVI]
10822,PLRLAASGGYVNIIKILLNAGAEINSRTGSKLGISPLKL,0,-1.008453883,-1.481500539,,,,10833,155,42,16,0,0,0,36,3,213,sp|Q8IWZ3|ANKH1_HUMAN,97.222,36.0,1.0,0.0,1.0,36.0,1161.0,1196.0,3.87e-16,68.6,,,,,"('SGGYVNI', 6, 12)",1,SGGYVNI,6,12,0,...[FWY]..[LVI]
10977,PLRAASSYIRDHLNAMNPTMLAVLDLWHTNFKNYV,0,-5.253929917,-1.527304229,,,,10988,70,1,7,0,0,0,32,3,78,sp|Q8WXX0|DYH7_HUMAN,100.0,29.0,0.0,0.0,1.0,29.0,262.0,290.0,8.56e-16,67.4,,,,,"('HTNFKNY', 27, 33)",1,HTNFKNY,27,33,0,...[FWY]..[WFY]
10989,PLRADSKGNWHHYWENNPSAGAFRKTGVHDADFESNVTV,0,-4.852567355,-2.933296588,,,,11000,53,1,2,0,0,0,36,3,56,sp|Q11201|SIA4A_HUMAN,100.0,35.0,0.0,0.0,1.0,35.0,291.0,325.0,4.45e-20,79.0,,,,,"('KGNWHHY', 6, 12)",1,KGNWHHY,6,12,0,...[FWY]..[WFY]
11424,PLRAALRVPQRCCLTMLAPDSLGLLGSRYPPWPPKVLGL,0,-2.267604854,-2.933296588,,,,11437,53,6,2,0,0,0,36,3,61,sp|Q5JPI9|EFMT2_HUMAN,73.684,19.0,4.0,1.0,19.0,36.0,264.0,282.0,0.032,29.3,,,,,"('GSRYPPW', 25, 31)",1,GSRYPPW,25,31,0,...[FWY]..[WFY]
12025,PLRTDMLSVVKNQNIGFNNAAFITRNPFLSKVKLIYYYL,0,-6.3890895,-6.469818734,,,,12038,615,4,2,0,0,0,36,3,621,sp|Q2TAA5|ALG11_HUMAN,100.0,36.0,0.0,0.0,1.0,36.0,204.0,239.0,5.43e-19,76.6,,,,,"('KLIYYYL', 32, 38)",1,KLIYYYL,32,38,0,...[FWY]..[LVI]
12259,PLRIANFVAPEVLKRQGYNAACDIWSLGVLLYTMLTGYT,0,-2.599426483,-4.182656057,,,,12273,189,17,3,0,0,0,36,3,209,sp|P51812|KS6A3_HUMAN,97.143,35.0,1.0,0.0,2.0,36.0,582.0,616.0,1.53e-19,78.2,,,,,"('VLLYTML', 28, 34)",1,VLLYTML,28,34,0,...[FWY]..[LVI]
12304,PLRSANIDTPEGGFDAIMQAAVCKEKLAGGMTPSTSWS,0,-2.743556733,-2.046678388,,,,12318,86,7,6,0,0,0,35,3,99,sp|P18564|ITB6_HUMAN,92.0,25.0,2.0,0.0,1.0,25.0,233.0,257.0,4.03e-10,51.2,,,,,"('EGGFDAI', 10, 16)",1,EGGFDAI,10,16,0,...[FWY]..[LVI]
12351,PLRAVNIQYEVIGNYYSSERMANNACVLFAVSVLMFIIS,0,-0.982627895,-4.063357129,,,,12365,58,16,1,0,0,0,36,3,75,sp|Q15012|LAP4A_HUMAN,97.222,36.0,1.0,0.0,1.0,36.0,59.0,94.0,6.06e-18,72.0,,,,,"('NIQYEVI', 5, 11)",1,NIQYEVI,5,11,0,...[FWY]..[LVI]
12377,PLREANLELIRLFLELPSCLSFVNAKAYNGNTALHVAAS,0,-0.709609401,-1.223298042,,,,12391,162,54,20,0,0,0,36,3,236,sp|Q9BYH8|IKBZ_HUMAN,100.0,36.0,0.0,0.0,1.0,36.0,623.0,658.0,1.06e-18,75.9,,,,,"('IRLFLEL', 9, 15)",1,IRLFLEL,9,15,0,...[FWY]..[LVI]
12417,PLRAVNNKYRLMAFGCVSGSVQVYTIDNSTGAMLLSHKL,0,-4.023500177,-5.689191911,,,,12431,179,6,1,0,0,0,36,3,186,sp|Q4ADV7|RIC1_HUMAN,100.0,36.0,0.0,0.0,1.0,36.0,257.0,292.0,1.01e-19,78.6,,,,,"('LMAFGCV', 10, 16)",1,LMAFGCV,10,16,0,...[FWY]..[LVI]
12753,PLRDATVHSIVIQDGGLLVFGDNKDGSRNITLRTHYILI,0,-5.569097127,-5.301903058,,,,12767,958,11,7,0,0,0,36,3,976,sp|Q9UHN6|CEIP2_HUMAN,100.0,36.0,0.0,0.0,1.0,36.0,146.0,181.0,7.22e-20,79.0,,,,,"('RTHYILI', 32, 38)",1,RTHYILI,32,38,0,...[FWY]..[LVI]
12961,PLRYLDVYNNKAAVLKYENNVMNIRQFNCSPHPYWLPNF,0,-0.634186183,-2.629933894,,,,12975,1267,445,59,0,0,0,36,3,1771,sp|P48454|PP2BC_HUMAN,100.0,36.0,0.0,0.0,1.0,36.0,307.0,342.0,1.02e-22,87.0,,,,,"('PLRYLDV', 0, 6)",1,PLRYLDV,0,6,0,...[FWY]..[LVI]
13319,PLRAVQNIAHLLTSLSYKVRMQALKCFSVLAFENPQVSM,0,-6.906006614,-5.401773347,,,,13334,440,2,3,0,0,0,36,3,445,sp|Q8IUR7|ARMC8_HUMAN,100.0,36.0,0.0,0.0,1.0,36.0,189.0,224.0,9.84e-19,75.9,,,,,"('LKCFSVL', 23, 29)",1,LKCFSVL,23,29,0,...[FWY]..[LVI]
14005,PLRIPLLPENNMSASIDCAGLLKLRNSVLNFVKVKLIL,0,-4.431034144,-2.511763378,,,,14021,277,7,14,0,0,0,35,3,298,sp|Q12968|NFAC3_HUMAN,80.0,30.0,6.0,0.0,1.0,30.0,523.0,552.0,5.96e-11,53.5,,,,,"('VLNFVKV', 27, 33)",1,VLNFVKV,27,33,0,...[FWY]..[LVI]
14312,PLRPIKQGMLLKRSGKWLKTWKKKYVTLCSNGVLTYYSS,0,-3.313308464,-3.481500539,,,,14328,310,17,8,0,0,0,36,3,335,sp|A6NIR3|AGAP5_HUMAN,100.0,36.0,0.0,0.0,1.0,36.0,283.0,318.0,2.2e-20,80.5,,,,,"('KKKYVTL', 21, 27)",1,KKKYVTL,21,27,0,...[FWY]..[LVI]
14377,PLRAVHSEFMHDHADYGFPSCEGKFNWRVIKEKRDAYVS,0,-2.516964323,-2.597693557,,,,14393,84,8,4,0,0,0,36,3,96,sp|P00390|GSHR_HUMAN,100.0,36.0,0.0,0.0,1.0,36.0,117.0,152.0,6.449999999999999e-23,87.8,,,,,"('KFNWRVI', 23, 29)",1,KFNWRVI,23,29,0,...[FWY]..[LVI]
14422,PLRPATLNPIIYGMRTKQLRARIWSYLMHVLFDHSNLGS,0,-4.440258149,-6.20748791,,,,14438,4102,103,16,0,0,0,36,3,4221,sp|Q8NH67|O52I2_HUMAN,97.222,36.0,1.0,0.0,1.0,36.0,315.0,350.0,6.88e-20,78.6,,,,,"('ARIWSYL', 20, 26)",1,ARIWSYL,20,26,0,...[FWY]..[LVI]
14487,PLRAATNIRNYGTEDEDTACWMAWEPSLGAFYGPAAIIT,0,-2.406682268,-2.94684312,,,,14503,107,11,4,0,0,0,36,3,122,sp|Q86SQ6|AGRA1_HUMAN,97.297,37.0,0.0,1.0,1.0,36.0,151.0,187.0,8.94e-19,75.9,,,,,"('TACWMAW', 17, 23)",1,TACWMAW,17,23,0,...[FWY]..[WFY]
15001,PLREAPFNLVPHVDNIETANSFAVTNAFCSQYSRGVFAI,0,-3.212109741,-3.877801476,,,,15017,102,6,2,0,0,0,36,3,110,sp|P48058|GRIA4_HUMAN,100.0,36.0,0.0,0.0,1.0,36.0,59.0,94.0,9.76e-21,81.6,,,,,"('EAPFNLV', 3, 9)",1,EAPFNLV,3,9,0,...[FWY]..[LVI]
15029,PLRDAPGASVLQNEHSFPAQLRAAAFTLFLFTATWAFGA,0,-4.715608141,-6.11826547,,,,15045,241,5,1,0,0,0,36,3,247,sp|Q86SQ6|AGRA1_HUMAN,97.222,36.0,1.0,0.0,1.0,36.0,239.0,274.0,7.93e-17,70.5,,,,,"('AAAFTLF', 22, 28)",1,AAAFTLF,22,28,0,...[FWY]..[WFY]
15045,PLRAAPWGTRRLLNWIKEEYGDIPIYITENGVGLANPNT,0,-2.175272973,-3.063357129,,,,15061,58,7,2,0,0,0,36,3,67,sp|P09848|LPH_HUMAN,97.222,36.0,1.0,0.0,1.0,36.0,1248.0,1283.0,3.75e-20,79.7,,,,,"('KEEYGDI', 16, 22)",1,KEEYGDI,16,22,0,...[FWY]..[LVI]
15432,PLRAAQNSDKSYKAEYEEDKGKCYFPQTITQEYDAIKKL,0,-3.648208856,-6.313900591,,,,15448,276,12,1,0,0,0,36,3,289,sp|P20929|NEBU_HUMAN,97.222,36.0,1.0,0.0,1.0,36.0,697.0,732.0,2.64e-18,74.7,,,,,"('TQEYDAI', 29, 35)",1,TQEYDAI,29,35,0,...[FWY]..[LVI]
15635,PLRADTRETETVFVPVIQAGMEALKAAECAGKLFLFHTS,0,-4.470421737,-4.136113471,,,,15651,122,3,2,0,0,0,36,3,127,sp|P53992|SC24C_HUMAN,100.0,36.0,0.0,0.0,1.0,36.0,610.0,645.0,1.76e-19,77.8,,,,,"('ETVFVPV', 9, 15)",1,ETVFVPV,9,15,0,...[FWY]..[LVI]
16105,PLRKMLCFFKHDNVLSALDILQPPHIDYFEEIYVVTELI,0,-3.43045533,-5.681109565,,,,16123,178,9,1,0,0,0,36,3,188,sp|Q9UBE8|NLK_HUMAN,97.222,36.0,1.0,0.0,1.0,36.0,187.0,222.0,1.2e-19,78.6,,,,,"('IDYFEEI', 25, 31)",1,IDYFEEI,25,31,0,...[FWY]..[LVI]
16107,PLRTAVFMKYAENIMLKLTFVPHKFNSMKMSYF,0,-0.621271934,-3.28172702,,,,16125,776,275,23,0,0,0,30,3,1074,sp|Q7Z5J8|ANKAR_HUMAN,100.0,17.0,0.0,0.0,1.0,17.0,233.0,249.0,2.91e-05,37.4,,,,,"('TAVFMKY', 3, 9)",1,TAVFMKY,3,9,0,...[FWY]..[WFY]
16147,PLRAAVFWNVKDKTMKHVMKVLEKHEIQPYEIALVHWEN,0,-3.982627895,-5.063357129,,,,16165,116,4,1,0,0,0,36,3,121,sp|Q9NWS8|RMND1_HUMAN,100.0,36.0,0.0,0.0,1.0,36.0,233.0,268.0,8.1e-20,79.0,,,,,"('AAVFWNV', 3, 9)",1,AAVFWNV,3,9,0,...[FWY]..[LVI]
16317,PLRTAVKKEMSCFQLFMCTFDLPAYTGNCSREGTIASLN,0,-3.35071498,-3.238799135,,,,16335,131,7,4,0,0,0,36,3,142,sp|Q99518|FMO2_HUMAN,44.0,25.0,14.0,0.0,1.0,25.0,60.0,84.0,1.6,24.3,,,,,"('MSCFQLF', 9, 15)",1,MSCFQLF,9,15,0,...[FWY]..[WFY]
16319,PLRVAVKKVPYVDEEGNLVKPLKPNGIKMEKFVFDVFRF,0,-0.751920206,-4.055041861,,,,16337,865,280,15,0,0,0,36,3,1160,sp|Q3KQV9|UAP1L_HUMAN,100.0,36.0,0.0,0.0,1.0,36.0,356.0,391.0,4.23e-19,77.0,,,,,"('KFVFDVF', 30, 36)",1,KFVFDVF,30,36,0,...[FWY]..[WFY]
16430,PLRTEVLVLALQSREQAEEWLKVIREVSKPVGGAEGVEV,0,-0.161194296,-6.630801868,,,,16448,1719,838,5,0,0,0,36,3,2562,sp|Q8TED9|AF1L1_HUMAN,100.0,36.0,0.0,0.0,1.0,36.0,291.0,326.0,3.91e-17,71.2,,,,,"('AEEWLKV', 16, 22)",1,AEEWLKV,16,22,0,...[FWY]..[LVI]
16876,PLRSAVYIYNCNSWVREYTKYHERLLTGLKGSKRLVFID,0,-5.294571902,-4.375301135,,,,16894,72,1,1,0,0,0,36,3,74,sp|P21359|NF1_HUMAN,100.0,36.0,0.0,0.0,1.0,36.0,1675.0,1710.0,3.1800000000000004e-21,82.8,,,,,"('VREYTKY', 14, 20)",1,VREYTKY,14,20,0,...[FWY]..[WFY]
17242,PLRDAYKKTNFPVIQLIPNTPPTRQQVREKIEFCLKMLF,0,-0.926615276,-4.85283456,,,,17260,401,115,4,0,0,0,36,3,520,sp|Q86XA9|HTR5A_HUMAN,38.462,26.0,16.0,0.0,10.0,35.0,979.0,1004.0,0.39,26.2,,,,,"('KTNFPVI', 7, 13)",1,KTNFPVI,7,13,0,...[FWY]..[LVI]
17606,PLRTCRPNLYEKLKDLQSRLSLCRKALTEYLETKRIAFP,0,-3.890181646,-5.292838975,,,,17627,136,5,1,0,0,0,36,3,142,sp|Q96DT5|DYH11_HUMAN,94.444,36.0,2.0,0.0,1.0,36.0,1591.0,1626.0,9.67e-18,73.2,,,,,"('PNLYEKL', 6, 12)",1,PNLYEKL,6,12,0,...[FWY]..[LVI]
17692,PLRSCRVFQLISLMDTGLPRCCNEKIELAILWFLDQFRK,0,-5.07106586,-4.151795094,,,,17713,185,3,3,0,0,0,36,3,191,sp|Q9H2T7|RBP17_HUMAN,100.0,36.0,0.0,0.0,1.0,36.0,523.0,558.0,3.7e-20,79.7,,,,,"('CRVFQLI', 4, 10)",1,CRVFQLI,4,10,0,...[FWY]..[LVI]
17871,PLRAGSKYNIAITAVSGGKRSFSVYTNGSTVPSPVKDIG,0,-0.198647482,-2.304911807,,,,17892,120,57,7,0,0,0,36,3,184,sp|P23467|PTPRB_HUMAN,100.0,36.0,0.0,0.0,1.0,36.0,175.0,210.0,6.2e-18,73.6,,,,,"('KRSFSVY', 18, 24)",1,KRSFSVY,18,24,0,...[FWY]..[WFY]
18200,PLRDCTKVYKDLLENSMLCAGIPDSKKNACNGDSGGPLV,0,-0.932001822,-1.498157883,,,,18221,147,42,15,0,0,0,36,3,204,sp|P49862|KLK7_HUMAN,100.0,36.0,0.0,0.0,1.0,36.0,175.0,210.0,8.62e-20,77.4,,,,,"('TKVYKDL', 5, 11)",1,TKVYKDL,5,11,0,...[FWY]..[LVI]
18230,PLRTCTPSAGLSFCDVTEIPCGDVYTVMVSLVAKTGLKL,0,-5.852567355,-3.933296588,,,,18251,106,1,2,0,0,0,36,3,109,sp|Q5VTL7|FNDC7_HUMAN,97.222,36.0,1.0,0.0,1.0,36.0,669.0,704.0,1.3e-17,72.8,,,,,"('GLSFCDV', 9, 15)",1,GLSFCDV,9,15,0,...[FWY]..[LVI]
18288,PLRAGTVFVIDEATGNIHVTESLDREEKAQYVLLAQAVD,0,-3.910371806,-4.576063541,,,,18309,331,12,4,0,0,0,36,3,347,sp|Q86UP0|CAD24_HUMAN,97.222,36.0,1.0,0.0,1.0,36.0,88.0,123.0,4.27e-18,73.9,,,,,"('KAQYVLL', 27, 33)",1,KAQYVLL,27,33,0,...[FWY]..[LVI]
18361,PLRNFSFDAHDPCVFHSSTVTGLLEHYKDPSSCMFFEPL,0,-0.489719487,-1.951538888,,,,18382,577,224,43,0,0,0,36,3,844,sp|O75159|SOCS5_HUMAN,100.0,36.0,0.0,0.0,1.0,36.0,436.0,471.0,1.8e-20,80.9,,,,,"('CMFFEPL', 32, 38)",1,CMFFEPL,32,38,0,...[FWY]..[LVI]
18431,PLRSCVMGFILMYATVLCTQYNSALTPTIVGCIKNILIT,0,-2.726682914,-3.61476707,,,,18452,85,7,2,0,0,0,36,3,94,sp|Q9NTN3|S35D1_HUMAN,97.222,36.0,1.0,0.0,1.0,36.0,262.0,297.0,1.67e-17,72.0,,,,,"('ILMYATV', 9, 15)",1,ILMYATV,9,15,0,...[FWY]..[LVI]
18661,PLRTCYMNAILQSLFSLQSFANDLLKQGIPWKKIPLNAL,0,-5.428427648,-3.509156882,,,,18682,237,3,6,0,0,0,36,3,246,sp|Q86T82|UBP37_HUMAN,100.0,36.0,0.0,0.0,1.0,36.0,349.0,384.0,3.63e-20,80.1,,,,,"('GIPWKKI', 27, 33)",1,GIPWKKI,27,33,0,...[FWY]..[LVI]
18826,PLRPETYIQYFKNHNVTTIIRLNKRMYDAKRFTDAGFDH,0,-0.982627895,-2.311284642,,,,18847,551,152,32,0,0,0,36,3,735,sp|O60729|CC14B_HUMAN,100.0,36.0,0.0,0.0,1.0,36.0,245.0,280.0,2.62e-20,80.5,,,,,"('PETYIQY', 3, 9)",1,PETYIQY,3,9,0,...[FWY]..[WFY]
18855,PLRTDDHMALLLEEENAIFSGDCILGEGTTVFEDLYDYM,0,-0.214844709,-2.040316888,,,,18876,528,248,37,0,0,0,36,3,813,sp|Q53H82|LACB2_HUMAN,100.0,36.0,0.0,0.0,1.0,36.0,146.0,181.0,9.9e-21,80.1,,,,,"('TTVFEDL', 28, 34)",1,TTVFEDL,28,34,0,...[FWY]..[LVI]
18864,PLRAHTYHINSISINSDYETYLSADDLRINLWHLEITDR,0,-2.205394314,-5.94908856,,,,18885,643,76,3,0,0,0,36,3,722,sp|P63151|2ABA_HUMAN,100.0,36.0,0.0,0.0,1.0,36.0,175.0,210.0,4.8e-19,76.6,,,,,"('NSDYETY', 14, 20)",1,NSDYETY,14,20,0,...[FWY]..[WFY]
19195,PLRPDCMASLIVARQGLGDMAVSNTIGSNVFDILVGLGV,0,-6.775698591,-5.856427825,,,,19216,201,1,1,0,0,0,36,3,203,sp|Q8NFF2|NCKX4_HUMAN,100.0,36.0,0.0,0.0,1.0,36.0,501.0,536.0,4.51e-18,73.9,,,,,"('SNVFDIL', 27, 33)",1,SNVFDIL,27,33,0,...[FWY]..[LVI]
19281,PLRSDDEFENLRIKGPNAVQLVKTTPLKPSPLPVIPDTI,0,-2.04218474,-1.292838975,,,,19302,68,9,8,0,0,0,36,3,85,sp|Q7Z6Z7|HUWE1_HUMAN,100.0,36.0,0.0,0.0,1.0,36.0,1907.0,1942.0,8.79e-19,75.9,,,,,"('DDEFENL', 4, 10)",1,DDEFENL,4,10,0,...[FWY]..[LVI]
19341,PLRPDDHARKILLSRINNYTIPEEEIGSFLFHAINKPNA,0,-0.053262267,-2.269506471,,,,19362,552,290,33,0,0,0,36,3,875,sp|Q96AE7|TTC17_HUMAN,100.0,36.0,0.0,0.0,1.0,36.0,581.0,616.0,6.01e-20,79.3,,,,,"('SFLFHAI', 27, 33)",1,SFLFHAI,27,33,0,...[FWY]..[LVI]
19794,PLRAFMETSAKLNHNVKELFQELLNLKKRRTVNLQIDGK,0,-3.984789237,-5.589080426,,,,19815,668,23,4,0,0,0,36,3,695,sp|Q96HU8|DIRA2_HUMAN,94.444,36.0,2.0,0.0,1.0,36.0,146.0,181.0,1e-16,68.2,,,,,"('KELFQEL', 16, 22)",1,KELFQEL,16,22,0,...[FWY]..[LVI]
19865,PLRASNFARWRYKVSVTLSGKKVTGHILVSLFGNKGNSK,0,-5.656028361,-6.736757594,,,,19886,740,8,2,0,0,0,36,3,750,sp|P16233|LIPP_HUMAN,100.0,36.0,0.0,0.0,1.0,36.0,349.0,384.0,6.89e-19,76.3,,,,,"('ASNFARW', 3, 9)",1,ASNFARW,3,9,0,...[FWY]..[WFY]
19903,PLRSCNMANIREYYERALREFGSADSDLWMDYMKEELSH,0,-5.113331587,-5.194060821,,,,19924,127,2,1,0,0,0,36,3,130,sp|Q9NYH9|UTP6_HUMAN,97.222,36.0,1.0,0.0,1.0,36.0,523.0,558.0,1.72e-19,78.2,,,,,"('SDLWMDY', 25, 31)",1,SDLWMDY,25,31,0,...[FWY]..[WFY]
21064,PLRTDFFSEAFEHNGRPYSLLVYIPSRVALILQNVDLPN,0,-2.756915116,-2.837644349,,,,21086,124,10,5,0,0,0,36,3,139,sp|Q04446|GLGB_HUMAN,100.0,36.0,0.0,0.0,1.0,36.0,667.0,702.0,3.33e-19,77.0,,,,,"('GRPYSLL', 14, 20)",1,GRPYSLL,14,20,0,...[FWY]..[LVI]
22013,PLRMANCSLYRSCGDCLLARDPYCAWSGSSCKHVSLYQP,0,-4.932001822,-4.597693557,,,,22036,336,6,4,0,0,0,36,3,346,sp|Q9NPR2|SEM4B_HUMAN,100.0,36.0,0.0,0.0,1.0,36.0,523.0,558.0,2.03e-20,80.5,,,,,"('RDPYCAW', 19, 25)",1,RDPYCAW,19,25,0,...[FWY]..[WFY]
22258,PLRLADDCDDPLVSALPQASFSSSSELSSSHGPGFARLN,0,-0.303834823,-2.283635148,,,,22281,625,276,37,0,0,0,36,3,938,sp|Q9C0A0|CNTP4_HUMAN,100.0,33.0,0.0,0.0,4.0,36.0,30.0,62.0,1.98e-09,49.3,,,,,"('GPGFARL', 31, 37)",1,GPGFARL,31,37,0,...[FWY]..[LVI]
22498,PLRSCEIRDLLPVMCNRAGLFKILALSSMRKLN,0,-4.101926824,-3.182656057,,,,22522,63,2,2,0,0,0,30,3,67,sp|Q93009|UBP7_HUMAN,65.217,23.0,8.0,0.0,1.0,23.0,710.0,732.0,1.54e-05,38.1,,,,,"('AGLFKIL', 17, 23)",1,AGLFKIL,17,23,0,...[FWY]..[LVI]
22553,PLRAGELQKPFFWGTEYPRSLSYGAIGVIVGHEFTHGFD,0,-5.455563778,-3.536293012,,,,22577,161,2,4,0,0,0,36,3,167,sp|P78562|PHEX_HUMAN,100.0,36.0,0.0,0.0,1.0,36.0,552.0,587.0,2.88e-22,85.9,,,,,"('SLSYGAI', 19, 25)",1,SLSYGAI,19,25,0,...[FWY]..[LVI]
22578,PLRACESSSHICPYCNREFTYIGSLNKHAAFSCPKKPLS,0,-0.696898349,-5.610517597,,,,22602,339,114,2,0,0,0,36,3,455,sp|Q13029|PRDM2_HUMAN,100.0,36.0,0.0,0.0,1.0,36.0,1449.0,1484.0,2.31e-20,80.5,,,,,"('NREFTYI', 15, 21)",1,NREFTYI,15,21,0,...[FWY]..[LVI]
22877,PLRRVVQVWFQNRRAKEKRLKKDAGRQRWGQYFRNMKRS,0,-3.567590396,-1.64831963,,,,22902,87,4,8,0,0,0,36,3,99,sp|Q9UBR4|LHX3_HUMAN,100.0,36.0,0.0,0.0,1.0,36.0,199.0,234.0,6.310000000000001e-21,81.6,,,,,"('RQRWGQY', 25, 31)",1,RQRWGQY,25,31,0,...[FWY]..[WFY]
23603,PLRSDKGRLKHTAFATFPNEKAAIKALTRLHQLKLLGHT,0,-3.879534402,-5.075740853,,,,23629,351,13,3,0,0,0,36,3,367,sp|Q96LT9|RNPC3_HUMAN,100.0,36.0,0.0,0.0,1.0,36.0,59.0,94.0,3.11e-18,74.3,,,,,"('HTAFATF', 10, 16)",1,HTAFATF,10,16,0,...[FWY]..[WFY]
23606,PLRTDKGVSAFGQVISLDLRSQFPRGRDSEDFNVKEEAN,0,-2.874668647,-4.414829499,,,,23632,148,11,2,0,0,0,36,3,161,sp|Q9BZE2|PUS3_HUMAN,100.0,36.0,0.0,0.0,1.0,36.0,117.0,152.0,1.47e-18,75.5,,,,,"('VSAFGQV', 7, 13)",1,VSAFGQV,7,13,0,...[FWY]..[LVI]
23683,PLRTDKLFKFRNNRWEDILSDEVNVARGVASLFAGRSVA,0,-1.750481682,-1.367263816,,,,23709,179,29,20,0,0,0,36,3,228,sp|Q9NQ79|CRAC1_HUMAN,100.0,36.0,0.0,0.0,1.0,36.0,146.0,181.0,4.34e-19,77.0,,,,,"('NNRWEDI', 11, 17)",1,NNRWEDI,11,17,0,...[FWY]..[LVI]
24832,PLRPCHQAGAQEAQPLQPSHFLDISEDWSLHTDDMIGSI,0,-2.057532704,-3.597693557,,,,24858,84,11,2,0,0,0,36,3,97,sp|Q9HBJ0|PLAC1_HUMAN,97.222,36.0,1.0,0.0,1.0,36.0,177.0,212.0,3.19e-20,77.8,,,,,"('PSHFLDI', 17, 23)",1,PSHFLDI,17,23,0,...[FWY]..[LVI]
25462,PLRLMAAVMTSKWVGDAFGREGIYEAHIRLNGYPFLDAK,0,-3.326280761,-2.407009995,,,,25490,92,5,5,0,0,0,36,3,102,sp|P51790|CLCN3_HUMAN,100.0,36.0,0.0,0.0,1.0,36.0,610.0,645.0,8.58e-20,79.0,,,,,"('LNGYPFL', 29, 35)",1,LNGYPFL,29,35,0,...[FWY]..[LVI]
25541,PLRADCITPGLYAMVGAAACLGGVTRMTVSLVVIMFELT,0,-4.253929917,-5.919621652,,,,25569,210,6,1,0,0,0,36,3,217,sp|P51795|CLCN5_HUMAN,100.0,36.0,0.0,0.0,1.0,36.0,564.0,599.0,3.99e-18,73.9,,,,,"('PGLYAMV', 8, 14)",1,PGLYAMV,8,14,0,...[FWY]..[LVI]
25636,PLRACLPGFYRLRSQPGGRTPGPTLGTCVPCQCNGHSSL,0,-0.570327549,-5.326621832,,,,25664,1253,460,9,0,0,0,36,3,1722,sp|P24043|LAMA2_HUMAN,100.0,36.0,0.0,0.0,1.0,36.0,1393.0,1428.0,5.97e-20,79.3,,,,,"('LPGFYRL', 5, 11)",1,LPGFYRL,5,11,0,...[FWY]..[LVI]
25778,PLRALSEQANQRSVFIPYRESVLTWLLKESLGGNSKTAM,0,-3.779998729,-4.182656057,,,,25806,252,10,4,0,0,0,36,3,266,sp|Q15058|KIF14_HUMAN,100.0,36.0,0.0,0.0,1.0,36.0,639.0,674.0,3.46e-19,77.0,,,,,"('RSVFIPY', 11, 17)",1,RSVFIPY,11,17,0,...[FWY]..[WFY]
25976,PLRDDRRVTPTCHSSTSEPRCSRFDPDGSGSPATWDNFG,0,-2.709609401,-3.375301135,,,,26004,72,6,2,0,0,0,36,3,80,sp|Q8N3J5|PPM1K_HUMAN,100.0,36.0,0.0,0.0,1.0,36.0,30.0,65.0,2.19e-20,80.1,,,,,"('PATWDNF', 31, 37)",1,PATWDNF,31,37,0,...[FWY]..[WFY]
26267,PLRAESLAVHNITVCEQKISEWGKIKECPIPQFAGNPPM,0,-0.705772444,-2.266192135,,,,26295,751,251,45,0,0,0,36,3,1047,sp|P04839|CY24B_HUMAN,100.0,36.0,0.0,0.0,1.0,36.0,233.0,268.0,1.3900000000000001e-21,84.0,,,,,"('ISEWGKI', 18, 24)",1,ISEWGKI,18,24,0,...[FWY]..[LVI]
26304,PLRVDSNLANLIMNEIVDNGTAVKFDDIAGQDLAKQALQ,0,-5.17449545,-5.255224683,,,,26332,265,4,2,0,0,0,36,3,271,sp|Q9UBP0|SPAST_HUMAN,100.0,36.0,0.0,0.0,1.0,36.0,320.0,355.0,6.74e-19,76.3,,,,,"('AVKFDDI', 21, 27)",1,AVKFDDI,21,27,0,...[FWY]..[LVI]
26342,PLRTDSQPTSVMLLDFIQHIMKSSPLMFVNVSGSHERKG,0,-1.482198905,-2.977965638,,,,26370,82,16,3,0,0,0,36,3,101,sp|Q13535|ATR_HUMAN,97.222,36.0,1.0,0.0,1.0,36.0,59.0,94.0,2.45e-18,74.7,,,,,"('PLMFVNV', 24, 30)",1,PLMFVNV,24,30,0,...[FWY]..[LVI]
26393,PLRLLADSSNWVTNLANSSLGFILADAGFDVWMGNSRGN,0,-4.879534402,-4.960263636,,,,26421,108,2,1,0,0,0,36,3,111,sp|P38571|LICH_HUMAN,100.0,36.0,0.0,0.0,1.0,36.0,88.0,123.0,4.02e-18,73.9,,,,,"('DAGFDVW', 25, 31)",1,DAGFDVW,25,31,0,...[FWY]..[WFY]
26515,PLRAGKLNQFWKNLRESQQLRWDESWVQTVLPLVMDIQL,0,-1.253929917,-4.919621652,,,,26543,105,24,1,0,0,0,36,3,130,sp|Q6GMV1|ALG1L_HUMAN,100.0,36.0,0.0,0.0,1.0,36.0,126.0,161.0,3.7e-20,77.0,,,,,"('NQFWKNL', 7, 13)",1,NQFWKNL,7,13,0,...[FWY]..[LVI]
26965,PLRTDLPFFDTCVANLPYQISSPFVFKLLLHRPFFRCAI,0,-6.319403755,-6.400132988,,,,26993,586,4,2,0,0,0,36,3,592,sp|Q9UNQ2|DIM1_HUMAN,100.0,36.0,0.0,0.0,1.0,36.0,117.0,152.0,3.11e-20,79.3,,,,,"('PFVFKLL', 22, 28)",1,PFVFKLL,22,28,0,...[FWY]..[LVI]
27188,PLRTDMKCQRGDLSFIFNGDAAPSESFVVLDNEQKVYQR,0,-1.150442901,-6.831084977,,,,27216,395,97,1,0,0,0,36,3,493,sp|Q8N6S4|AN13C_HUMAN,100.0,36.0,0.0,0.0,1.0,36.0,268.0,303.0,1.89e-20,80.9,,,,,"('SESFVVL', 23, 29)",1,SESFVVL,23,29,0,...[FWY]..[LVI]
27286,PLRGDNENKLPREDGMVPFVFVGTKESIGNVQVLLEYHI,0,-7.960697255,-6.041426489,,,,27314,457,1,2,0,0,0,36,3,460,sp|P51114|FXR1_HUMAN,100.0,36.0,0.0,0.0,1.0,36.0,320.0,355.0,1.64e-19,78.2,,,,,"('MVPFVFV', 15, 21)",1,MVPFVFV,15,21,0,...[FWY]..[LVI]
27297,PLRHWTGILREAFTDADNFGIQFPLDLDVKMKAVMIGAS,0,-2.838892418,-3.919621652,,,,27325,105,8,2,0,0,0,36,3,115,sp|O15162|PLS1_HUMAN,100.0,35.0,0.0,0.0,1.0,35.0,262.0,296.0,1.19e-20,80.5,,,,,"('LRHWTGI', 1, 7)",1,LRHWTGI,1,7,0,...[FWY]..[LVI]
27312,PLRTDNIFAIKSWAKRKFGFEENKIDRTFGIPEDFDYID,0,-0.291067661,-4.889072588,,,,27340,514,229,5,0,0,0,36,3,748,sp|Q9BWT6|MND1_HUMAN,100.0,36.0,0.0,0.0,1.0,36.0,170.0,205.0,7.460000000000001e-21,79.0,,,,,"('PEDFDYI', 31, 37)",1,PEDFDYI,31,37,0,...[FWY]..[LVI]
27534,PLREDPLAILILFDEAHYNLLKGFYTAPDAKLITSASLL,0,-0.079792664,-1.315800124,,,,27562,95,49,11,0,0,0,36,3,155,sp|O00522|KRIT1_HUMAN,94.444,36.0,2.0,0.0,1.0,36.0,523.0,558.0,4.36e-17,71.2,,,,,"('EAHYNLL', 14, 20)",1,EAHYNLL,14,20,0,...[FWY]..[LVI]
27597,PLRPDPQAMFDIEYFRKDPRPFFKFAKEIYPGQFQPSLC,0,-0.113151261,-5.171160419,,,,27625,250,126,2,0,0,0,36,3,378,sp|Q96EB6|SIR1_HUMAN,100.0,36.0,0.0,0.0,1.0,36.0,291.0,326.0,5.43e-20,79.3,,,,,"('PRPFFKF', 18, 24)",1,PRPFFKF,18,24,0,...[FWY]..[WFY]
27603,PLREDPQFPKVQWPPRELCSACHNERLDVPVWDVEATLN,0,-2.894720806,-2.323373343,,,,27631,191,14,11,0,0,0,36,3,216,sp|O00391|QSOX1_HUMAN,100.0,36.0,0.0,0.0,1.0,36.0,494.0,529.0,8.620000000000001e-21,81.6,,,,,"('DPQFPKV', 4, 10)",1,DPQFPKV,4,10,0,...[FWY]..[LVI]
27848,PLRTDVDSYSFKILIFNMTMHVTCQGIEKLKGECDLRTL,0,-3.648208856,-2.407009995,,,,27876,92,4,5,0,0,0,36,3,101,sp|Q08462|ADCY2_HUMAN,56.25,16.0,7.0,0.0,20.0,35.0,1058.0,1073.0,3.8,23.5,,,,,"('SYSFKIL', 7, 13)",1,SYSFKIL,7,13,0,...[FWY]..[LVI]
28041,PLRDDVNTYNAAIAYTILSQDPELPDKNMFTINRNTGVI,0,-1.436590906,-1.674861417,,,,28069,144,29,13,0,0,0,36,3,186,sp|P12830|CADH1_HUMAN,100.0,36.0,0.0,0.0,1.0,36.0,291.0,326.0,8.38e-19,75.9,,,,,"('AIAYTIL', 11, 17)",1,AIAYTIL,11,17,0,...[FWY]..[LVI]
28531,PLRTEEAMFALFLQQCHFLRQAGHSEKAISLFQAMVDFT,0,-6.356668023,-7.022359757,,,,28559,451,3,1,0,0,0,36,3,455,sp|Q9H7Z3|NRDE2_HUMAN,100.0,36.0,0.0,0.0,1.0,36.0,465.0,500.0,9.69e-20,78.6,,,,,"('EAMFALF', 5, 11)",1,EAMFALF,5,11,0,...[FWY]..[WFY]
29297,PLRTEEFLNAPLPSIKEIKTDAHYSILSLLLCLSDSPSN,0,-0.438611617,-3.96559708,,,,29325,271,109,5,0,0,0,36,3,385,sp|Q96RT8|GCP5_HUMAN,100.0,36.0,0.0,0.0,1.0,36.0,88.0,123.0,2.26e-18,74.7,,,,,"('DAHYSIL', 20, 26)",1,DAHYSIL,20,26,0,...[FWY]..[LVI]
29633,PLRSEELTRFPGLRGPTGQKVVRFGDEDLTWQDEHSAPF,0,-6.055384238,-5.136113471,,,,29661,122,1,1,0,0,0,36,3,124,sp|Q9H425|CA198_HUMAN,100.0,36.0,0.0,0.0,1.0,36.0,88.0,123.0,2.32e-20,79.7,,,,,"('LTRFPGL', 6, 12)",1,LTRFPGL,6,12,0,...[FWY]..[LVI]
29695,PLRAKENCGDGPDARIPEKRPYTVPFDTHLGHYIYIPSR,0,-4.957536914,-2.659754525,,,,29723,285,5,13,0,0,0,36,3,303,sp|Q86VH2|KIF27_HUMAN,97.222,36.0,1.0,0.0,1.0,36.0,563.0,598.0,4.0000000000000004e-23,88.2,,,,,"('LGHYIYI', 29, 35)",1,LGHYIYI,29,35,0,...[FWY]..[LVI]
29708,PLRGKGCPYPAPLERQMETTQNLVDSYMAIVNKTVWDLM,0,-2.383381169,-4.271465324,,,,29736,67,7,1,0,0,0,36,3,75,sp|Q6ZS02|DMP46_HUMAN,100.0,27.0,0.0,0.0,10.0,36.0,50.0,76.0,1.96e-13,60.1,,,,,"('VDSYMAI', 23, 29)",1,VDSYMAI,23,29,0,...[FWY]..[LVI]
29769,PLRTEEPVYNWRTVINSAADFYFEGNIHQSLQNITENQL,0,-1.840853934,-1.72893809,,,,29797,92,14,8,0,0,0,36,3,114,sp|Q8N5J4|SPIC_HUMAN,100.0,36.0,0.0,0.0,1.0,36.0,59.0,94.0,3.21e-20,78.2,,,,,"('VYNWRTV', 7, 13)",1,VYNWRTV,7,13,0,...[FWY]..[LVI]
30038,PLRWGFTKFNADEFEDMVAEKWLIPDGCGVKYIPNRGPM,0,-7.217404041,-6.298133275,,,,30066,273,1,1,0,0,0,36,3,275,sp|P27635|RL10_HUMAN,94.444,36.0,2.0,0.0,1.0,36.0,171.0,206.0,8.4e-22,81.6,,,,,"('RWGFTKF', 2, 8)",1,RWGFTKF,2,8,0,...[FWY]..[WFY]
30119,PLRGEFKNKAFALEVIKSTHQCWKALLMKKCNGGAINCT,0,-0.85754283,-2.628587565,,,,30147,236,71,11,0,0,0,36,3,318,sp|Q9H2U2|IPYR2_HUMAN,100.0,36.0,0.0,0.0,1.0,36.0,256.0,291.0,7.1e-20,78.6,,,,,"('HQCWKAL', 19, 25)",1,HQCWKAL,19,25,0,...[FWY]..[LVI]
30320,PLRTEGAQDSGGRGTQGRYLQLRSAASLYLSGASPGFPE,0,-2.879534402,-1.223298042,,,,30348,81,6,10,0,0,0,36,3,97,sp|P59510|ATS20_HUMAN,62.5,16.0,6.0,0.0,7.0,22.0,1167.0,1182.0,1.3,24.6,,,,,"('QGRYLQL', 15, 21)",1,QGRYLQL,15,21,0,...[FWY]..[LVI]
30323,PLRSEGARDVDNLFFLQGFLKSRERSSHKLYSQLLHTQM,0,-1.957536914,-0.131375552,,,,30351,57,8,15,0,0,0,36,3,80,sp|O75064|DEN4B_HUMAN,100.0,36.0,0.0,0.0,1.0,36.0,593.0,628.0,3.48e-20,80.1,,,,,"('HKLYSQL', 27, 33)",1,HKLYSQL,27,33,0,...[FWY]..[LVI]
30528,PLRTEGINLVTAVLTNPVTAQMQIKEDRFWTCAYRLYYA,0,-6.731977214,-7.397668948,,,,30556,585,3,1,0,0,0,36,3,589,sp|Q6ZW61|BBS12_HUMAN,100.0,36.0,0.0,0.0,1.0,36.0,494.0,529.0,1.84e-20,80.9,,,,,"('TCAYRLY', 30, 36)",1,TCAYRLY,30,36,0,...[FWY]..[WFY]
30568,PLRTEGKYAALEAQAIGLLLELLHSPMTIARLNATKALT,0,-2.88267411,-4.465903684,,,,30596,230,17,3,0,0,0,36,3,250,sp|Q9UHP6|RSP14_HUMAN,100.0,36.0,0.0,0.0,1.0,36.0,262.0,297.0,1.72e-17,72.0,,,,,"('EGKYAAL', 4, 10)",1,EGKYAAL,4,10,0,...[FWY]..[LVI]
30953,PLRALYDICSRTLKLPTPTYGDLNHLVSATMSGVTTCL,0,-4.031537496,-2.490778353,,,,30982,390,13,20,0,0,0,35,3,423,sp|A6NNZ2|TBB8B_HUMAN,100.0,35.0,0.0,0.0,1.0,35.0,206.0,240.0,6.62e-20,79.0,,,,,"('TPTYGDL', 16, 22)",1,TPTYGDL,16,22,0,...[FWY]..[LVI]
31048,PLRTEVPLLIRLYLADMTLSEVHVVMTGGYATIAGSLLD,0,-3.347039321,-3.012731056,,,,31077,56,3,2,0,0,0,36,3,61,sp|O00337|S28A1_HUMAN,94.286,35.0,2.0,0.0,1.0,35.0,320.0,354.0,2.65e-15,66.2,,,,,"('TGGYATI', 26, 32)",1,TGGYATI,26,32,0,...[FWY]..[LVI]
31200,PLRDEATVKRLRREETHVCEKCCAEFFSISEFLEHKKNC,0,-2.446574995,-2.334659151,,,,31229,70,7,4,0,0,0,36,3,81,sp|Q9UJQ4|SALL4_HUMAN,100.0,36.0,0.0,0.0,1.0,36.0,59.0,94.0,5.29e-22,85.1,,,,,"('CAEFFSI', 22, 28)",1,CAEFFSI,22,28,0,...[FWY]..[LVI]
31225,PLRAEDVKKTLDGELDEKYKKVENLIAKKTEESADARRK,0,-0.963365993,-5.744534945,,,,31254,186,52,1,0,0,0,36,3,239,sp|P07942|LAMB1_HUMAN,100.0,36.0,0.0,0.0,1.0,36.0,1683.0,1718.0,3.35e-17,71.6,,,,,"('DEKYKKV', 15, 21)",1,DEKYKKV,15,21,0,...[FWY]..[LVI]
31241,PLRPNARDNWNYTPLHEAAIKGKIDVCIVLLQHGAEPTI,0,-0.568746865,-3.201271736,,,,31270,351,129,11,0,0,0,36,3,491,sp|Q9H2K2|TNKS2_HUMAN,100.0,36.0,0.0,0.0,1.0,36.0,117.0,152.0,3.57e-21,82.8,,,,,"('NWNYTPL', 8, 14)",1,NWNYTPL,8,14,0,...[FWY]..[LVI]
31486,PLRTECLCINPGSFPRSGFSFKVFYPSNKT,0,-3.267604854,-2.933296588,,,,31516,159,9,6,0,0,0,27,3,174,sp|P56282|DPOE2_HUMAN,100.0,27.0,0.0,0.0,1.0,27.0,492.0,518.0,1.97e-13,60.5,,,,,"('GFSFKVF', 17, 23)",1,GFSFKVF,17,23,0,...[FWY]..[WFY]
31620,PLRNPDVQSISEDARISGISFITIALSTVVNEAKLRLIS,0,-5.417954317,-7.306038473,,,,31650,549,7,1,0,0,0,36,3,557,sp|Q2UY09|COSA1_HUMAN,100.0,36.0,0.0,0.0,1.0,36.0,168.0,203.0,7.49e-18,73.2,,,,,"('GISFITI', 17, 23)",1,GISFITI,17,23,0,...[FWY]..[LVI]
31881,PLRSEDKNYIFTHIGNGSNYIKS,0,-0.833598118,-4.61476707,,,,31912,85,26,1,0,0,0,20,3,112,sp|Q9UJU3|ZN112_HUMAN,100.0,20.0,0.0,0.0,1.0,20.0,152.0,171.0,6.15e-08,44.3,,,,,"('NYIFTHI', 7, 13)",1,NYIFTHI,7,13,0,...[FWY]..[LVI]
31892,PLRPEDKVAFEFVLEYMDRMVGCKDWLVENAPGDVVPIV,0,-1.162782029,-3.465903684,,,,31923,115,28,3,0,0,0,36,3,146,sp|Q8IZU8|DSEL_HUMAN,94.286,35.0,2.0,0.0,1.0,35.0,136.0,170.0,1.23e-18,75.5,,,,,"('KVAFEFV', 6, 12)",1,KVAFEFV,6,12,0,...[FWY]..[LVI]
31965,PLRFDISSSLAGLIDGSFEIGNLLVIVFVSYFGSKLHRP,0,-0.96883859,-4.322586318,,,,31996,833,232,12,0,0,0,36,3,1077,sp|Q9NPD5|SO1B3_HUMAN,100.0,36.0,0.0,0.0,1.0,36.0,59.0,94.0,6.71e-18,73.6,,,,,"('VIVFVSY', 24, 30)",1,VIVFVSY,24,30,0,...[FWY]..[WFY]
31986,PLRTEHDFHEIEGACKRGFQETLYVWNEPKWCIKGISLP,0,-0.116736886,-5.712289739,,,,32017,1637,823,9,0,0,0,36,3,2469,sp|A8MWY0|ELAP2_HUMAN,100.0,36.0,0.0,0.0,1.0,36.0,879.0,914.0,7.410000000000001e-21,82.0,,,,,"('EHDFHEI', 4, 10)",1,EHDFHEI,4,10,0,...[FWY]..[LVI]
32103,PLRVEHPLSGVQGETLTSWSLATAPSYPCLAGPCTFRIC,0,-0.226526514,-2.079845252,,,,32134,88,41,6,0,0,0,36,3,135,sp|Q5T9A4|ATD3B_HUMAN,97.222,36.0,1.0,0.0,1.0,36.0,581.0,616.0,3.14e-21,82.8,,,,,"('APSYPCL', 23, 29)",1,APSYPCL,23,29,0,...[FWY]..[LVI]
32170,PLRAEIASALGYLHSLNIVYRDLKPENILLDSQGHIVLT,0,-4.132141437,-3.21287067,,,,32201,193,6,6,0,0,0,36,3,205,sp|O00141|SGK1_HUMAN,100.0,36.0,0.0,0.0,1.0,36.0,204.0,239.0,7.75e-19,76.3,,,,,"('NIVYRDL', 16, 22)",1,NIVYRDL,16,22,0,...[FWY]..[LVI]
32200,PLRPEIATSELVQTCLQAIKFILPKEIAVQMLVKWYNVH,0,-3.203598242,-1.436330569,,,,32231,169,10,18,0,0,0,36,3,197,sp|Q9H1A4|APC1_HUMAN,100.0,36.0,0.0,0.0,1.0,36.0,610.0,645.0,2.15e-19,77.8,,,,,"('LVKWYNV', 31, 37)",1,LVKWYNV,31,37,0,...[FWY]..[LVI]
32520,PLRAEVPSILMEYFANDYRVVNQFARHYQTGQPLPKNMV,0,-4.431034144,-6.3191183,,,,32551,277,7,1,0,0,0,36,3,285,sp|Q99797|MIPEP_HUMAN,100.0,36.0,0.0,0.0,1.0,36.0,523.0,558.0,1.55e-20,80.9,,,,,"('ANDYRVV', 14, 20)",1,ANDYRVV,14,20,0,...[FWY]..[LVI]
32593,PLRMEISNLYIYDTVLLLANAFHKKLEDRKWHSMASLSC,0,-2.739356744,-4.820085978,,,,32624,98,8,1,0,0,0,36,3,107,sp|O43424|GRID2_HUMAN,100.0,36.0,0.0,0.0,1.0,36.0,320.0,355.0,1.34e-20,81.3,,,,,"('LYIYDTV', 8, 14)",1,LYIYDTV,8,14,0,...[FWY]..[LVI]
32702,PLRTEKADHEEVCEFRLYSCPCPGTVCKWQGTMDAIMPH,0,-0.951810303,-5.401773347,,,,32733,440,124,3,0,0,0,36,3,567,sp|Q8IUQ4|SIAH1_HUMAN,80.556,36.0,7.0,0.0,1.0,36.0,112.0,147.0,1.25e-17,72.0,,,,,"('VCEFRLY', 11, 17)",1,VCEFRLY,11,17,0,...[FWY]..[WFY]
33386,PLRAELEQIAFNPSLVYLMDDFSSLPALPQQLIQPLTTY,0,-1.181677845,-2.046678388,,,,33419,129,31,9,0,0,0,36,3,169,sp|P12111|CO6A3_HUMAN,100.0,36.0,0.0,0.0,1.0,36.0,784.0,819.0,7.24e-19,76.3,,,,,"('MDDFSSL', 18, 24)",1,MDDFSSL,18,24,0,...[FWY]..[LVI]
33463,PLRAELVKCLSSEETVGAVVYAEVGDSASMEQSLLTFKS,0,-4.648208856,-6.050866185,,,,33496,230,5,1,0,0,0,36,3,236,sp|Q14207|NPAT_HUMAN,100.0,36.0,0.0,0.0,1.0,36.0,784.0,819.0,4.63e-15,65.5,,,,,"('AVVYAEV', 17, 23)",1,AVVYAEV,17,23,0,...[FWY]..[LVI]
33645,PLRQELLSIYDCREMETNGPGHQLWRRFPEHVREILEPH,0,-5.243587973,-4.324317207,,,,33678,139,2,2,0,0,0,36,3,143,sp|Q13535|ATR_HUMAN,100.0,36.0,0.0,0.0,1.0,36.0,1422.0,1457.0,3.29e-22,85.9,,,,,"('HQLWRRF', 21, 27)",1,HQLWRRF,21,27,0,...[FWY]..[WFY]
34213,PLRAEMTSKHQEYLKLETTWMTAVGLQRWQQKLHIKLA,0,-0.584078519,-1.986735847,,,,34246,55,20,4,0,0,0,35,3,79,sp|Q9NR28|DBLOH_HUMAN,100.0,23.0,0.0,0.0,1.0,23.0,141.0,163.0,8.16e-10,50.4,,,,,"('HQEYLKL', 9, 15)",1,HQEYLKL,9,15,0,...[FWY]..[LVI]
34402,PLRAKNKVNVFGAIINMAASVSGVIGGLKFSRTYYVKGI,0,-4.990895511,-5.656587246,,,,34435,175,3,1,0,0,0,36,3,179,sp|Q96RV3|PCX1_HUMAN,54.167,24.0,11.0,0.0,13.0,36.0,1681.0,1704.0,3.9,23.5,,,,,"('VNVFGAI', 7, 13)",1,VNVFGAI,7,13,0,...[FWY]..[LVI]
34625,PLRENWLKIQPTTPSEPTAIKSQLKICKDEVNRLSGLQP,0,-0.752678123,-4.292838975,,,,34659,136,44,2,0,0,0,36,3,182,sp|P11532|DMD_HUMAN,97.222,36.0,1.0,0.0,1.0,36.0,850.0,885.0,2.09e-18,74.7,,,,,"('RENWLKI', 2, 8)",1,RENWLKI,2,8,0,...[FWY]..[LVI]
34977,PLRTESISEFILRRLTMNELNSVSDLDRCHLYLMVLTEL,0,-6.101926824,-4.767618558,,,,35011,378,3,4,0,0,0,36,3,385,sp|Q13395|TARB1_HUMAN,100.0,36.0,0.0,0.0,1.0,36.0,726.0,761.0,2.61e-18,74.7,,,,,"('CHLYLMV', 28, 34)",1,CHLYLMV,28,34,0,...[FWY]..[LVI]
35258,PLRSESVGSDAPCVVKVEPSDNGPLFTELKFYQRAAKPE,0,-5.584078519,-3.664807752,,,,35292,88,1,2,0,0,0,36,3,91,sp|Q99986|VRK1_HUMAN,100.0,36.0,0.0,0.0,1.0,36.0,59.0,94.0,1.5e-19,77.8,,,,,"('GPLFTEL', 22, 28)",1,GPLFTEL,22,28,0,...[FWY]..[LVI]
35297,PLRLMGPKLLAETADMIGVKELRDAFREFDTNGDGEIST,0,-6.279465009,-3.552839321,,,,35331,285,2,7,0,0,0,36,3,294,sp|Q9NZU7|CABP1_HUMAN,100.0,36.0,0.0,0.0,1.0,36.0,289.0,324.0,6.84e-19,75.9,,,,,"('RDAFREF', 22, 28)",1,RDAFREF,22,28,0,...[FWY]..[WFY]
35405,PLRTETIAKLIKYVFDNRETEDITFSTLVERVIQQLEGA,0,-2.584078519,-2.079845252,,,,35439,88,8,6,0,0,0,36,3,102,sp|O94808|GFPT2_HUMAN,100.0,36.0,0.0,0.0,1.0,36.0,146.0,181.0,6.09e-18,73.6,,,,,"('DITFSTL', 21, 27)",1,DITFSTL,21,27,0,...[FWY]..[LVI]
35527,PLRTETPRPRFSRHSTILDYINVVPTAGPLAQKRNQKAT,0,-5.169041019,-2.249770253,,,,35561,66,1,4,0,0,0,36,3,71,sp|Q96LC7|SIG10_HUMAN,100.0,36.0,0.0,0.0,1.0,36.0,581.0,616.0,3.82e-19,77.0,,,,,"('ILDYINV', 16, 22)",1,ILDYINV,16,22,0,...[FWY]..[LVI]
35577,PLRSETSEDDDSLKCMGYCPQINPLWPDTTLQEHFEIYG,0,-0.293135669,-7.761882189,,,,35611,753,335,1,0,0,0,36,3,1089,sp|Q8WWZ7|ABCA5_HUMAN,100.0,36.0,0.0,0.0,1.0,36.0,1364.0,1399.0,2.73e-23,89.0,,,,,"('QEHFEIY', 31, 37)",1,QEHFEIY,31,37,0,...[FWY]..[WFY]
36054,PLRTEVREIGPLSRRGFHLAFQDVGACVALVSARYYKQ,0,-2.648208856,-1.72893809,,,,36089,69,6,6,0,0,0,35,3,81,sp|Q5JZY3|EPHAA_HUMAN,94.444,36.0,1.0,1.0,1.0,35.0,175.0,210.0,2.89e-16,68.9,,,,,"('HLAFQDV', 17, 23)",1,HLAFQDV,17,23,0,...[FWY]..[LVI]
36093,PLRSEVSHLLSHCTFRLPCRRFIQELFQDVQFLQMHEEA,0,-2.01541783,-3.458717143,,,,36128,267,36,7,0,0,0,36,3,310,sp|Q6R327|RICTR_HUMAN,100.0,36.0,0.0,0.0,1.0,36.0,1654.0,1689.0,8.11e-20,79.0,,,,,"('QELFQDV', 23, 29)",1,QELFQDV,23,29,0,...[FWY]..[LVI]
36168,PLRTEGVCILTGLGFNGFEEKGKAKWDACANMKVWLFET,0,-2.970136951,-2.72893809,,,,36203,230,16,10,0,0,0,36,3,256,sp|Q6P1A2|MBOA5_HUMAN,100.0,36.0,0.0,0.0,1.0,36.0,291.0,326.0,3.51e-21,82.8,,,,,"('GLGFNGF', 11, 17)",1,GLGFNGF,11,17,0,...[FWY]..[WFY]
36397,PLRSEYFIEAVTLNCAHSFCSYCINEWMKRKIECPICRK,0,-2.837364948,-2.766091088,,,,36432,118,9,5,0,0,0,36,3,132,sp|O76064|RNF8_HUMAN,100.0,36.0,0.0,0.0,1.0,36.0,407.0,442.0,1.41e-21,84.0,,,,,"('AHSFCSY', 15, 21)",1,AHSFCSY,15,21,0,...[FWY]..[WFY]
36399,PLRTEYFTLDVKRNDEEIKSLGLVLKKNLNREDTPKHYL,0,-2.02021696,-6.695892783,,,,36434,1079,145,3,0,0,0,36,3,1227,sp|Q9Y5H8|PCDA3_HUMAN,100.0,36.0,0.0,0.0,1.0,36.0,175.0,210.0,1.25e-19,78.6,,,,,"('RTEYFTL', 2, 8)",1,RTEYFTL,2,8,0,...[FWY]..[LVI]
36499,PLRPEYLTKLKPILTKYSARDLQNLMSWRFIMDLVSSLS,0,-2.396606536,-6.031924621,,,,36534,1362,141,6,0,0,0,36,3,1509,sp|P08473|NEP_HUMAN,100.0,36.0,0.0,0.0,1.0,36.0,349.0,384.0,8.82e-19,75.9,,,,,"('LMSWRFI', 24, 30)",1,LMSWRFI,24,30,0,...[FWY]..[LVI]
36691,PLRPFADGGLESQGLSTLLGHRHWHVVQISSTYLESNWP,0,-4.430086872,-4.64831963,,,,36726,435,11,5,0,0,0,36,3,451,sp|Q4ADV7|RIC1_HUMAN,100.0,36.0,0.0,0.0,1.0,36.0,460.0,495.0,4.39e-20,79.7,,,,,"('HRHWHVV', 20, 26)",1,HRHWHVV,20,26,0,...[FWY]..[LVI]
36807,PLRAFDLDMHDGRWHHLALELRGRTVTLVTACGQRRVPA,0,-3.258502647,-4.509156882,,,,36842,158,9,2,0,0,0,36,3,169,sp|Q8IZC6|CORA1_HUMAN,100.0,35.0,0.0,0.0,1.0,35.0,146.0,180.0,2.6500000000000007e-21,83.2,,,,,"('DGRWHHL', 10, 16)",1,DGRWHHL,10,16,0,...[FWY]..[LVI]
36865,PLRAFANAARIAIMKEKDLFKFLEELKRCNSGSDSPYSK,0,-0.151542127,-2.379112749,,,,36900,379,186,21,0,0,0,36,3,586,sp|Q8N7B9|EFCB3_HUMAN,100.0,36.0,0.0,0.0,1.0,36.0,204.0,239.0,1.26e-18,75.5,,,,,"('KDLFKFL', 16, 22)",1,KDLFKFL,16,22,0,...[FWY]..[LVI]
36899,PLRPFAPCLEELSFSYSSSLSCPTGTSNSTCTKWILVSL,0,-4.987594148,-4.068323382,,,,36934,291,5,5,0,0,0,36,3,301,sp|Q7Z401|MYCPP_HUMAN,50.0,28.0,14.0,0.0,3.0,30.0,950.0,977.0,0.28,26.6,,,,,"('CTKWILV', 30, 36)",1,CTKWILV,30,36,0,...[FWY]..[LVI]
36969,PLRALASLGGPIYAIGGLDDNTCFNDVERYDIESDQWST,0,-0.1971594,-3.292838975,,,,37004,204,97,6,0,0,0,36,3,307,sp|Q9P2G9|KLHL8_HUMAN,100.0,36.0,0.0,0.0,1.0,36.0,407.0,442.0,8.16e-21,81.6,,,,,"('NTCFNDV', 20, 26)",1,NTCFNDV,20,26,0,...[FWY]..[LVI]
37593,PLRVFDPISSRKRSSISKQNLFQTGSNVSFSCGGETRVP,0,-1.952465925,-1.355123253,,,,37628,71,10,8,0,0,0,36,3,89,sp|Q9H4L5|OSBL3_HUMAN,97.222,36.0,1.0,0.0,1.0,36.0,175.0,210.0,1.58e-17,72.4,,,,,"('LRVFDPI', 1, 7)",1,LRVFDPI,1,7,0,...[FWY]..[LVI]
37772,PLRTGITPFEFENMAESTGMYLRIRSLLKNSPRNQRKT,0,-3.106499553,-2.509156882,,,,37807,79,5,4,0,0,0,35,3,88,sp|Q6NZY4|ZCHC8_HUMAN,97.059,34.0,1.0,0.0,1.0,34.0,668.0,701.0,2.06e-17,72.0,,,,,"('TGMYLRI', 17, 23)",1,TGMYLRI,17,23,0,...[FWY]..[LVI]
37844,PLRALEKSYDISPGLVAIFIAFYGDRKKVIWLVASSFLI,0,-3.16027081,-4.562928138,,,,37879,82,5,1,0,0,0,36,3,88,sp|Q86UG4|SO6A1_HUMAN,94.444,36.0,2.0,0.0,1.0,36.0,146.0,181.0,3.01e-16,68.9,,,,,"('VAIFIAF', 15, 21)",1,VAIFIAF,15,21,0,...[FWY]..[WFY]
37989,PLRTKSVEQEVVQSQLNHCVNLYKSLSEVKSEVEMVIKT,0,-1.53063926,-4.518259089,,,,38024,159,30,2,0,0,0,36,3,191,sp|P11532|DMD_HUMAN,100.0,36.0,0.0,0.0,1.0,36.0,1490.0,1525.0,1.81e-17,72.4,,,,,"('VNLYKSL', 19, 25)",1,VNLYKSL,19,25,0,...[FWY]..[LVI]
38160,PLRNRQPKDANVRRYLQLTQSELSSYHRKEKQLYLGMFG,0,-6.090431185,-5.171160419,,,,38195,125,1,1,0,0,0,36,3,127,sp|Q8N5M4|TTC9C_HUMAN,100.0,36.0,0.0,0.0,1.0,36.0,136.0,171.0,4.85e-20,76.3,,,,,"('VRRYLQL', 11, 17)",1,VRRYLQL,11,17,0,...[FWY]..[LVI]
38186,PLREEYSLSQSTLEQVFLELSKEQELGAFEEDFDPSVKW,0,-3.353465591,-4.434194824,,,,38221,75,4,1,0,0,0,36,3,80,sp|O94911|ABCA8_HUMAN,97.222,36.0,1.0,0.0,1.0,36.0,1578.0,1613.0,6.77e-17,70.5,,,,,"('EQVFLEL', 13, 19)",1,EQVFLEL,13,19,0,...[FWY]..[LVI]
38214,PLRAFFLITYTFHSTWVTSEAYSSPSIVLSARGGDGSRI,0,-3.584078519,-3.249770253,,,,38249,66,3,2,0,0,0,36,3,71,sp|P46977|STT3A_HUMAN,100.0,36.0,0.0,0.0,1.0,36.0,465.0,500.0,2.43e-18,74.7,,,,,"('LRAFFLI', 1, 7)",1,LRAFFLI,1,7,0,...[FWY]..[LVI]
38321,PLRSFFQTKALDVSASDDEIARLKKPDQAIKGDQFVFYE,0,-0.347039321,-0.012731056,,,,38356,63,27,18,0,0,0,36,3,108,sp|P13798|ACPH_HUMAN,100.0,36.0,0.0,0.0,1.0,36.0,175.0,210.0,1.17e-19,78.6,,,,,"('GDQFVFY', 31, 37)",1,GDQFVFY,31,37,0,...[FWY]..[WFY]
38445,PLRPFGDSRMYNITFTKVLSVCVWVIMAVLSLPNIILTN,0,-4.055384238,-1.136113471,,,,38480,61,2,8,0,0,0,36,3,71,sp|Q9BY21|GPR87_HUMAN,97.222,36.0,1.0,0.0,1.0,36.0,146.0,181.0,4.37e-18,73.6,,,,,"('NITFTKV', 11, 17)",1,NITFTKV,11,17,0,...[FWY]..[LVI]
38483,PLREWTVEDKVLFEQAFSFHGKSFHRIQQMLPDKTIASL,0,-0.132466405,-2.566832593,,,,38518,185,92,9,0,0,0,36,3,286,sp|Q9P2K3|RCOR3_HUMAN,100.0,36.0,0.0,0.0,1.0,36.0,88.0,123.0,1.42e-19,78.2,,,,,"('GKSFHRI', 20, 26)",1,GKSFHRI,20,26,0,...[FWY]..[LVI]
38545,PLRAFGNGAPDIFSALVAFSDPHTAGLALGALFGAGVLV,0,-2.334100266,-3.414829499,,,,38580,74,8,2,0,0,0,36,3,84,sp|Q6J4K2|NCLX_HUMAN,100.0,36.0,0.0,0.0,1.0,36.0,146.0,181.0,4.46e-17,71.2,,,,,"('PDIFSAL', 9, 15)",1,PDIFSAL,9,15,0,...[FWY]..[LVI]
38549,PLRSFGINDKFTLNKDDASYSLILEVQLQLIMS,0,-2.932001822,-4.012731056,,,,38584,56,4,1,0,0,0,30,3,61,sp|Q8IWZ6|BBS7_HUMAN,100.0,24.0,0.0,0.0,1.0,24.0,378.0,401.0,2.66e-10,51.6,,,,,"('DASYSLI', 16, 22)",1,DASYSLI,16,22,0,...[FWY]..[LVI]
38601,PLRSFGLENKCGDPRGPGVYILLSKKHLNWIIMTIKGAV,0,-6.233171357,-7.313900591,,,,38636,552,4,1,0,0,0,36,3,557,sp|P12544|GRAA_HUMAN,100.0,36.0,0.0,0.0,1.0,36.0,227.0,262.0,4.3e-20,78.2,,,,,"('PGVYILL', 16, 22)",1,PGVYILL,16,22,0,...[FWY]..[LVI]
38783,PLRDFGVSVSNTISREYNELLMAISDSDYYTDDINRACL,0,-4.324319245,-4.405048479,,,,38818,147,4,2,0,0,0,36,3,153,sp|Q93063|EXT2_HUMAN,100.0,36.0,0.0,0.0,1.0,36.0,117.0,152.0,7.57e-20,79.0,,,,,"('SREYNEL', 13, 19)",1,SREYNEL,13,19,0,...[FWY]..[LVI]
38927,PLRAFLQDEVSGSVMSVYSGDFGNLEVKGNIQFAIEYVE,0,-6.217404041,-4.713170774,,,,38962,273,2,3,0,0,0,36,3,278,sp|Q9HCH5|SYTL2_HUMAN,100.0,20.0,0.0,0.0,17.0,36.0,621.0,640.0,1.78e-08,46.6,,,,,"('SGDFGNL', 18, 24)",1,SGDFGNL,18,24,0,...[FWY]..[LVI]
39012,PLRTFHYMLTIPTAASNISLAIGPFEILVDPYMHEVTHF,0,-0.329185657,-5.64831963,,,,39047,348,151,2,0,0,0,36,3,501,sp|Q6P1X5|TAF2_HUMAN,100.0,36.0,0.0,0.0,1.0,36.0,233.0,268.0,1.04e-19,78.6,,,,,"('IGPFEIL', 21, 27)",1,IGPFEIL,21,27,0,...[FWY]..[LVI]
39113,PLRDSIEDLEVTCTWKLPTLAKFSPYLGQMINLRRLLLS,0,-3.894720806,-3.460876867,,,,39148,191,7,5,0,0,0,36,3,203,sp|P78395|PRAME_HUMAN,100.0,36.0,0.0,0.0,1.0,36.0,233.0,268.0,5.51e-19,76.6,,,,,"('LAKFSPY', 19, 25)",1,LAKFSPY,19,25,0,...[FWY]..[WFY]
39402,PLRGGIGRAGRPRSSTSQSCCPTCTRVGTSRHSWRRWQS,0,-3.183540589,-3.849232324,,,,39437,50,3,1,0,0,0,36,3,54,sp|Q6ZS02|DMP46_HUMAN,65.789,38.0,11.0,1.0,1.0,36.0,122.0,159.0,7.46e-10,50.4,,,,,"('RHSWRRW', 30, 36)",1,RHSWRRW,30,36,0,...[FWY]..[WFY]
39713,PLRKQRIACQQMGYNCFSLENQETPSQQVGSMCSSLEKQ,0,-5.906006614,-2.179380925,,,,39748,110,1,7,0,0,0,36,3,118,sp|A0A1W2PPM1|CPHXL_HUMAN,80.0,35.0,7.0,0.0,1.0,35.0,144.0,178.0,6.36e-13,59.3,,,,,"('QMGYNCF', 10, 16)",1,QMGYNCF,10,16,0,...[FWY]..[WFY]
39730,PLRPERCRMLLALRINVLAKGYSGISLETLKQVIEMFNA,0,-4.300969673,-8.025555096,,,,39765,904,25,1,0,0,0,36,3,930,sp|P42357|HUTH_HUMAN,100.0,36.0,0.0,0.0,1.0,36.0,204.0,239.0,5.33e-19,76.6,,,,,"('AKGYSGI', 18, 24)",1,AKGYSGI,18,24,0,...[FWY]..[LVI]
39845,PLRAEWHCSLRDLKFSNVDVLQQTPPCSAEVPSDPDKAD,0,-3.240124118,-2.320853351,,,,39880,52,3,3,0,0,0,36,3,58,sp|Q68CR7|LRC66_HUMAN,97.143,35.0,1.0,0.0,1.0,35.0,835.0,869.0,1.23e-18,75.5,,,,,"('DLKFSNV', 11, 17)",1,DLKFSNV,11,17,0,...[FWY]..[LVI]
39936,PLRTDPQGEPDKRQEFYEPVRTQSIPHPDLRTNAPLLAV,0,-0.401487105,-0.095193216,,,,39971,63,26,17,0,0,0,36,3,106,sp|Q6ZQN7|SO4C1_HUMAN,37.5,32.0,20.0,0.0,1.0,32.0,37.0,68.0,0.036,28.9,,,,,"('QEFYEPV', 13, 19)",1,QEFYEPV,13,19,0,...[FWY]..[LVI]
40064,PLRMERSLSSYRGKYLSLLQLIRCFSVRRKSCKVF,0,-3.397665395,-4.063357129,,,,40100,58,3,1,0,0,0,32,3,62,sp|Q13439|GOGA4_HUMAN,51.852,27.0,13.0,0.0,1.0,27.0,146.0,172.0,0.045,28.5,,,,,"('RGKYLSL', 11, 17)",1,RGKYLSL,11,17,0,...[FWY]..[LVI]
40132,PLRPNCCIKRNPQLRELNAIITKRILRMLLSSFYVKIFP,0,-6.33270703,-8.220791186,,,,40168,1035,7,1,0,0,0,36,3,1043,sp|Q16589|CCNG2_HUMAN,35.484,31.0,17.0,1.0,1.0,31.0,258.0,285.0,2.1,24.3,,,,,"('SSFYVKI', 30, 36)",1,SSFYVKI,30,36,0,...[FWY]..[LVI]
40420,PLRPEQFLYGTATKHLTYNDFINKELILFSNSDNERSIP,0,-1.002968344,-4.849232324,,,,40456,500,136,5,0,0,0,36,3,641,sp|Q02880|TOP2B_HUMAN,100.0,36.0,0.0,0.0,1.0,36.0,702.0,737.0,1.03e-19,78.6,,,,,"('HLTYNDF', 14, 20)",1,HLTYNDF,14,20,0,...[FWY]..[WFY]
40574,PLRTFIVGAQMNVKELRSTLLPLSASHLKNNGSFTRVV,0,-1.182285526,-3.616651714,,,,40610,383,92,9,0,0,0,35,3,484,sp|P46379|BAG6_HUMAN,85.714,14.0,2.0,0.0,1.0,14.0,30.0,43.0,0.015,30.0,,,,,"('NGSFTRV', 30, 36)",1,NGSFTRV,30,36,0,...[FWY]..[LVI]
40605,PLRCNDCGKTFSRSFSLKLIRTFIRVRSLLNAVIVV,0,-9.556144504,-6.636873738,,,,40641,1381,1,4,0,0,0,33,3,1386,sp|Q5HYK9|ZN667_HUMAN,100.0,16.0,0.0,0.0,1.0,16.0,146.0,161.0,9.38e-06,38.9,,,,,"('IRTFIRV', 19, 25)",1,IRTFIRV,19,25,0,...[FWY]..[LVI]
41076,PLRPFKSEGLEISKETKDKRLEDGYFRIGKFENGVAEGM,0,-2.731304472,-2.949537229,,,,41112,134,11,5,0,0,0,36,3,150,sp|Q9UM21|MGT4A_HUMAN,100.0,36.0,0.0,0.0,1.0,36.0,465.0,500.0,7e-19,76.3,,,,,"('EDGYFRI', 21, 27)",1,EDGYFRI,21,27,0,...[FWY]..[LVI]
41387,PLRAFLFSLESQTTIGYGVRSITEECPHAIFLLVAQLVI,0,-4.162782029,-3.243511263,,,,41423,230,7,7,0,0,0,36,3,244,sp|Q99712|KCJ15_HUMAN,100.0,36.0,0.0,0.0,1.0,36.0,117.0,152.0,1.79e-18,74.7,,,,,"('HAIFLLV', 27, 33)",1,HAIFLLV,27,33,0,...[FWY]..[LVI]
41396,PLRMFLFSYVSSLPYPTKPSKRSESPLADSTQSVFGNCS,0,-0.567220349,-8.593393419,,,,41432,1340,493,1,0,0,0,36,3,1834,sp|O75038|PLCH2_HUMAN,47.368,19.0,10.0,0.0,11.0,29.0,1032.0,1050.0,5.8,22.7,,,,,"('MFLFSYV', 3, 9)",1,MFLFSYV,3,9,0,...[FWY]..[LVI]
41434,PLRPFLGNDKQETFLNISQMHLSYSE,0,-6.135874156,-2.046678388,,,,41470,129,1,9,0,0,0,23,3,139,sp|Q9UEE5|ST17A_HUMAN,95.652,23.0,1.0,0.0,1.0,23.0,262.0,284.0,1.09e-09,49.3,,,,,"('QETFLNI', 10, 16)",1,QETFLNI,10,16,0,...[FWY]..[LVI]
41489,PLRVSLIANALGYSELGAIKSLRTLRALRPLRALSRFEG,0,-3.455563778,-3.214364917,,,,41525,161,8,5,0,0,0,36,3,174,sp|Q9UQD0|SCN8A_HUMAN,100.0,36.0,0.0,0.0,1.0,36.0,1277.0,1312.0,3.22e-18,74.3,,,,,"('ALGYSEL', 9, 15)",1,ALGYSEL,9,15,0,...[FWY]..[LVI]
41514,PLRAFWKHGMQGKSFKSDEVTQEISDETRVFRLLGSDRV,0,-1.979698564,-6.73285314,,,,41550,369,51,1,0,0,0,36,3,421,sp|Q9Y4K4|M4K5_HUMAN,100.0,36.0,0.0,0.0,1.0,36.0,784.0,819.0,1.22e-20,81.3,,,,,"('TRVFRLL', 27, 33)",1,TRVFRLL,27,33,0,...[FWY]..[LVI]
41557,PLRDFLKWEVTDHSLHGLPPWLQREADPLQGLHGAKPCA,0,-3.892831225,-2.388597958,,,,41593,109,4,6,0,0,0,36,3,119,sp|Q9NV31|IMP3_HUMAN,57.143,28.0,8.0,1.0,1.0,24.0,17.0,44.0,0.004,31.6,,,,,"('LRDFLKW', 1, 7)",1,LRDFLKW,1,7,0,...[FWY]..[WFY]
41745,PLRSFLRKLKADKEFRQKVMLGTPFLVIWLVGFIADLNI,0,-0.388222757,-2.356477261,,,,41781,533,222,30,0,0,0,36,3,785,sp|Q8IUH5|ZDH17_HUMAN,100.0,36.0,0.0,0.0,1.0,36.0,290.0,325.0,1.59e-19,78.2,,,,,"('GTPFLVI', 21, 27)",1,GTPFLVI,21,27,0,...[FWY]..[LVI]
41913,PLRFECLECGKAFTHSSSLNNHMRTHSAKKPFTCMECGK,0,-4.949075336,-3.61476707,,,,41949,170,3,4,0,0,0,36,3,177,sp|Q14584|ZN266_HUMAN,100.0,36.0,0.0,0.0,1.0,36.0,436.0,471.0,2.42e-19,77.4,,,,,"('PLRFECL', 0, 6)",1,PLRFECL,0,6,0,...[FWY]..[LVI]
42027,PLRAFMALNLGVTSCQSLEISLDQFVRGEVLEGSNAYYC,0,-3.417428649,-2.235123477,,,,42064,98,5,6,0,0,0,36,3,109,sp|Q9UPU5|UBP24_HUMAN,100.0,36.0,0.0,0.0,1.0,36.0,1824.0,1859.0,8.91e-20,79.0,,,,,"('LRAFMAL', 1, 7)",1,LRAFMAL,1,7,0,...[FWY]..[LVI]
42202,PLRSFNAATTQVLPFLALGVGVDDVFLLAHAFSETGQNK,0,-1.574449818,-1.968336937,,,,42240,448,82,33,0,0,0,36,3,563,sp|Q13635|PTC1_HUMAN,100.0,36.0,0.0,0.0,1.0,36.0,494.0,529.0,3.79e-19,77.0,,,,,"('VLPFLAL', 11, 17)",1,VLPFLAL,11,17,0,...[FWY]..[LVI]
42789,PLRTFPDNVEHCETVFGMLLGDTIILDNLDAANHYRKEV,0,-0.725729066,-2.152908714,,,,42827,540,178,35,0,0,0,36,3,753,sp|A6NHR9|SMHD1_HUMAN,100.0,36.0,0.0,0.0,1.0,36.0,1815.0,1850.0,2.92e-21,83.2,,,,,"('ETVFGML', 12, 18)",1,ETVFGML,12,18,0,...[FWY]..[LVI]
42826,PLRTFPFLDKMPEANQLHLPNLNSQVDSPSSEKSLLRH,0,-3.75400352,-2.834732754,,,,42864,99,4,4,0,0,0,35,3,107,sp|Q9UPQ0|LIMC1_HUMAN,100.0,31.0,0.0,0.0,1.0,31.0,726.0,756.0,1.82e-15,66.6,,,,,"('LRTFPFL', 1, 7)",1,LRTFPFL,1,7,0,...[FWY]..[LVI]
42954,PLRAFPLLMTLFELARNRTCSRSCARRAWPPQPASGP,0,-2.446574995,-4.334659151,,,,42992,70,7,1,0,0,0,34,3,78,sp|P19099|C11B2_HUMAN,100.0,14.0,0.0,0.0,1.0,14.0,320.0,333.0,0.005,31.2,,,,,"('LRAFPLL', 1, 7)",1,LRAFPLL,1,7,0,...[FWY]..[LVI]
43043,PLRAIPQYLWTCTQEYVQSQDYSSGPMRPFAQHPWRGFA,0,-1.201532343,-3.080217801,,,,43081,1291,306,44,0,0,0,36,3,1641,sp|Q8IXQ6|PARP9_HUMAN,100.0,36.0,0.0,0.0,1.0,36.0,813.0,848.0,5.44e-23,87.8,,,,,"('QHPWRGF', 31, 37)",1,QHPWRGF,31,37,0,...[FWY]..[WFY]
43355,PLRIQHQRIHTGDKPYECKECGKAFIRVSQLTHHQRIHT,0,-4.019464663,-3.515231396,,,,43394,119,4,3,0,0,0,36,3,126,sp|Q8N9K5|ZN565_HUMAN,100.0,36.0,0.0,0.0,1.0,36.0,447.0,482.0,3.44e-19,77.0,,,,,"('GKAFIRV', 21, 27)",1,GKAFIRV,21,27,0,...[FWY]..[LVI]
43380,PLRTFSRIGSSMKSVGEVMAIGRTFEESFQKALRMCHPS,0,-4.04747904,-3.713170774,,,,43419,91,3,2,0,0,0,36,3,96,sp|P31327|CPSM_HUMAN,97.222,36.0,1.0,0.0,1.0,36.0,784.0,819.0,1.16e-18,75.5,,,,,"('LRTFSRI', 1, 7)",1,LRTFSRI,1,7,0,...[FWY]..[LVI]
43848,PLRFIIVRRGRWDFGRSAAATASGGLIFIFALRWLKAFI,0,-0.45052218,-1.698708159,,,,43887,732,292,65,0,0,0,36,3,1089,sp|O94886|CSCL1_HUMAN,60.0,15.0,6.0,0.0,1.0,15.0,68.0,82.0,1.9,24.3,,,,,"('PLRFIIV', 0, 6)",1,PLRFIIV,0,6,0,...[FWY]..[LVI]
44028,PLRFTSDNGGHLEPLDGAVQLGGWNGIYKGGKGMGGWEG,0,-3.879534402,-2.960263636,,,,44067,54,2,2,0,0,0,36,3,58,sp|Q5FYA8|ARSH_HUMAN,100.0,36.0,0.0,0.0,1.0,36.0,320.0,355.0,5.350000000000001e-21,82.4,,,,,"('LGGWNGI', 20, 26)",1,LGGWNGI,20,26,0,...[FWY]..[LVI]
44386,PLRSFWIKAKNDYPELAEIALKLLLLFPSTYLCETVSL,0,-2.190736091,-2.686502824,,,,44425,67,8,3,0,0,0,35,3,78,sp|Q6R2W3|SCND3_HUMAN,100.0,32.0,0.0,0.0,1.0,32.0,1248.0,1279.0,1.7e-16,69.3,,,,,"('KNDYPEL', 9, 15)",1,KNDYPEL,9,15,0,...[FWY]..[LVI]
45813,PLRTGCAKCGLELETDENRIYKQCFSCLPLTMKKIYYRP,0,-0.158594232,-3.953568983,,,,45852,215,105,4,0,0,0,36,3,324,sp|Q86V20|SHLD2_HUMAN,97.222,36.0,1.0,0.0,1.0,36.0,697.0,732.0,1.04e-21,84.3,,,,,"('KQCFSCL', 21, 27)",1,KQCFSCL,21,27,0,...[FWY]..[LVI]
46030,PLRAGGRIWERLFHGPTSSLIPRRSVKLKMPTAFVSGPR,0,-0.052856217,-3.157120965,,,,46069,588,309,19,0,0,0,36,3,916,sp|A0A1B0GUU1|CQ113_HUMAN,37.931,29.0,18.0,0.0,8.0,36.0,322.0,350.0,1.2,24.6,,,,,"('GRIWERL', 5, 11)",1,GRIWERL,5,11,0,...[FWY]..[LVI]
46125,PLRAGSVESPSVSSTHRVSDPKFHPLHSKIIIIKKGHAK,0,-3.147014713,-1.905815852,,,,46164,65,4,5,0,0,0,36,3,74,sp|P17936|IBP3_HUMAN,100.0,36.0,0.0,0.0,1.0,36.0,146.0,181.0,9.18e-18,72.4,,,,,"('DPKFHPL', 19, 25)",1,DPKFHPL,19,25,0,...[FWY]..[LVI]
46627,PLRAGDVAVQKKLRSSLNCKSFKWFMTKIAWDLPKFYPP,0,-3.965949154,-3.631640889,,,,46666,86,3,2,0,0,0,36,3,91,sp|Q86SR1|GLT10_HUMAN,100.0,36.0,0.0,0.0,1.0,36.0,417.0,452.0,2.92e-20,80.1,,,,,"('CKSFKWF', 18, 24)",1,CKSFKWF,18,24,0,...[FWY]..[WFY]
46684,PLRTGEAAISRSFQSLACSPGLPAADRLSYSGRPGSRQA,0,-4.405933011,-4.334659151,,,,46723,350,9,5,0,0,0,36,3,364,sp|Q96JY6|PDLI2_HUMAN,100.0,36.0,0.0,0.0,1.0,36.0,146.0,181.0,1.39e-17,72.4,,,,,"('SRSFQSL', 9, 15)",1,SRSFQSL,9,15,0,...[FWY]..[LVI]
46988,PLRTGEKNLPCANVRQIILWVEDPAKKKRLFEILNDKKL,0,-3.166123536,-2.983818364,,,,47027,247,15,9,0,0,0,36,3,271,sp|Q5T1V6|DDX59_HUMAN,97.222,36.0,1.0,0.0,1.0,36.0,407.0,442.0,1.04e-18,75.9,,,,,"('KRLFEIL', 27, 33)",1,KRLFEIL,27,33,0,...[FWY]..[LVI]
47043,PLRECGKAFSSKSYLIIHMRTHSGEKPYECNECGKAFIW,0,-6.59225245,-5.672981684,,,,47082,177,1,1,0,0,0,36,3,179,sp|Q14587|ZN268_HUMAN,100.0,36.0,0.0,0.0,1.0,36.0,784.0,819.0,4.5e-20,79.7,,,,,"('SKSYLII', 10, 16)",1,SKSYLII,10,16,0,...[FWY]..[LVI]
47509,PLRPGEMQLEFGPFSVSCEAEKRKSDYIIRTLKVKFNSK,0,-4.27439402,-2.770160753,,,,47548,71,2,3,0,0,0,36,3,76,sp|Q9Y2R2|PTN22_HUMAN,97.222,36.0,1.0,0.0,1.0,36.0,146.0,181.0,6.97e-19,76.3,,,,,"('QLEFGPF', 7, 13)",1,QLEFGPF,7,13,0,...[FWY]..[WFY]
48050,PLRRGDVVPKDVNAAIATIKTKRTIQFVDWCPTGFKVGI,0,-2.068063372,-4.041877402,,,,48089,400,52,7,0,0,0,36,3,459,sp|P0DPH8|TBA3D_HUMAN,100.0,36.0,0.0,0.0,1.0,36.0,320.0,355.0,5.01e-21,82.4,,,,,"('TIQFVDW', 23, 29)",1,TIQFVDW,23,29,0,...[FWY]..[WFY]
48114,PLRPGFMYKNLQCLVIDEADRILDVGFEEELKQIIKLLP,0,-0.422728253,-1.626839902,,,,48153,300,122,28,0,0,0,36,3,450,sp|Q9NVP1|DDX18_HUMAN,100.0,36.0,0.0,0.0,1.0,36.0,320.0,355.0,7.73e-20,79.0,,,,,"('GFMYKNL', 4, 10)",1,GFMYKNL,4,10,0,...[FWY]..[LVI]
48465,PLRTGGGGGSSTGLAFGAFTNPFTAPAVQSPLPSTNPFQ,0,-3.04747904,-3.713170774,,,,48504,91,6,2,0,0,0,36,3,99,sp|O95081|AGFG2_HUMAN,97.143,35.0,1.0,0.0,2.0,36.0,350.0,384.0,2.25e-15,66.2,,,,,"('GLAFGAF', 12, 18)",1,GLAFGAF,12,18,0,...[FWY]..[WFY]
48913,PLRAFQKEITMLPLVVVLTIIAIKDGLEGYRKYKIDKQI,0,-6.25907322,-6.339802454,,,,48952,281,2,1,0,0,0,36,3,284,sp|Q9P241|AT10D_HUMAN,97.222,36.0,1.0,0.0,1.0,36.0,117.0,152.0,6.72e-18,73.6,,,,,"('LEGYRKY', 26, 32)",1,LEGYRKY,26,32,0,...[FWY]..[WFY]
48914,PLRPFQEEIVAAGAMGSSHGGPGDSSEEESSPTSRYIHF,0,-0.335930931,-3.313900591,,,,48953,345,149,10,0,0,0,36,3,504,sp|Q9UMN6|KMT2B_HUMAN,100.0,36.0,0.0,0.0,1.0,36.0,2002.0,2037.0,1.66e-18,75.1,,,,,"('TSRYIHF', 32, 38)",1,TSRYIHF,32,38,0,...[FWY]..[WFY]
48979,PLRTFQKRQKLTSEGAAKLLLDTFEYQGLVKHTGGCHCG,0,-2.668967416,-3.597693557,,,,49018,210,18,5,0,0,0,36,3,233,sp|Q7Z7K6|CENPV_HUMAN,100.0,36.0,0.0,0.0,1.0,36.0,120.0,155.0,1.58e-20,79.3,,,,,"('TFEYQGL', 22, 28)",1,TFEYQGL,22,28,0,...[FWY]..[LVI]
49068,PLRPFQSEIFAKRAYRELLLLKHMQHENVIGLLDVFTPA,0,-4.986767626,-4.067496859,,,,49107,349,6,6,0,0,0,36,3,361,sp|O15264|MK13_HUMAN,100.0,36.0,0.0,0.0,1.0,36.0,59.0,94.0,1.74e-19,77.8,,,,,"('KRAYREL', 11, 17)",1,KRAYREL,11,17,0,...[FWY]..[LVI]
49124,PLRIESQGELILQESFQVWDPKTLIRKGRERHLFLFEMS,0,-2.422327449,-3.503056682,,,,49163,118,12,3,0,0,0,36,3,133,sp|O75962|TRIO_HUMAN,100.0,36.0,0.0,0.0,1.0,36.0,1480.0,1515.0,3.29e-19,77.0,,,,,"('QESFQVW', 12, 18)",1,QESFQVW,12,18,0,...[FWY]..[WFY]
50414,PLRPGGSSEQEQMEQAIRAELWKVLDVSDLESVTSKEIR,0,-5.141455188,-3.637221921,,,,50454,259,4,6,0,0,0,36,3,269,sp|Q8TE77|SSH3_HUMAN,100.0,36.0,0.0,0.0,1.0,36.0,262.0,297.0,8.99e-18,73.2,,,,,"('AELWKVL', 18, 24)",1,AELWKVL,18,24,0,...[FWY]..[LVI]
50524,PLRAGHCPHLVESVPCEDPMCYRWLASEGICFPDHGKCG,0,-4.434502163,-4.100193897,,,,50564,119,3,2,0,0,0,36,3,124,sp|Q9C0I4|THS7B_HUMAN,100.0,36.0,0.0,0.0,1.0,36.0,525.0,560.0,1.21e-20,81.3,,,,,"('PMCYRWL', 18, 24)",1,PMCYRWL,18,24,0,...[FWY]..[LVI]
50874,PLRAGMASIILKPNTSLDLEKVYEQVVTFLPAYACPHFL,0,-3.446574995,-4.112266729,,,,50914,60,3,1,0,0,0,36,3,64,sp|Q9Y2P4|S27A6_HUMAN,97.222,36.0,1.0,0.0,1.0,36.0,523.0,558.0,3.75e-19,77.0,,,,,"('EKVYEQV', 19, 25)",1,EKVYEQV,19,25,0,...[FWY]..[LVI]
51125,PLRRTSPQPESGIKRLIFTAIMPMVAAGLIIDDPTLQPV,0,-3.253929917,-3.74969665,,,,51165,140,8,3,0,0,0,36,3,151,sp|Q5EBL4|RIPL1_HUMAN,100.0,13.0,0.0,0.0,1.0,13.0,344.0,356.0,0.002,32.3,,,,,"('RLIFTAI', 14, 20)",1,RLIFTAI,14,20,0,...[FWY]..[LVI]
51220,PLRTGIPTLDNLQKGVQFALKYQSLGQCVYVHCKAGRSR,0,-4.40634515,-5.224039978,,,,51260,389,10,3,0,0,0,36,3,402,sp|Q8WUK0|PTPM1_HUMAN,100.0,36.0,0.0,0.0,1.0,36.0,103.0,138.0,3.91e-21,79.7,,,,,"('ALKYQSL', 18, 24)",1,ALKYQSL,18,24,0,...[FWY]..[LVI]
51395,PLREGIVKKHKPEIKGNMSGNFTYIIDKLIPNTNYCVSV,0,-0.025111227,-4.820085978,,,,51435,196,105,2,0,0,0,36,3,303,sp|P48551|INAR2_HUMAN,100.0,36.0,0.0,0.0,1.0,36.0,175.0,210.0,1.94e-20,80.9,,,,,"('SGNFTYI', 18, 24)",1,SGNFTYI,18,24,0,...[FWY]..[LVI]
51499,PLRSSKYYWDVHVGDTWNWAFGVCNKYWKGKNQNGNIYG,0,-2.434700895,-7.446167466,,,,51539,605,61,1,0,0,0,36,3,667,sp|C9J1S8|TR49D_HUMAN,86.111,36.0,5.0,0.0,1.0,36.0,338.0,373.0,6.380000000000001e-21,82.0,,,,,"('SKYYWDV', 4, 10)",1,SKYYWDV,4,10,0,...[FWY]..[LVI]
51500,PLRQAFTSGKYYWEVHMGDSWNWAFGVCNNYWKEKRQND,0,-7.624492787,-6.705222021,,,,51540,362,1,1,0,0,0,36,3,364,sp|Q9BSJ1|TRI51_HUMAN,100.0,36.0,0.0,0.0,1.0,36.0,334.0,369.0,1.7099999999999998e-23,89.0,,,,,"('GKYYWEV', 8, 14)",1,GKYYWEV,8,14,0,...[FWY]..[LVI]
51602,PLRDGKILVWKELDYGSMTEAEKQMLVSEVNLLRELKHP,0,-3.584078519,-3.079845252,,,,51642,88,4,3,0,0,0,36,3,95,sp|P51955|NEK2_HUMAN,100.0,36.0,0.0,0.0,1.0,36.0,30.0,65.0,3.89e-19,77.0,,,,,"('ILVWKEL', 6, 12)",1,ILVWKEL,6,12,0,...[FWY]..[LVI]
51733,PLRDGKLSSINNMGLNSCRNEKERTRFENLGPQLTGKSN,0,-0.186931178,-4.355123253,,,,51773,142,68,2,0,0,0,36,3,212,sp|P35712|SOX6_HUMAN,100.0,36.0,0.0,0.0,1.0,36.0,523.0,558.0,2.23e-19,77.8,,,,,"('RTRFENL', 23, 29)",1,RTRFENL,23,29,0,...[FWY]..[LVI]
52575,PLRLLGMVAHMMYTQVFQVTVSLGPEDWRPHSWDYGWSF,0,-4.009511189,-4.549672042,,,,52619,325,11,4,0,0,0,36,3,340,sp|Q6UXU4|GSG1L_HUMAN,100.0,36.0,0.0,0.0,1.0,36.0,185.0,220.0,4.19e-21,81.6,,,,,"('HMMYTQV', 9, 15)",1,HMMYTQV,9,15,0,...[FWY]..[LVI]
53422,PLRVGNEYVTKGQTVDQVHHAVNALSKSVYEKLFLWMVT,0,-4.782858383,-3.863587617,,,,53466,202,4,4,0,0,0,36,3,210,sp|P11055|MYH3_HUMAN,100.0,36.0,0.0,0.0,1.0,36.0,407.0,442.0,2.85e-19,77.4,,,,,"('KSVYEKL', 26, 32)",1,KSVYEKL,26,32,0,...[FWY]..[LVI]
53427,PLRTGNFASFCWDHRPVQIITSNNYRESLPCTICLEFIE,0,-0.728718224,-6.775231742,,,,53471,380,125,1,0,0,0,36,3,506,sp|Q7L622|G2E3_HUMAN,100.0,36.0,0.0,0.0,1.0,36.0,117.0,152.0,1.98e-20,80.5,,,,,"('TGNFASF', 3, 9)",1,TGNFASF,3,9,0,...[FWY]..[WFY]
53484,PLRTGNGVFLVELAKFGFSNITGIDYSPSAIQLSGSIIE,0,-0.306202339,-6.040373811,,,,53528,685,302,3,0,0,0,36,3,990,sp|Q5JPI9|EFMT2_HUMAN,100.0,36.0,0.0,0.0,1.0,36.0,88.0,123.0,3.38e-18,73.6,,,,,"('KFGFSNI', 14, 20)",1,KFGFSNI,14,20,0,...[FWY]..[LVI]
53620,PLRPGNQRGIFLVRESETTKGAYSLSIRDWVEIRGDNVK,0,-3.683614192,-4.571698348,,,,53664,165,7,2,0,0,0,36,3,174,sp|P07947|YES_HUMAN,97.222,36.0,1.0,0.0,1.0,36.0,175.0,210.0,1.14e-18,75.5,,,,,"('IRDWVEI', 26, 32)",1,IRDWVEI,26,32,0,...[FWY]..[LVI]
53719,PLRTGNYIAVGNMTPVIEVWDLDIVDSLEPVFTLGSKLS,0,-7.185342832,-3.944143971,,,,53763,267,1,5,0,0,0,36,3,273,sp|Q13610|PWP1_HUMAN,100.0,36.0,0.0,0.0,1.0,36.0,204.0,239.0,2.97e-19,77.4,,,,,"('TGNYIAV', 3, 9)",1,TGNYIAV,3,9,0,...[FWY]..[LVI]
53800,PLRAGPASKIIILKRTSLPTVSPSNERAYLLPVSFTDLA,0,-3.861612494,-3.942341728,,,,53844,160,6,3,0,0,0,36,3,169,sp|Q9H0A3|T191A_HUMAN,100.0,36.0,0.0,0.0,1.0,36.0,88.0,123.0,5.51e-19,73.2,,,,,"('PVSFTDL', 31, 37)",1,PVSFTDL,31,37,0,...[FWY]..[LVI]
54012,PLRTGPQGAAELAAHSSLLGGPQGPGGMSAFTRVNLSPN,0,-3.949075336,-4.61476707,,,,54056,85,3,1,0,0,0,36,3,89,sp|P35568|IRS1_HUMAN,100.0,36.0,0.0,0.0,1.0,36.0,1045.0,1080.0,7.94e-18,73.2,,,,,"('MSAFTRV', 27, 33)",1,MSAFTRV,27,33,0,...[FWY]..[LVI]
54131,PLRDGPMEGDSCPTGNSMKELNFSHLPSNSVSPGDCLLT,0,-0.014557448,-3.572493002,,,,54175,454,245,11,0,0,0,36,3,710,sp|P54132|BLM_HUMAN,100.0,36.0,0.0,0.0,1.0,36.0,436.0,471.0,4.18e-20,79.7,,,,,"('ELNFSHL', 19, 25)",1,ELNFSHL,19,25,0,...[FWY]..[LVI]
54230,PLRAGTPGYLSPEVLRKEAYGKPVDIWACGVILYILLVG,0,-3.879534402,-3.960263636,,,,54274,54,2,1,0,0,0,36,3,57,sp|Q13554|KCC2B_HUMAN,100.0,36.0,0.0,0.0,1.0,36.0,175.0,210.0,3.25e-20,80.1,,,,,"('VILYILL', 30, 36)",1,VILYILL,30,36,0,...[FWY]..[LVI]
54280,PLRPGPQGFPGLPGLPGEAGIPGRPDSAPGKPGKPGSPG,0,-0.245360766,-6.429377808,,,,54324,598,275,2,0,0,0,36,3,875,sp|P53420|CO4A4_HUMAN,100.0,36.0,0.0,0.0,1.0,36.0,407.0,442.0,4.96e-14,62.4,,,,,"('PQGFPGL', 5, 11)",1,PQGFPGL,5,11,0,...[FWY]..[LVI]
54494,PLRPGPTSWPLLGSLLQFLWKGGLKKQHHTLVEYHKKYG,0,-0.720256645,-7.61476707,,,,54538,680,225,1,0,0,0,36,3,906,sp|Q07973|CP24A_HUMAN,94.444,36.0,2.0,0.0,1.0,36.0,59.0,94.0,3.08e-18,74.3,,,,,"('PTSWPLL', 5, 11)",1,PTSWPLL,5,11,0,...[FWY]..[LVI]
55060,PLRAGQVVRLTWWAVSVTPCTTPSLSSCSSCSFMMNKL,0,-0.411528048,-3.136113471,,,,55104,61,25,2,0,0,0,35,3,88,sp|Q8NFF2|NCKX4_HUMAN,100.0,12.0,0.0,0.0,1.0,12.0,192.0,203.0,0.018,29.6,,,,,"('RLTWWAV', 8, 14)",1,RLTWWAV,8,14,0,...[FWY]..[LVI]
55167,PLRTGSCRSHTALLRLNSSTIKYLDFVFAVKNENRFYLK,0,-5.724559742,-7.127217071,,,,55211,485,5,1,0,0,0,36,3,491,sp|P13473|LAMP2_HUMAN,100.0,36.0,0.0,0.0,1.0,36.0,262.0,297.0,3.86e-19,77.0,,,,,"('TIKYLDF', 19, 25)",1,TIKYLDF,19,25,0,...[FWY]..[WFY]
55282,PLRMVLTEPILIETYTGLMSFIGNRNKLGYSLARGSIGS,0,-3.294571902,-4.462763977,,,,55327,306,17,4,0,0,0,36,3,327,sp|Q6ZUI0|TPRG1_HUMAN,100.0,35.0,0.0,0.0,1.0,35.0,240.0,274.0,4.74e-18,72.8,,,,,"('IETYTGL', 11, 17)",1,IETYTGL,11,17,0,...[FWY]..[LVI]
55716,PLRSGTAIAGIVFGIVFIMGVIAGLPFTSACDEEPPCD,0,-4.27439402,-4.355123253,,,,55761,71,2,1,0,0,0,35,3,74,sp|Q96J86|CYYR1_HUMAN,95.455,22.0,1.0,0.0,1.0,22.0,59.0,80.0,6.46e-07,41.6,,,,,"('GIVFGIV', 9, 15)",1,GIVFGIV,9,15,0,...[FWY]..[LVI]
56006,PLRPPPAPFAMRNVYPPRGFPPYLPPRPDFFPPPPHSEG,0,-1.257097196,-3.038266148,,,,56051,57,13,2,0,0,0,36,3,72,sp|Q96PC5|MIA2_HUMAN,97.222,36.0,1.0,0.0,1.0,36.0,1351.0,1386.0,7.06e-19,76.3,,,,,"('PRGFPPY', 16, 22)",1,PRGFPPY,16,22,0,...[FWY]..[WFY]
56061,PLREGTPLNNSNSSLLLMNGPGSLFASENFLGISSQPRN,0,-0.709609401,-5.721075972,,,,56106,183,61,1,0,0,0,36,3,245,sp|Q8IWR0|Z3H7A_HUMAN,100.0,36.0,0.0,0.0,1.0,36.0,378.0,413.0,7.02e-19,76.3,,,,,"('SENFLGI', 26, 32)",1,SENFLGI,26,32,0,...[FWY]..[LVI]
56394,PLRPGVDGSQCPWALVSVFPATARSGFSTSWLSGPECTP,0,-3.550911655,-3.146214061,,,,56439,215,10,7,0,0,0,36,3,232,sp|Q8WVQ1|CANT1_HUMAN,34.483,29.0,18.0,1.0,3.0,30.0,190.0,218.0,1.9,24.3,,,,,"('QCPWALV', 9, 15)",1,QCPWALV,9,15,0,...[FWY]..[LVI]
56423,PLRTGVELPNSLKDHPFLVSSCLGCETWSQGRSFQSFNI,0,-0.956524141,-7.381549283,,,,56468,1157,325,2,0,0,0,36,3,1484,sp|Q13237|KGP2_HUMAN,38.889,36.0,19.0,1.0,3.0,35.0,514.0,549.0,0.35,26.2,,,,,"('GRSFQSF', 30, 36)",1,GRSFQSF,30,36,0,...[FWY]..[WFY]
56630,PLRVGVLARELGFTHVSLSSEAMPMVRIVPRGHTACADA,0,-5.078843211,-2.574609944,,,,56675,62,1,3,0,0,0,36,3,66,sp|O14841|OPLA_HUMAN,100.0,36.0,0.0,0.0,1.0,36.0,204.0,239.0,1.99e-18,75.1,,,,,"('ELGFTHV', 9, 15)",1,ELGFTHV,9,15,0,...[FWY]..[LVI]
56779,PLRSEVPLYKDPDDDLTLLILEEDRLLSGFVPLLAAPQD,0,-0.417428649,-1.704608761,,,,56824,147,60,13,0,0,0,36,3,220,sp|Q86US8|EST1A_HUMAN,100.0,36.0,0.0,0.0,1.0,36.0,1074.0,1109.0,1.03e-17,72.8,,,,,"('LSGFVPL', 26, 32)",1,LSGFVPL,26,32,0,...[FWY]..[LVI]
56804,PLRTGVQILLYGDLPKNKENIII,0,-3.499686331,-2.580415565,,,,56849,83,4,4,0,0,0,20,3,91,sp|Q9NUQ2|PLCE_HUMAN,100.0,19.0,0.0,0.0,1.0,19.0,70.0,88.0,1.05e-07,43.5,,,,,"('ILLYGDL', 7, 13)",1,ILLYGDL,7,13,0,...[FWY]..[LVI]
57486,PLRTIKITHKNQAPMLMGPPPKTGLFCSLVKRTRNRSKE,0,-0.369759398,-5.790338635,,,,57531,192,81,1,0,0,0,36,3,274,sp|Q9Y6T7|DGKB_HUMAN,100.0,36.0,0.0,0.0,1.0,36.0,769.0,804.0,3.11e-19,77.4,,,,,"('TGLFCSL', 22, 28)",1,TGLFCSL,22,28,0,...[FWY]..[LVI]
57965,PLRTGSGELWWQAERASSSKSWITFDLKNKEVSVKRVTQ,0,-2.852567355,-1.933296588,,,,58010,53,4,4,0,0,0,36,3,61,sp|P01730|CD4_HUMAN,100.0,36.0,0.0,0.0,1.0,36.0,233.0,268.0,1.11e-18,75.5,,,,,"('SKSWITF', 18, 24)",1,SKSWITF,18,24,0,...[FWY]..[WFY]
58096,PLRAGSLGINLVAANRVIIFDASWNPSYDIQSIFRVYRF,0,-3.232334769,-7.956920193,,,,58141,862,50,1,0,0,0,36,3,913,sp|P46100|ATRX_HUMAN,100.0,36.0,0.0,0.0,1.0,36.0,2119.0,2154.0,2.05e-20,80.5,,,,,"('QSIFRVY', 30, 36)",1,QSIFRVY,30,36,0,...[FWY]..[WFY]
58630,PLRESVNSVIAQAPPVAQEALKKELETLTTNYQWLCTRL,0,-1.076818375,-1.35918147,,,,58676,89,23,10,0,0,0,36,3,122,sp|P11532|DMD_HUMAN,100.0,36.0,0.0,0.0,1.0,36.0,1219.0,1254.0,8.88e-19,75.9,,,,,"('TTNYQWL', 28, 34)",1,TTNYQWL,28,34,0,...[FWY]..[LVI]
58642,PLRECDEYFLHEHAPYGGHRFITEKKVFAKWAKKHRIIF,0,-5.789982817,-5.870712051,,,,58688,203,2,1,0,0,0,36,3,206,sp|Q8NDV1|SIA7C_HUMAN,100.0,36.0,0.0,0.0,1.0,36.0,262.0,297.0,8.77e-22,83.2,,,,,"('KKVFAKW', 24, 30)",1,KKVFAKW,24,30,0,...[FWY]..[WFY]
58803,PLRANLYVVVPPTLNPVIYGVRTKHIRETVLRIFFKTDH,0,-6.382034743,-5.462763977,,,,58849,153,1,1,0,0,0,36,3,155,sp|Q96RD3|O52E6_HUMAN,100.0,36.0,0.0,0.0,1.0,36.0,278.0,313.0,2.2e-18,74.3,,,,,"('ANLYVVV', 3, 9)",1,ANLYVVV,3,9,0,...[FWY]..[LVI]
58897,PLREHCSKCLAEQMILEEFGRCLSQFSTLSLNLRV,0,-6.400771305,-5.481500539,,,,58943,310,2,2,0,0,0,32,3,314,sp|Q9Y4I5|MTL5_HUMAN,95.652,23.0,1.0,0.0,1.0,23.0,473.0,495.0,1.22e-09,49.7,,,,,"('LSQFSTL', 22, 28)",1,LSQFSTL,22,28,0,...[FWY]..[LVI]
59083,PLRHAVHEDAPDKVAEAVATFLIRHRFAEPIGGFQCVFP,0,-0.1246469,-3.69722923,,,,59129,90,45,2,0,0,0,36,3,137,sp|Q9Y570|PPME1_HUMAN,100.0,36.0,0.0,0.0,1.0,36.0,349.0,384.0,1.5100000000000002e-21,83.6,,,,,"('IGGFQCV', 30, 36)",1,IGGFQCV,30,36,0,...[FWY]..[LVI]
59149,PLRKNIFGTPEFVAPEIVNYEPLGLEADMWSIGVITYIL,0,-0.549144729,-5.685156398,,,,59195,357,133,2,0,0,0,36,3,492,sp|Q9UIK4|DAPK2_HUMAN,100.0,36.0,0.0,0.0,1.0,36.0,185.0,220.0,3.5400000000000006e-21,82.4,,,,,"('IVNYEPL', 16, 22)",1,IVNYEPL,16,22,0,...[FWY]..[LVI]
59556,PLRTHLDYVDTERIMTEKLHNQVNGTEWSWKNLNTLCWA,0,-6.940563836,-7.60625557,,,,59602,676,3,1,0,0,0,36,3,680,sp|O14980|XPO1_HUMAN,100.0,36.0,0.0,0.0,1.0,36.0,465.0,500.0,6.47e-21,82.0,,,,,"('EWSWKNL', 26, 32)",1,EWSWKNL,26,32,0,...[FWY]..[LVI]
59724,PLRPHLLFLCSQETGGAGASISRFPKWLCGRDSSRPAAM,0,-1.082055023,-3.383429016,,,,59770,2136,550,59,0,0,0,36,3,2745,sp|Q8WUY3|PRUN2_HUMAN,33.333,33.0,16.0,1.0,4.0,36.0,2577.0,2603.0,3.8,23.5,,,,,"('ISRFPKW', 20, 26)",1,ISRFPKW,20,26,0,...[FWY]..[WFY]
60026,PLREHLYSMKCKNVVPLYDLLLEMLDAHRLHAPTSRGGA,0,-1.653025872,-2.849232324,,,,60072,75,13,3,0,0,0,36,3,91,sp|P03372|ESR1_HUMAN,100.0,36.0,0.0,0.0,1.0,36.0,523.0,558.0,1.81e-19,77.8,,,,,"('VPLYDLL', 14, 20)",1,VPLYDLL,14,20,0,...[FWY]..[LVI]
60374,PLRDHTFCVEHNAFGRILQHELKPNGRNVPVTEENKKEY,0,-1.559659966,-3.018900823,,,,60420,703,130,25,0,0,0,36,3,858,sp|Q9HCE7|SMUF1_HUMAN,100.0,36.0,0.0,0.0,1.0,36.0,552.0,587.0,4.22e-20,79.7,,,,,"('HNAFGRI', 10, 16)",1,HNAFGRI,10,16,0,...[FWY]..[LVI]
60567,PLRANSTGSREATDFAASHQNFSIVEFIRNKGFYLNNST,0,-5.090431185,-5.171160419,,,,60613,125,2,1,0,0,0,36,3,128,sp|Q9NY37|ASIC5_HUMAN,100.0,36.0,0.0,0.0,1.0,36.0,146.0,181.0,6.25e-19,76.3,,,,,"('HQNFSIV', 18, 24)",1,HQNFSIV,18,24,0,...[FWY]..[LVI]
60947,PLRSASDRFAASNFGKERFVKLLDQLHNSLRIDLSTYRN,0,-1.885459236,-4.136113471,,,,60993,61,9,1,0,0,0,36,3,71,sp|O14795|UN13B_HUMAN,100.0,36.0,0.0,0.0,1.0,36.0,842.0,877.0,5.17e-19,76.6,,,,,"('KERFVKL', 15, 21)",1,KERFVKL,15,21,0,...[FWY]..[LVI]
61085,PLRPEDQDEGEWGLDQEQVFSLGDGVSGGFFGIRDSSFL,0,-2.825086618,-1.905815852,,,,61131,52,4,4,0,0,0,36,3,60,sp|O96006|ZBED1_HUMAN,100.0,36.0,0.0,0.0,1.0,36.0,659.0,694.0,1.6600000000000001e-21,83.6,,,,,"('SGGFFGI', 26, 32)",1,SGGFFGI,26,32,0,...[FWY]..[LVI]
61428,PLRHHYNMSTSLNPMRKKSYKSFEKCLPPNLDLLKYNRS,0,-3.397665395,-3.256002207,,,,61474,232,12,7,0,0,0,36,3,251,sp|Q5T5D7|ZN684_HUMAN,100.0,36.0,0.0,0.0,1.0,36.0,117.0,152.0,2.02e-19,77.4,,,,,"('KKSYKSF', 16, 22)",1,KKSYKSF,16,22,0,...[FWY]..[WFY]
62246,PLRDHRGLKFGLMQLDKQTYHPVGAWNSKEHLSQATGIL,0,-2.294571902,-4.545226137,,,,62292,81,9,1,0,0,0,36,3,91,sp|Q86SG7|LYG2_HUMAN,97.222,36.0,1.0,0.0,1.0,36.0,117.0,152.0,3.55e-20,77.4,,,,,"('KQTYHPV', 16, 22)",1,KQTYHPV,16,22,0,...[FWY]..[LVI]
63036,PLRTIFLQVVDRLEEVDNTVTLIILAVVGGVIGLLILIL,0,-1.385606978,-1.236854365,,,,63082,139,29,17,0,0,0,36,3,185,sp|Q8IWT1|SCN4B_HUMAN,100.0,36.0,0.0,0.0,1.0,36.0,146.0,181.0,1.16e-15,65.9,,,,,"('RTIFLQV', 2, 8)",1,RTIFLQV,2,8,0,...[FWY]..[LVI]
63452,PLRAIGPRFKLLTLGLSLLHADVVPNATIRNVLREKIYS,0,-0.972643807,-1.960263636,,,,63498,54,15,4,0,0,0,36,3,73,sp|Q8N8J0|PI4P1_HUMAN,100.0,36.0,0.0,0.0,1.0,36.0,88.0,123.0,1.79e-19,76.6,,,,,"('GPRFKLL', 5, 11)",1,GPRFKLL,5,11,0,...[FWY]..[LVI]
63492,PLRAIGTHGANIQQARKVPGVTAIDLDEDTCTFHIYGED,0,-0.105538077,-4.171160419,,,,63538,375,190,6,0,0,0,36,3,571,sp|Q06787|FMR1_HUMAN,100.0,36.0,0.0,0.0,1.0,36.0,233.0,268.0,1.98e-20,80.5,,,,,"('TCTFHIY', 29, 35)",1,TCTFHIY,29,35,0,...[FWY]..[WFY]
63872,PLRAIALILLVLVNVLVICVPTIRDIFGVIGSTSAPSLI,0,-3.843465148,-0.421694041,,,,63918,79,3,17,0,0,0,36,3,99,sp|Q8WUX1|S38A5_HUMAN,100.0,36.0,0.0,0.0,1.0,36.0,378.0,413.0,8.57e-16,67.4,,,,,"('RDIFGVI', 23, 29)",1,RDIFGVI,23,29,0,...[FWY]..[LVI]
64236,PLRTICKTIDFWLKVGISAGTCTAILLTVLTCYFWKKNH,0,-3.142568808,-3.545226137,,,,64284,81,5,2,0,0,0,36,3,88,sp|Q6UXG2|ELAP1_HUMAN,97.222,36.0,1.0,0.0,1.0,36.0,900.0,935.0,1.32e-18,75.5,,,,,"('IDFWLKV', 8, 14)",1,IDFWLKV,8,14,0,...[FWY]..[LVI]
64254,PLRYSAEISLALNYLHERGIIYRDLKLDNVLLDSEGHIK,0,-0.580232062,-5.102396485,,,,64302,1311,478,11,0,0,0,36,3,1800,sp|P41743|KPCI_HUMAN,100.0,36.0,0.0,0.0,1.0,36.0,358.0,393.0,1.83e-19,77.8,,,,,"('GIIYRDL', 18, 24)",1,GIIYRDL,18,24,0,...[FWY]..[LVI]
64374,PLRAIDELKECFLNQTDETLSNVEVFMQLIYDSSLCDLF,0,-1.549668488,-6.385285224,,,,64422,1160,216,4,0,0,0,36,3,1380,sp|Q13296|SG2A2_HUMAN,100.0,36.0,0.0,0.0,1.0,36.0,58.0,93.0,4.4e-20,74.3,,,,,"('VEVFMQL', 22, 28)",1,VEVFMQL,22,28,0,...[FWY]..[LVI]
64399,PLRAIDFLMDRNNVVPRINTLILRTNQQYLNLISTSVTA,0,-2.88267411,-7.050866185,,,,64447,460,34,1,0,0,0,36,3,495,sp|Q9NYU1|UGGG2_HUMAN,100.0,36.0,0.0,0.0,1.0,36.0,668.0,703.0,6.98e-18,73.6,,,,,"('NQQYLNL', 25, 31)",1,NQQYLNL,25,31,0,...[FWY]..[LVI]
64482,PLRAKDPDAANSPIRYSIDRHTDLDVFSLLIQRMVLLK,0,-2.539684399,-1.620413633,,,,64530,64,6,6,0,0,0,35,3,76,sp|P55287|CAD11_HUMAN,95.833,24.0,1.0,0.0,1.0,24.0,407.0,430.0,3.12e-10,51.6,,,,,"('LDVFSLL', 23, 29)",1,LDVFSLL,23,29,0,...[FWY]..[LVI]
64540,PLRVIDTIVLIASIAVVSAKTQGNIFATSALRSLRFLQI,0,-5.343815421,-3.839582154,,,,64588,149,2,3,0,0,0,36,3,154,sp|Q9NR82|KCNQ5_HUMAN,100.0,36.0,0.0,0.0,1.0,36.0,204.0,239.0,1.68e-16,69.3,,,,,"('SLRFLQI', 32, 38)",1,SLRFLQI,32,38,0,...[FWY]..[LVI]
64601,PLRTIEDAIAVLSVAEEAADRHPERRMRAAFTAFEEAQL,0,-2.503158523,-2.09846093,,,,64649,104,10,7,0,0,0,36,3,121,sp|Q96CT7|CC124_HUMAN,100.0,36.0,0.0,0.0,1.0,36.0,146.0,181.0,2.9e-18,72.8,,,,,"('RAAFTAF', 27, 33)",1,RAAFTAF,27,33,0,...[FWY]..[WFY]
64942,PLREHFDKLLVEDINKDKNLVPEDEANIGASAWICGIIS,0,-0.292432991,-1.17571616,,,,64990,337,150,43,0,0,0,36,3,530,sp|Q9ULF5|S39AA_HUMAN,100.0,36.0,0.0,0.0,1.0,36.0,378.0,413.0,1.09e-19,78.6,,,,,"('REHFDKL', 2, 8)",1,REHFDKL,2,8,0,...[FWY]..[LVI]
65072,PLRNHLETKMINAGLRYGYEYLGNSPRLVITPLTDRCYR,0,-0.691416284,-3.827427953,,,,65120,394,133,8,0,0,0,36,3,535,sp|Q8WXX0|DYH7_HUMAN,100.0,36.0,0.0,0.0,1.0,36.0,1277.0,1312.0,7.44e-22,84.7,,,,,"('RYGYEYL', 15, 21)",1,RYGYEYL,15,21,0,...[FWY]..[LVI]
65139,PLRTHFRGVSLNLTRKLAQQLCTALLFLATPELSILHCD,0,-2.206216027,-8.530119244,,,,65187,2565,303,2,0,0,0,36,3,2870,sp|Q9Y463|DYR1B_HUMAN,97.222,36.0,1.0,0.0,1.0,36.0,204.0,239.0,6.82e-20,79.3,,,,,"('RTHFRGV', 2, 8)",1,RTHFRGV,2,8,0,...[FWY]..[LVI]
65901,PLRTHITPFPIIIIQEESLIYLLQPGKHRLHVDTGMEGD,0,-3.924622292,-5.812706448,,,,65949,195,7,1,0,0,0,36,3,203,sp|Q9H3S4|TPK1_HUMAN,100.0,36.0,0.0,0.0,1.0,36.0,146.0,181.0,7.23e-20,77.4,,,,,"('ITPFPII', 5, 11)",1,ITPFPII,5,11,0,...[FWY]..[LVI]
66287,PLRTIIKHCSPQFFSLGLPGATMLIMDFIVAAGRVASSA,0,-2.446574995,-4.227743947,,,,66335,130,13,2,0,0,0,36,3,145,sp|Q6GYQ0|RGPA1_HUMAN,100.0,36.0,0.0,0.0,1.0,36.0,1190.0,1225.0,7.94e-20,79.0,,,,,"('SPQFFSL', 9, 15)",1,SPQFFSL,9,15,0,...[FWY]..[LVI]
66819,PLRYIGDIKKRIIHQSLQILQAKLKQARQVLFVFLRDLE,0,-6.428427648,-5.509156882,,,,66867,158,1,1,0,0,0,36,3,160,sp|O15078|CE290_HUMAN,41.379,29.0,17.0,0.0,8.0,36.0,1536.0,1564.0,1.2,24.6,,,,,"('QVLFVFL', 28, 34)",1,QVLFVFL,28,34,0,...[FWY]..[LVI]
67214,PLRLFLSMYLATMLGNLLIILAVNSDSHLHTPMYFLLSI,0,-1.861612494,-1.719949307,,,,67262,80,12,7,0,0,0,36,3,99,sp|Q8NG95|OR7G3_HUMAN,100.0,36.0,0.0,0.0,1.0,36.0,30.0,65.0,4.21e-17,70.9,,,,,"('TPMYFLL', 30, 36)",1,TPMYFLL,30,36,0,...[FWY]..[LVI]
67698,PLRLAVRGDASRDMKQTIMETLEQGPAQASPSYVPLFKD,0,-2.475144147,-0.418369857,,,,67746,51,5,11,0,0,0,36,3,67,sp|O60645|EXOC3_HUMAN,100.0,36.0,0.0,0.0,1.0,36.0,697.0,732.0,1.63e-19,78.2,,,,,"('SPSYVPL', 29, 35)",1,SPSYVPL,29,35,0,...[FWY]..[LVI]
67854,PLRTINAEELLLSNAVAVTFSERLLGNFSLAVPIFVALS,0,-0.063645828,-2.351532969,,,,67902,602,314,34,0,0,0,36,3,950,sp|Q9UPY5|XCT_HUMAN,100.0,36.0,0.0,0.0,1.0,36.0,291.0,326.0,1.4e-16,69.7,,,,,"('VPIFVAL', 31, 37)",1,VPIFVAL,31,37,0,...[FWY]..[LVI]
68149,PLRDIPFLSPTFNPQEVFIRSTNIFRNLESTRCLLAGLF,0,-1.262150424,-5.365247471,,,,68198,286,65,2,0,0,0,36,3,353,sp|Q9NPH0|PPA6_HUMAN,100.0,36.0,0.0,0.0,1.0,36.0,146.0,181.0,5.5e-20,79.3,,,,,"('TNIFRNL', 21, 27)",1,TNIFRNL,21,27,0,...[FWY]..[LVI]
68189,PLREIPHIVVTHCLLNPPALVIKTLPTKLRDALFTVVRV,0,-1.066792515,-6.460404704,,,,68238,611,159,2,0,0,0,36,3,772,sp|Q8IZ13|ZBED8_HUMAN,97.222,36.0,1.0,0.0,1.0,36.0,262.0,297.0,1.54e-18,75.5,,,,,"('DALFTVV', 30, 36)",1,DALFTVV,30,36,0,...[FWY]..[LVI]
68197,PLRPICLMYLLAIMGNCTILFIIKTEPSLHEPMYYFLAM,0,-6.067161405,-5.147890639,,,,68246,123,1,1,0,0,0,36,3,125,sp|Q8NH64|O51A7_HUMAN,100.0,36.0,0.0,0.0,1.0,36.0,30.0,65.0,2.9e-19,76.6,,,,,"('EPMYYFL', 30, 36)",1,EPMYYFL,30,36,0,...[FWY]..[LVI]
68230,PLRDIPIYPVLPHVQKSEEMWIEQGKLEWKNQLKLVINE,0,-0.498621743,-1.992426959,,,,68279,635,245,46,0,0,0,36,3,926,sp|A2RUR9|C144A_HUMAN,100.0,36.0,0.0,0.0,1.0,36.0,262.0,297.0,8.78e-20,79.0,,,,,"('IPIYPVL', 4, 10)",1,IPIYPVL,4,10,0,...[FWY]..[LVI]
68606,PLRATQKTYGLALAKLGRANERVIVLSGDTMNSTFSEIF,0,-1.23126932,-1.683967331,,,,68655,379,88,34,0,0,0,36,3,501,sp|Q9H0I9|TKTL2_HUMAN,100.0,36.0,0.0,0.0,1.0,36.0,320.0,355.0,3.82e-18,74.3,,,,,"('NSTFSEI', 31, 37)",1,NSTFSEI,31,37,0,...[FWY]..[LVI]
69099,PLRSISDLEMRQALKTVDIDAFQDALKIFCRIKGGRVST,0,-0.023108874,-7.790338635,,,,69149,768,412,1,0,0,0,36,3,1181,sp|Q8IY85|EFC13_HUMAN,100.0,36.0,0.0,0.0,1.0,36.0,204.0,239.0,8.35e-18,73.2,,,,,"('LKIFCRI', 25, 31)",1,LKIFCRI,25,31,0,...[FWY]..[LVI]
69296,PLRAMSLFLPCLLCYPPAKGCLKLCRRCYDWIHRPGCRC,0,-6.319403755,-6.400132988,,,,69346,293,2,1,0,0,0,36,3,296,sp|O43609|SPY1_HUMAN,100.0,36.0,0.0,0.0,1.0,36.0,262.0,297.0,1.21e-20,80.5,,,,,"('RRCYDWI', 25, 31)",1,RRCYDWI,25,31,0,...[FWY]..[LVI]
69320,PLRTISLVPPTLLMTWKGHLNSVADILYVDNFQLVISAG,0,-3.397665395,-1.741429034,,,,69370,116,6,10,0,0,0,36,3,132,sp|B1ANS9|WDR64_HUMAN,30.769,26.0,18.0,0.0,10.0,35.0,860.0,885.0,0.31,26.6,,,,,"('VDNFQLV', 28, 34)",1,VDNFQLV,28,34,0,...[FWY]..[LVI]
69487,PLRLVFDHDGKIIQKTPYPHPRGTTVSVKQLFSTLPVHH,0,-5.403870544,-5.069562278,,,,69537,233,3,2,0,0,0,36,3,238,sp|A8MQ11|PM2P5_HUMAN,97.222,36.0,1.0,0.0,1.0,36.0,29.0,64.0,6.81e-20,75.1,,,,,"('KQLFSTL', 28, 34)",1,KQLFSTL,28,34,0,...[FWY]..[LVI]
70050,PLRDITVDKNMPKFNKILFYLQPHASSGAKTLKKDRLSA,0,-2.719593489,-4.385285224,,,,70101,145,12,2,0,0,0,36,3,159,sp|Q8TAF3|WDR48_HUMAN,97.222,36.0,1.0,0.0,1.0,36.0,552.0,587.0,4.29e-18,73.9,,,,,"('MPKFNKI', 10, 16)",1,MPKFNKI,10,16,0,...[FWY]..[LVI]
70060,PLRTITWDSGNPDPVSYYVIEYKSKSQDGPYQIKEDITT,0,-3.482198905,-5.884856233,,,,70111,205,10,1,0,0,0,36,3,216,sp|Q13332|PTPRS_HUMAN,100.0,36.0,0.0,0.0,1.0,36.0,349.0,384.0,3.02e-19,77.4,,,,,"('PVSYYVI', 13, 19)",1,PVSYYVI,13,19,0,...[FWY]..[LVI]
70257,PLRDIGNVSFDRVSDINFTLNTNESGNIALFEACCKERI,0,-3.212109741,-1.555873381,,,,70308,153,9,15,0,0,0,36,3,177,sp|Q5H9R7|PP6R3_HUMAN,100.0,36.0,0.0,0.0,1.0,36.0,574.0,609.0,3.49e-19,77.0,,,,,"('NVSFDRV', 6, 12)",1,NVSFDRV,6,12,0,...[FWY]..[LVI]
70286,PLRANVLPIVQINGNAAQFGEVYELKEDIGVGSYSVCKR,0,-2.999935498,-5.080664732,,,,70337,587,40,5,0,0,0,36,3,632,sp|Q9UK32|KS6A6_HUMAN,100.0,36.0,0.0,0.0,1.0,36.0,407.0,442.0,5.38e-20,79.3,,,,,"('AAQFGEV', 15, 21)",1,AAQFGEV,15,21,0,...[FWY]..[LVI]
70523,PLRAKCYGDLVQELWSGTQKNVAPLKLRWTIAKYAPRFN,0,-3.154394244,-1.650160977,,,,70574,98,6,9,0,0,0,36,3,113,sp|Q8NFA0|UBP32_HUMAN,100.0,36.0,0.0,0.0,1.0,36.0,784.0,819.0,2.1800000000000007e-21,83.6,,,,,"('AKCYGDL', 3, 9)",1,AKCYGDL,3,9,0,...[FWY]..[LVI]
70717,PLRAKCVLTHSPTWIIDPIDGTCNFVHRFPTVAVSIGFA,0,-3.267604854,-2.933296588,,,,70769,53,3,2,0,0,0,36,3,58,sp|O14732|IMPA2_HUMAN,100.0,36.0,0.0,0.0,1.0,36.0,88.0,123.0,7.76e-23,85.9,,,,,"('VHRFPTV', 25, 31)",1,VHRFPTV,25,31,0,...[FWY]..[LVI]
71059,PLRENEGVQLWPSQSSGGDETHLPLSLWARLMPGASVDR,0,-3.193126638,-5.443780873,,,,71111,151,9,1,0,0,0,36,3,161,sp|Q6ZRC1|CD050_HUMAN,44.444,27.0,15.0,0.0,8.0,34.0,182.0,208.0,0.13,27.3,,,,,"('LSLWARL', 24, 30)",1,LSLWARL,24,30,0,...[FWY]..[LVI]
71334,PLRKGGKKKGSSFQTVSALFRENLNKLMTNLRSTHPHSV,0,-2.101926824,-2.597693557,,,,71386,63,8,3,0,0,0,36,3,74,sp|Q9UKX2|MYH2_HUMAN,97.222,36.0,1.0,0.0,1.0,36.0,641.0,676.0,8.54e-17,70.5,,,,,"('GSSFQTV', 9, 15)",1,GSSFQTV,9,15,0,...[FWY]..[LVI]
71724,PLRGSSLWGGEVPGQRQLPAWGLVTTAPPRAVLFLASCL,0,-6.391433441,-5.472162675,,,,71776,154,1,1,0,0,0,36,3,156,sp|Q9P225|DYH2_HUMAN,53.333,15.0,7.0,0.0,4.0,18.0,4239.0,4253.0,1.7,24.3,,,,,"('LPAWGLV', 17, 23)",1,LPAWGLV,17,23,0,...[FWY]..[LVI]
71903,PLRTKFKRTSIDRLMNTLVLWIFGFLICLGIILAIGNSI,0,-2.067928534,-7.890124754,,,,71955,823,107,1,0,0,0,36,3,931,sp|Q8TF62|AT8B4_HUMAN,100.0,36.0,0.0,0.0,1.0,36.0,262.0,297.0,7.21e-19,76.3,,,,,"('LWIFGFL', 19, 25)",1,LWIFGFL,19,25,0,...[FWY]..[LVI]
71925,PLRKFLNRHDLDLICRAHQVVEDGYEFFAKRQLVTLFSA,0,-1.626860508,-4.559491103,,,,71977,3354,592,41,0,0,0,36,3,3987,sp|P62140|PP1B_HUMAN,100.0,36.0,0.0,0.0,1.0,36.0,233.0,268.0,9.48e-21,80.9,,,,,"('EDGYEFF', 21, 27)",1,EDGYEFF,21,27,0,...[FWY]..[WFY]
72017,PLRPKFRLHSATLAPIGSRGPQLLLRLGLTSYRDFLGTN,0,-3.584078519,-5.365247471,,,,72069,572,26,4,0,0,0,36,3,602,sp|Q9BRQ3|NUD22_HUMAN,100.0,36.0,0.0,0.0,1.0,36.0,59.0,94.0,9.89e-19,75.1,,,,,"('LTSYRDF', 28, 34)",1,LTSYRDF,28,34,0,...[FWY]..[WFY]
72176,PLRTKGGDINFVFTGFSVNGKVLSKGQPLGPAGVQVSLR,0,-0.069032925,-5.044579922,,,,72228,458,238,4,0,0,0,36,3,700,sp|Q5JPE7|NOMO2_HUMAN,100.0,36.0,0.0,0.0,1.0,36.0,117.0,152.0,3.14e-18,74.3,,,,,"('NFVFTGF', 9, 15)",1,NFVFTGF,9,15,0,...[FWY]..[WFY]
72365,PLRLGCVCVNPGRLTKGQVGGTFARLYLRRPAADGAERQ,0,-2.462516539,-4.713170774,,,,72417,91,9,1,0,0,0,36,3,101,sp|Q14181|DPOA2_HUMAN,100.0,36.0,0.0,0.0,1.0,36.0,552.0,587.0,2.79e-21,83.2,,,,,"('GGTFARL', 19, 25)",1,GGTFARL,19,25,0,...[FWY]..[LVI]
72394,PLRAIVTLTPMEQQDEYSENYILLLPLLGKPHLWLLPR,0,-3.657141981,-4.545226137,,,,72446,162,7,2,0,0,0,35,3,171,sp|Q5VU65|P210L_HUMAN,62.857,35.0,13.0,0.0,1.0,35.0,1031.0,1065.0,1.31e-08,47.0,,,,,"('SENYILL', 17, 23)",1,SENYILL,17,23,0,...[FWY]..[LVI]
72411,PLRTIVRNFSTGNFSQLLTTETLLLKSGQEFCKMRKINF,0,-3.870601278,-5.536293012,,,,72463,161,6,1,0,0,0,36,3,168,sp|Q9UKX5|ITA11_HUMAN,50.0,22.0,9.0,1.0,15.0,36.0,715.0,734.0,1.3,24.6,,,,,"('TGNFSQL', 10, 16)",1,TGNFSQL,10,16,0,...[FWY]..[LVI]
72738,PLRPIYPTGLGRWDLFREDLVRSAAQWPWKKKNSTAYFR,0,-3.169041019,-1.249770253,,,,72790,132,8,16,0,0,0,36,3,156,sp|Q8NBL1|PGLT1_HUMAN,100.0,36.0,0.0,0.0,1.0,36.0,175.0,210.0,3.64e-20,79.7,,,,,"('LGRWDLF', 9, 15)",1,LGRWDLF,9,15,0,...[FWY]..[WFY]
73037,PLRAKDFSAISLACTKLTEDNKKLEIDINKITEKTNESI,0,-5.025513708,-3.521280441,,,,73089,239,4,6,0,0,0,36,3,249,sp|Q5BJE1|CC178_HUMAN,97.222,36.0,1.0,0.0,1.0,36.0,436.0,471.0,3.06e-16,68.9,,,,,"('AKDFSAI', 3, 9)",1,AKDFSAI,3,9,0,...[FWY]..[LVI]
73073,PLRKKAFSTCSSHMIVVSVSYGSCIFMCVKTSAKEVWL,0,-3.240124118,-3.905815852,,,,73125,52,3,1,0,0,0,35,3,56,sp|A6NJZ3|O6C65_HUMAN,100.0,32.0,0.0,0.0,1.0,32.0,233.0,264.0,6.47e-16,67.4,,,,,"('SCIFMCV', 22, 28)",1,SCIFMCV,22,28,0,...[FWY]..[LVI]
73318,PLRYTVLPPFLNPIIYSLRNKEIKTAMCVSL,0,-1.825086618,-0.735890851,,,,73370,52,8,9,0,0,0,28,3,69,sp|A6ND48|O14I1_HUMAN,100.0,24.0,0.0,0.0,1.0,24.0,276.0,299.0,6.66e-11,53.1,,,,,"('PLRYTVL', 0, 6)",1,PLRYTVL,0,6,0,...[FWY]..[LVI]
73865,PLRAKKDYNEAYNYYTKAIDMCPKNASYYGNRAATLMMH,0,-3.866113887,-3.36188062,,,,73919,107,4,3,0,0,0,36,3,114,sp|Q99615|DNJC7_HUMAN,100.0,35.0,0.0,0.0,1.0,35.0,40.0,74.0,1.84e-18,75.1,,,,,"('NEAYNYY', 8, 14)",1,NEAYNYY,8,14,0,...[FWY]..[WFY]
74320,PLRAQEKEKLLYGLASVKNVTLLSRYLDLLKDTNLIKTH,0,-3.932001822,-4.012731056,,,,74374,56,2,1,0,0,0,36,3,59,sp|Q07075|AMPE_HUMAN,97.222,36.0,1.0,0.0,1.0,36.0,813.0,848.0,7e-17,70.5,,,,,"('LSRYLDL', 22, 28)",1,LSRYLDL,22,28,0,...[FWY]..[LVI]
74552,PLRAKNPMVYPEIGTGLPHLEPLGPQRVACCPGLRGILL,0,-0.408228683,-2.06214325,,,,74606,594,244,41,0,0,0,36,3,879,sp|Q9UBS5|GABR1_HUMAN,38.462,26.0,16.0,0.0,2.0,27.0,926.0,951.0,0.95,25.0,,,,,"('PMVYPEI', 6, 12)",1,PMVYPEI,6,12,0,...[FWY]..[LVI]
74587,PLRAKKQQIRALPETETQLLLLPLNEYILLPRVKLIPVI,0,-3.982627895,-3.063357129,,,,74641,58,2,2,0,0,0,36,3,62,sp|Q8WWX0|ASB5_HUMAN,43.333,30.0,17.0,0.0,5.0,34.0,285.0,314.0,1.4,24.6,,,,,"('LNEYILL', 23, 29)",1,LNEYILL,23,29,0,...[FWY]..[LVI]
75331,PLRAKLSDFLYQTGDRITWDKSLQVYNMVHRIDSDTFIC,0,-0.590556729,-2.870065827,,,,75386,279,101,11,0,0,0,36,3,391,sp|P59095|STAR6_HUMAN,100.0,36.0,0.0,0.0,1.0,36.0,59.0,94.0,8.1800000000000005e-22,82.0,,,,,"('LQVYNMV', 22, 28)",1,LQVYNMV,22,28,0,...[FWY]..[LVI]
75484,PLRSFILILGNSKLKQTFVVMLRCESGHLKPGSKGPIFS,0,-7.169041019,-6.249770253,,,,75540,264,1,1,0,0,0,36,3,266,sp|Q9NYW6|TA2R3_HUMAN,100.0,36.0,0.0,0.0,1.0,36.0,281.0,316.0,5.38e-19,75.9,,,,,"('LRSFILI', 1, 7)",1,LRSFILI,1,7,0,...[FWY]..[LVI]
75527,PLRNKMKDQLLPEKGCGLAPPHYPTLLTVPASVSLPSGI,0,-3.260783588,-5.926475323,,,,75583,211,12,1,0,0,0,36,3,224,sp|Q8TF68|ZN384_HUMAN,100.0,36.0,0.0,0.0,1.0,36.0,30.0,65.0,3.51e-19,77.0,,,,,"('PPHYPTL', 19, 25)",1,PPHYPTL,19,25,0,...[FWY]..[LVI]
75738,PLRAKNKAINILKQVNMNKLFSAILRLLACALQRRMLP,0,-5.982627895,-5.063357129,,,,75795,232,2,2,0,0,0,35,3,236,sp|Q8N1W1|ARG28_HUMAN,32.353,34.0,21.0,1.0,4.0,35.0,960.0,993.0,3.2,23.5,,,,,"('NKLFSAI', 17, 23)",1,NKLFSAI,17,23,0,...[FWY]..[LVI]
76111,PLRKAFNCSSTLKTHRLFILVRNRTHVKNVAVPLTAPQ,0,-3.787611913,-2.868341147,,,,76168,76,3,3,0,0,0,35,3,82,sp|Q68DY1|ZN626_HUMAN,60.0,35.0,14.0,0.0,1.0,35.0,488.0,522.0,6.15e-06,39.7,,,,,"('HRLFILV', 14, 20)",1,HRLFILV,14,20,0,...[FWY]..[LVI]
76198,PLRSKASPRIQELANPNKRGVIPHSSFELEFWNQIEPEV,0,-0.069505346,-6.794090769,,,,76255,385,200,1,0,0,0,36,3,586,sp|P0DJG4|THEGL_HUMAN,84.211,19.0,3.0,0.0,1.0,19.0,413.0,431.0,0.000178,35.4,,,,,"('LEFWNQI', 28, 34)",1,LEFWNQI,28,34,0,...[FWY]..[LVI]
77119,PLRHLHEGAKSASAEELRRQAQELEENLMELTQIYQRLN,0,-3.175272973,-4.063357129,,,,77178,116,7,2,0,0,0,36,3,125,sp|O95236|APOL3_HUMAN,100.0,36.0,0.0,0.0,1.0,36.0,362.0,397.0,4.94e-18,73.6,,,,,"('TQIYQRL', 31, 37)",1,TQIYQRL,31,37,0,...[FWY]..[LVI]
77152,PLRVKSCSFTAACCSHFSSVLAQNRFLLELQISNNRLED,0,-5.594966835,-4.675696069,,,,77211,266,3,3,0,0,0,36,3,272,sp|P13489|RINI_HUMAN,100.0,36.0,0.0,0.0,1.0,36.0,320.0,355.0,1.6e-18,75.1,,,,,"('CSHFSSV', 13, 19)",1,CSHFSSV,13,19,0,...[FWY]..[LVI]
77283,PLRPKSKALEAVKLAIEAGFHHIDSAHVYNNEEQVGLAI,0,-6.805533821,-8.208191149,,,,77342,1026,5,1,0,0,0,36,3,1032,sp|P52895|AK1C2_HUMAN,100.0,36.0,0.0,0.0,1.0,36.0,30.0,65.0,1.59e-18,74.7,,,,,"('EAGFHHI', 16, 22)",1,EAGFHHI,16,22,0,...[FWY]..[LVI]
77545,PLRDKSTMDAISAEGFTDIDIDTLCAVLERDTLSIRESR,0,-0.185810763,-6.255224683,,,,77604,265,127,1,0,0,0,36,3,393,sp|Q9H0C5|BTBD1_HUMAN,100.0,36.0,0.0,0.0,1.0,36.0,204.0,239.0,3.15e-19,77.4,,,,,"('AEGFTDI', 12, 18)",1,AEGFTDI,12,18,0,...[FWY]..[LVI]
78290,PLRTKVPDTDEISFLKGDMFIVHNELEDGWMWVTNLRTD,0,-4.075258873,-4.049072903,,,,78349,402,13,7,0,0,0,36,3,422,sp|P20936|RASA1_HUMAN,100.0,36.0,0.0,0.0,1.0,36.0,291.0,326.0,4.31e-22,85.5,,,,,"('EDGWMWV', 26, 32)",1,EDGWMWV,26,32,0,...[FWY]..[LVI]
78408,PLRSKVTRYLCFTRSFSKENSHLGNVLVDMKLIDIKDTL,0,-4.078843211,-2.38905429,,,,78467,527,17,29,0,0,0,36,3,573,sp|Q9H7P6|MB12B_HUMAN,100.0,36.0,0.0,0.0,1.0,36.0,88.0,123.0,5.67e-20,78.6,,,,,"('VTRYLCF', 5, 11)",1,VTRYLCF,5,11,0,...[FWY]..[WFY]
78440,PLRSKVVQVCCLRRVVWILIQVKWLS,0,-2.75885292,-5.424544654,,,,78499,149,12,1,0,0,0,23,3,162,sp|Q8IVF4|DYH10_HUMAN,50.0,10.0,5.0,0.0,13.0,22.0,1476.0,1485.0,9.2,21.6,,,,,"('RVVWILI', 13, 19)",1,RVVWILI,13,19,0,...[FWY]..[LVI]
79900,PLRTLDPFGSGSFNSAEGFADFSQMSKPPPSGPFTSSLG,0,-3.69370301,-5.022359757,,,,79961,451,19,4,0,0,0,36,3,474,sp|Q9UBC2|EP15R_HUMAN,100.0,36.0,0.0,0.0,1.0,36.0,726.0,761.0,1.08e-17,72.8,,,,,"('AEGFADF', 15, 21)",1,AEGFADF,15,21,0,...[FWY]..[WFY]
79981,PLRWDLARGVKIRSYFNMIEGQGHGAVFDCKCSPDGQHF,0,-1.420445263,-5.786576716,,,,80042,383,78,2,0,0,0,36,3,463,sp|Q8WWQ0|PHIP_HUMAN,100.0,36.0,0.0,0.0,1.0,36.0,494.0,529.0,1.87e-23,89.4,,,,,"('RSYFNMI', 12, 18)",1,RSYFNMI,12,18,0,...[FWY]..[LVI]
80162,PLRALKRLALRRLAVRPQPLPLFRVLSRKLKHHKQVR,0,-5.067161405,-5.147890639,,,,80223,123,2,1,0,0,0,34,3,126,,,,,,,,,,,,,,,,"('LPLFRVL', 19, 25)",1,LPLFRVL,19,25,0,...[FWY]..[LVI]
80227,PLRHTTALECKTLLPNEIAIRPMDKTVLFTDNYSDLEVT,0,-0.254373073,-4.874261118,,,,80288,407,186,4,0,0,0,36,3,597,sp|Q8NG31|KNL1_HUMAN,100.0,36.0,0.0,0.0,1.0,36.0,1158.0,1193.0,3.1e-19,77.4,,,,,"('TDNYSDL', 29, 35)",1,TDNYSDL,29,35,0,...[FWY]..[LVI]
80441,PLRTLEFIGKKSMSPKCVTLKAKQLRILQLFNIIRYSTE,0,-4.903620021,-3.858818372,,,,80502,1208,22,24,0,0,0,36,3,1254,sp|Q8NDH2|CC168_HUMAN,55.0,20.0,9.0,0.0,10.0,29.0,396.0,415.0,0.63,25.4,,,,,"('LQLFNII', 27, 33)",1,LQLFNII,27,33,0,...[FWY]..[LVI]
80573,PLRPTETTMLTNILLRTCPQDHKLNSKWNILCEKIKGIM,0,-8.336535195,-7.417264428,,,,80635,593,1,1,0,0,0,36,3,595,sp|Q9Y234|LIPT_HUMAN,100.0,36.0,0.0,0.0,1.0,36.0,338.0,373.0,2.08e-19,77.4,,,,,"('NSKWNIL', 24, 30)",1,NSKWNIL,24,30,0,...[FWY]..[LVI]
80664,PLRTLEKYKNKRVELIEYQSNIKEDPSAAEAVECWKKYY,0,-1.370626142,-3.234257254,,,,80726,555,117,17,0,0,0,36,3,689,sp|Q9BZQ2|SHP1L_HUMAN,100.0,36.0,0.0,0.0,1.0,36.0,306.0,341.0,4.05e-19,77.0,,,,,"('VECWKKY', 31, 37)",1,VECWKKY,31,37,0,...[FWY]..[WFY]
80868,PLREPLWVEGAGHNDIELYSQYLERLRRFISQELPSQRA,0,-2.031537496,-2.334659151,,,,80930,105,14,6,0,0,0,36,3,125,sp|Q96GS6|AB17A_HUMAN,100.0,36.0,0.0,0.0,1.0,36.0,275.0,310.0,8.83e-20,77.8,,,,,"('IELYSQY', 15, 21)",1,IELYSQY,15,21,0,...[FWY]..[WFY]
81201,PLRTLFAVGGMDSTKGATSIEKYDLVQICGLQ,0,-6.147014713,-3.642781446,,,,81263,130,1,3,0,0,0,29,3,134,sp|Q96PQ7|KLHL5_HUMAN,100.0,22.0,0.0,0.0,1.0,22.0,468.0,489.0,2.58e-09,48.5,,,,,"('IEKYDLV', 19, 25)",1,IEKYDLV,19,25,0,...[FWY]..[LVI]
81302,PLRPKYEWEESWEKLNQTLPMAIKEKIQQRLPLSLTLRS,0,-1.372574414,-1.283378646,,,,81364,76,16,9,0,0,0,36,3,101,sp|Q9NWL6|ASND1_HUMAN,57.143,21.0,9.0,0.0,9.0,29.0,567.0,587.0,0.44,25.8,,,,,"('EESWEKL', 8, 14)",1,EESWEKL,8,14,0,...[FWY]..[LVI]
81305,PLRANYFGPITLTKALLPNMISRRTGQIVLVNNIQGKFG,0,-1.446574995,-2.74969665,,,,81367,70,14,3,0,0,0,36,3,87,sp|A6NNS2|DRS7C_HUMAN,100.0,36.0,0.0,0.0,1.0,36.0,150.0,185.0,3.99e-20,79.0,,,,,"('ANYFGPI', 3, 9)",1,ANYFGPI,3,9,0,...[FWY]..[LVI]
81474,PLRTLAADVGILSRNIKIVGEDYPGWSEDSFGARVLVGS,0,-2.317291978,-2.205376134,,,,81536,64,7,4,0,0,0,36,3,75,sp|Q86WI1|PKHL1_HUMAN,100.0,36.0,0.0,0.0,1.0,36.0,3249.0,3284.0,3.41e-19,77.0,,,,,"('GEDYPGW', 19, 25)",1,GEDYPGW,19,25,0,...[FWY]..[WFY]
81663,PLRDLADFEKNSRYAHIRISKLVMKRISTS,0,-4.906006614,-1.401773347,,,,81725,55,1,6,0,0,0,27,3,62,sp|Q08830|FGL1_HUMAN,80.0,15.0,3.0,0.0,1.0,15.0,175.0,189.0,0.007,30.4,,,,,"('NSRYAHI', 10, 16)",1,NSRYAHI,10,16,0,...[FWY]..[LVI]
82043,PLRSLALALNGVCTNTIKLIVGRPRPDFFYRCFPDGVMN,0,-1.668967416,-2.597693557,,,,82105,420,72,20,0,0,0,36,3,512,sp|Q5VZY2|PLPP4_HUMAN,100.0,36.0,0.0,0.0,1.0,36.0,88.0,123.0,2.84e-20,79.0,,,,,"('DFFYRCF', 26, 32)",1,DFFYRCF,26,32,0,...[FWY]..[WFY]
82295,PLRELFHVCEDLENIEGLHHLYEIIKGIFLLNRTALFEV,0,-8.119000337,-4.61476707,,,,82357,510,1,6,0,0,0,36,3,517,sp|Q6IN85|P4R3A_HUMAN,100.0,36.0,0.0,0.0,1.0,36.0,175.0,210.0,1.29e-19,78.2,,,,,"('HHLYEII', 18, 24)",1,HHLYEII,18,24,0,...[FWY]..[LVI]
82403,PLRSLFMFGSHNKKRPNNLVIGRMYDYHVLDMIELGIEN,0,-0.221051384,-5.244295123,,,,82465,263,123,2,0,0,0,36,3,388,sp|Q9H7B2|RPF2_HUMAN,100.0,36.0,0.0,0.0,1.0,36.0,88.0,123.0,2.62e-20,79.3,,,,,"('MYDYHVL', 23, 29)",1,MYDYHVL,23,29,0,...[FWY]..[LVI]
82582,PLRGLFTRNRCLDGAIQAFASGWPPVLLDQLNPQGDPEH,0,-3.294571902,-3.375301135,,,,82644,72,4,2,0,0,0,36,3,78,sp|Q9GZZ7|GFRA4_HUMAN,100.0,36.0,0.0,0.0,1.0,36.0,234.0,269.0,2.37e-20,79.3,,,,,"('ASGWPPV', 19, 25)",1,ASGWPPV,19,25,0,...[FWY]..[LVI]
82763,PLRDLGDTANYTCVASNIAGKTTREFILTVMFLQTLRG,0,-4.212109741,-2.555873381,,,,82825,102,3,5,0,0,0,35,3,110,sp|Q96RW7|HMCN1_HUMAN,80.0,35.0,7.0,0.0,1.0,35.0,3683.0,3717.0,1.81e-13,60.8,,,,,"('TANYTCV', 7, 13)",1,TANYTCV,7,13,0,...[FWY]..[LVI]
82795,PLRPLGCTGARQVITLLNELKRRGKRAYGVVSICIGTGM,0,-2.685361855,-0.766091088,,,,82857,59,5,10,0,0,0,36,3,74,sp|P09110|THIK_HUMAN,97.222,36.0,1.0,0.0,1.0,36.0,378.0,413.0,1.86e-18,75.1,,,,,"('KRAYGVV', 24, 30)",1,KRAYGVV,24,30,0,...[FWY]..[LVI]
82951,PLRSLGGQYGVQGFPTIKIFGSNKNRPEDYQGGRTGEAI,0,-3.477163315,-3.043319376,,,,83013,143,7,5,0,0,0,36,3,155,sp|Q15084|PDIA6_HUMAN,100.0,36.0,0.0,0.0,1.0,36.0,88.0,123.0,5.48e-20,79.3,,,,,"('VQGFPTI', 10, 16)",1,VQGFPTI,10,16,0,...[FWY]..[LVI]
83021,PLRALGSMLISWYMSGYHTGYYMGFRQNQKEGRCSHSLN,0,-5.067161405,-3.147890639,,,,83083,123,2,4,0,0,0,36,3,129,sp|Q16637|SMN_HUMAN,100.0,36.0,0.0,0.0,1.0,36.0,259.0,294.0,2.8899999999999995e-23,87.0,,,,,"('TGYYMGF', 18, 24)",1,TGYYMGF,18,24,0,...[FWY]..[WFY]
83931,PLRALRLVNGGDRCRGRVEVLYRGSWGTVCDDYWDTNDA,0,-3.845746089,-5.926475323,,,,83993,211,8,1,0,0,0,36,3,220,sp|Q9UGM3|DMBT1_HUMAN,100.0,36.0,0.0,0.0,1.0,36.0,233.0,268.0,3.07e-19,77.4,,,,,"('RGSWGTV', 22, 28)",1,RGSWGTV,22,28,0,...[FWY]..[LVI]
84213,PLRALHVRALALVEERVENGHIYDTIVNVKETRLTSLGA,0,-4.528369086,-3.194060821,,,,84275,127,3,4,0,0,0,36,3,134,sp|Q8NBS3|S4A11_HUMAN,100.0,35.0,0.0,0.0,2.0,36.0,727.0,761.0,6.95e-18,73.6,,,,,"('GHIYDTI', 19, 25)",1,GHIYDTI,19,25,0,...[FWY]..[LVI]
84310,PLRTLICSRSLQALEELLSACGGDFCSALPWLALLSANF,0,-2.557606307,-4.960263636,,,,84372,108,10,1,0,0,0,36,3,119,sp|Q8N1F8|S11IP_HUMAN,100.0,36.0,0.0,0.0,1.0,36.0,135.0,170.0,3.86e-18,74.3,,,,,"('ALPWLAL', 27, 33)",1,ALPWLAL,27,33,0,...[FWY]..[LVI]
84423,PLRTVIFPLLNPIIYTLRNKEVKAAIRKVVTKYILCEEK,0,-3.616499996,-2.375301135,,,,84485,90,4,5,0,0,0,36,3,99,sp|Q8NGD0|OR4M1_HUMAN,97.222,36.0,1.0,0.0,1.0,36.0,278.0,313.0,1.24e-16,69.3,,,,,"('TVIFPLL', 3, 9)",1,TVIFPLL,3,9,0,...[FWY]..[LVI]
84823,PLRPLIQSKQNEVNAAWERLRGLALQRQKALSNAANLQR,0,-5.99501162,-2.490778353,,,,84885,234,2,12,0,0,0,36,3,248,sp|P02549|SPTA1_HUMAN,100.0,36.0,0.0,0.0,1.0,36.0,233.0,268.0,8.46e-18,73.2,,,,,"('NAAWERL', 13, 19)",1,NAAWERL,13,19,0,...[FWY]..[LVI]
85191,PLRDLKEVTPEGLQMVKKNFEWVAERVELLLKSESQCRV,0,-2.084004916,-4.334659151,,,,85253,70,9,1,0,0,0,36,3,80,sp|P22234|PUR6_HUMAN,100.0,36.0,0.0,0.0,1.0,36.0,233.0,268.0,2.53e-18,74.7,,,,,"('KKNFEWV', 16, 22)",1,KKNFEWV,16,22,0,...[FWY]..[LVI]
85296,PLRSLKKALLIISTKPDGPITREEFRYILNCMAVKLSDS,0,-4.294571902,-5.375301135,,,,85358,144,4,1,0,0,0,36,3,149,sp|Q5THR3|EFCB6_HUMAN,97.222,36.0,1.0,0.0,1.0,36.0,407.0,442.0,3.46e-18,74.3,,,,,"('REEFRYI', 21, 27)",1,REEFRYI,21,27,0,...[FWY]..[LVI]
85532,PLRNLKQIHFAAVSCGLNKPGTENADVQKPRRSLEVIPE,0,-1.430807679,-5.035098869,,,,85594,455,92,4,0,0,0,36,3,551,sp|Q9UPR0|PLCL2_HUMAN,100.0,36.0,0.0,0.0,1.0,36.0,1084.0,1119.0,1.45e-19,78.2,,,,,"('QIHFAAV', 6, 12)",1,QIHFAAV,6,12,0,...[FWY]..[LVI]
85807,PLRSNSKIYFGSNIPNMFVDSSCALKYSDIRTGRESSLP,0,-5.75400352,-4.834732754,,,,85869,99,1,1,0,0,0,36,3,101,sp|O75477|ERLN1_HUMAN,100.0,36.0,0.0,0.0,1.0,36.0,293.0,328.0,9.83e-21,80.9,,,,,"('ALKYSDI', 23, 29)",1,ALKYSDI,23,29,0,...[FWY]..[LVI]
85896,PLRALRAMHVLKSLEHATAAFVWRELGKLREEKVLAPR,0,-5.248029316,-7.136113471,,,,85958,488,7,1,0,0,0,35,3,496,sp|Q86XP3|DDX42_HUMAN,35.714,28.0,18.0,0.0,7.0,34.0,296.0,323.0,7.2,22.7,,,,,"('AFVWREL', 19, 25)",1,AFVWREL,19,25,0,...[FWY]..[LVI]
85912,PLRTLLARAARRICSAQNLEHSSPAFLAVPAGSKISNSS,0,-3.069505346,-4.472162675,,,,85974,77,5,1,0,0,0,36,3,83,sp|P0C2Y1|NBPF7_HUMAN,38.71,31.0,17.0,1.0,1.0,29.0,343.0,373.0,5.9,22.7,,,,,"('SPAFLAV', 22, 28)",1,SPAFLAV,22,28,0,...[FWY]..[LVI]
86216,PLRGALLFTLSDGVLAWDTFAQPLPHARLVIMTTHYAAQ,0,-2.602694197,-1.683423431,,,,86278,78,7,7,0,0,0,36,3,92,sp|Q8N661|TM86B_HUMAN,94.444,36.0,2.0,0.0,1.0,36.0,175.0,210.0,1.98e-17,70.5,,,,,"('VLAWDTF', 13, 19)",1,VLAWDTF,13,19,0,...[FWY]..[WFY]
86708,PLRALLTCRAEAYPGNLTYTWYWQDENVYFQNDLKLRVR,0,-4.802718805,-5.205376134,,,,86771,256,5,2,0,0,0,36,3,263,sp|Q9UPX0|TUTLB_HUMAN,100.0,36.0,0.0,0.0,1.0,36.0,246.0,281.0,8.709999999999999e-23,87.4,,,,,"('NLTYTWY', 15, 21)",1,NLTYTWY,15,21,0,...[FWY]..[WFY]
86759,PLRTLLNVIIVFEGEKEFDQNVKLWGVIDVKRSYVTMTA,0,-2.834704621,-3.438995811,,,,86822,301,23,8,0,0,0,36,3,332,sp|Q9UHD1|CHRD1_HUMAN,97.222,36.0,1.0,0.0,1.0,36.0,262.0,297.0,1.09e-18,75.1,,,,,"('VKLWGVI', 21, 27)",1,VKLWGVI,21,27,0,...[FWY]..[LVI]
86825,PLRALLTLRPGVSLTGTKHYPFICTASFHTSAPLAKEDY,0,-6.031537496,-4.112266729,,,,86888,360,3,6,0,0,0,36,3,369,sp|Q96EY1|DNJA3_HUMAN,97.222,36.0,1.0,0.0,1.0,36.0,59.0,94.0,1.48e-18,75.5,,,,,"('TKHYPFI', 16, 22)",1,TKHYPFI,16,22,0,...[FWY]..[LVI]
87426,PLRSLLWRRRGEQSISWLRALIEYSCERQHQIIFEAIRG,0,-3.970136951,-4.050866185,,,,87490,115,4,2,0,0,0,36,3,121,sp|Q7Z304|MAMC2_HUMAN,100.0,36.0,0.0,0.0,1.0,36.0,610.0,645.0,6.1e-19,76.3,,,,,"('QIIFEAI', 30, 36)",1,QIIFEAI,30,36,0,...[FWY]..[LVI]
87505,PLRLMDVPVFKAIQPDELSSCGWDKKEKYSSAPNAVAFT,0,-0.489828193,-2.006656541,,,,87569,237,92,17,0,0,0,36,3,346,sp|Q86X27|RGPS2_HUMAN,97.222,36.0,1.0,0.0,1.0,36.0,59.0,94.0,1.64e-19,78.2,,,,,"('VPVFKAI', 6, 12)",1,VPVFKAI,6,12,0,...[FWY]..[LVI]
87588,PLRPLMKISHGGTLLLSLFLGFLQ,0,-0.223561926,-2.492952724,,,,87652,332,155,17,0,0,0,21,3,504,sp|Q6IWH7|ANO7_HUMAN,53.846,13.0,6.0,0.0,7.0,19.0,420.0,432.0,5.6,21.9,,,,,"('LSLFLGF', 15, 21)",1,LSLFLGF,15,21,0,...[FWY]..[WFY]
87756,PLRTLNADLMTLSHREPKELDPIVTRRYYYSIKDISVGG,0,-0.576521168,-5.100193897,,,,87820,238,87,2,0,0,0,36,3,327,sp|P25391|LAMA1_HUMAN,100.0,36.0,0.0,0.0,1.0,36.0,233.0,268.0,2.01e-20,80.5,,,,,"('RRYYYSI', 25, 31)",1,RRYYYSI,25,31,0,...[FWY]..[LVI]
88165,PLRTLNSFSKIRKEILKTPDSSKEKVTCNVSKKHLIQL,0,-1.794498298,-2.74969665,,,,88231,70,11,3,0,0,0,35,3,84,sp|Q8IYD8|FANCM_HUMAN,78.125,32.0,7.0,0.0,1.0,32.0,1346.0,1377.0,1.85e-08,46.6,,,,,"('LNSFSKI', 4, 10)",1,LNSFSKI,4,10,0,...[FWY]..[LVI]
88293,PLRNLNVMPVLDQSVLCHINADISGMKVPWLYVGMVFSE,0,-4.788967192,-3.21761973,,,,88359,355,7,11,0,0,0,36,3,373,sp|Q9BY66|KDM5D_HUMAN,100.0,35.0,0.0,0.0,1.0,35.0,465.0,499.0,1.83e-20,80.9,,,,,"('KVPWLYV', 26, 32)",1,KVPWLYV,26,32,0,...[FWY]..[LVI]
88466,PLRPNGDRGRRKSRFALFKRPKANGVKPSTVHIACTPQA,0,-4.389991467,-5.171160419,,,,88532,500,13,4,0,0,0,36,3,517,sp|Q96FA3|PELI1_HUMAN,100.0,36.0,0.0,0.0,1.0,36.0,30.0,65.0,2.55e-19,77.4,,,,,"('KSRFALF', 11, 17)",1,KSRFALF,11,17,0,...[FWY]..[WFY]
88474,PLRTLPDIISKKEEMYLNEAGFNFVRNCIQAVETSGITI,0,-3.173890419,-3.839582154,,,,88540,149,9,3,0,0,0,36,3,161,sp|A6NI28|RHG42_HUMAN,91.667,36.0,3.0,0.0,1.0,36.0,377.0,412.0,9.58e-17,70.1,,,,,"('EAGFNFV', 18, 24)",1,EAGFNFV,18,24,0,...[FWY]..[LVI]
88681,PLRSLPGQLLRSHHKLKSRPPVWSVLSSPPSPPQSSSW,0,-3.212109741,-4.61476707,,,,88747,85,5,1,0,0,0,35,3,91,sp|Q15036|SNX17_HUMAN,45.455,33.0,18.0,0.0,2.0,34.0,303.0,335.0,1.1,24.6,,,,,"('PPVWSVL', 19, 25)",1,PPVWSVL,19,25,0,...[FWY]..[LVI]
89050,PLRTLPPPDPNPPRAEFNYSVGFKDLNESLNALEDQDLD,0,-3.031537496,-5.282191731,,,,89116,135,9,1,0,0,0,36,3,145,sp|Q7Z5R6|AB1IP_HUMAN,100.0,36.0,0.0,0.0,1.0,36.0,30.0,65.0,1.85e-18,75.1,,,,,"('SVGFKDL', 19, 25)",1,SVGFKDL,19,25,0,...[FWY]..[LVI]
89103,PLRTLPPTSSFPPHVGIIGTIIQYKIWGGDTAKPYQRMS,0,-0.052296056,-1.486662244,,,,89169,350,184,36,0,0,0,36,3,570,sp|P53673|CRBA4_HUMAN,38.095,21.0,13.0,0.0,16.0,36.0,72.0,92.0,4.5,23.1,,,,,"('IIQYKIW', 20, 26)",1,IIQYKIW,20,26,0,...[FWY]..[WFY]
89424,PLRAPLPVPSLGMSASFLGVECTSFPNRPSVWNAPLLTP,0,-1.961148168,-3.849232324,,,,89491,50,7,1,0,0,0,36,3,58,sp|P17927|CR1_HUMAN,37.5,32.0,17.0,1.0,4.0,32.0,1352.0,1383.0,0.65,25.4,,,,,"('SASFLGV', 13, 19)",1,SASFLGV,13,19,0,...[FWY]..[LVI]
89685,PLRPLQFTNSKLFLFSNGTLYIRNLASSDRGTYECIAT,0,-5.476322338,-6.142014073,,,,89752,245,3,1,0,0,0,35,3,249,sp|Q6WRI0|IGS10_HUMAN,100.0,35.0,0.0,0.0,1.0,35.0,1886.0,1920.0,1.17e-18,75.5,,,,,"('RGTYECI', 29, 35)",1,RGTYECI,29,35,0,...[FWY]..[LVI]
89689,PLRTLQFVETLVNLVKKKGSKQQCLMALDTFKELLITDL,0,-2.642495205,-3.597693557,,,,89756,126,11,3,0,0,0,36,3,140,sp|Q03701|CEBPZ_HUMAN,100.0,36.0,0.0,0.0,1.0,36.0,262.0,297.0,1.13e-17,72.8,,,,,"('LDTFKEL', 27, 33)",1,LDTFKEL,27,33,0,...[FWY]..[LVI]
89704,PLRELQGFWDKEVLRAENDAQKPSLTRAIIKCYWKSYLV,0,-0.141720413,-6.199729571,,,,89771,255,126,1,0,0,0,36,3,382,sp|O15439|MRP4_HUMAN,100.0,36.0,0.0,0.0,1.0,36.0,59.0,94.0,1e-20,81.6,,,,,"('KCYWKSY', 30, 36)",1,KCYWKSY,30,36,0,...[FWY]..[WFY]
90218,PLRMQEDNSTEGYWKYGYDGQVLQDTIYSSEVSSLGIKF,0,-0.394345036,-4.966927366,,,,90286,217,90,2,0,0,0,36,3,309,sp|Q30201|HFE_HUMAN,100.0,18.0,0.0,0.0,1.0,18.0,126.0,143.0,4.43e-08,45.8,,,,,"('TEGYWKY', 9, 15)",1,TEGYWKY,9,15,0,...[FWY]..[WFY]
90305,PLRALRAVRQRSEFTLMAKRIGKDLSNTFAKLEKLTILA,0,-2.475144147,-2.292838975,,,,90373,51,5,3,0,0,0,36,3,59,sp|Q13190|STX5_HUMAN,100.0,36.0,0.0,0.0,1.0,36.0,84.0,119.0,7.72e-18,73.2,,,,,"('SNTFAKL', 25, 31)",1,SNTFAKL,25,31,0,...[FWY]..[LVI]
90352,PLRHCEALRGSPPILYQFYHEDVTLGNSSASSGGGASFN,0,-4.154394244,-3.820085978,,,,90420,98,3,2,0,0,0,36,3,103,sp|Q96LA5|FCRL2_HUMAN,97.222,36.0,1.0,0.0,1.0,36.0,320.0,355.0,2.95e-19,77.4,,,,,"('PILYQFY', 12, 18)",1,PILYQFY,12,18,0,...[FWY]..[WFY]
90411,PLRELRDKGKFGFLLPESRIKPTCRETMLAVKFIAKYIL,0,-5.090431185,-3.171160419,,,,90479,125,2,4,0,0,0,36,3,131,sp|P15088|CBPA3_HUMAN,100.0,36.0,0.0,0.0,1.0,36.0,378.0,413.0,5.85e-20,79.3,,,,,"('KGKFGFL', 7, 13)",1,KGKFGFL,7,13,0,...[FWY]..[LVI]
90786,PLRLSALRRMLWAADDFLEDLPFEQIGNLREEIINCAQG,0,-0.344476807,-5.756122919,,,,90855,375,161,2,0,0,0,36,3,538,sp|Q8TCB0|IFI44_HUMAN,100.0,36.0,0.0,0.0,1.0,36.0,407.0,442.0,1.16e-20,81.3,,,,,"('DLPFEQI', 19, 25)",1,DLPFEQI,19,25,0,...[FWY]..[LVI]
90802,PLRDLRLRVELQRMKISRPLPEVGKYTMVFHTRDKGNEV,0,-2.600380331,-2.944143971,,,,90871,267,24,10,0,0,0,36,3,301,sp|O60513|B4GT4_HUMAN,100.0,36.0,0.0,0.0,1.0,36.0,262.0,297.0,2.63e-19,77.0,,,,,"('VGKYTMV', 22, 28)",1,VGKYTMV,22,28,0,...[FWY]..[LVI]
90934,PLRLRPRSFSWALAFCKACWKLQQGSRYQTVRSIAAWFT,0,-4.932001822,-4.012731056,,,,91003,56,1,1,0,0,0,36,3,58,sp|Q11128|FUT5_HUMAN,97.222,36.0,1.0,0.0,1.0,36.0,339.0,374.0,2.34e-18,74.7,,,,,"('GSRYQTV', 24, 30)",1,GSRYQTV,24,30,0,...[FWY]..[LVI]
91124,PLRALSTATATVSVGKFRGRPVSLWELLFSEAISSEQRA,0,-2.522239265,-5.303408217,,,,91193,137,13,1,0,0,0,36,3,151,sp|P58107|EPIPL_HUMAN,100.0,36.0,0.0,0.0,1.0,36.0,490.0,525.0,1.26e-17,72.8,,,,,"('VSLWELL', 21, 27)",1,VSLWELL,21,27,0,...[FWY]..[LVI]
91478,PLRPLSEKDLRESSAKLYRDSSVQSILSFKPVSGSSCVD,0,-3.895882396,-4.092088848,,,,91548,355,13,6,0,0,0,36,3,374,sp|Q96N23|CFA54_HUMAN,100.0,36.0,0.0,0.0,1.0,36.0,2881.0,2916.0,1.18e-17,72.8,,,,,"('ILSFKPV', 25, 31)",1,ILSFKPV,25,31,0,...[FWY]..[LVI]
91496,PLREDWSKLHAELSEQIKSFEQSQKDLEVALTHKDDNIN,0,-5.906006614,-3.401773347,,,,91566,110,1,3,0,0,0,36,3,114,sp|Q5JRA6|TGO1_HUMAN,97.222,36.0,1.0,0.0,1.0,36.0,1368.0,1403.0,3.1e-18,74.3,,,,,"('REDWSKL', 2, 8)",1,REDWSKL,2,8,0,...[FWY]..[LVI]
92005,PLRVSLPLNTLGPVMKMEPLNNLQVAVKNNIDVFYFSCL,0,-2.521537053,-4.509156882,,,,92076,158,15,2,0,0,0,36,3,175,sp|P63010|AP2B1_HUMAN,100.0,36.0,0.0,0.0,1.0,36.0,784.0,819.0,8.21e-19,76.3,,,,,"('VFYFSCL', 32, 38)",1,VFYFSCL,32,38,0,...[FWY]..[LVI]
92630,PLRTLTFEDIPGIPKQGNASSSTLLQGTGNGVPATHPHL,0,-2.446574995,-4.227743947,,,,92702,130,13,2,0,0,0,36,3,145,sp|O95935|TBX18_HUMAN,100.0,36.0,0.0,0.0,1.0,36.0,354.0,389.0,8.51e-19,75.9,,,,,"('TLTFEDI', 3, 9)",1,TLTFEDI,3,9,0,...[FWY]..[LVI]
93122,PLRSLTTKYGGFYINTGTLQFRQASDTEEDDITDNQKHK,0,-4.726682914,-5.61476707,,,,93194,340,7,2,0,0,0,36,3,349,sp|Q6ZU65|UBN2_HUMAN,100.0,36.0,0.0,0.0,1.0,36.0,229.0,264.0,7.44e-20,79.0,,,,,"('TTKYGGF', 5, 11)",1,TTKYGGF,5,11,0,...[FWY]..[WFY]
93673,PLRSLVLQWEPPLYMGAGPVTGYHVSFQEEGSKQWKPVT,0,-0.597716521,-8.551889867,,,,93746,1302,469,1,0,0,0,36,3,1772,sp|Q5VTT5|MYOM3_HUMAN,97.222,36.0,1.0,0.0,1.0,36.0,817.0,852.0,1.4e-19,78.2,,,,,"('SKQWKPV', 31, 37)",1,SKQWKPV,31,37,0,...[FWY]..[LVI]
93807,PLRALVQMEYLDMVVNETLRLFPVVSRVTRVCKKDIEIN,0,-3.75400352,-4.834732754,,,,93880,99,4,1,0,0,0,36,3,104,sp|Q9HB55|CP343_HUMAN,100.0,36.0,0.0,0.0,1.0,36.0,349.0,384.0,3.29e-18,74.3,,,,,"('LRLFPVV', 18, 24)",1,LRLFPVV,18,24,0,...[FWY]..[LVI]
94028,PLRTLWAEPDSVITQGSPVTLSCQGSLEAQEYRLYREKK,0,-1.292177386,-4.85403331,,,,94102,301,67,3,0,0,0,36,3,371,sp|Q8N423|LIRB2_HUMAN,100.0,36.0,0.0,0.0,1.0,36.0,30.0,65.0,5.03e-19,76.6,,,,,"('AQEYRLY', 28, 34)",1,AQEYRLY,28,34,0,...[FWY]..[WFY]
94533,PLRAMEAGLRIAPDQWSSLLYGDQSHKSHMQSIIDKLQT,0,-0.084754173,-1.724450699,,,,94607,321,165,28,0,0,0,36,3,514,sp|Q5TC82|RC3H1_HUMAN,100.0,36.0,0.0,0.0,1.0,36.0,291.0,326.0,1.08e-19,78.6,,,,,"('PDQWSSL', 12, 18)",1,PDQWSSL,12,18,0,...[FWY]..[LVI]
94935,PLRSMCTRKRLRRCEYSHFMHHHRDLSGLLVSAFKNQVS,0,-3.192692288,-5.147890639,,,,95009,369,22,3,0,0,0,36,3,394,sp|Q99698|LYST_HUMAN,97.222,36.0,1.0,0.0,1.0,36.0,494.0,529.0,7.52e-19,76.3,,,,,"('RCEYSHF', 12, 18)",1,RCEYSHF,12,18,0,...[FWY]..[WFY]
95042,PLRTMDMPITRLLSIRIPAPYRQRPQSWMFLTMSKWLQ,0,-0.655161617,-2.320853351,,,,95116,52,18,3,0,0,0,35,3,73,sp|Q9H1A4|APC1_HUMAN,87.5,16.0,2.0,0.0,1.0,16.0,1219.0,1234.0,0.008,30.8,,,,,"('PQSWMFL', 24, 30)",1,PQSWMFL,24,30,0,...[FWY]..[LVI]
95097,PLRMGAPSMMKGMNEYLLWHGGRWRWREHLKVEEIGTCL,0,-3.446574995,-3.112266729,,,,95171,60,3,2,0,0,0,36,3,65,sp|Q02817|MUC2_HUMAN,46.667,15.0,8.0,0.0,21.0,35.0,647.0,661.0,0.3,26.6,,,,,"('MNEYLLW', 12, 18)",1,MNEYLLW,12,18,0,...[FWY]..[WFY]
95354,PLRLYARTTGKLKTDNVFWGEHFEFHNLPPLRTVTVHLY,0,-5.419267649,-3.178068788,,,,95429,157,2,5,0,0,0,36,3,164,sp|Q5VWQ8|DAB2P_HUMAN,100.0,36.0,0.0,0.0,1.0,36.0,241.0,276.0,2.2e-22,86.3,,,,,"('HFEFHNL', 21, 27)",1,HFEFHNL,21,27,0,...[FWY]..[LVI]
95358,PLRPSQCQATKAMLSHLFTSIITVSSCLELWQMMNNLQK,0,-3.821117716,-5.124239371,,,,95433,363,14,3,0,0,0,36,3,380,sp|O75170|PP6R2_HUMAN,28.571,35.0,25.0,0.0,1.0,35.0,433.0,467.0,3.2,23.5,,,,,"('SHLFTSI', 14, 20)",1,SHLFTSI,14,20,0,...[FWY]..[LVI]
95513,PLRTMGNATAICSDKTGTLTMNRMTVVQAYINEKHYKKV,0,-0.094731322,-3.383568751,,,,95588,1050,536,29,0,0,0,36,3,1615,sp|P20020|AT2B1_HUMAN,100.0,36.0,0.0,0.0,1.0,36.0,465.0,500.0,4.62e-20,79.7,,,,,"('EKHYKKV', 32, 38)",1,EKHYKKV,32,38,0,...[FWY]..[LVI]
95582,PLRPMGWQSLLAQNVANRNSEARAFKPETISAFTSDPAL,0,-0.701504351,-2.507126347,,,,95657,355,119,18,0,0,0,36,3,492,sp|Q9H1A4|APC1_HUMAN,97.222,36.0,1.0,0.0,1.0,36.0,1712.0,1747.0,1.76e-18,75.1,,,,,"('PMGWQSL', 3, 9)",1,PMGWQSL,3,9,0,...[FWY]..[LVI]
95663,PLRLSMYSYGRTSGLVVEVGHGVSYVVPIYEGYPLPSIT,0,-0.932001822,-2.302237673,,,,95738,154,44,9,0,0,0,36,3,207,sp|Q9Y615|ACL7A_HUMAN,100.0,36.0,0.0,0.0,1.0,36.0,204.0,239.0,3.62e-18,74.3,,,,,"('VPIYEGY', 26, 32)",1,VPIYEGY,26,32,0,...[FWY]..[WFY]
95794,PLRAMNSSLKCKTLSDIFLLFKSSDFITRDFTQPFIHCT,0,-3.412891869,-6.194060821,,,,95870,254,13,1,0,0,0,36,3,268,sp|O75794|CD123_HUMAN,100.0,36.0,0.0,0.0,1.0,36.0,117.0,152.0,5.69e-19,75.9,,,,,"('SDIFLLF', 14, 20)",1,SDIFLLF,14,20,0,...[FWY]..[WFY]
96209,PLRTMMRKAIRGHLENNPALEKLLPHIWGNVGFVFTKED,0,-1.003792505,-4.891876661,,,,96285,206,56,2,0,0,0,36,3,264,sp|Q8NHW5|RLA0L_HUMAN,100.0,36.0,0.0,0.0,1.0,36.0,59.0,94.0,5.05e-22,84.0,,,,,"('PHIWGNV', 24, 30)",1,PHIWGNV,24,30,0,...[FWY]..[LVI]
96264,PLRDMNLYMRIAPELYHKMLVVGGIDRVYEIGRQFRNEG,0,-4.594966835,-2.675696069,,,,96340,133,3,6,0,0,0,36,3,142,sp|Q15046|SYK_HUMAN,100.0,36.0,0.0,0.0,1.0,36.0,291.0,326.0,1.76e-20,80.9,,,,,"('MNLYMRI', 4, 10)",1,MNLYMRI,4,10,0,...[FWY]..[LVI]
96912,PLRSMTKAADPRFRPRWKVILTFFVGAAILWLLCSHRPA,0,-3.424770625,-3.827427953,,,,96988,197,10,4,0,0,0,36,3,211,sp|Q8WVQ1|CANT1_HUMAN,100.0,36.0,0.0,0.0,1.0,36.0,30.0,65.0,1.47e-20,80.9,,,,,"('RPRWKVI', 13, 19)",1,RPRWKVI,13,19,0,...[FWY]..[LVI]
97122,PLRLKTFRISSDTFITYMMTLEDHYHSDVAYHNSLHAA,0,-3.440002341,-4.980163193,,,,97198,219,11,2,0,0,0,35,3,232,sp|Q07343|PDE4B_HUMAN,100.0,35.0,0.0,0.0,1.0,35.0,378.0,412.0,8.18e-19,75.9,,,,,"('SDTFITY', 10, 16)",1,SDTFITY,10,16,0,...[FWY]..[WFY]
97140,PLRKSMVVSHPHLVAEAYRSLASAQCPFLGPPRKRLKQS,0,-0.445415738,-4.026715285,,,,97216,622,249,11,0,0,0,36,3,882,sp|O43791|SPOP_HUMAN,100.0,36.0,0.0,0.0,1.0,36.0,339.0,374.0,1.97e-19,77.4,,,,,"('AEAYRSL', 14, 20)",1,AEAYRSL,14,20,0,...[FWY]..[LVI]
97166,PLRSMWIMMRREKRDRRHFKRMRFPPFDDEEPPLDYADN,0,-2.776723597,-3.664807752,,,,97242,88,7,2,0,0,0,36,3,97,sp|Q6P2Q9|PRP8_HUMAN,100.0,36.0,0.0,0.0,1.0,36.0,146.0,181.0,5.32e-20,79.3,,,,,"('RMRFPPF', 20, 26)",1,RMRFPPF,20,26,0,...[FWY]..[WFY]
97684,PLRTNCRTYCRANKTKSSQGASNFDKLMDGTSQALAKAN,0,-3.91720482,-5.805288976,,,,97760,194,7,1,0,0,0,36,3,202,sp|Q7Z5K2|WAPL_HUMAN,100.0,36.0,0.0,0.0,1.0,36.0,291.0,326.0,3.08e-17,71.6,,,,,"('ASNFDKL', 20, 26)",1,ASNFDKL,20,26,0,...[FWY]..[LVI]
97974,PLRANEDLRRSFNALQEEKQDLSKEIESLKVSISQLTRQ,0,-0.698113762,-1.849232324,,,,98050,250,84,20,0,0,0,36,3,354,sp|Q14789|GOGB1_HUMAN,100.0,36.0,0.0,0.0,1.0,36.0,2582.0,2617.0,4.75e-17,70.9,,,,,"('RRSFNAL', 8, 14)",1,RRSFNAL,8,14,0,...[FWY]..[LVI]
98419,PLRVNGEIEGLNDTFKELEFLSMANVELSSLARLPSLNK,0,-0.027524433,-6.693216168,,,,98495,359,192,1,0,0,0,36,3,552,sp|Q9BTT0|AN32E_HUMAN,100.0,36.0,0.0,0.0,1.0,36.0,30.0,65.0,3.42e-18,73.2,,,,,"('NDTFKEL', 11, 17)",1,NDTFKEL,11,17,0,...[FWY]..[LVI]
98730,PLRANHWRIHNEDRSYKCNKCGKIFRHRSYLAVYQRTHT,0,-0.66346094,-6.23604327,,,,98806,523,180,2,0,0,0,36,3,705,sp|P52743|ZN137_HUMAN,100.0,36.0,0.0,0.0,1.0,36.0,88.0,123.0,6.6e-21,79.3,,,,,"('HRSYLAV', 26, 32)",1,HRSYLAV,26,32,0,...[FWY]..[LVI]
98873,PLRTNILEIKTMAGFINYKICRLCFQHNTPLDAIAQFRN,0,-4.557606307,-4.960263636,,,,98949,216,5,2,0,0,0,36,3,223,sp|Q7Z392|TPC11_HUMAN,100.0,35.0,0.0,0.0,1.0,35.0,262.0,296.0,2.27e-20,80.5,,,,,"('MAGFINY', 11, 17)",1,MAGFINY,11,17,0,...[FWY]..[WFY]
98995,PLRTNISCFLLLTWLKSSYQSKP,0,-2.212109741,-4.292838975,,,,99072,68,8,1,0,0,0,20,3,77,sp|Q9NS82|AAA1_HUMAN,50.0,14.0,7.0,0.0,2.0,15.0,165.0,178.0,5.8,21.6,,,,,"('ISCFLLL', 5, 11)",1,ISCFLLL,5,11,0,...[FWY]..[LVI]
99201,PLRANKKKHLKKKSTNNFMIVSATGQTWHFEATTYEERE,0,-2.031537496,-2.849232324,,,,99278,75,10,3,0,0,0,36,3,88,sp|Q5VTM2|AGAP9_HUMAN,97.222,36.0,1.0,0.0,1.0,36.0,442.0,477.0,4.42e-19,77.0,,,,,"('TNNFMIV', 14, 20)",1,TNNFMIV,14,20,0,...[FWY]..[LVI]
99216,PLRSNKKNMNQLYHSDEFRAYNWGNDLII,0,-1.682642353,-1.933296588,,,,99293,53,9,4,0,0,0,26,3,66,sp|Q5VXI9|LIPN_HUMAN,72.727,22.0,6.0,0.0,2.0,23.0,291.0,312.0,3.82e-06,39.7,,,,,"('SDEFRAY', 14, 20)",1,SDEFRAY,14,20,0,...[FWY]..[WFY]
99451,PLRAYLDVNELKNILKLDGSTHLIFSLQNPQRRSWQV,0,-4.982627895,-1.741429034,,,,99529,58,1,5,0,0,0,34,3,64,sp|Q13219|PAPP1_HUMAN,100.0,20.0,0.0,0.0,1.0,20.0,494.0,513.0,7.51e-08,44.7,,,,,"('LRAYLDV', 1, 7)",1,LRAYLDV,1,7,0,...[FWY]..[LVI]
99483,PLRTNLFTYEIAPVFTVMETILLKKMYEIIGWEETSGSI,0,-0.586752653,-5.867154232,,,,99561,405,147,2,0,0,0,36,3,554,sp|Q99259|DCE1_HUMAN,67.647,34.0,11.0,0.0,1.0,34.0,211.0,244.0,2.21e-11,55.1,,,,,"('KKMYEII', 23, 29)",1,KKMYEII,23,29,0,...[FWY]..[LVI]
99719,PLRSNLQRTIWVVLRLLPLKVHLKFTSNSNNIYVRHTA,0,-3.069505346,-3.472162675,,,,99797,77,5,2,0,0,0,35,3,84,sp|Q9UFD9|RIM3A_HUMAN,47.619,21.0,10.0,1.0,10.0,29.0,991.0,1011.0,5.4,22.7,,,,,"('RTIWVVL', 7, 13)",1,RTIWVVL,7,13,0,...[FWY]..[LVI]
99825,PLRTNMASFHSLPSWIEECKQHLLANDIPRILVGNKCDL,0,-2.972643807,-2.790338635,,,,99903,72,5,3,0,0,0,36,3,80,sp|Q9H082|RB33B_HUMAN,100.0,36.0,0.0,0.0,1.0,36.0,117.0,152.0,3.3700000000000004e-21,80.5,,,,,"('MASFHSL', 5, 11)",1,MASFHSL,5,11,0,...[FWY]..[LVI]
99895,PLRTNMTQLVSNLSATVAELKREVSDRQSYLVISLVLCV,0,-5.652905643,-8.055562971,,,,99973,923,10,1,0,0,0,36,3,934,sp|Q9UBS9|SUCO_HUMAN,100.0,36.0,0.0,0.0,1.0,36.0,987.0,1022.0,1.22e-17,72.8,,,,,"('RQSYLVI', 26, 32)",1,RQSYLVI,26,32,0,...[FWY]..[LVI]
100003,PLRPNNKLDKFMGILSWKDSKHSLNNEKIILRGCILRNT,0,-5.428427648,-4.924194381,,,,100081,316,4,3,0,0,0,36,3,323,sp|Q8TF62|AT8B4_HUMAN,100.0,36.0,0.0,0.0,1.0,36.0,204.0,239.0,1.08e-20,81.3,,,,,"('LDKFMGI', 7, 13)",1,LDKFMGI,7,13,0,...[FWY]..[LVI]
100061,PLRTNNSEALQILLNKGAKPCKSNKWGCFPIHQAAFSGS,0,-0.703183132,-1.655179051,,,,100139,448,150,41,0,0,0,36,3,639,sp|O75762|TRPA1_HUMAN,97.222,36.0,1.0,0.0,1.0,36.0,175.0,210.0,1e-20,81.6,,,,,"('SNKWGCF', 22, 28)",1,SNKWGCF,22,28,0,...[FWY]..[WFY]
100119,PLRASPDVSEPIDGLNPNEEEHRTYLDIEPITGFTLQFA,0,-0.915051753,-3.308663942,,,,100197,550,159,16,0,0,0,36,3,725,sp|P16671|CD36_HUMAN,100.0,36.0,0.0,0.0,1.0,36.0,349.0,384.0,1.02e-20,81.3,,,,,"('HRTYLDI', 21, 27)",1,HRTYLDI,21,27,0,...[FWY]..[LVI]
100274,PLRSNPRDWIATSGISTTFPKLRMRVRNILIHNNYKSAT,0,-1.850269808,-8.306038473,,,,100352,1098,166,1,0,0,0,36,3,1265,sp|O60235|TM11D_HUMAN,100.0,36.0,0.0,0.0,1.0,36.0,233.0,268.0,2.4e-19,77.4,,,,,"('STTFPKL', 15, 21)",1,STTFPKL,15,21,0,...[FWY]..[LVI]
100303,PLRVNPTVKFFVVNTDSLSSVTNATSIQITAPASMLIGD,0,-3.852567355,-5.518259089,,,,100381,159,6,1,0,0,0,36,3,166,sp|P27487|DPP4_HUMAN,100.0,36.0,0.0,0.0,1.0,36.0,262.0,297.0,2.76e-18,74.7,,,,,"('TVKFFVV', 6, 12)",1,TVKFFVV,6,12,0,...[FWY]..[LVI]
100459,PLRANRAMAYLKIQKYEEAEKDCTQAILLDGSYSKAFA,0,-0.068063372,-0.901699744,,,,100537,350,182,54,0,0,0,35,3,586,sp|Q9H6T3|RPAP3_HUMAN,100.0,35.0,0.0,0.0,1.0,35.0,320.0,354.0,3.37e-18,74.3,,,,,"('AMAYLKI', 6, 12)",1,AMAYLKI,6,12,0,...[FWY]..[LVI]
100805,PLREPAAAGAGCSPRPKYQAVLPIQTGSLVAAAKEPTPW,0,-3.347039321,-4.012731056,,,,100883,56,3,1,0,0,0,36,3,60,sp|Q68DK7|MSL1_HUMAN,100.0,36.0,0.0,0.0,1.0,36.0,117.0,152.0,4.51e-18,73.9,,,,,"('RPKYQAV', 14, 20)",1,RPKYQAV,14,20,0,...[FWY]..[LVI]
101041,PLRDPAFIHWLLRRWQLNGSDIDMSMEHRYKLNGGNLVG,0,-6.731977214,-3.812706448,,,,101119,195,1,4,0,0,0,36,3,200,sp|Q9P232|CNTN3_HUMAN,100.0,25.0,0.0,0.0,11.0,35.0,61.0,85.0,2.24e-13,60.5,,,,,"('DPAFIHW', 3, 9)",1,DPAFIHW,3,9,0,...[FWY]..[WFY]
101158,PLRAPEHPHQLEHLHQIFVTKNHVLCQEVQRNFIELSKS,0,-3.961148168,-2.679307322,,,,101236,200,7,9,0,0,0,36,3,216,sp|O15050|TRNK1_HUMAN,100.0,36.0,0.0,0.0,1.0,36.0,1136.0,1171.0,1.65e-19,78.2,,,,,"('QRNFIEL', 29, 35)",1,QRNFIEL,29,35,0,...[FWY]..[LVI]
102094,PLRTNTMYVQFSLRFIAKSTPERSHSILLQFSISGGITW,0,-3.921659878,-4.101924785,,,,102172,417,15,7,0,0,0,36,3,439,sp|P78509|RELN_HUMAN,100.0,36.0,0.0,0.0,1.0,36.0,1857.0,1892.0,9.98e-19,75.9,,,,,"('NTMYVQF', 4, 10)",1,NTMYVQF,4,10,0,...[FWY]..[WFY]
102170,PLRNTTHCPEEASVGNPEGAFMKVLQARKNYTSTELIIE,0,-1.397665395,-6.385285224,,,,102248,290,60,1,0,0,0,36,3,351,sp|O60309|L37A3_HUMAN,100.0,36.0,0.0,0.0,1.0,36.0,1053.0,1088.0,8.11e-20,79.0,,,,,"('EGAFMKV', 17, 23)",1,EGAFMKV,17,23,0,...[FWY]..[LVI]
102256,PLRVNVERYKQIVLTGILEQVVNCRDALAQEYLMECIIQ,0,-2.491140547,-3.507329529,,,,102334,1578,153,40,0,0,0,36,3,1771,sp|Q96QK1|VPS35_HUMAN,100.0,36.0,0.0,0.0,1.0,36.0,233.0,268.0,1.55e-18,75.1,,,,,"('VERYKQI', 5, 11)",1,VERYKQI,5,11,0,...[FWY]..[LVI]
102264,PLRANVFLLIPPVLNPIIYSVKIKQIQKAIIKVLIQKHS,0,-4.906006614,-1.664807752,,,,102342,55,1,5,0,0,0,36,3,61,sp|Q8NH61|O51F2_HUMAN,100.0,36.0,0.0,0.0,1.0,36.0,291.0,326.0,3.78e-17,70.9,,,,,"('ANVFLLI', 3, 9)",1,ANVFLLI,3,9,0,...[FWY]..[LVI]
102695,PLRTPDSISKAEAFCRQYGLAGISGGVFQRLEDTILSPT,0,-4.432075425,-4.249770253,,,,102773,198,5,3,0,0,0,36,3,206,sp|H7BZ55|CRCC2_HUMAN,92.308,13.0,1.0,0.0,24.0,36.0,24.0,36.0,0.17,26.9,,,,,"('GGVFQRL', 24, 30)",1,GGVFQRL,24,30,0,...[FWY]..[LVI]
102706,PLRTPASLGAAVYEEILQTSQSIVRMRQASSRDLAFAED,0,-0.334100266,-1.929402672,,,,102784,185,80,14,0,0,0,36,3,279,sp|Q9UPA5|BSN_HUMAN,100.0,36.0,0.0,0.0,1.0,36.0,1248.0,1283.0,2.75e-18,74.7,,,,,"('AAVYEEI', 9, 15)",1,AAVYEEI,9,15,0,...[FWY]..[LVI]
102849,PLRAPDVCETTTHVLSGKPLRTLNVLLGIARGCWVLL,0,-2.078843211,-3.159572444,,,,102927,62,8,2,0,0,0,34,3,72,sp|Q8NEM0|MCPH1_HUMAN,100.0,33.0,0.0,0.0,1.0,33.0,676.0,708.0,6.42e-19,76.3,,,,,"('RGCWVLL', 30, 36)",1,RGCWVLL,30,36,0,...[FWY]..[LVI]
102970,PLRAPDFQHVGRLVSIETLAKNISVLLMLTTRSCSLMG,0,-3.952465925,-3.770160753,,,,103048,142,5,3,0,0,0,35,3,150,sp|Q6W3E5|GDPD4_HUMAN,83.333,24.0,3.0,1.0,1.0,23.0,378.0,401.0,1.35e-06,41.2,,,,,"('APDFQHV', 3, 9)",1,APDFQHV,3,9,0,...[FWY]..[LVI]
103352,PLRSPDITRQRILSIDRNLRNQLFNRARDFKAYSLALDD,0,-3.031537496,-1.69722923,,,,103431,135,9,12,0,0,0,36,3,156,sp|Q7L775|EPMIP_HUMAN,100.0,36.0,0.0,0.0,1.0,36.0,146.0,181.0,2.56e-18,74.7,,,,,"('ARDFKAY', 26, 32)",1,ARDFKAY,26,32,0,...[FWY]..[WFY]
103568,PLRKMDKNKDGIVTLDEFLESCQEDDNIMRSLQLFQNVM,0,-6.212109741,-4.707876474,,,,103647,272,2,3,0,0,0,36,3,277,sp|Q9NZI2|KCIP1_HUMAN,100.0,36.0,0.0,0.0,1.0,36.0,192.0,227.0,1.66e-19,75.9,,,,,"('LQLFQNV', 31, 37)",1,LQLFQNV,31,37,0,...[FWY]..[LVI]
103585,PLRTPFPPDLWGPGRSYRLLHGAGGHLESPARSLPQRPA,0,-4.739356744,-4.820085978,,,,103664,98,2,1,0,0,0,36,3,101,sp|Q6NZ36|FAP20_HUMAN,100.0,36.0,0.0,0.0,1.0,36.0,88.0,123.0,2.25e-19,74.7,,,,,"('GRSYRLL', 13, 19)",1,GRSYRLL,13,19,0,...[FWY]..[LVI]
103608,PLRAPFQSFHSHSHITISPSLRPLLQHSLLLSIAREPPI,0,-1.065753211,-1.330907016,,,,103687,192,50,22,0,0,0,36,3,264,sp|P29374|ARI4A_HUMAN,39.13,23.0,14.0,0.0,4.0,26.0,981.0,1003.0,1.1,25.0,,,,,"('RAPFQSF', 2, 8)",1,RAPFQSF,2,8,0,...[FWY]..[WFY]
103711,PLRSPFWQPLYSHPPSMHTYSHRIQHALASLPLKLTFQ,0,-4.782858383,-2.863587617,,,,103790,101,2,4,0,0,0,35,3,107,sp|P56749|CLD12_HUMAN,94.737,19.0,1.0,0.0,1.0,19.0,204.0,222.0,1.65e-07,43.9,,,,,"('SPFWQPL', 3, 9)",1,SPFWQPL,3,9,0,...[FWY]..[LVI]
103934,PLRTPGFSVQSISDFEKFTKGMDDLGSSEEEEDEESGME,0,-1.231562104,-1.012731056,,,,104013,56,13,8,0,0,0,36,3,77,sp|Q9NY61|AATF_HUMAN,100.0,36.0,0.0,0.0,1.0,36.0,146.0,181.0,1.75e-17,72.4,,,,,"('ISDFEKF', 11, 17)",1,ISDFEKF,11,17,0,...[FWY]..[WFY]
104016,PLRAPGHDCCETVKVQLCASKEGLPVFVVAEEDFHFVQD,0,-2.890181646,-4.292838975,,,,104095,68,5,1,0,0,0,36,3,74,sp|Q12802|AKP13_HUMAN,100.0,36.0,0.0,0.0,1.0,36.0,59.0,94.0,1.01e-20,81.6,,,,,"('EEDFHFV', 30, 36)",1,EEDFHFV,30,36,0,...[FWY]..[LVI]
104091,PLRTPGIVMSMYTLLRNQPEPTMEEIENAFQGNLCRCP,0,-2.526745344,-1.829866999,,,,104170,74,7,6,0,0,0,35,3,87,sp|P47989|XDH_HUMAN,100.0,34.0,0.0,0.0,1.0,34.0,117.0,150.0,1.04e-18,75.9,,,,,"('MSMYTLL', 8, 14)",1,MSMYTLL,8,14,0,...[FWY]..[LVI]
104102,PLRTPGIWVACIKAEGVLLDYLVLLPRDYYEASVLQLPV,0,-4.842323323,-6.923052557,,,,104181,421,8,1,0,0,0,36,3,430,sp|Q16787|LAMA3_HUMAN,100.0,36.0,0.0,0.0,1.0,36.0,842.0,877.0,1.09e-20,81.3,,,,,"('LLDYLVL', 17, 23)",1,LLDYLVL,17,23,0,...[FWY]..[LVI]
104171,PLRASGLFRIDLKSTVISRCIILQLYPWKYISRENIIEE,0,-8.017948431,-8.098677665,,,,104250,951,2,1,0,0,0,36,3,954,sp|Q9NWL6|ASND1_HUMAN,97.222,36.0,1.0,0.0,1.0,36.0,175.0,210.0,6.72e-18,73.6,,,,,"('LYPWKYI', 24, 30)",1,LYPWKYI,24,30,0,...[FWY]..[LVI]
104871,PLRDPEIILNTTTYYYSVRVFAGQEPSSCGRAGSPLTT,0,-1.231562104,-2.012731056,,,,104951,56,13,4,0,0,0,35,3,73,sp|P21817|RYR1_HUMAN,90.0,30.0,2.0,1.0,1.0,30.0,1422.0,1450.0,9.51e-12,55.8,,,,,"('TTYYYSV', 11, 17)",1,TTYYYSV,11,17,0,...[FWY]..[LVI]
104905,PLRRNRPSFDAILYYYQSGGRLRRPVNVPLDIFLEEIRF,0,-5.400771305,-2.481500539,,,,104985,155,2,8,0,0,0,36,3,165,sp|P17658|KCNA6_HUMAN,100.0,36.0,0.0,0.0,1.0,36.0,88.0,123.0,6.47e-19,76.3,,,,,"('RPSFDAI', 5, 11)",1,RPSFDAI,5,11,0,...[FWY]..[LVI]
105043,PLREYYPNGGLTRNYCRNPDAEISPWCYTMDPNVRWEYY,0,-4.372574414,-4.453303647,,,,105123,76,2,1,0,0,0,36,3,79,sp|P08519|APOA_HUMAN,100.0,35.0,0.0,0.0,1.0,35.0,3713.0,3747.0,5.25e-20,79.3,,,,,"('NVRWEYY', 32, 38)",1,NVRWEYY,32,38,0,...[FWY]..[WFY]
105561,PLRSPGSCNHQIMSASTISAFCATPRFKQLFKGTVEQMS,0,-1.54746175,-4.159572444,,,,105641,992,185,16,0,0,0,36,3,1193,sp|Q52M58|CN177_HUMAN,100.0,36.0,0.0,0.0,1.0,36.0,88.0,123.0,8.57e-21,77.0,,,,,"('TPRFKQL', 23, 29)",1,TPRFKQL,23,29,0,...[FWY]..[LVI]
105639,PLRSPGSQPLLNSPPSFVCWSRGFMEMNGRGELVESLKR,0,-3.147014713,-3.227743947,,,,105719,65,4,2,0,0,0,36,3,71,sp|Q9Y679|AUP1_HUMAN,96.97,33.0,1.0,0.0,4.0,36.0,112.0,144.0,1.12e-16,70.1,,,,,"('PPSFVCW', 13, 19)",1,PPSFVCW,13,19,0,...[FWY]..[WFY]
105664,PLRYPGTEEESFITPLVLYCVLAAPPTAIIFIGEISMYF,0,-0.397665395,-1.741429034,,,,105744,58,24,5,0,0,0,36,3,87,sp|Q8TBJ4|PLPR1_HUMAN,97.222,36.0,1.0,0.0,1.0,36.0,59.0,94.0,1.26e-17,72.4,,,,,"('LVLYCVL', 15, 21)",1,LVLYCVL,15,21,0,...[FWY]..[LVI]
105737,PLRNPGVFQSTDTCYVLSFAVIMLNTSLHNPNVRDKPGL,0,-6.468054722,-4.78324921,,,,105817,1624,10,17,0,0,0,36,3,1651,sp|Q99418|CYH2_HUMAN,100.0,36.0,0.0,0.0,1.0,36.0,175.0,210.0,2.3000000000000004e-21,83.2,,,,,"('VLSFAVI', 15, 21)",1,VLSFAVI,15,21,0,...[FWY]..[LVI]
105788,PLRSPGYTFEKHSGGFIFPPSYVPVVMSELTDQMTFMER,0,-5.534037836,-4.61476707,,,,105869,85,1,1,0,0,0,36,3,87,sp|P16662|UD2B7_HUMAN,100.0,36.0,0.0,0.0,1.0,36.0,175.0,210.0,5.81e-20,79.3,,,,,"('PPSYVPV', 18, 24)",1,PPSYVPV,18,24,0,...[FWY]..[LVI]
105941,PLRAPHMGAHPATAPFHLHGAIFGPLLGLLVLLAGVCVF,0,-1.627147241,-1.555873381,,,,106022,51,9,5,0,0,0,36,3,65,sp|Q7RTS5|OTOP3_HUMAN,100.0,36.0,0.0,0.0,1.0,36.0,320.0,355.0,2.99e-18,74.3,,,,,"('GAIFGPL', 19, 25)",1,GAIFGPL,19,25,0,...[FWY]..[LVI]
106047,PLRTPHPWTHTERFLRQAFGDDWGSILSFENREPVGSGC,0,-2.372574414,-4.038266148,,,,106128,57,6,1,0,0,0,36,3,64,sp|Q7Z695|ADCK2_HUMAN,100.0,36.0,0.0,0.0,1.0,36.0,175.0,210.0,1.42e-23,89.7,,,,,"('GDDWGSI', 19, 25)",1,GDDWGSI,19,25,0,...[FWY]..[LVI]
106341,PLRDPIKAMTLGVSYKVTGLIEGSDYQFRVYAINAAGVG,0,-6.055384238,-5.136113471,,,,106422,122,1,1,0,0,0,36,3,124,sp|Q8WZ42|TITIN_HUMAN,100.0,36.0,0.0,0.0,1.0,36.0,17296.0,17331.0,1.2e-19,78.6,,,,,"('DYQFRVY', 24, 30)",1,DYQFRVY,24,30,0,...[FWY]..[WFY]
106516,PLRGPISNNDFLCIHGGVPPRKAGYIEDLVLMLPQNIWD,0,-0.169346708,-2.409947278,,,,106597,295,143,16,0,0,0,36,3,454,sp|Q8TEY7|UBP33_HUMAN,100.0,36.0,0.0,0.0,1.0,36.0,757.0,792.0,1.27e-22,87.0,,,,,"('NNDFLCI', 7, 13)",1,NNDFLCI,7,13,0,...[FWY]..[LVI]
106573,PLRTPKAFLERYLSAGPTLQYDKDRWLSTQWRLVSDEAV,0,-5.437529855,-2.933296588,,,,106654,159,2,6,0,0,0,36,3,167,sp|Q8TAA9|VANG1_HUMAN,100.0,36.0,0.0,0.0,1.0,36.0,436.0,471.0,7.48e-20,79.0,,,,,"('STQWRLV', 27, 33)",1,STQWRLV,27,33,0,...[FWY]..[LVI]
106690,PLRTPKGTLPRLVDHVWHHPVRRNKFKYLIDHPVSLTGA,0,-3.267604854,-3.933296588,,,,106771,53,3,1,0,0,0,36,3,57,sp|Q5T1B0|AXDN1_HUMAN,100.0,36.0,0.0,0.0,1.0,36.0,88.0,123.0,1.17e-22,87.0,,,,,"('RNKFKYL', 22, 28)",1,RNKFKYL,22,28,0,...[FWY]..[LVI]
107256,PLRDPLCMLLLIDHLALRARNYEYLSASSRSGRLIGTC,0,-2.890181646,-4.292838975,,,,107337,68,5,1,0,0,0,35,3,74,sp|Q9BQ70|TCF25_HUMAN,100.0,22.0,0.0,0.0,1.0,22.0,378.0,399.0,2.15e-09,49.3,,,,,"('ARNYEYL', 18, 24)",1,ARNYEYL,18,24,0,...[FWY]..[LVI]
108021,PLRHGSRDSGPPPSTVSEAEFEDIMKRNRAISSSAISKA,0,-3.55395853,-6.094119383,,,,108102,237,11,1,0,0,0,36,3,249,sp|Q8N684|CPSF7_HUMAN,100.0,36.0,0.0,0.0,1.0,36.0,320.0,355.0,1.22e-17,72.8,,,,,"('EAEFEDI', 17, 23)",1,EAEFEDI,17,23,0,...[FWY]..[LVI]
108470,PLRMYYFLAMLAVSDMGLSLSSLPTMLRVFLFNAMGISP,0,-4.906006614,-4.986735847,,,,108551,220,4,2,0,0,0,36,3,226,sp|Q8NH64|O51A7_HUMAN,100.0,36.0,0.0,0.0,1.0,36.0,59.0,94.0,6.32e-18,72.8,,,,,"('LRMYYFL', 1, 7)",1,LRMYYFL,1,7,0,...[FWY]..[LVI]
109216,PLRPPMGDAEYLAAFRTVVMPIASEFAPDVVLVSSGFDA,0,-2.1246469,-2.427768555,,,,109297,112,14,6,0,0,0,36,3,132,sp|P56524|HDAC4_HUMAN,100.0,36.0,0.0,0.0,1.0,36.0,900.0,935.0,1.69e-18,75.1,,,,,"('LAAFRTV', 11, 17)",1,LAAFRTV,11,17,0,...[FWY]..[LVI]
111953,PLRTPTTYNPICLNSGGSNCNKVLYDSMQDTQLPSDDSY,0,-2.814962401,-3.033195158,,,,112037,142,11,5,0,0,0,36,3,158,sp|Q5QGS0|NEXMI_HUMAN,100.0,36.0,0.0,0.0,1.0,36.0,929.0,964.0,6.48e-20,79.3,,,,,"('PTTYNPI', 4, 10)",1,PTTYNPI,4,10,0,...[FWY]..[LVI]
112115,PLRNPVFLSSNPSRWSVEEVYEFIASLQGCQEIAEEFRS,0,-0.047341174,-5.388597958,,,,112199,436,230,3,0,0,0,36,3,669,sp|P78364|PHC1_HUMAN,100.0,36.0,0.0,0.0,1.0,36.0,929.0,964.0,3.21e-18,74.3,,,,,"('EEVYEFI', 17, 23)",1,EEVYEFI,17,23,0,...[FWY]..[LVI]
113144,PLRSTVHNTHPRNGHCSSAPRVTSGSTYILVPLSHLAQN,0,-5.182097172,-3.414829499,,,,113228,333,5,9,0,0,0,36,3,347,sp|P23945|FSHR_HUMAN,97.222,36.0,1.0,0.0,1.0,36.0,660.0,695.0,8.01e-19,76.3,,,,,"('GSTYILV', 24, 30)",1,GSTYILV,24,30,0,...[FWY]..[LVI]
113663,PLRPLYKENAMKLSRIHHDQPVKPLDRAVFWIEFVMRHK,0,-4.537428425,-4.940085754,,,,113747,213,5,2,0,0,0,36,3,220,sp|P06133|UD2B4_HUMAN,100.0,36.0,0.0,0.0,1.0,36.0,436.0,471.0,4.37e-20,79.7,,,,,"('AVFWIEF', 27, 33)",1,AVFWIEF,27,33,0,...[FWY]..[WFY]
114168,PLRAQAHAADRGERGHFGVQILHHFIEVFNVMAVRSNPF,0,-1.397665395,-4.063357129,,,,114253,58,12,1,0,0,0,36,3,71,sp|Q8N8G6|CO054_HUMAN,100.0,36.0,0.0,0.0,1.0,36.0,148.0,183.0,3.56e-21,79.3,,,,,"('LHHFIEV', 21, 27)",1,LHHFIEV,21,27,0,...[FWY]..[LVI]
114197,PLRDQAITVGAPVIGLNDSGGARIQEGVESLAGYADIFL,0,-0.141198076,-1.543855405,,,,114282,263,130,26,0,0,0,36,3,419,sp|P05166|PCCB_HUMAN,100.0,36.0,0.0,0.0,1.0,36.0,146.0,181.0,5.87e-18,73.6,,,,,"('LAGYADI', 30, 36)",1,LAGYADI,30,36,0,...[FWY]..[LVI]
114215,PLRQAEELRQYKVLVHSQERELIQLREKLREGRDASHSL,0,-1.690993723,-1.302237673,,,,114300,77,13,9,0,0,0,36,3,99,sp|P0C2Y1|NBPF7_HUMAN,100.0,36.0,0.0,0.0,1.0,36.0,108.0,143.0,9.34e-18,73.2,,,,,"('LRQYKVL', 7, 13)",1,LRQYKVL,7,13,0,...[FWY]..[LVI]
114234,PLRSQALAAGFHRGKQEDAHEFLMFTVDAMKKACLPGHK,0,-0.25957648,-5.012731056,,,,114319,336,153,3,0,0,0,36,3,492,sp|D6RBM5|U17LN_HUMAN,97.222,36.0,1.0,0.0,1.0,36.0,146.0,181.0,5.59e-20,76.3,,,,,"('AHEFLMF', 18, 24)",1,AHEFLMF,18,24,0,...[FWY]..[WFY]
114245,PLRSQALELQLGRLVDGDSFRLIVEMLEEFPQQMPDLLQ,0,-0.603814737,-7.050866185,,,,114330,460,165,1,0,0,0,36,3,626,sp|B5MCY1|TDR15_HUMAN,100.0,36.0,0.0,0.0,1.0,36.0,174.0,209.0,8.4e-19,75.9,,,,,"('GDSFRLI', 16, 22)",1,GDSFRLI,16,22,0,...[FWY]..[LVI]
114296,PLRQYASLTGTQALPPLFSLGYHQSRWNYRDEADVLEVD,0,-0.208062908,-4.681109565,,,,114381,89,42,1,0,0,0,36,3,132,sp|Q14697|GANAB_HUMAN,100.0,36.0,0.0,0.0,1.0,36.0,378.0,413.0,2.04e-19,77.8,,,,,"('LRQYASL', 1, 7)",1,LRQYASL,1,7,0,...[FWY]..[LVI]
114587,PLRAQAYILFYTQRVTENGHSKLLPPELLLGSQHPNEDG,0,-3.914723831,-4.580415565,,,,114672,83,3,1,0,0,0,36,3,87,sp|Q9H0E7|UBP44_HUMAN,97.222,36.0,1.0,0.0,1.0,36.0,668.0,703.0,1.67e-19,78.2,,,,,"('AQAYILF', 3, 9)",1,AQAYILF,3,9,0,...[FWY]..[WFY]
114825,PLRSQDIICSNAGTCHCGRCKCDNSDGSGLVYGKFCECD,0,-4.218158786,-7.691205443,,,,114911,717,21,1,0,0,0,36,3,739,sp|O95965|ITGBL_HUMAN,100.0,36.0,0.0,0.0,1.0,36.0,146.0,181.0,6.19e-18,73.6,,,,,"('GLVYGKF', 28, 34)",1,GLVYGKF,28,34,0,...[FWY]..[WFY]
114956,PLRTQDRTVAVIYTVVIPVLNPLMYSLRNKDVKKALIKV,0,-0.627147241,-0.707876474,,,,115042,68,24,12,0,0,0,36,3,104,sp|Q8NGC0|O5AU1_HUMAN,100.0,36.0,0.0,0.0,1.0,36.0,320.0,355.0,5.6e-18,73.6,,,,,"('AVIYTVV', 9, 15)",1,AVIYTVV,9,15,0,...[FWY]..[LVI]
115000,PLRTQDTQPHYIYSPREMTRWVRGIFAALRPLETLPAEG,0,-0.776036763,-4.434194824,,,,115086,600,191,8,0,0,0,36,3,799,sp|Q14204|DYHC1_HUMAN,94.444,36.0,2.0,0.0,1.0,36.0,2785.0,2820.0,1.21e-19,78.6,,,,,"('RGIFAAL', 22, 28)",1,RGIFAAL,22,28,0,...[FWY]..[LVI]
115326,PLRMEEPRFQANFPQTWLWISGPLPVLC,0,-1.508696707,-1.478394628,,,,115412,261,50,27,0,0,0,25,3,338,sp|Q9NPH5|NOX4_HUMAN,88.0,25.0,3.0,0.0,1.0,25.0,271.0,295.0,1.63e-10,52.0,,,,,"('PQTWLWI', 13, 19)",1,PQTWLWI,13,19,0,...[FWY]..[LVI]
115505,PLRWPGLSQLFLTCCPKQGGQHSQRGGQRVSDPRGNIKV,0,-5.372574414,-4.453303647,,,,115591,76,1,1,0,0,0,36,3,78,sp|Q15477|SKIV2_HUMAN,46.429,28.0,12.0,1.0,6.0,30.0,60.0,87.0,1.5,24.6,,,,,"('PLRWPGL', 0, 6)",1,PLRWPGL,0,6,0,...[FWY]..[LVI]
116149,PLRPQEELEKASSPALQSPGELSVCLSSFSELLCSSDVA,0,-3.957536914,-5.038266148,,,,116235,114,4,1,0,0,0,36,3,119,sp|O14813|PHX2A_HUMAN,52.0,25.0,12.0,0.0,4.0,28.0,249.0,273.0,3.8,23.5,,,,,"('LSSFSEL', 25, 31)",1,LSSFSEL,25,31,0,...[FWY]..[LVI]
116638,PLRFTTQFLKLRCLQKLYMNSVSFLEGHLDQLLSCLKTS,0,-7.694502508,-6.775231742,,,,116727,380,1,1,0,0,0,36,3,382,sp|Q5VWM5|PRAM9_HUMAN,100.0,36.0,0.0,0.0,1.0,36.0,262.0,297.0,3.05e-18,74.3,,,,,"('TTQFLKL', 4, 10)",1,TTQFLKL,4,10,0,...[FWY]..[LVI]
116791,PLRPQGASQLNNRLQGTKAWIGACEVYILLTSLRVKCHI,0,-8.586126347,-7.666855581,,,,116880,705,1,1,0,0,0,36,3,707,sp|Q96AP4|ZUP1_HUMAN,100.0,36.0,0.0,0.0,1.0,36.0,407.0,442.0,2.48e-20,80.5,,,,,"('CEVYILL', 23, 29)",1,CEVYILL,23,29,0,...[FWY]..[LVI]
117036,PLRIRKDLTYSCRDNKDCTVDKRQRNRCQYCRYQKCLAT,0,-0.990764649,-7.633736307,,,,117126,689,189,1,0,0,0,36,3,879,sp|P28702|RXRB_HUMAN,100.0,36.0,0.0,0.0,1.0,36.0,233.0,268.0,2.26e-23,89.0,,,,,"('RCQYCRY', 26, 32)",1,RCQYCRY,26,32,0,...[FWY]..[WFY]
117141,PLRRCHNCGKSFSRLTALTLHQRTHTEERPFKCNYCGKS,0,-0.630999566,-2.083697577,,,,117232,250,88,17,0,0,0,36,3,355,sp|Q6P9G9|ZN449_HUMAN,100.0,36.0,0.0,0.0,1.0,36.0,436.0,471.0,4.76e-20,79.7,,,,,"('GKSFSRL', 8, 14)",1,GKSFSRL,8,14,0,...[FWY]..[LVI]
117543,PLRSQLLSTCFRSVFALPLLDALEKHTCLFLEPPNIQLW,0,-3.60577359,-5.271465324,,,,117634,134,6,1,0,0,0,36,3,141,sp|Q6ZUA9|MROH5_HUMAN,100.0,36.0,0.0,0.0,1.0,36.0,494.0,529.0,3.24e-19,77.0,,,,,"('STCFRSV', 7, 13)",1,STCFRSV,7,13,0,...[FWY]..[LVI]
117768,PLRNNVLKLATKLLKELDSPFRLYGLTMNPLLYNITQVV,0,-5.793531884,-5.289298617,,,,117859,407,4,3,0,0,0,36,3,414,sp|Q8N3S3|PHTF2_HUMAN,100.0,36.0,0.0,0.0,1.0,36.0,726.0,761.0,4.2e-19,77.0,,,,,"('DSPFRLY', 17, 23)",1,DSPFRLY,17,23,0,...[FWY]..[WFY]
118067,PLRSQNICITMITYIKPWIFSSKQQFIATADYYGTLHIL,0,-3.294571902,-3.69722923,,,,118158,90,5,2,0,0,0,36,3,97,sp|Q8IWG1|DNAI3_HUMAN,100.0,36.0,0.0,0.0,1.0,36.0,755.0,790.0,2.28e-20,80.5,,,,,"('ADYYGTL', 29, 35)",1,ADYYGTL,29,35,0,...[FWY]..[LVI]
118076,PLRMKRHEMVVAKHSALCSRFAQDLWLEQNIKDSFQKVT,0,-4.324786515,-7.797833171,,,,118167,772,21,1,0,0,0,36,3,794,sp|P52744|ZN138_HUMAN,100.0,36.0,0.0,0.0,1.0,36.0,1.0,36.0,1.34e-17,71.6,,,,,"('KDSFQKV', 31, 37)",1,KDSFQKV,31,37,0,...[FWY]..[LVI]
118561,PLRAQTVKSACPEPIPASWQPLQAQVILKSASLGLAPAS,0,-0.248635617,-3.029804569,,,,118652,85,39,3,0,0,0,36,3,127,sp|Q6ZRM9|YG024_HUMAN,70.0,30.0,9.0,0.0,7.0,36.0,7.0,36.0,0.002,32.7,,,,,"('PASWQPL', 15, 21)",1,PASWQPL,15,21,0,...[FWY]..[LVI]
118802,PLRLPTTAQVTIEAQHQKFPRGRMFFCLSTICRRILLA,0,-5.078843211,-2.574609944,,,,118893,62,1,3,0,0,0,35,3,66,sp|P11465|PSG2_HUMAN,70.0,20.0,6.0,0.0,1.0,20.0,30.0,49.0,0.007,30.8,,,,,"('GRMFFCL', 21, 27)",1,GRMFFCL,21,27,0,...[FWY]..[LVI]
118968,PLRAQREKVKDEEMEVTFSYWDGSGHRARCGCARATRC,0,-0.014463982,-0.860727962,,,,119059,63,34,10,0,0,0,35,3,107,sp|Q9Y247|FA50B_HUMAN,100.0,24.0,0.0,0.0,1.0,24.0,175.0,198.0,1.63e-11,55.1,,,,,"('EVTFSYW', 14, 20)",1,EVTFSYW,14,20,0,...[FWY]..[WFY]
119075,PLRTQRLRDPDINPCLSILFYLLNDASLISVRNLMLPPD,0,-5.835453334,-5.916182568,,,,119166,419,4,2,0,0,0,36,3,425,sp|Q9BUK0|CHCH7_HUMAN,100.0,14.0,0.0,0.0,1.0,14.0,5.0,18.0,0.000624,33.1,,,,,"('SILFYLL', 16, 22)",1,SILFYLL,16,22,0,...[FWY]..[LVI]
119096,PLRDQRNRKRKAEPYETSQGKGTPRGHKISDYFEFAGGS,0,-2.475144147,-1.555873381,,,,119187,51,5,5,0,0,0,36,3,61,sp|Q86UE8|TLK2_HUMAN,100.0,36.0,0.0,0.0,1.0,36.0,59.0,94.0,7.42e-20,79.0,,,,,"('ISDYFEF', 28, 34)",1,ISDYFEF,28,34,0,...[FWY]..[WFY]
119131,PLRFHTPTQKHIEALRQEINAARPQCPVGLNTLAFPSIN,0,-2.464496903,-4.545226137,,,,119222,81,8,1,0,0,0,36,3,90,sp|Q9HAT8|PELI2_HUMAN,100.0,36.0,0.0,0.0,1.0,36.0,262.0,297.0,1.06e-19,78.6,,,,,"('TLAFPSI', 31, 37)",1,TLAFPSI,31,37,0,...[FWY]..[LVI]
119579,PLRTQSMLVVPKGEDQEMDVYVSTQFPKYIQDIVASTLK,0,-0.701955828,-3.438036891,,,,119671,376,126,10,0,0,0,36,3,512,sp|Q06278|AOXA_HUMAN,100.0,36.0,0.0,0.0,1.0,36.0,755.0,790.0,2.4e-19,77.4,,,,,"('STQFPKY', 22, 28)",1,STQFPKY,22,28,0,...[FWY]..[WFY]
119847,PLRGQTFTCGSALSPITDFKLYASAFSERYWASMVLTT,0,-0.318386726,-2.888051573,,,,119940,565,247,22,0,0,0,35,3,834,sp|P42658|DPP6_HUMAN,100.0,27.0,0.0,0.0,1.0,27.0,730.0,756.0,1.75e-13,60.8,,,,,"('ITDFKLY', 15, 21)",1,ITDFKLY,15,21,0,...[FWY]..[WFY]
120084,PLREQTYLTGLTSSLTSGLWIGLNSLSFNSGWQWSDRSP,0,-2.532731639,-1.991972496,,,,120177,138,13,10,0,0,0,36,3,161,sp|P22897|MRC1_HUMAN,100.0,36.0,0.0,0.0,1.0,36.0,262.0,297.0,4.96e-18,73.9,,,,,"('SGLWIGL', 16, 22)",1,SGLWIGL,16,22,0,...[FWY]..[LVI]
120130,PLRDQVDTLELSGGAKINRIFHERFPFEIVKMEFNEKEL,0,-4.53063926,-4.933296588,,,,120223,212,5,2,0,0,0,36,3,219,sp|Q9UQ16|DYN3_HUMAN,100.0,36.0,0.0,0.0,1.0,36.0,349.0,384.0,3.45e-19,77.0,,,,,"('RFPFEIV', 23, 29)",1,RFPFEIV,23,29,0,...[FWY]..[LVI]
120370,PLRTQVRWSRYSPEFKDPLIDKEYYRKPVEELTEEEKYV,0,-5.000605636,-7.540766489,,,,120465,646,11,1,0,0,0,36,3,658,sp|Q9Y2R9|RT07_HUMAN,100.0,36.0,0.0,0.0,1.0,36.0,30.0,65.0,1.38e-19,76.6,,,,,"('QVRWSRY', 4, 10)",1,QVRWSRY,4,10,0,...[FWY]..[WFY]
120636,PLRTQYMKYLYPYECETRALSSPGELQAAIDSNRREGRR,0,-0.008549835,-1.229760292,,,,120731,358,194,44,0,0,0,36,3,596,sp|A6NKF2|ARI3C_HUMAN,100.0,36.0,0.0,0.0,1.0,36.0,191.0,226.0,8.75e-20,78.6,,,,,"('RTQYMKY', 2, 8)",1,RTQYMKY,2,8,0,...[FWY]..[WFY]
120845,PLRTRADSSKFSLTKAKRSDGGKYVVTATNTAGSFVAYA,0,-0.783609982,-0.527304229,,,,120940,60,19,12,0,0,0,36,3,91,sp|Q8WZ42|TITIN_HUMAN,100.0,36.0,0.0,0.0,1.0,36.0,19181.0,19216.0,1.57e-17,72.4,,,,,"('AGSFVAY', 31, 37)",1,AGSFVAY,31,37,0,...[FWY]..[WFY]
121158,PLRLAVSGVLNVGKLVNCWICLVSVPVTLLQP,0,-3.150181992,-2.716338053,,,,121253,114,7,5,0,0,0,29,3,126,sp|Q9BTX1|NDC1_HUMAN,43.478,23.0,13.0,0.0,3.0,25.0,261.0,283.0,5.3,22.3,,,,,"('VNCWICL', 15, 21)",1,VNCWICL,15,21,0,...[FWY]..[LVI]
121422,PLRLLASASTEKQHLEWVGLVESKIRILVGSLEKNEFIT,0,-4.019464663,-4.100193897,,,,121518,119,4,2,0,0,0,36,3,125,sp|Q9NRJ5|PAPOB_HUMAN,100.0,36.0,0.0,0.0,1.0,36.0,377.0,412.0,6.65e-18,73.6,,,,,"('HLEWVGL', 13, 19)",1,HLEWVGL,13,19,0,...[FWY]..[LVI]
121524,PLRARGGGEGAWPPVRVMPTTCPLKPSSGGNTVVRTHW,0,-0.082826724,-4.877801476,,,,121620,204,105,2,0,0,0,35,3,311,sp|P35590|TIE1_HUMAN,64.706,17.0,6.0,0.0,4.0,20.0,527.0,543.0,0.48,25.8,,,,,"('EGAWPPV', 8, 14)",1,EGAWPPV,8,14,0,...[FWY]..[LVI]
121731,PLRARVFDIIFLQGTEVIFKVALSLLSSQETLIMECESF,0,-4.248029316,-6.136113471,,,,121827,244,7,1,0,0,0,36,3,252,sp|O60343|TBCD4_HUMAN,100.0,36.0,0.0,0.0,1.0,36.0,1102.0,1137.0,2.07e-18,75.1,,,,,"('ARVFDII', 3, 9)",1,ARVFDII,3,9,0,...[FWY]..[LVI]
121750,PLRASDGFNLERLEMLGDSFLKHAITTYLFCTYPDAHEG,0,-1.242561103,-6.831084977,,,,121846,395,91,1,0,0,0,36,3,487,sp|Q9UPY3|DICER_HUMAN,100.0,36.0,0.0,0.0,1.0,36.0,1306.0,1341.0,4.07e-21,82.8,,,,,"('TYLFCTY', 26, 32)",1,TYLFCTY,26,32,0,...[FWY]..[WFY]
122029,PLREREACCFGSEDESSSKAETEYSFDDWDWQNGSLSSL,0,-0.334100266,-0.192437078,,,,122125,111,48,28,0,0,0,36,3,187,sp|Q8IWB6|TEX14_HUMAN,100.0,36.0,0.0,0.0,1.0,36.0,674.0,709.0,1.47e-19,78.2,,,,,"('EYSFDDW', 22, 28)",1,EYSFDDW,22,28,0,...[FWY]..[WFY]
122280,PLRSREKIHRMKERYEHDVTFHSVLHAEKPSRMNRNQDR,0,-0.206035227,-0.139923072,,,,122376,237,112,62,0,0,0,36,3,411,sp|Q5TBK1|N42L1_HUMAN,100.0,36.0,0.0,0.0,1.0,36.0,165.0,200.0,1.43e-19,76.6,,,,,"('DVTFHSV', 17, 23)",1,DVTFHSV,17,23,0,...[FWY]..[LVI]
122592,PLRMREYKVVVLGSGGVGKSALTVQFVTGTFIEKYDPT,0,-2.825086618,-4.490778353,,,,122688,78,6,1,0,0,0,35,3,85,sp|P10114|RAP2A_HUMAN,100.0,35.0,0.0,0.0,1.0,35.0,1.0,35.0,8.45e-19,73.2,,,,,"('MREYKVV', 3, 9)",1,MREYKVV,3,9,0,...[FWY]..[LVI]
122938,PLRERLELLLQKRKELQENQDEIENMMNAIFKGVFVHRY,0,-5.050646319,-5.453303647,,,,123034,304,5,2,0,0,0,36,3,311,sp|Q8N3U4|STAG2_HUMAN,100.0,36.0,0.0,0.0,1.0,36.0,262.0,297.0,1.29e-18,75.5,,,,,"('NAIFKGV', 27, 33)",1,NAIFKGV,27,33,0,...[FWY]..[LVI]
123217,PLRDRLLVELGFSKVFQAENPFDFMENISLEGKTNFFEK,0,-3.926265453,-6.176919688,,,,123313,251,9,1,0,0,0,36,3,261,sp|Q7LG56|RIR2B_HUMAN,100.0,36.0,0.0,0.0,1.0,36.0,291.0,326.0,1.61e-18,74.7,,,,,"('ELGFSKV', 8, 14)",1,ELGFSKV,8,14,0,...[FWY]..[LVI]
123787,PLRPRGDPYKPAISHRDLNSRNVLVKNDGTCVISDFGLF,0,-1.847112925,-2.249770253,,,,123883,66,10,4,0,0,0,36,3,80,sp|Q13873|BMPR2_HUMAN,97.143,35.0,1.0,0.0,1.0,35.0,320.0,354.0,1.3e-18,75.5,,,,,"('ISDFGLF', 32, 38)",1,ISDFGLF,32,38,0,...[FWY]..[WFY]
124284,PLRPRGTNQTCHPGCHCPSGMLLLEGPWGELHVCGR,0,-2.9881449,-3.653836635,,,,124380,131,9,3,0,0,0,33,3,143,sp|A2VEC9|SSPO_HUMAN,95.455,22.0,1.0,0.0,1.0,22.0,3113.0,3134.0,2.2e-08,46.2,,,,,"('EGPWGEL', 24, 30)",1,EGPWGEL,24,30,0,...[FWY]..[LVI]
124471,PLRELMNIKLALDVEIATYRKLLEGEECRLSGEGVSPVN,0,-3.897236404,-1.562928138,,,,124567,82,3,8,0,0,0,36,3,93,sp|O95678|K2C75_HUMAN,100.0,36.0,0.0,0.0,1.0,36.0,436.0,471.0,7.28e-18,73.6,,,,,"('IATYRKL', 15, 21)",1,IATYRKL,15,21,0,...[FWY]..[LVI]
124965,PLRDRILVAHDIHTKTRLMKYGGHGYSHILTNVVPKMLL,0,-0.530358607,-2.937982189,,,,125061,771,291,29,0,0,0,36,3,1091,sp|Q96BW5|PTER_HUMAN,100.0,36.0,0.0,0.0,1.0,36.0,291.0,326.0,8.29e-20,78.6,,,,,"('GHGYSHI', 22, 28)",1,GHGYSHI,22,28,0,...[FWY]..[LVI]
124992,PLRARIPGSQREQGSTLSPWGEVLTPLASSSVTHLSSKQ,0,-2.852567355,-0.933296588,,,,125088,53,4,8,0,0,0,36,3,65,sp|Q4G163|FBX43_HUMAN,100.0,36.0,0.0,0.0,1.0,36.0,586.0,621.0,1.71e-18,75.1,,,,,"('LSPWGEV', 16, 22)",1,LSPWGEV,16,22,0,...[FWY]..[LVI]
125277,PLRHTGEKPYECHECGKTFSFKSVLTVHQKTHTGEKPYE,0,-4.697536569,-4.515231396,,,,125373,238,5,3,0,0,0,36,3,246,sp|P17032|ZN37A_HUMAN,100.0,36.0,0.0,0.0,1.0,36.0,349.0,384.0,1.1e-18,75.9,,,,,"('TFSFKSV', 17, 23)",1,TFSFKSV,17,23,0,...[FWY]..[LVI]
125692,PLRVEGEQALMPITRIAFKVQQKRLTKTSRCGPWARFCN,0,-5.143310744,-3.809002479,,,,125789,389,6,8,0,0,0,36,3,403,sp|A0A087X179|TBC3E_HUMAN,100.0,36.0,0.0,0.0,1.0,36.0,291.0,326.0,9.04e-20,79.0,,,,,"('CGPWARF', 30, 36)",1,CGPWARF,30,36,0,...[FWY]..[WFY]
126470,PLRARTQQPFPPTVPTKAYDSTVLKTRGNPYRYELIDIP,0,-2.04218474,-2.292838975,,,,126567,68,9,4,0,0,0,36,3,81,sp|Q8N865|CG031_HUMAN,100.0,36.0,0.0,0.0,1.0,36.0,175.0,210.0,7.72e-19,76.3,,,,,"('PYRYELI', 29, 35)",1,PYRYELI,29,35,0,...[FWY]..[LVI]
126584,PLRRPTISTASETSVYVTWIPRANGGSPITAFKVEYKRM,0,-4.253929917,-4.334659151,,,,126681,140,4,2,0,0,0,36,3,146,sp|Q4KMG0|CDON_HUMAN,100.0,36.0,0.0,0.0,1.0,36.0,726.0,761.0,3.17e-18,74.3,,,,,"('TSVYVTW', 12, 18)",1,TSVYVTW,12,18,0,...[FWY]..[WFY]
126624,PLRLWMEFERAKSAVELQTELEEKAKRDADTHPWFLAM,0,-6.179929336,-5.260658569,,,,126721,133,1,1,0,0,0,35,3,135,sp|P50542|PEX5_HUMAN,62.5,40.0,7.0,1.0,1.0,32.0,270.0,309.0,4.24e-08,45.4,,,,,"('LRLWMEF', 1, 7)",1,LRLWMEF,1,7,0,...[FWY]..[WFY]
127522,PLREKFLEFEAEEEMQIQKSQWMKGPQCLPPPATPRLEP,0,-0.423219598,-6.601980915,,,,127622,337,137,1,0,0,0,36,3,475,sp|Q5VT03|NTM2D_HUMAN,100.0,36.0,0.0,0.0,1.0,36.0,331.0,366.0,1.58e-18,75.1,,,,,"('REKFLEF', 2, 8)",1,REKFLEF,2,8,0,...[FWY]..[WFY]
127835,PLRSRNLFTFKFSLFQLDSGASGPGHSLGLTLGFSYCG,0,-4.541293652,-6.429377808,,,,127935,299,7,1,0,0,0,35,3,307,sp|A6NNL0|NTM2B_HUMAN,97.222,36.0,0.0,1.0,1.0,35.0,74.0,109.0,3.07e-18,74.3,,,,,"('TFKFSLF', 8, 14)",1,TFKFSLF,8,14,0,...[FWY]..[WFY]
128594,PLRASTGEILEILKKGKAFVLDIDLDFFSVKNPFKEMFT,0,-0.249935374,-7.284860918,,,,128695,541,248,1,0,0,0,36,3,790,sp|Q49AR2|CE022_HUMAN,100.0,36.0,0.0,0.0,1.0,36.0,233.0,268.0,3.88e-19,77.0,,,,,"('DLDFFSV', 23, 29)",1,DLDFFSV,23,29,0,...[FWY]..[LVI]
128610,PLRERTGQKNPEMLWLWGELPQAAKSSSPHKMKESSPLS,0,-0.531822282,-2.551150971,,,,128711,61,23,3,0,0,0,36,3,87,sp|Q14693|LPIN1_HUMAN,100.0,36.0,0.0,0.0,1.0,36.0,262.0,297.0,4.58e-19,76.6,,,,,"('LWLWGEL', 13, 19)",1,LWLWGEL,13,19,0,...[FWY]..[LVI]
128620,PLRICSLSPLLFNTVLEVLSKAIRQEKEIKVFRIRKEEV,0,-3.091318724,-7.872487676,,,,128721,813,52,1,0,0,0,36,3,866,sp|O00370|LORF2_HUMAN,74.286,35.0,9.0,0.0,2.0,36.0,661.0,695.0,3.2e-10,51.6,,,,,"('PLLFNTV', 8, 14)",1,PLLFNTV,8,14,0,...[FWY]..[LVI]
129436,PLRSRVTDPQGKSDIPMDLFDFYEQMDKDEEEEEETQTV,0,-2.668967416,-3.919621652,,,,129538,105,9,2,0,0,0,36,3,116,sp|P19447|ERCC3_HUMAN,100.0,36.0,0.0,0.0,1.0,36.0,233.0,268.0,1.22e-18,75.5,,,,,"('MDLFDFY', 16, 22)",1,MDLFDFY,16,22,0,...[FWY]..[WFY]
129507,PLRERVWGLKKGEAGKGVKGPERRSPFSQLVYTNKDSCV,0,-0.602348434,-0.566563659,,,,129609,298,107,58,0,0,0,36,3,463,sp|A7E2S9|A30BL_HUMAN,79.167,24.0,5.0,0.0,13.0,36.0,10.0,33.0,1.36e-06,41.6,,,,,"('RSPFSQL', 23, 29)",1,RSPFSQL,23,29,0,...[FWY]..[LVI]
129631,PLRDRYCGLPKYEITHQGNRHTLQLYRCREEDAAIYQAS,0,-3.516964323,-2.597693557,,,,129734,63,3,3,0,0,0,36,3,69,sp|Q96L96|ALPK3_HUMAN,100.0,36.0,0.0,0.0,1.0,36.0,320.0,355.0,1.9000000000000006e-21,83.6,,,,,"('RDRYCGL', 2, 8)",1,RDRYCGL,2,8,0,...[FWY]..[LVI]
130200,PLRNISNHLVIEANLDGELNLKIETELVCVTTHFKDLGN,0,-2.955234128,-2.91043248,,,,130304,313,22,12,0,0,0,36,3,347,sp|O60921|HUS1_HUMAN,100.0,36.0,0.0,0.0,1.0,36.0,175.0,210.0,1.03e-18,74.7,,,,,"('TTHFKDL', 30, 36)",1,TTHFKDL,30,36,0,...[FWY]..[LVI]
130669,PLRPSEAREIAERGLIDLSNKFVVSHLICQYAQVVLWFS,0,-4.395175843,-5.797833171,,,,130774,193,5,1,0,0,0,36,3,199,sp|Q8WYP5|ELYS_HUMAN,97.143,35.0,1.0,0.0,2.0,36.0,640.0,674.0,3.25e-18,74.3,,,,,"('ICQYAQV', 27, 33)",1,ICQYAQV,27,33,0,...[FWY]..[LVI]
130792,PLRTSEFVALLPALVDAGTALEMLHALLDLPCLTAVLDL,0,-3.045212433,-1.348334088,,,,130898,106,7,12,0,0,0,36,3,125,sp|O43299|AP5Z1_HUMAN,100.0,36.0,0.0,0.0,1.0,36.0,447.0,482.0,1.25e-16,69.7,,,,,"('TSEFVAL', 3, 9)",1,TSEFVAL,3,9,0,...[FWY]..[LVI]
131055,PLRSSEPEEENVGNDTKAVIKALDEKIAKYQKFLDKAKA,0,-2.219804133,-3.175002485,,,,131161,94,11,3,0,0,0,36,3,108,sp|Q13823|NOG2_HUMAN,100.0,36.0,0.0,0.0,1.0,36.0,581.0,616.0,1.31e-17,72.8,,,,,"('IAKYQKF', 26, 32)",1,IAKYQKF,26,32,0,...[FWY]..[WFY]
131883,PLRLDRCYSTPSSCLEQPDSCQPYGSSFYALEEKHVGFS,0,-0.130645641,-1.796337375,,,,131989,723,360,60,0,0,0,36,3,1143,sp|Q6P3W6|NBPFA_HUMAN,100.0,36.0,0.0,0.0,1.0,36.0,786.0,821.0,2.03e-20,80.5,,,,,"('GSSFYAL', 24, 30)",1,GSSFYAL,24,30,0,...[FWY]..[LVI]
131937,PLRNPSCPMIPLYRNLPDLSCNKA,0,-2.76850309,-2.849232324,,,,132043,75,6,3,0,0,0,21,3,84,sp|P14384|CBPM_HUMAN,88.889,18.0,2.0,0.0,1.0,18.0,407.0,424.0,1.7e-05,37.4,,,,,"('IPLYRNL', 9, 15)",1,IPLYRNL,9,15,0,...[FWY]..[LVI]
132003,PLRPSCSLLKELHVGENQIEMLRHILNILIQFLCWT,0,-5.464496903,-2.737871215,,,,132109,162,2,7,0,0,0,33,3,171,sp|Q9H9A6|LRC40_HUMAN,68.75,32.0,5.0,1.0,1.0,27.0,262.0,293.0,2.82e-07,43.1,,,,,"('LIQFLCW', 28, 34)",1,LIQFLCW,28,34,0,...[FWY]..[WFY]
132242,PLRDSFFLPLKVSDYSETLRSFLQAAQQDLGALLEQHSI,0,-4.499686331,-3.580415565,,,,132348,83,2,2,0,0,0,36,3,87,sp|Q9UQQ1|NALDL_HUMAN,100.0,36.0,0.0,0.0,1.0,36.0,581.0,616.0,3.73e-18,74.3,,,,,"('DSFFLPL', 3, 9)",1,DSFFLPL,3,9,0,...[FWY]..[LVI]
132407,PLRSSFNIQIGSEEEVYISHIYSPQKFYCQLGRNNKDLE,0,-0.710787592,-3.605961173,,,,132513,1225,408,29,0,0,0,36,3,1662,sp|B5MCY1|TDR15_HUMAN,100.0,36.0,0.0,0.0,1.0,36.0,957.0,992.0,1.82e-19,77.8,,,,,"('QKFYCQL', 24, 30)",1,QKFYCQL,24,30,0,...[FWY]..[LVI]
132535,PLRDSFTDRGQEPGLTAFLEVSFTEPPGDDKPRESACLP,0,-4.637716482,-5.303408217,,,,132641,137,3,1,0,0,0,36,3,141,sp|Q6UB99|ANR11_HUMAN,100.0,36.0,0.0,0.0,1.0,36.0,1306.0,1341.0,1.41e-19,78.2,,,,,"('LTAFLEV', 14, 20)",1,LTAFLEV,14,20,0,...[FWY]..[LVI]
133015,PLRAWGLEMNCDTNPLEAGLEYFVKLNKPADFIGKQALK,0,-0.057532704,-0.249770253,,,,133121,231,121,56,0,0,0,36,3,408,sp|Q9UI17|M2GD_HUMAN,100.0,36.0,0.0,0.0,1.0,36.0,726.0,761.0,6.060000000000001e-21,82.0,,,,,"('LEYFVKL', 19, 25)",1,LEYFVKL,19,25,0,...[FWY]..[LVI]
133412,PLRTSIVLFLNKKDIFQEKVTKVHLSICFPEYTGPNTFE,0,-4.224182574,-3.790338635,,,,133519,240,7,5,0,0,0,36,3,252,sp|A8MTJ3|GNAT3_HUMAN,100.0,36.0,0.0,0.0,1.0,36.0,262.0,297.0,9.18e-20,78.2,,,,,"('SICFPEY', 25, 31)",1,SICFPEY,25,31,0,...[FWY]..[WFY]
133615,PLRASKKAGISYIVYPKKKKMRWKKRLKQQKLIFVHEEL,0,-4.353465591,-4.434194824,,,,133722,75,2,1,0,0,0,36,3,78,sp|O60224|SSX4_HUMAN,36.667,30.0,19.0,0.0,7.0,36.0,151.0,180.0,0.84,25.0,,,,,"('GISYIVY', 8, 14)",1,GISYIVY,8,14,0,...[FWY]..[WFY]
133629,PLRASKKQAKRNAAEKFLAKFSNISPENHISLTNVVGHS,0,-0.13386543,-1.499996883,,,,133736,157,78,16,0,0,0,36,3,251,sp|O75569|PRKRA_HUMAN,100.0,36.0,0.0,0.0,1.0,36.0,175.0,210.0,2.76e-18,73.9,,,,,"('LAKFSNI', 17, 23)",1,LAKFSNI,17,23,0,...[FWY]..[LVI]
133759,PLRASKTKDRIREKAVSWPLLLPLFLVPPSLMTSLHQQ,0,-3.616499996,-1.527304229,,,,133866,90,4,9,0,0,0,35,3,103,sp|Q9BRR8|GPTC1_HUMAN,100.0,12.0,0.0,0.0,1.0,12.0,117.0,128.0,0.19,26.9,,,,,"('AVSWPLL', 14, 20)",1,AVSWPLL,14,20,0,...[FWY]..[LVI]
133926,PLRTSLAEKLLSHGAHIEALDKDNNTPLLFAIICKKEKM,0,-0.51521962,-8.218000673,,,,134033,1033,394,1,0,0,0,36,3,1428,sp|Q4UJ75|A20A4_HUMAN,100.0,36.0,0.0,0.0,1.0,36.0,146.0,181.0,4.86e-19,76.6,,,,,"('PLLFAII', 26, 32)",1,PLLFAII,26,32,0,...[FWY]..[LVI]
134087,PLRSSGQMAPSSSNKSGETNPVQIYIGLLQQLLAGVGGL,0,-4.04747904,-3.128208273,,,,134194,91,3,3,0,0,0,36,3,97,sp|Q5VYK3|ECM29_HUMAN,100.0,36.0,0.0,0.0,1.0,36.0,635.0,670.0,8.39e-18,73.2,,,,,"('VQIYIGL', 21, 27)",1,VQIYIGL,21,27,0,...[FWY]..[LVI]
134778,PLRSSIASEFGVRGYPTIKLLKGDFAYNYRGPRTKDDII,0,-5.233171357,-5.898863091,,,,134886,207,3,1,0,0,0,36,3,211,sp|Q96JJ7|TMX3_HUMAN,97.222,36.0,1.0,0.0,1.0,36.0,88.0,123.0,3.33e-19,77.0,,,,,"('VRGYPTI', 11, 17)",1,VRGYPTI,11,17,0,...[FWY]..[LVI]
134866,PLRPSIGAACVCFLVLLGLDSLKLRVDMKVANIILSYKC,0,-3.361686097,-2.442415331,,,,134975,132,7,7,0,0,0,36,3,146,sp|Q96JI7|SPTCS_HUMAN,97.222,36.0,1.0,0.0,1.0,36.0,1248.0,1283.0,9.07e-19,75.9,,,,,"('CVCFLVL', 9, 15)",1,CVCFLVL,9,15,0,...[FWY]..[LVI]
134927,PLRTSIILFLNKKDLFEEKIKRSPLTICYPEYTGSNTYD,0,-3.914723831,-4.580415565,,,,135036,83,3,1,0,0,0,36,3,87,sp|P08754|GNAI3_HUMAN,97.222,36.0,1.0,0.0,1.0,36.0,262.0,297.0,5.67e-19,76.3,,,,,"('TICYPEY', 25, 31)",1,TICYPEY,25,31,0,...[FWY]..[WFY]
135016,PLRSSLEHGSDVYLLRKMVEEVFDVLYSEALGRASVVPL,0,-0.158277678,-2.966927366,,,,135125,217,106,8,0,0,0,36,3,331,sp|Q9UHL9|GT2D1_HUMAN,100.0,36.0,0.0,0.0,1.0,36.0,117.0,152.0,6.81e-18,73.6,,,,,"('EEVFDVL', 19, 25)",1,EEVFDVL,19,25,0,...[FWY]..[LVI]
135120,PLRQQVSIEAIQEVEMLPRPPKVTKEEYFQLHHQMHYSQ,0,-1.960152863,-5.898863091,,,,135229,414,58,2,0,0,0,36,3,474,sp|P11532|DMD_HUMAN,97.222,36.0,1.0,0.0,1.0,36.0,241.0,276.0,1.34e-18,75.5,,,,,"('KEEYFQL', 24, 30)",1,KEEYFQL,24,30,0,...[FWY]..[LVI]
135578,PLRSSLPNTNAFTVVISHMNVRNVGRPLALPLTLLFIF,0,-4.135874156,-5.216603389,,,,135688,129,4,1,0,0,0,35,3,134,sp|Q8IYI8|ZN440_HUMAN,45.0,40.0,14.0,2.0,1.0,34.0,552.0,589.0,0.011,30.4,,,,,"('TNAFTVV', 8, 14)",1,TNAFTVV,8,14,0,...[FWY]..[LVI]
135988,PLRASSIIGENKNYLELSKLLKKKGTSTFLQRLERGDPV,0,-0.070875644,-4.924194381,,,,136098,316,164,3,0,0,0,36,3,483,sp|Q9Y6X6|MYO16_HUMAN,100.0,36.0,0.0,0.0,1.0,36.0,979.0,1014.0,3.42e-18,74.3,,,,,"('NKNYLEL', 10, 16)",1,NKNYLEL,10,16,0,...[FWY]..[LVI]
136037,PLRSSPKVIAPVRSIFLLVIIKHNQKLVSNN,0,-4.183540589,-3.849232324,,,,136147,100,3,2,0,0,0,28,3,105,sp|Q96JA3|PKHA8_HUMAN,44.0,25.0,14.0,0.0,3.0,27.0,351.0,375.0,2.8,23.1,,,,,"('RSIFLLV', 12, 18)",1,RSIFLLV,12,18,0,...[FWY]..[LVI]
136445,PLRDSPVVPLMLYMPVKIGAFGREMLKRNIGVVVVGFPA,0,-1.726097524,-5.664807752,,,,136555,352,58,2,0,0,0,36,3,412,sp|O15270|SPTC2_HUMAN,97.222,36.0,1.0,0.0,1.0,36.0,465.0,500.0,1.88e-19,77.8,,,,,"('LMLYMPV', 9, 15)",1,LMLYMPV,9,15,0,...[FWY]..[LVI]
136487,PLRESQADTQELYKNIGDCYLLSAPGPHVLLLVIQLGRF,0,-3.362414547,-6.350034377,,,,136597,283,15,1,0,0,0,36,3,299,sp|Q96F15|GIMA5_HUMAN,100.0,36.0,0.0,0.0,1.0,36.0,88.0,123.0,7.51e-20,78.2,,,,,"('QELYKNI', 9, 15)",1,QELYKNI,9,15,0,...[FWY]..[LVI]
136828,PLRITHVYNHSSSEITSLYYDLQGHLFAMEISSGDEFYI,0,-5.233171357,-4.313900591,,,,136938,69,1,1,0,0,0,36,3,71,sp|Q9P273|TEN3_HUMAN,100.0,36.0,0.0,0.0,1.0,36.0,2259.0,2294.0,5.86e-20,79.3,,,,,"('TSLYYDL', 15, 21)",1,TSLYYDL,15,21,0,...[FWY]..[LVI]
137734,PLRPSQPQNSTLRPGPAAPIALVPVFCGLLVAKSLVLSA,0,-2.861612494,-4.112266729,,,,137844,120,9,2,0,0,0,36,3,131,sp|O95944|NCTR2_HUMAN,100.0,36.0,0.0,0.0,1.0,36.0,175.0,210.0,4.06e-18,73.2,,,,,"('VPVFCGL', 22, 28)",1,VPVFCGL,22,28,0,...[FWY]..[LVI]
137781,PLRSSQRPFQNLLTMKVVGQRVVCCHALLLACHLLFFH,0,-0.577624201,-4.506004827,,,,137891,2286,835,29,0,0,0,35,3,3150,sp|Q9P2G9|KLHL8_HUMAN,44.0,25.0,13.0,1.0,10.0,34.0,69.0,92.0,0.09,27.7,,,,,"('QRPFQNL', 5, 11)",1,QRPFQNL,5,11,0,...[FWY]..[LVI]
138104,PLRTSRIATRKTPFGEGSKTWDHFQMRIHKQLIDLHSPS,0,-4.190736091,-3.271465324,,,,138214,134,4,4,0,0,0,36,3,142,sp|P60866|RS20_HUMAN,86.111,36.0,5.0,0.0,1.0,36.0,60.0,95.0,1.2e-17,68.9,,,,,"('SKTWDHF', 17, 23)",1,SKTWDHF,17,23,0,...[FWY]..[WFY]
138458,PLRSSRVQYVVDHAMKIVFLNTDPSIVMTYDAVQNVHSV,0,-6.099635012,-4.042860722,,,,138568,629,5,11,0,0,0,36,3,645,sp|Q9H1A4|APC1_HUMAN,100.0,36.0,0.0,0.0,1.0,36.0,233.0,268.0,5.26e-19,76.6,,,,,"('VMTYDAV', 26, 32)",1,VMTYDAV,26,32,0,...[FWY]..[LVI]
138830,PLRTSSGPSPRDSLAEKPYCSQVDFIYLRNVVVALPLI,0,-3.101926824,-3.182656057,,,,138940,63,4,2,0,0,0,35,3,69,sp|Q5T7B8|KIF24_HUMAN,100.0,24.0,0.0,0.0,1.0,24.0,925.0,948.0,2.42e-11,54.7,,,,,"('QVDFIYL', 21, 27)",1,QVDFIYL,21,27,0,...[FWY]..[LVI]
138904,PLRDSSIMMLTSDQKPDVMYADIGGMDIQKQEVREAVEL,0,-5.932001822,-2.690802961,,,,139014,112,1,5,0,0,0,36,3,118,sp|P43686|PRS6B_HUMAN,100.0,36.0,0.0,0.0,1.0,36.0,148.0,183.0,2.31e-18,74.7,,,,,"('DVMYADI', 16, 22)",1,DVMYADI,16,22,0,...[FWY]..[LVI]
138980,PLRPSSLAAQLLILENFEDALLNISANSPYIPYLACVRN,0,-2.219982585,-5.405048479,,,,139090,735,86,5,0,0,0,36,3,826,sp|Q86UK0|ABCAC_HUMAN,100.0,36.0,0.0,0.0,1.0,36.0,348.0,383.0,2.62e-18,74.7,,,,,"('NSPYIPY', 26, 32)",1,NSPYIPY,26,32,0,...[FWY]..[WFY]
139116,PLRRNNYASVECGAKILAANPEAKSTSAILIENMDLYML,0,-4.347039321,-5.012731056,,,,139226,448,12,4,0,0,0,36,3,464,sp|Q9UBS9|SUCO_HUMAN,100.0,36.0,0.0,0.0,1.0,36.0,307.0,342.0,9.55e-18,73.2,,,,,"('RNNYASV', 3, 9)",1,RNNYASV,3,9,0,...[FWY]..[LVI]
139117,PLRLAANPEAKSTSAILIENMDLYMLNPCSTKIWFVIEL,0,-6.051437053,-5.717128788,,,,139227,365,3,2,0,0,0,36,3,370,sp|Q9UBS9|SUCO_HUMAN,100.0,36.0,0.0,0.0,1.0,36.0,320.0,355.0,1.97e-19,77.8,,,,,"('TKIWFVI', 30, 36)",1,TKIWFVI,30,36,0,...[FWY]..[LVI]
139124,PLRASSNGKDYGKDYTLIFHLQRKPRLELQIKEVDEFGN,0,-5.550911655,-2.631640889,,,,139234,172,2,8,0,0,0,36,3,182,sp|Q6ZMT9|DTHD1_HUMAN,100.0,36.0,0.0,0.0,1.0,36.0,572.0,607.0,6.93e-20,79.0,,,,,"('GKDYTLI', 11, 17)",1,GKDYTLI,11,17,0,...[FWY]..[LVI]
139513,PLRMSSSSWLLLSLVAVTAAQSTIEEQAKTFLDKFNHEA,0,-4.13747094,-3.218200174,,,,139623,226,7,7,0,0,0,36,3,240,sp|Q9BYF1|ACE2_HUMAN,100.0,36.0,0.0,0.0,1.0,36.0,1.0,36.0,1.39e-17,72.4,,,,,"('SSSWLLL', 5, 11)",1,SSSWLLL,5,11,0,...[FWY]..[LVI]
139694,PLRDSSWSPLAPRKYLSNDSMNLPPDRPGLLSLSVSPEV,0,-1.240124118,-3.905815852,,,,139804,52,12,1,0,0,0,36,3,65,sp|Q8NDN9|RCBT1_HUMAN,50.0,24.0,11.0,1.0,11.0,33.0,426.0,449.0,0.58,25.8,,,,,"('DSSWSPL', 3, 9)",1,DSSWSPL,3,9,0,...[FWY]..[LVI]
140145,PLRDSTQVNVPRCLHFSGVGKVRQAACGGTGCVVLNGEG,0,-0.856629087,-0.058373721,,,,140255,289,87,80,0,0,0,36,3,456,sp|Q96I51|RCC1L_HUMAN,97.222,36.0,1.0,0.0,1.0,36.0,320.0,355.0,2.01e-18,75.1,,,,,"('CLHFSGV', 12, 18)",1,CLHFSGV,12,18,0,...[FWY]..[LVI]
140736,PLRTTAIEIMDDCSTNCNGNGECISGHCHCFPGFLGPDC,0,-0.996603706,-3.462763977,,,,140846,765,209,20,0,0,0,36,3,994,sp|Q9UKZ4|TEN1_HUMAN,100.0,36.0,0.0,0.0,1.0,36.0,523.0,558.0,8.190000000000001e-21,81.6,,,,,"('CHCFPGF', 27, 33)",1,CHCFPGF,27,33,0,...[FWY]..[WFY]
140929,PLRATAQTVLDDGSIDYGIFQINSFAWCRRGKLKENNHC,0,-2.347039321,-3.012731056,,,,141039,56,6,2,0,0,0,36,3,64,sp|Q6UWQ5|LYZL1_HUMAN,100.0,35.0,0.0,0.0,2.0,36.0,60.0,94.0,6.490000000000001e-21,77.8,,,,,"('SIDYGIF', 13, 19)",1,SIDYGIF,13,19,0,...[FWY]..[WFY]
141103,PLRTTAYYRGAMGFILMYDITNEESFNAVQDWSTQIKTY,0,-1.323955708,-5.159572444,,,,141213,124,27,1,0,0,0,36,3,152,sp|Q96E17|RAB3C_HUMAN,100.0,36.0,0.0,0.0,1.0,36.0,96.0,131.0,1.46e-20,79.0,,,,,"('EESFNAV', 22, 28)",1,EESFNAV,22,28,0,...[FWY]..[LVI]
141804,PLRPSVTSQEWVFQMLSRQNNYTVNNKRNGVAKVNIFFK,0,-5.061284839,-7.726976574,,,,141914,735,12,1,0,0,0,36,3,748,sp|P37088|SCNNA_HUMAN,100.0,36.0,0.0,0.0,1.0,36.0,494.0,529.0,1.9e-19,77.8,,,,,"('EWVFQML', 9, 15)",1,EWVFQML,9,15,0,...[FWY]..[LVI]
141886,PLRTSWASFHNGVAAGLKIAPASQIVYNKPKHAE,0,-0.437529855,-1.933296588,,,,141996,159,64,12,0,0,0,31,3,235,sp|Q9H1A4|APC1_HUMAN,86.111,36.0,0.0,1.0,1.0,31.0,1132.0,1167.0,3.28e-14,62.8,,,,,"('RTSWASF', 2, 8)",1,RTSWASF,2,8,0,...[FWY]..[WFY]
141929,PLRTSWEEQRASHETLFCTKPLHQVFASFTRKGEKLDMS,0,-2.692331409,-1.995453064,,,,142039,83,7,6,0,0,0,36,3,96,sp|Q9BU64|CENPO_HUMAN,100.0,36.0,0.0,0.0,1.0,36.0,262.0,297.0,1.79e-20,79.7,,,,,"('HQVFASF', 22, 28)",1,HQVFASF,22,28,0,...[FWY]..[WFY]
141952,PLRTSWILGVLLALVHLVLLLPLSFCGPQKLNHFFCEIM,0,-6.279465009,-3.360194243,,,,142062,285,2,8,0,0,0,36,3,295,sp|A4D2G3|O2A25_HUMAN,100.0,36.0,0.0,0.0,1.0,36.0,146.0,181.0,1.11e-18,75.1,,,,,"('NHFFCEI', 31, 37)",1,NHFFCEI,31,37,0,...[FWY]..[LVI]
142117,PLRETCGKSFASKEYLKHHNRIHTGSKPFKCEVCFRTFA,0,-1.286579111,-4.166714513,,,,142227,810,181,13,0,0,0,36,3,1004,sp|Q9H116|GZF1_HUMAN,100.0,36.0,0.0,0.0,1.0,36.0,494.0,529.0,5.6e-20,79.3,,,,,"('EVCFRTF', 31, 37)",1,EVCFRTF,31,37,0,...[FWY]..[WFY]
142128,PLRETCKSITYSLENKTYSSVRTEALSVIELLLKKLEES,0,-0.981688946,-1.883448039,,,,142238,384,106,30,0,0,0,36,3,520,sp|Q5VYK3|ECM29_HUMAN,100.0,36.0,0.0,0.0,1.0,36.0,1766.0,1801.0,7.83e-17,70.5,,,,,"('NKTYSSV', 14, 20)",1,NKTYSSV,14,20,0,...[FWY]..[LVI]
142479,PLRPTDSEGRYFIDRDGTHFGDVLNFLRSGDLPPRERVR,0,-2.490667579,-4.844415307,,,,142590,299,29,3,0,0,0,36,3,331,sp|Q96MP8|KCTD7_HUMAN,100.0,36.0,0.0,0.0,1.0,36.0,88.0,123.0,7.14e-20,77.8,,,,,"('GTHFGDV', 16, 22)",1,GTHFGDV,16,22,0,...[FWY]..[LVI]
142662,PLRFRGLALKYLLTPVNFFQAGYSSRRFDQQVEKYHKPC,0,-2.013730999,-7.060244517,,,,142774,926,125,2,0,0,0,36,3,1053,sp|Q9H816|DCR1B_HUMAN,100.0,36.0,0.0,0.0,1.0,36.0,497.0,532.0,6.3900000000000004e-21,82.0,,,,,"('PLRFRGL', 0, 6)",1,PLRFRGL,0,6,0,...[FWY]..[LVI]
142670,PLRTTEGASIGMERDTANEAETHSVLLTAVESRYDFVVP,0,-3.203598242,-2.699364975,,,,142782,338,20,15,0,0,0,36,3,373,sp|Q96KC9|CABS1_HUMAN,97.222,36.0,1.0,0.0,1.0,36.0,291.0,326.0,1.02e-17,72.8,,,,,"('ESRYDFV', 30, 36)",1,ESRYDFV,30,36,0,...[FWY]..[LVI]
143105,PLRDTFRFRVTAPPYFSPLYTFPIHIGGDPDAPVLTNVL,0,-0.36435187,-3.179790724,,,,143217,503,213,16,0,0,0,36,3,732,sp|Q6UVK1|CSPG4_HUMAN,100.0,36.0,0.0,0.0,1.0,36.0,871.0,906.0,1.24e-19,78.6,,,,,"('PPYFSPL', 12, 18)",1,PPYFSPL,12,18,0,...[FWY]..[LVI]
143133,PLRTTFTGEPNTCPRCSKKVYFAEKVTSLGKDWPAVPAS,0,-4.01541783,-4.681109565,,,,143245,89,3,1,0,0,0,36,3,93,sp|P52943|CRIP2_HUMAN,100.0,30.0,0.0,0.0,1.0,30.0,117.0,146.0,9.17e-16,65.9,,,,,"('GKDWPAV', 29, 35)",1,GKDWPAV,29,35,0,...[FWY]..[LVI]
143821,PLRPTIFSKDSCYLPPLRYPAICTFKGSLESEKHQYIIH,0,-2.699555736,-5.365247471,,,,143934,143,12,1,0,0,0,36,3,156,sp|P55895|RAG2_HUMAN,97.222,36.0,1.0,0.0,1.0,36.0,59.0,94.0,1.8e-19,77.8,,,,,"('PLRYPAI', 15, 21)",1,PLRYPAI,15,21,0,...[FWY]..[LVI]
143841,PLRTTIIITVMDKDKLSRNDVIGKIYLSWKSGQGR,0,-6.494462324,-5.897119653,,,,143954,1654,10,8,0,0,0,32,3,1672,sp|O43581|SYT7_HUMAN,93.75,32.0,2.0,0.0,1.0,32.0,349.0,380.0,3.21e-14,62.8,,,,,"('GKIYLSW', 22, 28)",1,GKIYLSW,22,28,0,...[FWY]..[WFY]
144225,PLRATKQTSGATTEADWVPLELCFGIPLFSSELNRKVCR,0,-3.202649412,-5.453303647,,,,144339,152,9,1,0,0,0,36,3,162,sp|Q658Y4|F91A1_HUMAN,100.0,36.0,0.0,0.0,1.0,36.0,707.0,742.0,5.14e-21,82.4,,,,,"('EADWVPL', 13, 19)",1,EADWVPL,13,19,0,...[FWY]..[LVI]
144253,PLRTTKSPASSASGPRPTYKPPVSNYPGYPKPEEGILDS,0,-5.410049119,-5.490778353,,,,144367,156,2,1,0,0,0,36,3,159,sp|P15529|MCP_HUMAN,100.0,36.0,0.0,0.0,1.0,36.0,306.0,341.0,1.15e-17,72.8,,,,,"('VSNYPGY', 22, 28)",1,VSNYPGY,22,28,0,...[FWY]..[WFY]
144313,PLRETMGGYCGYLANMGGLAAGADAAYIFEEPFDIRDLQ,0,-2.627147241,-2.707876474,,,,144427,68,6,3,0,0,0,36,3,77,sp|Q01813|PFKAP_HUMAN,100.0,36.0,0.0,0.0,1.0,36.0,581.0,616.0,2.42e-20,80.5,,,,,"('MGGYCGY', 5, 11)",1,MGGYCGY,5,11,0,...[FWY]..[WFY]
144683,PLRDTLNATYRVTFDRTGLGTHTIPDYEVLSNEPHETMP,0,-4.468942808,-6.549672042,,,,144797,325,8,1,0,0,0,36,3,334,sp|Q5TKA1|LIN9_HUMAN,100.0,36.0,0.0,0.0,1.0,36.0,246.0,281.0,2.54e-20,80.5,,,,,"('IPDYEVL', 23, 29)",1,IPDYEVL,23,29,0,...[FWY]..[LVI]
144830,PLRSTLSKNILTLIELPSVNTMEEEYPRIESESTVHIGV,0,-1.008623104,-5.870712051,,,,144944,406,110,2,0,0,0,36,3,518,sp|Q96Q15|SMG1_HUMAN,100.0,36.0,0.0,0.0,1.0,36.0,1559.0,1594.0,8.12e-18,73.2,,,,,"('EEEYPRI', 22, 28)",1,EEEYPRI,22,28,0,...[FWY]..[LVI]
144838,PLRSTLSNWAYEFDKWAPSVVKVSYKGSPAARRAFVPQL,0,-2.258502647,-2.509156882,,,,144952,79,9,4,0,0,0,36,3,92,sp|P51532|SMCA4_HUMAN,100.0,36.0,0.0,0.0,1.0,36.0,813.0,848.0,1.91e-19,77.8,,,,,"('AYEFDKW', 9, 15)",1,AYEFDKW,9,15,0,...[FWY]..[WFY]
144964,PLRATMAGLAAGADAAYIFEEPFTFVTCRQMLNIWCQK,0,-5.578603389,-3.922367028,,,,145078,263,3,5,0,0,0,35,3,271,sp|P17858|PFKAL_HUMAN,70.0,20.0,6.0,0.0,1.0,20.0,580.0,599.0,4.09e-05,37.4,,,,,"('EEPFTFV', 19, 25)",1,EEPFTFV,19,25,0,...[FWY]..[LVI]
145127,PLRIATNGVVRGGGAYYLISRSLGPEFGGSIGLIFAFAN,0,-3.510705332,-1.527304229,,,,145242,230,11,23,0,0,0,36,3,264,sp|Q13621|S12A1_HUMAN,97.222,36.0,1.0,0.0,1.0,36.0,233.0,268.0,4.29e-17,71.2,,,,,"('GGAYYLI', 12, 18)",1,GGAYYLI,12,18,0,...[FWY]..[LVI]
145197,PLRSTNPDLYPVRRIDGLTDVSQIITVTVQTGLDQYQQV,0,-6.717103937,-6.797833171,,,,145312,386,2,1,0,0,0,36,3,389,sp|Q8NA54|IQUB_HUMAN,100.0,36.0,0.0,0.0,1.0,36.0,204.0,239.0,4.67e-18,73.9,,,,,"('LDQYQQV', 32, 38)",1,LDQYQQV,32,38,0,...[FWY]..[LVI]
145430,PLRDTPIEEFTPTPAFPALQYLESVDEGGVAWQAGLRTG,0,-2.339659791,-2.642781446,,,,145545,65,7,3,0,0,0,36,3,75,sp|Q9UPX8|SHAN2_HUMAN,100.0,36.0,0.0,0.0,1.0,36.0,268.0,303.0,1.06e-19,78.6,,,,,"('TPAFPAL', 12, 18)",1,TPAFPAL,12,18,0,...[FWY]..[LVI]
145635,PLRPEVLQDSLDRCYSTPSGYLELPDLGQPYSSAVYSLE,0,-2.468601301,-3.664807752,,,,145750,132,13,3,0,0,0,36,3,148,sp|Q6P3W6|NBPFA_HUMAN,100.0,36.0,0.0,0.0,1.0,36.0,704.0,739.0,5.51e-19,76.6,,,,,"('PSGYLEL', 17, 23)",1,PSGYLEL,17,23,0,...[FWY]..[LVI]
145749,PLRETQAELQKKEAKINELQAELQAFKSQFGALPADCNI,0,-7.314471459,-5.395200693,,,,145864,292,1,2,0,0,0,36,3,295,sp|Q9NSV4|DIAP3_HUMAN,100.0,36.0,0.0,0.0,1.0,36.0,525.0,560.0,5.98e-18,73.6,,,,,"('KSQFGAL', 26, 32)",1,KSQFGAL,26,32,0,...[FWY]..[LVI]
146419,PLRTTSHTDQSSRLSVKEDPSYDSVRRGAWGNNMNSGLN,0,-1.547858331,-4.088019183,,,,146534,59,11,1,0,0,0,36,3,71,sp|Q01543|FLI1_HUMAN,100.0,36.0,0.0,0.0,1.0,36.0,204.0,239.0,5.49e-19,76.6,,,,,"('DPSYDSV', 18, 24)",1,DPSYDSV,18,24,0,...[FWY]..[LVI]
146518,PLRTTSNIASFEEAFICLQKLMAAVRDILEGIQRILAPN,0,-8.442059514,-7.522788748,,,,146633,638,1,1,0,0,0,36,3,640,sp|Q5T5J6|SWT1_HUMAN,100.0,36.0,0.0,0.0,1.0,36.0,784.0,819.0,1.4e-18,75.5,,,,,"('EEAFICL', 11, 17)",1,EEAFICL,11,17,0,...[FWY]..[LVI]
146536,PLRTTSPFSLFPPPPLAKALNLAILLGCLTICPALDSQS,0,-6.85935652,-2.940085754,,,,146651,213,1,8,0,0,0,36,3,222,sp|Q496Y0|LONF3_HUMAN,51.852,27.0,13.0,0.0,9.0,35.0,219.0,245.0,2.5,23.9,,,,,"('TSPFSLF', 4, 10)",1,TSPFSLF,4,10,0,...[FWY]..[WFY]
146607,PLRTTSSATVNNPFLPSEDQVSKTSIGWLRLLHHCLTHI,0,-6.981072429,-7.061801662,,,,146722,927,4,2,0,0,0,36,3,933,sp|Q9NR09|BIRC6_HUMAN,100.0,36.0,0.0,0.0,1.0,36.0,3306.0,3341.0,1.41e-19,78.2,,,,,"('SIGWLRL', 24, 30)",1,SIGWLRL,24,30,0,...[FWY]..[LVI]
146856,PLRPTTFATLDIDGVRKIIFALPGNPVSAVVTCNLFVVP,0,-5.050646319,-6.453303647,,,,146971,1520,25,5,0,0,0,36,3,1550,sp|Q9NQX3|GEPH_HUMAN,100.0,36.0,0.0,0.0,1.0,36.0,606.0,641.0,3.23e-18,74.3,,,,,"('PTTFATL', 3, 9)",1,PTTFATL,3,9,0,...[FWY]..[LVI]
148484,PLRAVASYFLSDYNIVCSSEIKRQVVETMGLFHDMVSES,0,-3.212109741,-2.877801476,,,,148602,51,3,2,0,0,0,36,3,56,sp|Q96JB1|DYH8_HUMAN,100.0,36.0,0.0,0.0,1.0,36.0,2988.0,3023.0,3.32e-19,77.0,,,,,"('LSDYNIV', 9, 15)",1,LSDYNIV,9,15,0,...[FWY]..[LVI]
148513,PLRTVATQTQFFHVKVLNINLKRKFIKKRIIIISNYSKR,0,-5.77689436,-7.442586095,,,,148631,1207,12,2,0,0,0,36,3,1221,sp|Q6K0P9|IFIX_HUMAN,100.0,36.0,0.0,0.0,1.0,36.0,242.0,277.0,3.19e-18,74.3,,,,,"('QTQFFHV', 7, 13)",1,QTQFFHV,7,13,0,...[FWY]..[LVI]
148633,PLRTVCDCGRYRKFVGQLDISIARLKTSMKFVKNVIAGI,0,-5.309522243,-5.390251477,,,,148751,291,4,2,0,0,0,36,3,297,sp|Q9Y6Z7|COL10_HUMAN,100.0,36.0,0.0,0.0,1.0,36.0,117.0,152.0,2.41e-20,79.0,,,,,"('CGRYRKF', 7, 13)",1,CGRYRKF,7,13,0,...[FWY]..[WFY]
149034,PLRSVDPAPPAEERDVGRLREALLDESRPLFERYRAMFA,0,-4.301235632,-4.381964866,,,,149152,217,6,3,0,0,0,36,3,226,sp|Q9BU89|DOHH_HUMAN,100.0,36.0,0.0,0.0,1.0,36.0,146.0,181.0,2.42e-18,73.9,,,,,"('RPLFERY', 27, 33)",1,RPLFERY,27,33,0,...[FWY]..[WFY]
149265,PLRTVEGPQPAEGPQTAEGPQPPERKRRRRTAFTQFQLQ,0,-4.212109741,-7.100193897,,,,149383,476,14,1,0,0,0,36,3,491,sp|Q8N693|ESX1_HUMAN,100.0,36.0,0.0,0.0,1.0,36.0,117.0,152.0,2.42e-17,71.6,,,,,"('RTAFTQF', 29, 35)",1,RTAFTQF,29,35,0,...[FWY]..[WFY]
149616,PLRITQLLGTVNSENMDTFYRRGISYFGTLKFSDPNNVA,0,-4.240124118,-3.905815852,,,,149734,104,3,2,0,0,0,36,3,109,sp|Q6IE36|OVOS2_HUMAN,97.143,35.0,1.0,0.0,1.0,35.0,323.0,357.0,8.74e-18,73.2,,,,,"('ISYFGTL', 23, 29)",1,ISYFGTL,23,29,0,...[FWY]..[LVI]
150621,PLRDVIGNKSVVQVKNFFVNYRRRSTLIKFYKNGRQNM,0,-3.866113887,-2.624915025,,,,150741,107,4,5,0,0,0,35,3,116,sp|Q9UKL0|RCOR1_HUMAN,100.0,21.0,0.0,0.0,1.0,21.0,410.0,430.0,6.11e-08,45.1,,,,,"('KNFFVNY', 14, 20)",1,KNFFVNY,14,20,0,...[FWY]..[WFY]
150945,PLRDVIVHRLLAVAIGADCTYPELTDKHKLADICKNLNF,0,-6.410049119,-5.490778353,,,,151065,156,1,1,0,0,0,36,3,158,sp|Q9Y2L1|RRP44_HUMAN,100.0,36.0,0.0,0.0,1.0,36.0,784.0,819.0,2.48e-20,80.5,,,,,"('DCTYPEL', 17, 23)",1,DCTYPEL,17,23,0,...[FWY]..[LVI]
151114,PLRTVKGQSEDPGSLLSLFRRLSDQRSKERSLLHGDFHA,0,-0.454215057,-3.355123253,,,,151234,284,113,8,0,0,0,36,3,405,sp|P08195|4F2_HUMAN,100.0,36.0,0.0,0.0,1.0,36.0,508.0,543.0,1.4e-18,75.5,,,,,"('LSLFRRL', 15, 21)",1,LSLFRRL,15,21,0,...[FWY]..[LVI]
151178,PLRSVKKESEDPNYYQYNMQGSHPSSTSNEVIEMELPME,0,-6.219164499,-4.884856233,,,,151298,410,3,4,0,0,0,36,3,417,sp|Q6EKJ0|GTD2B_HUMAN,100.0,36.0,0.0,0.0,1.0,36.0,233.0,268.0,4.44e-19,76.6,,,,,"('DPNYYQY', 10, 16)",1,DPNYYQY,10,16,0,...[FWY]..[WFY]
151239,PLRPVKNDFFLVSTMKTPRTMHTSVMALDRLFVIGGKTP,0,-3.919062766,-4.999792,,,,151359,111,4,1,0,0,0,36,3,116,sp|Q8NAB2|KBTB3_HUMAN,100.0,35.0,0.0,0.0,1.0,35.0,378.0,412.0,1.86e-19,77.8,,,,,"('KNDFFLV', 5, 11)",1,KNDFFLV,5,11,0,...[FWY]..[LVI]
151391,PLRTVLAAGCKQILVPFPPQTAASPDEQKVFALWESGDM,0,-4.504025267,-3.584754501,,,,151511,333,8,8,0,0,0,36,3,349,sp|Q9NVU0|RPC5_HUMAN,100.0,36.0,0.0,0.0,1.0,36.0,610.0,645.0,9.21e-20,79.0,,,,,"('QKVFALW', 27, 33)",1,QKVFALW,27,33,0,...[FWY]..[WFY]
151665,PLRLISIFTVSPNLRPVNEKLEAYILDPRGSRMIEWRHL,0,-4.031537496,-3.112266729,,,,151785,90,3,3,0,0,0,36,3,96,sp|Q8IZJ3|CPMD8_HUMAN,100.0,36.0,0.0,0.0,1.0,36.0,146.0,181.0,4.06e-20,79.7,,,,,"('MIEWRHL', 32, 38)",1,MIEWRHL,32,38,0,...[FWY]..[LVI]
151793,PLRTVLLPLACFCCLPAPTSPLWTTPGLQQSLSFQAEVT,0,-3.952465925,-5.355123253,,,,151914,142,5,1,0,0,0,36,3,148,sp|P32241|VIPR1_HUMAN,56.25,16.0,7.0,0.0,21.0,36.0,440.0,455.0,5.3,23.1,,,,,"('LACFCCL', 8, 14)",1,LACFCCL,8,14,0,...[FWY]..[LVI]
152175,PLRPVLVGLFLSIYMHQNHQENILRTKMQVLLGWSCSLV,0,-1.627147241,-1.707876474,,,,152296,68,12,6,0,0,0,36,3,86,sp|Q6IFN5|O7E24_HUMAN,75.0,12.0,3.0,0.0,1.0,12.0,43.0,54.0,6.6,22.7,,,,,"('VGLFLSI', 6, 12)",1,VGLFLSI,6,12,0,...[FWY]..[LVI]
152957,PLRTVRNGIKHVHCLPAETNVSFKKFNIEEFGKTLENNS,0,-1.156256507,-3.955803988,,,,153080,646,158,12,0,0,0,36,3,816,sp|Q8NFU7|TET1_HUMAN,100.0,36.0,0.0,0.0,1.0,36.0,755.0,790.0,1.38e-19,78.2,,,,,"('NVSFKKF', 19, 25)",1,NVSFKKF,19,25,0,...[FWY]..[WFY]
152971,PLRTVRNSAATAEKWRFRLSYDIVAFAQNACQQVLAQLG,0,-1.96899603,-3.509156882,,,,153094,79,11,2,0,0,0,36,3,92,sp|O43916|CHST1_HUMAN,100.0,36.0,0.0,0.0,1.0,36.0,349.0,384.0,5.99e-19,76.3,,,,,"('RLSYDIV', 17, 23)",1,RLSYDIV,17,23,0,...[FWY]..[LVI]
153301,PLRTVSGLVEDQRYEFRVIARNAAGNFSEPSDSSGAITA,0,-3.693121278,-3.911354036,,,,153424,261,11,5,0,0,0,36,3,277,sp|Q8WZ42|TITIN_HUMAN,100.0,36.0,0.0,0.0,1.0,36.0,25590.0,25625.0,5.76e-18,73.6,,,,,"('RYEFRVI', 12, 18)",1,RYEFRVI,12,18,0,...[FWY]..[LVI]
153328,PLRQWLVSFAEESAFSTVLSISHKSRYCGHRFHLNDLAC,0,-5.122140045,-7.37279428,,,,153451,575,9,1,0,0,0,36,3,585,sp|Q9Y485|DMXL1_HUMAN,100.0,36.0,0.0,0.0,1.0,36.0,610.0,645.0,5.06e-20,79.3,,,,,"('ESAFSTV', 11, 17)",1,ESAFSTV,11,17,0,...[FWY]..[LVI]
153397,PLRVSKIVASMWDGLGEEQKQVYQKKTEAAKKEYLKQLA,0,-0.309789647,-4.303408217,,,,153520,548,241,8,0,0,0,36,3,797,sp|O94900|TOX_HUMAN,97.222,36.0,1.0,0.0,1.0,36.0,291.0,326.0,1.13e-18,75.9,,,,,"('ASMWDGL', 8, 14)",1,ASMWDGL,8,14,0,...[FWY]..[LVI]
153627,PLRLTKAVGGNEAAAIFNSAFGSFLVSKHSLTCLLQLLL,0,-5.410049119,-6.075740853,,,,153750,234,3,1,0,0,0,36,3,238,sp|Q0GE19|NTCP7_HUMAN,100.0,22.0,0.0,0.0,1.0,22.0,124.0,145.0,1.57e-08,47.0,,,,,"('NSAFGSF', 17, 23)",1,NSAFGSF,17,23,0,...[FWY]..[WFY]
153639,PLRSVSSGGDCIRTYKPEIKKGSYNNIVVNVKTAVADNL,0,-2.129512655,-6.419695255,,,,153762,1188,148,4,0,0,0,36,3,1340,sp|P24043|LAMA2_HUMAN,100.0,36.0,0.0,0.0,1.0,36.0,2147.0,2182.0,1.12e-18,75.5,,,,,"('KGSYNNI', 20, 26)",1,KGSYNNI,20,26,0,...[FWY]..[LVI]
153713,PLRPVSVAISLEGVHVIDSREKHVLLGLRFQELSWDHTS,0,-5.264198253,-6.929889987,,,,153836,423,6,1,0,0,0,36,3,430,sp|Q9BZ67|FRMD8_HUMAN,100.0,36.0,0.0,0.0,1.0,36.0,291.0,326.0,1.27e-18,75.5,,,,,"('GLRFQEL', 26, 32)",1,GLRFQEL,26,32,0,...[FWY]..[LVI]
153730,PLREVPEQPSAQPLPGSPPRRAYYIYSGGEKIPLVLSRP,0,-3.852567355,-3.933296588,,,,153853,106,4,2,0,0,0,36,3,112,sp|O14543|SOCS3_HUMAN,100.0,36.0,0.0,0.0,1.0,36.0,146.0,181.0,1.08e-18,73.9,,,,,"('RRAYYIY', 19, 25)",1,RRAYYIY,19,25,0,...[FWY]..[WFY]
153830,PLRVPIAVGESDFENLNTEEFSSESELEESKEKLNATSS,0,-0.450222772,-1.442415331,,,,153953,198,79,21,0,0,0,36,3,298,sp|Q9NY46|SCN3A_HUMAN,100.0,36.0,0.0,0.0,1.0,36.0,1103.0,1138.0,1.32e-16,69.7,,,,,"('ESDFENL', 9, 15)",1,ESDFENL,9,15,0,...[FWY]..[LVI]
153870,PLRTVPKTEDQRPQLDPYQILGPTSSRLANPGSGQIQLW,0,-6.052424862,-7.133154096,,,,153993,487,4,1,0,0,0,36,3,492,sp|P11308|ERG_HUMAN,100.0,36.0,0.0,0.0,1.0,36.0,279.0,314.0,4.44e-19,76.6,,,,,"('LDPYQIL', 14, 20)",1,LDPYQIL,14,20,0,...[FWY]..[LVI]
154031,PLREIARFYKLHERKCEPIIMTVPRKSDLFQDDLYPDTP,0,-0.975503461,-5.863587617,,,,154154,202,56,1,0,0,0,36,3,259,sp|Q6QEF8|CORO6_HUMAN,100.0,36.0,0.0,0.0,1.0,36.0,332.0,367.0,4.19e-20,79.7,,,,,"('IARFYKL', 4, 10)",1,IARFYKL,4,10,0,...[FWY]..[LVI]
154231,PLRAVQCLHALEEYCPSKDDYSKLCLLLTLPRLTNHAEF,0,-3.422327449,-1.503056682,,,,154354,59,3,6,0,0,0,36,3,68,sp|O94967|WDR47_HUMAN,100.0,36.0,0.0,0.0,1.0,36.0,117.0,152.0,9.17e-20,79.0,,,,,"('KDDYSKL', 17, 23)",1,KDDYSKL,17,23,0,...[FWY]..[LVI]
154385,PLRKALQEIEEKVKRIIALSMGFEEFLIRIWGVDVRNKL,0,-7.728273245,-8.39396498,,,,154509,1167,3,1,0,0,0,36,3,1171,sp|Q13126|MTAP_HUMAN,57.143,14.0,6.0,0.0,21.0,34.0,182.0,195.0,2.8,23.9,,,,,"('SMGFEEF', 19, 25)",1,SMGFEEF,19,25,0,...[FWY]..[WFY]
154684,PLRAVVRDGTNVSYSWTAWRDRGPALAGSGKGFSLTVLE,0,-2.825086618,-1.905815852,,,,154808,52,4,4,0,0,0,36,3,60,sp|P98161|PKD1_HUMAN,100.0,36.0,0.0,0.0,1.0,36.0,1654.0,1689.0,7.3e-19,76.3,,,,,"('SYSWTAW', 12, 18)",1,SYSWTAW,12,18,0,...[FWY]..[WFY]
155398,PLRDWEEWRPTWARNWKPKDVYKNRSIELVQQQNVQLSL,0,-5.961749166,-3.6274409,,,,155523,343,3,8,0,0,0,36,3,354,sp|P38567|HYALP_HUMAN,100.0,36.0,0.0,0.0,1.0,36.0,146.0,181.0,4.65e-20,79.7,,,,,"('LRDWEEW', 1, 7)",1,LRDWEEW,1,7,0,...[FWY]..[WFY]
155522,PLRAVSVVYIYNIFKIDIVLWYRSAFHSTETIVDGKLYD,0,-5.410049119,-4.490778353,,,,155647,78,1,1,0,0,0,36,3,80,sp|Q9HB29|ILRL2_HUMAN,100.0,36.0,0.0,0.0,1.0,36.0,349.0,384.0,2.7e-19,77.4,,,,,"('VYIYNIF', 7, 13)",1,VYIYNIF,7,13,0,...[FWY]..[WFY]
155697,PLRTVTFWVSLQATHCLPEPHLLRLRALGFSEELIVELH,0,-3.334100266,-1.999792,,,,155822,111,6,8,0,0,0,36,3,125,sp|P26010|ITB7_HUMAN,100.0,36.0,0.0,0.0,1.0,36.0,436.0,471.0,5.85e-19,76.6,,,,,"('VTFWVSL', 4, 10)",1,VTFWVSL,4,10,0,...[FWY]..[LVI]
155867,PLRTVTNRGRTVNLKSATWKVLHCTGQVKVYNNCPPHNS,0,-0.064274282,-1.490778353,,,,155992,234,122,24,0,0,0,36,3,380,sp|Q99814|EPAS1_HUMAN,100.0,36.0,0.0,0.0,1.0,36.0,175.0,210.0,2.0000000000000002e-21,83.6,,,,,"('SATWKVL', 15, 21)",1,SATWKVL,15,21,0,...[FWY]..[LVI]
156491,PLRSWGNAPRSREPLRAQLLPPSGLSRPSPCLRAAFPGL,0,-1.541881955,-5.980163193,,,,156617,219,41,1,0,0,0,36,3,261,sp|Q75L30|YG027_HUMAN,54.545,33.0,15.0,0.0,3.0,35.0,18.0,50.0,0.002,32.3,,,,,"('RAAFPGL', 32, 38)",1,RAAFPGL,32,38,0,...[FWY]..[LVI]
156513,PLRTWGRGFACVSRGENQLPVWIPTKHLKFYNEPIRMQ,0,-1.951630629,-3.315293826,,,,156639,518,73,15,0,0,0,35,3,606,sp|P63136|POK25_HUMAN,93.939,33.0,2.0,0.0,1.0,33.0,828.0,860.0,1.66e-18,75.1,,,,,"('GRGFACV', 5, 11)",1,GRGFACV,5,11,0,...[FWY]..[LVI]
156716,PLRPARYRRGFIHNGIMVLPRQTCGLFTHTIFYNEYPGD,0,-0.069417379,-6.884856233,,,,156842,410,213,1,0,0,0,36,3,624,sp|P52848|NDST1_HUMAN,100.0,35.0,0.0,0.0,1.0,35.0,466.0,500.0,1.86e-21,83.6,,,,,"('TIFYNEY', 29, 35)",1,TIFYNEY,29,35,0,...[FWY]..[WFY]
156827,PLRAWLIAICYPEMVMKLIVINFPHPNVFTEYILRHPA,0,-3.914723831,-4.580415565,,,,156953,83,3,1,0,0,0,35,3,87,sp|Q8IUS5|EPHX4_HUMAN,100.0,35.0,0.0,0.0,1.0,35.0,175.0,209.0,2.37e-19,77.0,,,,,"('PNVFTEY', 25, 31)",1,PNVFTEY,25,31,0,...[FWY]..[WFY]
157049,PLRTWNLDTLAFQELKSELTEVPASRILKESPSGYLRSG,0,-4.410049119,-5.075740853,,,,157175,117,3,1,0,0,0,36,3,121,sp|Q99972|MYOC_HUMAN,100.0,36.0,0.0,0.0,1.0,36.0,204.0,239.0,1.49e-18,75.5,,,,,"('TLAFQEL', 8, 14)",1,TLAFQEL,8,14,0,...[FWY]..[LVI]
157199,PLRSWQENISLKELQSRGVCLLKLQVSSQRTGLYGRLLV,0,-6.913637055,-6.257400694,,,,157325,1327,6,5,0,0,0,36,3,1338,sp|P38935|SMBP2_HUMAN,100.0,36.0,0.0,0.0,1.0,36.0,30.0,65.0,4.47e-18,73.9,,,,,"('TGLYGRL', 30, 36)",1,TGLYGRL,30,36,0,...[FWY]..[LVI]
157252,PLRSWQTHRIHNALKGIPDDRDGLFDTIQRSKNHYQKRA,0,-1.797072242,-1.070446554,,,,157378,51,8,7,0,0,0,36,3,66,sp|O00507|USP9Y_HUMAN,100.0,36.0,0.0,0.0,1.0,36.0,2350.0,2385.0,2.7500000000000006e-21,83.2,,,,,"('DGLFDTI', 21, 27)",1,DGLFDTI,21,27,0,...[FWY]..[LVI]
157592,PLRSDMTSRNSSTQLWLITHYHEHGSLYDFLQRQTLEPH,0,-1.598578088,-0.041877402,,,,157718,50,9,14,0,0,0,36,3,73,sp|P37023|ACVL1_HUMAN,100.0,36.0,0.0,0.0,1.0,36.0,262.0,297.0,7.28e-20,79.0,,,,,"('GSLYDFL', 24, 30)",1,GSLYDFL,24,30,0,...[FWY]..[LVI]
157802,PLRTYAASEDVAALESQPLLGFTVIQVKDENSESKVFQL,0,-2.285737244,-2.382408022,,,,157928,814,91,45,0,0,0,36,3,950,sp|Q6ZV73|FGD6_HUMAN,100.0,36.0,0.0,0.0,1.0,36.0,1364.0,1399.0,4.04e-18,73.9,,,,,"('LLGFTVI', 18, 24)",1,LLGFTVI,18,24,0,...[FWY]..[LVI]
158030,PLRAYCATLAIYIYQLDHRYNEFKLHAIMSEHKKTITAI,0,-4.694502508,-4.775231742,,,,158156,190,4,2,0,0,0,36,3,196,sp|Q8IZU2|WDR17_HUMAN,100.0,36.0,0.0,0.0,1.0,36.0,54.0,89.0,9.52e-21,81.6,,,,,"('DHRYNEF', 16, 22)",1,DHRYNEF,16,22,0,...[FWY]..[WFY]
158170,PLRNGASCSAEDGACHCTPGWTGLFCTQRCPAAFFGKDC,0,-3.988833045,-1.899637277,,,,158296,233,8,18,0,0,0,36,3,259,sp|A6BM72|MEG11_HUMAN,100.0,36.0,0.0,0.0,1.0,36.0,714.0,749.0,7.3e-19,76.3,,,,,"('TPGWTGL', 17, 23)",1,TPGWTGL,17,23,0,...[FWY]..[LVI]
158658,PLRIGLKEVQISTCRFYRKSVSNLNYQRKVQHYEVISFT,0,-4.284518237,-5.365247471,,,,158784,143,4,1,0,0,0,36,3,148,sp|P26006|ITA3_HUMAN,40.909,22.0,13.0,0.0,6.0,27.0,491.0,512.0,0.96,25.0,,,,,"('VQHYEVI', 29, 35)",1,VQHYEVI,29,35,0,...[FWY]..[LVI]
158728,PLRKYFSKKEWEKMKSSEKIVYVYMKLNYEVMTKLGFKV,0,-5.99501162,-6.075740853,,,,158854,234,2,1,0,0,0,36,3,237,sp|O60224|SSX4_HUMAN,100.0,36.0,0.0,0.0,1.0,36.0,30.0,65.0,5.45e-18,71.2,,,,,"('VYVYMKL', 20, 26)",1,VYVYMKL,20,26,0,...[FWY]..[LVI]
159234,PLRTYIVVGVTLRPAILVIPCLLLIKCHLKLYRTKLIYH,0,-0.618598462,-2.838091766,,,,159360,645,229,26,0,0,0,36,3,900,sp|A6NMU1|O52A4_HUMAN,100.0,36.0,0.0,0.0,1.0,36.0,146.0,181.0,1.85e-17,71.6,,,,,"('LRTYIVV', 1, 7)",1,LRTYIVV,1,7,0,...[FWY]..[LVI]
159398,PLRAYKNSPKPARHVREQLSSETGLDMRVVQVGFRTVV,0,-1.957536914,-0.131375552,,,,159524,57,8,15,0,0,0,35,3,80,sp|Q969G2|LHX4_HUMAN,90.909,33.0,3.0,0.0,1.0,33.0,175.0,207.0,5.22e-15,65.1,,,,,"('QVGFRTV', 30, 36)",1,QVGFRTV,30,36,0,...[FWY]..[LVI]
159417,PLRSYKQGYWLPSYKLKSSWATGLHLSVLFGHVECLLVL,0,-7.319403755,-5.400132988,,,,159543,293,1,2,0,0,0,36,3,296,sp|Q9Y574|ASB4_HUMAN,100.0,36.0,0.0,0.0,1.0,36.0,59.0,94.0,4.72e-20,79.3,,,,,"('SVLFGHV', 26, 32)",1,SVLFGHV,26,32,0,...[FWY]..[LVI]
159425,PLRAYKRREYGKSLNSKYLFVEHQRTHNAEKPYVCNICG,0,-3.715608141,-6.11826547,,,,159551,241,10,1,0,0,0,36,3,252,sp|Q6P9A3|ZN549_HUMAN,100.0,36.0,0.0,0.0,1.0,36.0,246.0,281.0,9.87e-20,78.6,,,,,"('NSKYLFV', 14, 20)",1,NSKYLFV,14,20,0,...[FWY]..[LVI]
159493,PLRNYLCSGSSYFVLANGHILPNSENAHGQSLEEDSALE,0,-3.294571902,-3.960263636,,,,159619,108,6,2,0,0,0,36,3,116,sp|Q8N0W7|FMR1N_HUMAN,100.0,35.0,0.0,0.0,2.0,36.0,89.0,123.0,8.81e-19,74.7,,,,,"('GSSYFVL', 8, 14)",1,GSSYFVL,8,14,0,...[FWY]..[LVI]
159832,PLRTYMFHSFLKARLNRRMDAFAQMDLDTQSEEDRINGM,0,-3.1246469,-3.205376134,,,,159958,64,4,2,0,0,0,36,3,70,sp|A2RUS2|DEND3_HUMAN,100.0,36.0,0.0,0.0,1.0,36.0,407.0,442.0,1.02e-20,81.6,,,,,"('TYMFHSF', 3, 9)",1,TYMFHSF,3,9,0,...[FWY]..[WFY]
160500,PLRAYSVLSPEVPLPGMKWVDNHKGVFNVEVVAVSSIHT,0,-0.262150424,-6.308663942,,,,160626,275,125,1,0,0,0,36,3,401,sp|Q96N67|DOCK7_HUMAN,100.0,36.0,0.0,0.0,1.0,36.0,697.0,732.0,3.47e-20,80.1,,,,,"('LRAYSVL', 1, 7)",1,LRAYSVL,1,7,0,...[FWY]..[LVI]
160512,PLRPYSEVKPLIDAVYSTGVHNIDVPNVEFALAVYIHPY,0,-5.356210967,-5.244295123,,,,160638,526,7,4,0,0,0,36,3,537,sp|Q9P2K1|C2D2A_HUMAN,100.0,36.0,0.0,0.0,1.0,36.0,1567.0,1602.0,5.23e-20,79.3,,,,,"('LRPYSEV', 1, 7)",1,LRPYSEV,1,7,0,...[FWY]..[LVI]
160896,PLRDYVAPFLESEDEEDEPGMQPNVSFVRINSSLAVAAY,0,-1.503158523,-1.583887757,,,,161022,52,10,5,0,0,0,36,3,67,sp|Q8N3Y1|FBXW8_HUMAN,100.0,36.0,0.0,0.0,1.0,36.0,241.0,276.0,8.77e-19,75.9,,,,,"('NVSFVRI', 23, 29)",1,NVSFVRI,23,29,0,...[FWY]..[LVI]
160981,PLRDYVIRHLIQENNRVKTRIFLHVLSELKEVEPKLAAW,0,-0.709609401,-2.038266148,,,,161107,114,38,8,0,0,0,36,3,160,sp|P53804|TTC3_HUMAN,100.0,36.0,0.0,0.0,1.0,36.0,871.0,906.0,3.26e-19,77.0,,,,,"('TRIFLHV', 18, 24)",1,TRIFLHV,18,24,0,...[FWY]..[LVI]
161029,PLRTYVPEHIRKLQSLKELYIENNHLEYLPVSLGSMPNL,0,-3.914723831,-5.580415565,,,,161155,166,6,1,0,0,0,36,3,173,sp|A6NIV6|LRIQ4_HUMAN,100.0,36.0,0.0,0.0,1.0,36.0,388.0,423.0,1.48e-18,75.5,,,,,"('HLEYLPV', 24, 30)",1,HLEYLPV,24,30,0,...[FWY]..[LVI]
161059,PLRCGSNRINHFYCDTPPLLKLSCSDTHFNGIVIMAFSS,0,-5.919062766,-3.677863905,,,,161185,222,2,5,0,0,0,36,3,229,sp|Q8NGF4|O5AP2_HUMAN,100.0,36.0,0.0,0.0,1.0,36.0,175.0,210.0,8.740000000000001e-21,80.9,,,,,"('DTHFNGI', 25, 31)",1,DTHFNGI,25,31,0,...[FWY]..[LVI]
161680,PLRCDCTFSAYTGPFCSNEISAYFGSGSSVIYNFQENYL,0,-3.702075728,-5.782804962,,,,161806,191,8,1,0,0,0,36,3,200,sp|Q9C0A0|CNTP4_HUMAN,100.0,36.0,0.0,0.0,1.0,36.0,984.0,1019.0,1.25e-19,78.6,,,,,"('DCTFSAY', 4, 10)",1,DCTFSAY,4,10,0,...[FWY]..[WFY]
161710,PLRCTDAVKSFNHIIHFGDHKGIHTGEKLYEYKECHQIF,0,-0.50105649,-8.890124754,,,,161836,1646,634,1,0,0,0,36,3,2281,sp|Q8WXB4|ZN606_HUMAN,100.0,36.0,0.0,0.0,1.0,36.0,291.0,326.0,6.35e-20,79.3,,,,,"('VKSFNHI', 7, 13)",1,VKSFNHI,7,13,0,...[FWY]..[LVI]
162647,PLRCDQVLLKNSRRIVLPDVMNPRVFENILLSSYTGRL,0,-1.096632524,-0.292838975,,,,162774,51,13,12,0,0,0,35,3,76,sp|O43298|ZBT43_HUMAN,100.0,35.0,0.0,0.0,1.0,35.0,59.0,93.0,1.74e-19,77.8,,,,,"('PRVFENI', 22, 28)",1,PRVFENI,22,28,0,...[FWY]..[LVI]
162729,PLRCVRLSMGPCIVEACTSALLAHYLLGLPWQWGFILGF,0,-5.235492669,-7.486146904,,,,162856,622,9,1,0,0,0,36,3,632,sp|Q86UD5|SL9B2_HUMAN,100.0,36.0,0.0,0.0,1.0,36.0,204.0,239.0,3.47e-20,80.1,,,,,"('PWQWGFI', 29, 35)",1,PWQWGFI,29,35,0,...[FWY]..[LVI]
163075,PLRCETGFSTLSVIKTKHRNSLNIHYPLRVALSSIQPRL,0,-0.591087577,-6.479171733,,,,163203,619,224,2,0,0,0,36,3,845,sp|Q6R2W3|SCND3_HUMAN,100.0,36.0,0.0,0.0,1.0,36.0,1277.0,1312.0,2.69e-19,77.4,,,,,"('ETGFSTL', 4, 10)",1,ETGFSTL,4,10,0,...[FWY]..[LVI]
163671,PLRCAKVECARDEELIHLDGKCCPECISRNGYCVYEETG,0,-4.212109741,-6.462763977,,,,163801,306,9,1,0,0,0,36,3,316,sp|Q86XX4|FRAS1_HUMAN,100.0,36.0,0.0,0.0,1.0,36.0,320.0,355.0,4.59e-20,79.7,,,,,"('RNGYCVY', 28, 34)",1,RNGYCVY,28,34,0,...[FWY]..[WFY]
163721,PLRRNPFVINDLNMQYLIQARREVYSILQAEGILLPRYA,0,-3.75400352,-2.375301135,,,,163851,198,8,11,0,0,0,36,3,217,sp|O43314|VIP2_HUMAN,97.222,36.0,1.0,0.0,1.0,36.0,117.0,152.0,4.56e-19,76.6,,,,,"('REVYSIL', 21, 27)",1,REVYSIL,21,27,0,...[FWY]..[LVI]
163998,PLRSALKMIMEELHDVDKAIEFAKEQDDGELWEDLILYS,0,-0.536949432,-3.787603667,,,,164128,527,198,11,0,0,0,36,3,736,sp|P49754|VPS41_HUMAN,100.0,36.0,0.0,0.0,1.0,36.0,668.0,703.0,4.07e-18,73.9,,,,,"('GELWEDL', 28, 34)",1,GELWEDL,28,34,0,...[FWY]..[LVI]
164257,PLRSANCGLPSSWTSTWQVADDLTQNTLDLEYLRFAHKL,0,-0.250177782,-3.860727962,,,,164387,504,231,10,0,0,0,36,3,745,sp|Q5VWN6|TASO2_HUMAN,100.0,36.0,0.0,0.0,1.0,36.0,1951.0,1986.0,1.95e-20,80.5,,,,,"('DLEYLRF', 28, 34)",1,DLEYLRF,28,34,0,...[FWY]..[WFY]
164555,PLRGAYICTYCGKAYRFLSQFKQHIKMHPGEKPLGVNKV,0,-5.604427164,-4.685156398,,,,164685,357,4,4,0,0,0,36,3,365,sp|Q9ULJ3|ZBT21_HUMAN,100.0,36.0,0.0,0.0,1.0,36.0,668.0,703.0,8.12e-22,84.7,,,,,"('GKAYRFL', 11, 17)",1,GKAYRFL,11,17,0,...[FWY]..[LVI]
164973,PLRRCFPVLPSARPYVSANPTLRGGRLRQDPESETGVGD,0,-1.037184059,-2.205376134,,,,165104,64,17,4,0,0,0,36,3,85,sp|Q9P2D8|UNC79_HUMAN,45.714,35.0,15.0,2.0,3.0,33.0,77.0,111.0,1.3,24.6,,,,,"('RRCFPVL', 2, 8)",1,RRCFPVL,2,8,0,...[FWY]..[LVI]
165215,PLRCGIPELIVNGQVIGENYGYRDTVVYQCNPGFRLIGS,0,-1.032306728,-5.493857746,,,,165346,469,125,3,0,0,0,36,3,597,sp|Q7Z407|CSMD3_HUMAN,100.0,36.0,0.0,0.0,1.0,36.0,2817.0,2852.0,2.68e-19,77.4,,,,,"('NPGFRLI', 30, 36)",1,NPGFRLI,30,36,0,...[FWY]..[LVI]
165278,PLRSCPECTERFNPHDIRLILSDDVLMEKYEEFMLRRWL,0,-0.378251893,-2.294811217,,,,165409,732,307,43,0,0,0,36,3,1082,sp|Q9NV58|RN19A_HUMAN,100.0,36.0,0.0,0.0,1.0,36.0,175.0,210.0,9.85e-23,87.0,,,,,"('MEKYEEF', 26, 32)",1,MEKYEEF,26,32,0,...[FWY]..[WFY]
165326,PLRSCKKYIYLNKYLGDVKNIKVIYGPAARLRPSDVPDK,0,-0.730219681,-6.929889987,,,,165457,423,139,1,0,0,0,36,3,563,sp|P22413|ENPP1_HUMAN,100.0,36.0,0.0,0.0,1.0,36.0,430.0,465.0,9.17e-20,79.0,,,,,"('CKKYIYL', 4, 10)",1,CKKYIYL,4,10,0,...[FWY]..[LVI]
166104,PLRVPKDNAIKKFVIRNIVEAAAVRDISEASVFDAYVLP,0,-0.36827,-6.176919688,,,,166235,251,106,1,0,0,0,36,3,358,sp|P62854|RS26_HUMAN,97.222,36.0,1.0,0.0,1.0,36.0,30.0,65.0,4.74e-18,69.7,,,,,"('ASVFDAY', 29, 35)",1,ASVFDAY,29,35,0,...[FWY]..[WFY]
166156,PLRCFTTPASLNRFRDYLGRIQSGSGEY,0,-1.80677806,-4.545226137,,,,166287,2349,366,29,0,0,0,25,3,2744,sp|Q14204|DYHC1_HUMAN,57.895,19.0,8.0,0.0,7.0,25.0,1600.0,1618.0,0.16,26.6,,,,,"('LNRFRDY', 10, 16)",1,LNRFRDY,10,16,0,...[FWY]..[WFY]
166174,PLRLLCVLLSVPPGRRVSLSFFYSSVL,0,-4.190736091,-3.271465324,,,,166305,67,2,2,0,0,0,24,3,71,sp|Q5VT97|SYDE2_HUMAN,38.889,18.0,11.0,0.0,5.0,22.0,236.0,253.0,5.5,21.9,,,,,"('SFFYSSV', 19, 25)",1,SFFYSSV,19,25,0,...[FWY]..[LVI]
166376,PLRKMYSDAFLNDSYLKYVGSTLHDRQGEVRLKCLKALQ,0,-3.437529855,-2.05882747,,,,166507,159,8,11,0,0,0,36,3,178,sp|Q8WVM7|STAG1_HUMAN,97.222,36.0,1.0,0.0,1.0,36.0,320.0,355.0,2.23e-18,74.7,,,,,"('NDSYLKY', 11, 17)",1,NDSYLKY,11,17,0,...[FWY]..[WFY]
166381,PLRSDAGKYVCVGTNMVGERESEVAELTVLERPSFVKRP,0,-0.098651692,-2.401773347,,,,166512,55,28,3,0,0,0,36,3,86,sp|Q9Y6N7|ROBO1_HUMAN,100.0,36.0,0.0,0.0,1.0,36.0,233.0,268.0,5.22e-19,76.6,,,,,"('AGKYVCV', 5, 11)",1,AGKYVCV,5,11,0,...[FWY]..[LVI]
166826,PLRCDFAPLLELSCSDISVSTVVLSFSSGSIIVVTVCVI,0,-2.80647094,-3.472162675,,,,166958,77,6,2,0,0,0,36,3,85,sp|Q8WZ92|OR5P2_HUMAN,100.0,36.0,0.0,0.0,1.0,36.0,175.0,210.0,1.84e-16,68.9,,,,,"('RCDFAPL', 2, 8)",1,RCDFAPL,2,8,0,...[FWY]..[LVI]
166908,PLRRDFTNIYWSQNRPDVKKQKLQNDKKTVEAENIFSKC,0,-0.170243767,-6.019157325,,,,167040,450,218,2,0,0,0,36,3,670,sp|Q09MP3|R51A2_HUMAN,100.0,36.0,0.0,0.0,1.0,36.0,291.0,326.0,1.9e-19,77.8,,,,,"('RRDFTNI', 2, 8)",1,RRDFTNI,2,8,0,...[FWY]..[LVI]
167235,PLRRDKGSYFFRLERGSMKWSYKSQLNYKTKQLSVFVTA,0,-1.045212433,-0.763371587,,,,167368,53,14,9,0,0,0,36,3,76,sp|Q9NYZ4|SIGL8_HUMAN,100.0,36.0,0.0,0.0,1.0,36.0,117.0,152.0,2.29e-20,80.5,,,,,"('GSYFFRL', 6, 12)",1,GSYFFRL,6,12,0,...[FWY]..[LVI]
167397,PLRMDAELCSQYWTKWLLRLEEYTEKKKNQNIQKPEYSE,0,-0.089881482,-1.562928138,,,,167530,164,84,16,0,0,0,36,3,264,sp|Q9BQP7|MGME1_HUMAN,100.0,36.0,0.0,0.0,1.0,36.0,309.0,344.0,9.44e-20,78.2,,,,,"('SQYWTKW', 9, 15)",1,SQYWTKW,9,15,0,...[FWY]..[WFY]
167428,PLRSDLLLLKQSNSSKILVGRWHLASEKGSYEIIQDTDE,0,-7.705847482,-6.786576716,,,,167561,383,1,1,0,0,0,36,3,385,sp|P12259|FA5_HUMAN,100.0,36.0,0.0,0.0,1.0,36.0,929.0,964.0,2.95e-18,74.3,,,,,"('KGSYEII', 27, 33)",1,KGSYEII,27,33,0,...[FWY]..[LVI]
167861,PLRSDTDLLDFGQCVDQNRQQQFAFLFGVDEQLLSALVM,0,-1.371936194,-7.347483191,,,,167994,565,119,1,0,0,0,36,3,685,sp|Q9BXD5|NPL_HUMAN,100.0,36.0,0.0,0.0,1.0,36.0,175.0,210.0,9.17e-19,75.5,,,,,"('QQQFAFL', 19, 25)",1,QQQFAFL,19,25,0,...[FWY]..[LVI]
168024,PLRCDTINNRAYCHYDGGDCCSSTLSSKKVIPFAADCDL,0,-3.745233311,-5.147890639,,,,168157,123,5,1,0,0,0,36,3,129,sp|Q9BXP8|PAPP2_HUMAN,100.0,36.0,0.0,0.0,1.0,36.0,1742.0,1777.0,3.18e-20,80.1,,,,,"('NRAYCHY', 8, 14)",1,NRAYCHY,8,14,0,...[FWY]..[WFY]
168430,PLRCEVGYQHGRTVFDIWGRSGVLEKMLRDQQGPRRSR,0,-5.055384238,-5.358505893,,,,168563,427,7,3,0,0,0,35,3,437,sp|Q6ZV29|PLPL7_HUMAN,93.939,33.0,2.0,0.0,1.0,33.0,1190.0,1222.0,1.73e-17,72.4,,,,,"('RTVFDIW', 11, 17)",1,RTVFDIW,11,17,0,...[FWY]..[WFY]
168725,PLRCKLAGKDANTECANFIRVLQPYNKTHIYVCGTGAFH,0,-5.324319245,-4.405048479,,,,168858,294,4,4,0,0,0,36,3,302,sp|O95025|SEM3D_HUMAN,100.0,36.0,0.0,0.0,1.0,36.0,117.0,152.0,1.95e-22,86.3,,,,,"('CANFIRV', 14, 20)",1,CANFIRV,14,20,0,...[FWY]..[LVI]
168753,PLRRELEGEGGFSRGWTGSRLLATRRRLYLSYLEDGRIG,0,-6.372574414,-4.868341147,,,,168886,304,2,3,0,0,0,36,3,309,sp|O00186|STXB3_HUMAN,37.5,24.0,15.0,0.0,13.0,36.0,505.0,528.0,4.0,23.5,,,,,"('RRLYLSY', 25, 31)",1,RRLYLSY,25,31,0,...[FWY]..[WFY]
168871,PLRGELRPPWRKVGLCGGARVVGLARGSAVSSLLPFPTQ,0,-0.045791479,-1.096147064,,,,169004,89,47,12,0,0,0,36,3,148,sp|O60830|TI17B_HUMAN,39.286,28.0,17.0,0.0,6.0,33.0,10.0,37.0,1.5,24.3,,,,,"('RPPWRKV', 6, 12)",1,RPPWRKV,6,12,0,...[FWY]..[LVI]
169040,PLRLLLIQNKKLEDNYCEITGMNTLLSAPIHTQMQQKEF,0,-5.324319245,-5.405048479,,,,169173,294,4,2,0,0,0,36,3,300,sp|Q8NG31|KNL1_HUMAN,100.0,36.0,0.0,0.0,1.0,36.0,117.0,152.0,2.84e-19,77.4,,,,,"('EDNYCEI', 12, 18)",1,EDNYCEI,12,18,0,...[FWY]..[LVI]
169862,PLRGEDRILTHLTGSISYTNWAGSRSLAVTVTEELLNLF,0,-5.007289949,-4.088019183,,,,169995,59,1,1,0,0,0,36,3,61,sp|P51687|SUOX_HUMAN,61.538,13.0,5.0,0.0,10.0,22.0,285.0,297.0,6.4,22.7,,,,,"('SISYTNW', 14, 20)",1,SISYTNW,14,20,0,...[FWY]..[WFY]
169865,PLRIPKYHTVNGHNCEVRKALSKQEMASASSSQRGQSGS,0,-3.307868724,-4.973560459,,,,169998,109,6,1,0,0,0,36,3,116,sp|Q32P51|RA1L2_HUMAN,90.0,30.0,3.0,0.0,1.0,30.0,164.0,193.0,2.56e-12,57.4,,,,,"('IPKYHTV', 3, 9)",1,IPKYHTV,3,9,0,...[FWY]..[LVI]
169936,PLRFEEAEIQEVLQETLKSLGRYRLLGKIFRKQENANAV,0,-4.999116018,-3.342879658,,,,170069,176,3,5,0,0,0,36,3,184,sp|Q9UL42|PNMA2_HUMAN,100.0,36.0,0.0,0.0,1.0,36.0,30.0,65.0,5.59e-18,73.6,,,,,"('LGRYRLL', 19, 25)",1,LGRYRLL,19,25,0,...[FWY]..[LVI]
170320,PLRSEETDHSDLLGTLHNLYLITFNPVGRSAVGHVFSLE,0,-2.169041019,-1.664807752,,,,170453,66,8,6,0,0,0,36,3,80,sp|Q69YN4|VIR_HUMAN,100.0,36.0,0.0,0.0,1.0,36.0,784.0,819.0,4.77e-19,76.6,,,,,"('LITFNPV', 20, 26)",1,LITFNPV,20,26,0,...[FWY]..[LVI]
170710,PLRGEIQLVISFQFLRMPVHVTVLLNYYSCHTLRVVIV,0,-2.802718805,-3.205376134,,,,170843,64,5,2,0,0,0,35,3,71,sp|Q92545|TM131_HUMAN,26.471,34.0,25.0,0.0,1.0,34.0,647.0,680.0,2.3,23.9,,,,,"('VISFQFL', 8, 14)",1,VISFQFL,8,14,0,...[FWY]..[LVI]
171285,PLRCFPLLRLLYWNRKLYNKEPSEIVELKHEIHVWRLTA,0,-2.980061278,-8.660703354,,,,171419,4212,291,3,0,0,0,36,3,4506,sp|Q04671|P_HUMAN,100.0,36.0,0.0,0.0,1.0,36.0,523.0,558.0,5.14e-21,82.4,,,,,"('LRCFPLL', 1, 7)",1,LRCFPLL,1,7,0,...[FWY]..[LVI]
171484,PLRCSDPGIPANSKRESKIEHGNFTYGTVVFYDCNPGYF,0,-0.178513772,-7.367767463,,,,171618,573,276,1,0,0,0,36,3,850,sp|Q7Z407|CSMD3_HUMAN,100.0,36.0,0.0,0.0,1.0,36.0,2933.0,2968.0,3.89e-20,79.7,,,,,"('NFTYGTV', 22, 28)",1,NFTYGTV,22,28,0,...[FWY]..[LVI]
171530,PLRSFEDAKEKMREFTKTIKRPFGVKYNPYTRSIQILKD,0,-4.314471459,-4.395200693,,,,171664,219,6,3,0,0,0,36,3,228,sp|P17752|TPH1_HUMAN,100.0,36.0,0.0,0.0,1.0,36.0,378.0,413.0,4.16e-19,77.0,,,,,"('GVKYNPY', 23, 29)",1,GVKYNPY,23,29,0,...[FWY]..[WFY]
171642,PLRYFETEKKHFTILDAPGHKSFVPNMIGGASQADLAVL,0,-2.992543364,-2.395200693,,,,171776,73,5,4,0,0,0,36,3,82,sp|P15170|ERF3A_HUMAN,100.0,36.0,0.0,0.0,1.0,36.0,146.0,181.0,4.91e-20,79.7,,,,,"('KKHFTIL', 8, 14)",1,KKHFTIL,8,14,0,...[FWY]..[LVI]
171977,PLRYFTSDSQDYLIIASQRDDSELTQVFRWNGGSFVLHQ,0,-2.384337863,-4.371957692,,,,172112,431,45,6,0,0,0,36,3,482,sp|Q8WXG9|AGRV1_HUMAN,100.0,36.0,0.0,0.0,1.0,36.0,3365.0,3400.0,7.17e-20,79.0,,,,,"('SQDYLII', 8, 14)",1,SQDYLII,8,14,0,...[FWY]..[LVI]
172004,PLRSFVCGEVGLGNSSFNMNIRGDIGHKAYEYQEYGPKP,0,-2.480127555,-4.64831963,,,,172139,174,17,2,0,0,0,36,3,193,sp|Q9UC07|ZNF69_HUMAN,100.0,36.0,0.0,0.0,1.0,36.0,128.0,163.0,2.5e-20,80.5,,,,,"('AYEYQEY', 28, 34)",1,AYEYQEY,28,34,0,...[FWY]..[WFY]
172119,PLRCIWDSYTVQTISVLKDVHTHGIACLAFDLDGQRLVS,0,-8.384390164,-5.465119398,,,,172254,613,1,4,0,0,0,36,3,618,sp|Q05BV3|EMAL5_HUMAN,100.0,36.0,0.0,0.0,1.0,36.0,88.0,123.0,3.43e-19,77.0,,,,,"('RCIWDSY', 2, 8)",1,RCIWDSY,2,8,0,...[FWY]..[WFY]
172163,PLRGFYKYSNMEFVRMKGPQGKGHAEMAVSRVSTGDTSP,0,-5.007289949,-4.088019183,,,,172298,59,1,1,0,0,0,36,3,61,sp|Q6ICG6|K0930_HUMAN,100.0,36.0,0.0,0.0,1.0,36.0,233.0,268.0,8.63e-20,78.6,,,,,"('LRGFYKY', 1, 7)",1,LRGFYKY,1,7,0,...[FWY]..[WFY]
172236,PLRCRAEELGRGIALFQGLSNIAFNCMVLGTLFIGGSLV,0,-0.528279636,-0.620413633,,,,172371,336,127,63,0,0,0,36,3,526,sp|Q9NUT2|MITOS_HUMAN,100.0,36.0,0.0,0.0,1.0,36.0,366.0,401.0,1.98e-18,75.1,,,,,"('IALFQGL', 12, 18)",1,IALFQGL,12,18,0,...[FWY]..[LVI]
172487,PLRCGCLCCCCTLGRSMWPVICLSKRTCRSIEKLLEWEK,0,-6.658625472,-7.324317207,,,,172622,556,3,1,0,0,0,36,3,560,sp|Q9UKJ5|CHIC2_HUMAN,90.0,30.0,3.0,0.0,7.0,36.0,94.0,123.0,2.97e-08,45.4,,,,,"('RSMWPVI', 14, 20)",1,RSMWPVI,14,20,0,...[FWY]..[LVI]
172664,PLRSGGRSLMSPGFMVISPSGFTASPYEDENSSNIIPQQ,0,-1.0757373,-4.385285224,,,,172799,290,75,4,0,0,0,36,3,369,sp|Q99698|LYST_HUMAN,97.222,36.0,1.0,0.0,1.0,36.0,2060.0,2095.0,8.21e-19,75.9,,,,,"('SPGFMVI', 10, 16)",1,SPGFMVI,10,16,0,...[FWY]..[LVI]
172744,PLRSGEEKKNIINTPVSSLEILLQSFCKLGLIMAYFYMC,0,-0.302528625,-1.443239964,,,,172879,500,221,53,0,0,0,36,3,774,sp|Q96PB1|CASD1_HUMAN,100.0,36.0,0.0,0.0,1.0,36.0,349.0,384.0,6.71e-19,76.3,,,,,"('LQSFCKL', 22, 28)",1,LQSFCKL,22,28,0,...[FWY]..[LVI]
172945,PLRSFIPLSRERIYSNTSMPGSSSSPGSWFWSRCQTLT,0,-0.548813189,-5.044579922,,,,173081,687,256,6,0,0,0,35,3,949,sp|Q08AM6|VAC14_HUMAN,92.308,13.0,1.0,0.0,1.0,13.0,175.0,187.0,0.027,29.3,,,,,"('LRSFIPL', 1, 7)",1,LRSFIPL,1,7,0,...[FWY]..[LVI]
173074,PLRGGYGCVCVNGWSGDDCSENIDDCAFASCTPGSTCID,0,-3.892831225,-3.973560459,,,,173210,109,4,2,0,0,0,36,3,115,sp|Q04721|NOTC2_HUMAN,100.0,36.0,0.0,0.0,1.0,36.0,320.0,355.0,6.08e-19,76.3,,,,,"('RGGYGCV', 2, 8)",1,RGGYGCV,2,8,0,...[FWY]..[LVI]
173330,PLRWFMGEETRKDKTKALTHFLKAARLDTYMGKVFCYLG,0,-1.000059264,-6.199729571,,,,173468,510,139,2,0,0,0,36,3,651,sp|Q6PGP7|TTC37_HUMAN,100.0,36.0,0.0,0.0,1.0,36.0,465.0,500.0,8.97e-21,81.6,,,,,"('GKVFCYL', 31, 37)",1,GKVFCYL,31,37,0,...[FWY]..[LVI]
173363,PLRCLNEPSSFLIEYEFLIPPSLKPEIDIPSLSELKELL,0,-0.826627136,-6.077281372,,,,173502,937,288,4,0,0,0,36,3,1229,sp|Q5VXU9|SHOC1_HUMAN,100.0,36.0,0.0,0.0,1.0,36.0,169.0,204.0,3.07e-17,71.6,,,,,"('LIEYEFL', 11, 17)",1,LIEYEFL,11,17,0,...[FWY]..[LVI]
173747,PLRSFRSNEVTQEISDSTRIFRLLGSDRVVVLESRPTDN,0,-3.44141329,-3.329497446,,,,173886,279,14,8,0,0,0,36,3,301,sp|Q8IVH8|M4K3_HUMAN,100.0,36.0,0.0,0.0,1.0,36.0,842.0,877.0,1.59e-18,75.1,,,,,"('TRIFRLL', 17, 23)",1,TRIFRLL,17,23,0,...[FWY]..[LVI]
173994,PLRCVFNLSAIAQAFSGPFKYQENSRSAWLPYPNPNPHF,0,-1.329005399,-6.807765706,,,,174133,1166,253,3,0,0,0,36,3,1422,sp|Q13591|SEM5A_HUMAN,100.0,36.0,0.0,0.0,1.0,36.0,320.0,355.0,5.05e-20,79.3,,,,,"('RSAWLPY', 25, 31)",1,RSAWLPY,25,31,0,...[FWY]..[WFY]
174042,PLRSGFVKQLLLYLTSKSEKDAVSREIRLKRFLHVFFSS,0,-8.488781555,-5.247582694,,,,174181,659,1,5,0,0,0,36,3,665,sp|Q14669|TRIPC_HUMAN,100.0,36.0,0.0,0.0,1.0,36.0,1161.0,1196.0,4.81e-18,73.9,,,,,"('LKRFLHV', 28, 34)",1,LKRFLHV,28,34,0,...[FWY]..[LVI]
174068,PLRFGGAMVWTLDMDDVRGTFCGTGPFPLVYVLNDILVR,0,-4.663805711,-4.744534945,,,,174207,93,2,1,0,0,0,36,3,96,sp|Q12889|OVGP1_HUMAN,100.0,36.0,0.0,0.0,1.0,36.0,349.0,384.0,5.82e-22,85.1,,,,,"('TGPFPLV', 23, 29)",1,TGPFPLV,23,29,0,...[FWY]..[LVI]
174096,PLRWGGELTPAGRVQAEELGRAFRCMYPGGQGDYAGFPG,0,-0.028575082,-2.774120124,,,,174235,973,520,41,0,0,0,36,3,1534,sp|O43314|VIP2_HUMAN,100.0,36.0,0.0,0.0,1.0,36.0,511.0,546.0,2.1499999999999997e-23,89.0,,,,,"('QGDYAGF', 30, 36)",1,QGDYAGF,30,36,0,...[FWY]..[WFY]
174468,PLRYGHRTGYKECPFFIKDNQKLQQFRVAHEDFMYDIIR,0,-0.743556733,-2.953568983,,,,174607,215,70,8,0,0,0,36,3,293,sp|Q8TA86|RP9_HUMAN,88.889,36.0,4.0,0.0,1.0,36.0,111.0,146.0,1.06e-17,71.2,,,,,"('DFMYDII', 31, 37)",1,DFMYDII,31,37,0,...[FWY]..[LVI]
174543,PLRGGIALKKSGFINELITELWSNLEYGRDDVRVTHPRT,0,-0.947003986,-3.063357129,,,,174682,145,41,5,0,0,0,36,3,191,sp|Q96NH3|BROMI_HUMAN,100.0,36.0,0.0,0.0,1.0,36.0,741.0,776.0,8.310000000000001e-21,81.6,,,,,"('TELWSNL', 18, 24)",1,TELWSNL,18,24,0,...[FWY]..[LVI]
174655,PLRKSSCPVCGISYSFEHLQANQHLANIVERLKEVKLSP,0,-2.900750888,-5.303408217,,,,174794,137,10,1,0,0,0,36,3,148,sp|Q9BYJ4|TRI34_HUMAN,100.0,36.0,0.0,0.0,1.0,36.0,53.0,88.0,3.81e-19,77.0,,,,,"('SYSFEHL', 12, 18)",1,SYSFEHL,12,18,0,...[FWY]..[LVI]
174680,PLRSGIYMIKPENSNGPMQLWCENSLDPGGWTVIQKRTD,0,-0.428110932,-2.358505893,,,,174819,427,173,24,0,0,0,36,3,624,sp|O95841|ANGL1_HUMAN,100.0,36.0,0.0,0.0,1.0,36.0,291.0,326.0,1.48e-20,80.9,,,,,"('PGGWTVI', 27, 33)",1,PGGWTVI,27,33,0,...[FWY]..[LVI]
175032,PLRRGGGPYICKLCGKAFFWPSLFRMHERTHTGEKPYEC,0,-5.309522243,-2.930819858,,,,175172,291,4,11,0,0,0,36,3,306,sp|Q9H7R0|ZN442_HUMAN,100.0,36.0,0.0,0.0,1.0,36.0,204.0,239.0,1.35e-20,81.3,,,,,"('AFFWPSL', 16, 22)",1,AFFWPSL,16,22,0,...[FWY]..[LVI]
175655,PLRCGLEQHGAPKMTEEEEKAMKMKMTDTSEKPLWRTVL,0,-2.245662301,-4.64831963,,,,175795,87,10,1,0,0,0,36,3,98,sp|P13866|SC5A1_HUMAN,100.0,36.0,0.0,0.0,1.0,36.0,610.0,645.0,2.04e-21,83.6,,,,,"('KPLWRTV', 31, 37)",1,KPLWRTV,31,37,0,...[FWY]..[LVI]
175664,PLRVSNDLTQQEIQTLEILFNIPHMVEIKNHCLFKIYNC,0,-0.411528048,-4.136113471,,,,175804,183,75,3,0,0,0,36,3,261,sp|Q8IVT5|KSR1_HUMAN,92.857,14.0,1.0,0.0,1.0,14.0,64.0,77.0,0.012,30.4,,,,,"('HCLFKIY', 30, 36)",1,HCLFKIY,30,36,0,...[FWY]..[WFY]
176141,PLRQSWDCTGHREAGCGPEELGCPNFGVYKR,0,-3.778089139,-4.443780873,,,,176281,151,6,2,0,0,0,28,3,159,sp|O94827|PKHG5_HUMAN,52.632,19.0,9.0,0.0,2.0,20.0,926.0,944.0,0.12,26.9,,,,,"('CPNFGVY', 22, 28)",1,CPNFGVY,22,28,0,...[FWY]..[WFY]
176177,PLRYGPHYPLFPLRDDVTLGDSCSGFTSPGGDADLNPSI,0,-1.077671284,-4.071908992,,,,176317,1692,437,29,0,0,0,36,3,2158,sp|A4D263|SPT48_HUMAN,93.333,30.0,2.0,0.0,7.0,36.0,94.0,123.0,3.69e-13,60.1,,,,,"('GPHYPLF', 4, 10)",1,GPHYPLF,4,10,0,...[FWY]..[WFY]
176407,PLRRGQSCMKRHGIPMSHVARQITKRRFCHI,0,-0.833937536,-2.310595446,,,,176547,327,100,19,0,0,0,28,3,446,sp|P24666|PPAC_HUMAN,92.0,25.0,2.0,0.0,1.0,25.0,59.0,83.0,5.8e-11,52.0,,,,,"('KRRFCHI', 24, 30)",1,KRRFCHI,24,30,0,...[FWY]..[LVI]
176802,PLRSGSKKFKKTKPKEDCLLGSAKLDEEFEKKFNSLPQY,0,-5.584078519,-3.664807752,,,,176942,88,1,2,0,0,0,36,3,91,sp|Q8WY36|BBX_HUMAN,100.0,36.0,0.0,0.0,1.0,36.0,668.0,703.0,4.31e-18,73.9,,,,,"('EKKFNSL', 29, 35)",1,EKKFNSL,29,35,0,...[FWY]..[LVI]
176825,PLRRKQWLKESISDVGFGMLKSVKEYVDPNNIFGNRNLL,0,-2.079659445,-5.993278693,,,,176965,442,57,2,0,0,0,36,3,501,sp|O00116|ADAS_HUMAN,100.0,36.0,0.0,0.0,1.0,36.0,623.0,658.0,9.43e-21,81.6,,,,,"('DVGFGML', 13, 19)",1,DVGFGML,13,19,0,...[FWY]..[LVI]
176940,PLRLDFESGSVSFLNVTKSSLIWSYPAGP,0,-0.061284839,-2.441574355,,,,177080,245,128,13,0,0,0,26,3,386,sp|A6NCK2|TR43B_HUMAN,100.0,25.0,0.0,0.0,1.0,25.0,407.0,431.0,4.08e-12,56.6,,,,,"('SVSFLNV', 9, 15)",1,SVSFLNV,9,15,0,...[FWY]..[LVI]
177174,PLRSGVPGKLIHVYGWIITGRLETFDFDAEYIDSPVILE,0,-2.199935027,-2.503056682,,,,177314,59,7,3,0,0,0,36,3,69,sp|P08F94|PKHD1_HUMAN,100.0,36.0,0.0,0.0,1.0,36.0,146.0,181.0,5.120000000000001e-21,82.4,,,,,"('IHVYGWI', 10, 16)",1,IHVYGWI,10,16,0,...[FWY]..[LVI]
177432,PLRSHRDAIPDYEALVGPLHSLLKQKPDWQWDQEHEEAC,0,-0.04218474,-0.485484053,,,,177573,204,108,42,0,0,0,36,3,354,sp|Q9P2P1|NYNRI_HUMAN,100.0,35.0,0.0,0.0,1.0,35.0,1103.0,1137.0,3.53e-19,77.0,,,,,"('IPDYEAL', 8, 14)",1,IPDYEAL,8,14,0,...[FWY]..[LVI]
177867,PLRCIADFLEYMGMKGVSLPLGFTFSFPCQQNSLDESIL,0,-1.199193854,-5.324317207,,,,178008,417,99,3,0,0,0,36,3,519,sp|P52789|HXK2_HUMAN,100.0,36.0,0.0,0.0,1.0,36.0,581.0,616.0,2.33e-21,83.2,,,,,"('IADFLEY', 4, 10)",1,IADFLEY,4,10,0,...[FWY]..[WFY]
177960,PLRGIAVGHIYFFLEDVFPNQPGGIRILKTPSILKAIFD,0,-5.383082071,-7.633736307,,,,178101,689,9,1,0,0,0,36,3,699,sp|Q9GZP9|DERL2_HUMAN,100.0,36.0,0.0,0.0,1.0,36.0,175.0,210.0,2.74e-19,75.5,,,,,"('GHIYFFL', 7, 13)",1,GHIYFFL,7,13,0,...[FWY]..[LVI]
178079,PLRCIWYVIGRREMEANDPLLWDIGWLHELGKRLEVPYV,0,-3.942270158,-2.537572564,,,,178220,141,5,7,0,0,0,36,3,153,sp|Q9UQ05|KCNH4_HUMAN,100.0,36.0,0.0,0.0,1.0,36.0,378.0,413.0,1.93e-23,89.4,,,,,"('RCIWYVI', 2, 8)",1,RCIWYVI,2,8,0,...[FWY]..[LVI]
178782,PLRRHFYHKQHLCLVFEPLSMNLREVLKKYGKDVGLHIK,0,-7.99192564,-6.072654874,,,,178923,467,1,2,0,0,0,36,3,470,sp|Q13523|PRP4B_HUMAN,100.0,36.0,0.0,0.0,1.0,36.0,755.0,790.0,4.63e-20,79.7,,,,,"('CLVFEPL', 12, 18)",1,CLVFEPL,12,18,0,...[FWY]..[LVI]
178977,PLRCHLLNITAMPHNGSFWNVQDLLNSAMPRVVPYTQST,0,-0.714055306,-5.549672042,,,,179118,325,108,2,0,0,0,36,3,435,sp|Q9UJA9|ENPP5_HUMAN,100.0,36.0,0.0,0.0,1.0,36.0,378.0,413.0,2.71e-20,80.1,,,,,"('NGSFWNV', 14, 20)",1,NGSFWNV,14,20,0,...[FWY]..[LVI]
179211,PLRCHLPKDQQAKLPPTTLEKYGYSTVAVTLLTLGSMLG,0,-4.75400352,-1.512804659,,,,179352,99,2,10,0,0,0,36,3,111,sp|Q504Y0|S39AC_HUMAN,100.0,36.0,0.0,0.0,1.0,36.0,349.0,384.0,4.34e-19,77.0,,,,,"('KYGYSTV', 20, 26)",1,KYGYSTV,20,26,0,...[FWY]..[LVI]
179423,PLRCIVSSTPSELPPYCLDHTKLWGCGQPVHFPDLVCRW,0,-3.75400352,-2.249770253,,,,179564,99,4,6,0,0,0,36,3,109,sp|Q14934|NFAC4_HUMAN,40.0,30.0,17.0,1.0,2.0,30.0,118.0,147.0,2.4,23.9,,,,,"('PVHFPDL', 28, 34)",1,PVHFPDL,28,34,0,...[FWY]..[LVI]
179428,PLRSIETMMLNLVRYVRVLGNMVHAIQIKTKLCQLVEVM,0,-5.600380331,-7.266072066,,,,179569,534,6,1,0,0,0,36,3,541,sp|P21359|NF1_HUMAN,100.0,36.0,0.0,0.0,1.0,36.0,987.0,1022.0,3.84e-18,74.3,,,,,"('LVRYVRV', 11, 17)",1,LVRYVRV,11,17,0,...[FWY]..[LVI]
179526,PLRSIFPSAAVGLKNNNDILPNSQEELLYSSKQSFPGIL,0,-0.35494452,-1.737564095,,,,179667,671,286,58,0,0,0,36,3,1015,sp|Q86UW6|N4BP2_HUMAN,100.0,36.0,0.0,0.0,1.0,36.0,1219.0,1254.0,2.25e-18,74.7,,,,,"('KQSFPGI', 31, 37)",1,KQSFPGI,31,37,0,...[FWY]..[LVI]
179617,PLRCIGFRALGDSAVLQVIQTPQGTYVQGVPVFLTDIAY,0,-2.709609401,-1.790338635,,,,179758,72,6,6,0,0,0,36,3,84,sp|P86478|PR20E_HUMAN,100.0,36.0,0.0,0.0,1.0,36.0,186.0,221.0,9.42e-20,76.6,,,,,"('CIGFRAL', 3, 9)",1,CIGFRAL,3,9,0,...[FWY]..[LVI]
179742,PLRSIGVWQDILYGMAVLSVATNAFIVAFTSDIIPRLVY,0,-3.27439402,-3.185198252,,,,179883,284,16,9,0,0,0,36,3,309,sp|Q75V66|ANO5_HUMAN,100.0,36.0,0.0,0.0,1.0,36.0,726.0,761.0,7.24e-19,76.3,,,,,"('IGVWQDI', 4, 10)",1,IGVWQDI,4,10,0,...[FWY]..[LVI]
179831,PLRCIIDGLCYVEGDKNPTSPCLICRPKISRFTWSFLEN,0,-0.427494253,-0.96239938,,,,179972,338,137,50,0,0,0,36,3,525,sp|Q8N2E2|VWDE_HUMAN,100.0,36.0,0.0,0.0,1.0,36.0,1057.0,1092.0,5.28e-20,79.3,,,,,"('RFTWSFL', 30, 36)",1,RFTWSFL,30,36,0,...[FWY]..[LVI]
179894,PLRGIIQSYRLQRNEMLYPFSFDPVTFNYTDEELLPFST,0,-2.141924892,-7.597693557,,,,180035,672,83,1,0,0,0,36,3,756,sp|O75445|USH2A_HUMAN,100.0,36.0,0.0,0.0,1.0,36.0,4293.0,4328.0,1.19e-19,78.6,,,,,"('PFSFDPV', 18, 24)",1,PFSFDPV,18,24,0,...[FWY]..[LVI]
180124,PLRSILGMTPGFRDKTFVVQGFGNVGLHSMRYLHRFGAK,0,-0.426110892,-0.371185027,,,,180266,350,142,78,0,0,0,36,3,570,sp|P49448|DHE4_HUMAN,100.0,36.0,0.0,0.0,1.0,36.0,291.0,326.0,1.46e-20,80.9,,,,,"('VQGFGNV', 18, 24)",1,VQGFGNV,18,24,0,...[FWY]..[LVI]
180126,PLRSILGMTPGFGDKTFVVQGFGNLHSMRYLHRFGAN,0,-2.858001241,-5.260658569,,,,180268,133,10,1,0,0,0,34,3,144,sp|P00367|DHE3_HUMAN,94.286,35.0,0.0,1.0,1.0,33.0,291.0,325.0,6.57e-17,70.5,,,,,"('VQGFGNL', 18, 24)",1,VQGFGNL,18,24,0,...[FWY]..[LVI]
180195,PLRCMLMPEENFTADHPFLFFIRHNSSGSILFLGRFSSP,0,-0.636292723,-6.926475323,,,,180337,422,148,1,0,0,0,36,3,571,sp|P30740|ILEU_HUMAN,100.0,36.0,0.0,0.0,1.0,36.0,344.0,379.0,7.200000000000001e-21,81.6,,,,,"('DHPFLFF', 14, 20)",1,DHPFLFF,14,20,0,...[FWY]..[WFY]
180264,PLRRILSRFVEILQRLHMYEEAVRELESLLSQRIYCPDS,0,-4.222678983,-5.303408217,,,,180406,137,4,1,0,0,0,36,3,142,sp|Q9Y2M0|FAN1_HUMAN,100.0,36.0,0.0,0.0,1.0,36.0,668.0,703.0,1.84e-18,75.1,,,,,"('LSRFVEI', 5, 11)",1,LSRFVEI,5,11,0,...[FWY]..[LVI]
180293,PLRSILYQRGIYPSETFTRVQKYGLTLLVTTDLELIKYL,0,-7.096190454,-4.591957187,,,,180435,251,1,3,0,0,0,36,3,255,sp|Q13257|MD2L1_HUMAN,100.0,36.0,0.0,0.0,1.0,36.0,30.0,65.0,6.28e-19,73.9,,,,,"('SETFTRV', 13, 19)",1,SETFTRV,13,19,0,...[FWY]..[LVI]
180520,PLRSIPNISYITALNMCHQFSSVKRMVTAHFKKSPCMH,0,-2.843465148,-4.509156882,,,,180662,79,6,1,0,0,0,35,3,86,sp|Q8IYD8|FANCM_HUMAN,76.667,30.0,7.0,0.0,1.0,30.0,1978.0,2007.0,1.94e-10,52.4,,,,,"('CHQFSSV', 16, 22)",1,CHQFSSV,16,22,0,...[FWY]..[LVI]
180555,PLRCITWTAVVAGLICCAAVGVGFYGNSETNDGAYQLMY,0,-1.793025409,-3.681109565,,,,180697,89,14,2,0,0,0,36,3,105,sp|Q9BSA4|TTYH2_HUMAN,100.0,36.0,0.0,0.0,1.0,36.0,88.0,123.0,5.17e-20,79.3,,,,,"('CITWTAV', 3, 9)",1,CITWTAV,3,9,0,...[FWY]..[LVI]
180602,PLRSIQNSISFSKNAFKCTDHDLKQLVLKCPALLYYSVP,0,-0.910203232,-4.905815852,,,,180744,624,181,6,0,0,0,36,3,811,sp|Q49AM1|MTEF2_HUMAN,100.0,36.0,0.0,0.0,1.0,36.0,262.0,297.0,3.26e-19,77.0,,,,,"('ALLYYSV', 31, 37)",1,ALLYYSV,31,37,0,...[FWY]..[LVI]
180750,PLRCITYVKAIKYKPLLVKHQRVQIGERAYEFCECGKTF,0,-1.756915116,-6.159572444,,,,180892,248,40,1,0,0,0,36,3,289,sp|Q86T29|ZN605_HUMAN,50.0,36.0,18.0,0.0,1.0,36.0,507.0,542.0,9.4e-07,42.0,,,,,"('AIKYKPL', 9, 15)",1,AIKYKPL,9,15,0,...[FWY]..[LVI]
181219,PLRCIYCNKQLFSSLAVLQIHLKTMHLDKPEQAHICQYC,0,-5.04747904,-4.128208273,,,,181361,182,3,3,0,0,0,36,3,188,sp|Q96K83|ZN521_HUMAN,100.0,36.0,0.0,0.0,1.0,36.0,407.0,442.0,1.72e-19,78.2,,,,,"('KQLFSSL', 8, 14)",1,KQLFSSL,8,14,0,...[FWY]..[LVI]
181323,PLRCKAATSCDSGIIEDVKKTTHTPTLKACLFSSVAQGY,0,-2.847112925,-1.927842158,,,,181466,66,5,5,0,0,0,36,3,76,sp|A2VDJ0|T131L_HUMAN,97.222,36.0,0.0,1.0,1.0,36.0,352.0,386.0,4.95e-17,70.9,,,,,"('ACLFSSV', 28, 34)",1,ACLFSSV,28,34,0,...[FWY]..[LVI]
181336,PLRCKDCGKAFFQIRHLRQHEIIHTGVKPYICNVLKP,0,-1.709609401,-2.05337304,,,,181479,72,12,5,0,0,0,34,3,89,sp|Q9UJL9|ZF69B_HUMAN,100.0,31.0,0.0,0.0,1.0,31.0,393.0,423.0,5.79e-17,70.9,,,,,"('GKAFFQI', 7, 13)",1,GKAFFQI,7,13,0,...[FWY]..[LVI]
181516,PLRQMFAKGYGKNNEPLRGYILTFLIALGFILIVN,0,-5.353465591,-5.019157325,,,,181659,225,3,2,0,0,0,32,3,230,sp|P55011|S12A2_HUMAN,100.0,30.0,0.0,0.0,1.0,30.0,639.0,668.0,9.89e-16,67.0,,,,,"('ALGFILI', 26, 32)",1,ALGFILI,26,32,0,...[FWY]..[LVI]
181534,PLRNKEKAHSGGIKILYHKSLSLFIFGIVHLLKNTSIYQ,0,-7.789982817,-6.870712051,,,,181677,406,1,1,0,0,0,36,3,408,sp|Q9H306|MMP27_HUMAN,100.0,36.0,0.0,0.0,1.0,36.0,478.0,513.0,1.9e-19,77.8,,,,,"('LFIFGIV', 22, 28)",1,LFIFGIV,22,28,0,...[FWY]..[LVI]
182583,PLRKEMFIMVQEERRLRKALRRRVSQRLSVRLSSCSQM,0,-0.612884629,-2.030389722,,,,182726,822,293,58,0,0,0,35,3,1173,sp|Q9BY66|KDM5D_HUMAN,100.0,17.0,0.0,0.0,1.0,17.0,658.0,674.0,6.55e-05,36.6,,,,,"('KEMFIMV', 3, 9)",1,KEMFIMV,3,9,0,...[FWY]..[LVI]
182762,PLRCKKSLVVSSRKGHLKAQLEVGFPPVMERYTSAVSMV,0,-3.949075336,-4.61476707,,,,182905,85,3,1,0,0,0,36,3,89,sp|Q96MF6|CQ10A_HUMAN,100.0,36.0,0.0,0.0,1.0,36.0,117.0,152.0,5.72e-19,75.1,,,,,"('EVGFPPV', 21, 27)",1,EVGFPPV,21,27,0,...[FWY]..[LVI]
182891,PLRSKLQENYIAAEELQSILPSTGINLLDEEFQKIVTDT,0,-1.309313921,-6.284860918,,,,183034,541,119,2,0,0,0,36,3,662,sp|Q8IY85|EFC13_HUMAN,100.0,36.0,0.0,0.0,1.0,36.0,465.0,500.0,4.75e-18,73.9,,,,,"('DEEFQKI', 28, 34)",1,DEEFQKI,28,34,0,...[FWY]..[LVI]
182966,PLRGKLYSILKIQSPLFTLDANADIGMVPPQQTKQVSQ,0,-2.657141981,-3.545226137,,,,183109,81,7,2,0,0,0,35,3,90,sp|P04114|APOB_HUMAN,100.0,23.0,0.0,0.0,1.0,23.0,2756.0,2778.0,8.09e-10,50.4,,,,,"('GKLYSIL', 3, 9)",1,GKLYSIL,3,9,0,...[FWY]..[LVI]
183092,PLRYKNKKQVGKYFWPRITKVHFKETQFELRVLGKDCNE,0,-3.838892418,-4.919621652,,,,183237,105,4,1,0,0,0,36,3,110,sp|Q9HCS5|E41LA_HUMAN,100.0,36.0,0.0,0.0,1.0,36.0,233.0,268.0,1.89e-19,77.8,,,,,"('KYFWPRI', 11, 17)",1,KYFWPRI,11,17,0,...[FWY]..[LVI]
183141,PLRFKNVDLLSDMVQEHDEPILKHLKDIKVKFSDAGQPM,0,-0.709609401,-5.012731056,,,,183286,336,112,3,0,0,0,36,3,451,sp|P55209|NP1L1_HUMAN,100.0,36.0,0.0,0.0,1.0,36.0,175.0,210.0,6.77e-19,76.3,,,,,"('PLRFKNV', 0, 6)",1,PLRFKNV,0,6,0,...[FWY]..[LVI]
183406,PLRGKQHSEYEYGNDLSLSTDIRHQKSHTTMNSYECYQC,0,-3.76850309,-3.849232324,,,,183551,50,2,1,0,0,0,36,3,53,sp|Q9UL58|ZN215_HUMAN,100.0,36.0,0.0,0.0,1.0,36.0,349.0,384.0,2.98e-20,80.1,,,,,"('MNSYECY', 30, 36)",1,MNSYECY,30,36,0,...[FWY]..[WFY]
183628,PLRMGASKYRWFHNACCECIGPECIDYGSKTVKCMNCMF,0,-4.188777238,-2.921583168,,,,183773,368,11,14,0,0,0,36,3,393,sp|Q9GZX9|TWSG1_HUMAN,100.0,36.0,0.0,0.0,1.0,36.0,188.0,223.0,1.3400000000000002e-21,81.3,,,,,"('ASKYRWF', 5, 11)",1,ASKYRWF,5,11,0,...[FWY]..[WFY]
183885,PLRSKVAELITNSLATAGDALIELRKLEAVEDITYQLLR,0,-6.179929336,-3.675696069,,,,184030,133,1,3,0,0,0,36,3,137,sp|P35232|PHB_HUMAN,83.333,36.0,6.0,0.0,1.0,36.0,218.0,253.0,3.72e-13,59.7,,,,,"('DITYQLL', 31, 37)",1,DITYQLL,31,37,0,...[FWY]..[LVI]
183970,PLRGKVLETVGVFEVPKQNGKYEIGQLFLHSIFGYRGVV,0,-0.453428666,-3.839012481,,,,184115,844,336,17,0,0,0,36,3,1197,sp|Q9Y2S7|PDIP2_HUMAN,97.222,36.0,1.0,0.0,1.0,36.0,59.0,94.0,9.93e-20,78.2,,,,,"('IFGYRGV', 31, 37)",1,IFGYRGV,31,37,0,...[FWY]..[LVI]
184092,PLRCKYCFVYGQDWAPTAGLEEGISQITSKSQDVRQALV,0,-2.639220073,-2.205376134,,,,184237,80,7,5,0,0,0,36,3,92,sp|Q9UPM9|B9D1_HUMAN,100.0,36.0,0.0,0.0,1.0,36.0,30.0,65.0,7.240000000000001e-21,79.0,,,,,"('RCKYCFV', 2, 8)",1,RCKYCFV,2,8,0,...[FWY]..[LVI]
184255,PLRCLVGFTLTHRRFNYKDNTDLIEFKTLSEEEIEKVLK,0,-3.648208856,-1.313900591,,,,184400,69,3,8,0,0,0,36,3,80,sp|P18440|ARY1_HUMAN,100.0,36.0,0.0,0.0,1.0,36.0,233.0,268.0,6.29e-19,75.5,,,,,"('LIEFKTL', 22, 28)",1,LIEFKTL,22,28,0,...[FWY]..[LVI]
184520,PLRYLAVSLFLHESHELLLLLVNTVVKDLQSTNLVEVCM,0,-4.061284839,-4.142014073,,,,184666,245,8,4,0,0,0,36,3,257,sp|Q9UPM8|AP4E1_HUMAN,100.0,36.0,0.0,0.0,1.0,36.0,117.0,152.0,2.74e-17,71.6,,,,,"('PLRYLAV', 0, 6)",1,PLRYLAV,0,6,0,...[FWY]..[LVI]
184585,PLRCLYKDGDIHRGFQSLLSEVNRTGTQYLLRTANRLCG,0,-3.132820832,-2.865626762,,,,184731,177,11,7,0,0,0,36,3,195,sp|P50452|SPB8_HUMAN,97.222,36.0,1.0,0.0,1.0,36.0,59.0,94.0,7.88e-20,78.6,,,,,"('HRGFQSL', 11, 17)",1,HRGFQSL,11,17,0,...[FWY]..[LVI]
184735,PLRRLDEMSFHQFPQHPVHVSVVHLPIVYKGSMTQVSPH,0,-0.1246469,-1.131375552,,,,184881,152,76,20,0,0,0,36,3,248,sp|Q9HBX3|SNIT1_HUMAN,100.0,36.0,0.0,0.0,1.0,36.0,75.0,110.0,3.4e-20,75.1,,,,,"('EMSFHQF', 6, 12)",1,EMSFHQF,6,12,0,...[FWY]..[WFY]
184784,PLRNYLNQNAYTATAINSTNFCTSAKDAFVILVENALRV,0,-4.739356744,-2.235123477,,,,184930,98,2,6,0,0,0,36,3,106,sp|Q8WWI5|CTL1_HUMAN,100.0,36.0,0.0,0.0,1.0,36.0,494.0,529.0,2.02e-18,75.1,,,,,"('KDAFVIL', 25, 31)",1,KDAFVIL,25,31,0,...[FWY]..[LVI]
185465,PLRCLHRRIARVVGNFKCWICGMLTRISGPVGLGLGPV,0,-8.849160753,-7.929889987,,,,185613,846,1,1,0,0,0,35,3,848,sp|P17014|ZNF12_HUMAN,47.368,19.0,10.0,0.0,1.0,19.0,537.0,555.0,0.2,26.9,,,,,"('VGNFKCW', 12, 18)",1,VGNFKCW,12,18,0,...[FWY]..[WFY]
185628,PLRLIGGLLRIGYKIENKILAMEEALNWIKYAGDVTILT,0,-0.2299999,-3.132730832,,,,185776,852,396,28,0,0,0,36,3,1276,sp|P53804|TTC3_HUMAN,97.222,36.0,1.0,0.0,1.0,36.0,147.0,182.0,4.86e-18,73.9,,,,,"('ALNWIKY', 24, 30)",1,ALNWIKY,24,30,0,...[FWY]..[WFY]
185677,PLRIGKLYNSLCPGTLCLILLPGTKSTHGSLSGLGLMGI,0,-0.643113989,-3.933296588,,,,185825,106,37,2,0,0,0,36,3,145,sp|Q96IC2|REXO5_HUMAN,100.0,36.0,0.0,0.0,1.0,36.0,726.0,761.0,1.08e-19,78.6,,,,,"('GKLYNSL', 4, 10)",1,GKLYNSL,4,10,0,...[FWY]..[LVI]
186026,PLRCPQMGQGPPQGTFSRLGQPTPGARELTGRLSARGTA,0,-0.076103048,-0.8519777,,,,186174,263,136,42,0,0,0,36,3,441,sp|Q9NU22|MDN1_HUMAN,50.0,22.0,10.0,1.0,1.0,22.0,4311.0,4331.0,0.5,25.8,,,,,"('QGTFSRL', 12, 18)",1,QGTFSRL,12,18,0,...[FWY]..[LVI]
186134,PLRCLRENIAFELPQEFLQYTQPMKRDIKKAFYEMSLQA,0,-2.797072242,-1.877801476,,,,186282,51,4,4,0,0,0,36,3,59,sp|Q9P0W0|IFNK_HUMAN,100.0,36.0,0.0,0.0,1.0,36.0,59.0,94.0,4.52e-20,77.0,,,,,"('PQEFLQY', 13, 19)",1,PQEFLQY,13,19,0,...[FWY]..[WFY]
186634,PLRYLSTTPFPSQHRTEIECFLILVIKF,0,-3.852567355,-2.933296588,,,,186783,53,2,2,0,0,0,25,3,57,sp|P13611|CSPG2_HUMAN,94.444,18.0,1.0,0.0,1.0,18.0,639.0,656.0,4.6e-06,39.3,,,,,"('IECFLIL', 17, 23)",1,IECFLIL,17,23,0,...[FWY]..[LVI]
186729,PLRCRTLFNELRIVVEHIIMKPACPLFVRRLCLQSIAFI,0,-7.183540589,-7.849232324,,,,186878,800,3,1,0,0,0,36,3,804,sp|P57088|TMM33_HUMAN,100.0,36.0,0.0,0.0,1.0,36.0,204.0,239.0,1.55e-19,76.6,,,,,"('RTLFNEL', 4, 10)",1,RTLFNEL,4,10,0,...[FWY]..[LVI]
187066,PLRGLLKALSQASTDPKESTSPEKRDMHDFFVGLMGKRS,0,-4.278452236,-4.096147064,,,,187215,178,5,3,0,0,0,36,3,186,sp|Q9UHF0|TKNK_HUMAN,100.0,36.0,0.0,0.0,1.0,36.0,59.0,94.0,2.66e-20,75.5,,,,,"('HDFFVGL', 27, 33)",1,HDFFVGL,27,33,0,...[FWY]..[LVI]
187176,PLRSLLQRFNRWNETSCNSSPQLLVTKKLAHCSVCSHPG,0,-0.047702315,-1.786325572,,,,187326,1077,568,90,0,0,0,36,3,1735,sp|Q17RS7|GEN_HUMAN,100.0,36.0,0.0,0.0,1.0,36.0,233.0,268.0,7.69e-20,79.0,,,,,"('LQRFNRW', 5, 11)",1,LQRFNRW,5,11,0,...[FWY]..[WFY]
188049,PLRPTSGPVLTVTLFGRLYEKDWASNASSGLTAQARIIM,0,-2.722906223,-3.973560459,,,,188199,218,18,4,0,0,0,36,3,240,sp|O95497|VNN1_HUMAN,100.0,36.0,0.0,0.0,1.0,36.0,465.0,500.0,5.1e-19,76.6,,,,,"('VTLFGRL', 11, 17)",1,VTLFGRL,11,17,0,...[FWY]..[LVI]
188179,PLRCMAWTHDGKGMFYNSYPQQDGKSDGTETSTNLHQKL,0,-6.294571902,-5.375301135,,,,188329,144,1,1,0,0,0,36,3,146,sp|P48147|PPCE_HUMAN,100.0,36.0,0.0,0.0,1.0,36.0,175.0,210.0,1.3e-20,81.3,,,,,"('GMFYNSY', 12, 18)",1,GMFYNSY,12,18,0,...[FWY]..[WFY]
188292,PLRCMVHDCADGKKPSSPPEELKFQCGQKTLRPRFKIIG,0,-5.372574414,-4.453303647,,,,188442,152,2,2,0,0,0,36,3,156,sp|P00749|UROK_HUMAN,100.0,36.0,0.0,0.0,1.0,36.0,146.0,181.0,4.64e-20,79.3,,,,,"('RPRFKII', 31, 37)",1,RPRFKII,31,37,0,...[FWY]..[LVI]
188341,PLRCMFSINPDTGEIRIYGELDFEENNAYEIQVNAIDKG,0,-1.285801692,-3.562928138,,,,188491,246,55,6,0,0,0,36,3,307,sp|Q9UN75|PCDAC_HUMAN,100.0,36.0,0.0,0.0,1.0,36.0,291.0,326.0,2.7500000000000006e-21,83.2,,,,,"('IRIYGEL', 14, 20)",1,IRIYGEL,14,20,0,...[FWY]..[LVI]
188379,PLRGMGQISNYVVAFILGTEILGKSVRIIFSTLGVCTFF,0,-4.349613265,-3.752270594,,,,188529,187,5,4,0,0,0,36,3,196,sp|Q9H015|S22A4_HUMAN,100.0,36.0,0.0,0.0,1.0,36.0,204.0,239.0,4.93e-18,73.9,,,,,"('RIIFSTL', 26, 32)",1,RIIFSTL,26,32,0,...[FWY]..[LVI]
188786,PLRSNNRITTLEAGCFDNLSSSLLVVKLNRNRMSMIPPK,0,-0.885308587,-3.868341147,,,,188937,1064,314,21,0,0,0,36,3,1399,sp|O94898|LRIG2_HUMAN,100.0,36.0,0.0,0.0,1.0,36.0,175.0,210.0,1.72e-18,75.1,,,,,"('AGCFDNL', 12, 18)",1,AGCFDNL,12,18,0,...[FWY]..[LVI]
188918,PLRSNQFIFQDKELNDVSGEATAQEMYLPFPGRSASYED,0,-0.169594306,-0.576824365,,,,189069,326,158,63,0,0,0,36,3,547,sp|Q5VWN6|TASO2_HUMAN,100.0,36.0,0.0,0.0,1.0,36.0,2125.0,2160.0,7.2e-20,79.0,,,,,"('QEMYLPF', 23, 29)",1,QEMYLPF,23,29,0,...[FWY]..[WFY]
189203,PLRLNNEFVEFTLSVESTGQESLEAVAQRLELREVTYFS,0,-1.226793787,-6.831084977,,,,189354,395,92,1,0,0,0,36,3,488,sp|Q16825|PTN21_HUMAN,100.0,36.0,0.0,0.0,1.0,36.0,30.0,65.0,1.03e-17,72.8,,,,,"('NNEFVEF', 4, 10)",1,NNEFVEF,4,10,0,...[FWY]..[WFY]
189369,PLRCPDACVDALLDTSVQHSPHFDWVVAHIGSSFPGTII,0,-0.791293198,-0.329704269,,,,189520,327,103,75,0,0,0,36,3,505,sp|Q6P9B9|INT5_HUMAN,100.0,36.0,0.0,0.0,1.0,36.0,204.0,239.0,7.18e-20,79.0,,,,,"('SPHFDWV', 19, 25)",1,SPHFDWV,19,25,0,...[FWY]..[LVI]
189932,PLRHSWCKGNSCILADEMGLGKTIQTISFLNYLFHEHQL,0,-0.66791011,-2.409550697,,,,190084,682,234,37,0,0,0,36,3,953,sp|O14646|CHD1_HUMAN,100.0,36.0,0.0,0.0,1.0,36.0,494.0,529.0,4.0900000000000002e-22,85.5,,,,,"('TISFLNY', 25, 31)",1,TISFLNY,25,31,0,...[FWY]..[WFY]
190446,PLRSNHLVNSDNVGYASYLLEQEKNKGYLPGQGPFVAAF,0,-3.253929917,-1.919621652,,,,190598,105,6,8,0,0,0,36,3,119,sp|Q9NR71|ASAH2_HUMAN,100.0,36.0,0.0,0.0,1.0,36.0,310.0,345.0,1.27e-19,78.6,,,,,"('NVGYASY', 11, 17)",1,NVGYASY,11,17,0,...[FWY]..[WFY]
190578,PLRSNKKQHLTTEASPSKGPDTWREWSSDGKNLIIYWKP,0,-2.042808608,-4.889072588,,,,190730,514,68,5,0,0,0,36,3,587,sp|P42702|LIFR_HUMAN,100.0,36.0,0.0,0.0,1.0,36.0,523.0,558.0,7.75e-20,79.0,,,,,"('PDTWREW', 19, 25)",1,PDTWREW,19,25,0,...[FWY]..[WFY]
190871,PLRCPNIFPERRTICIDSPSVLISVNEHSYGSPFTFCVV,0,-1.723362556,-5.662072785,,,,191023,1054,174,6,0,0,0,36,3,1234,sp|Q86SJ6|DSG4_HUMAN,100.0,36.0,0.0,0.0,1.0,36.0,494.0,529.0,6.2e-20,79.3,,,,,"('PFTFCVV', 32, 38)",1,PFTFCVV,32,38,0,...[FWY]..[LVI]
191407,PLRCPHSLSFRPIVVRQGSSRRSCCT,0,-3.169041019,-4.834732754,,,,191560,99,6,1,0,0,0,23,3,106,sp|O95544|NADK_HUMAN,86.667,15.0,2.0,0.0,1.0,15.0,349.0,363.0,0.005,30.8,,,,,"('SLSFRPI', 6, 12)",1,SLSFRPI,6,12,0,...[FWY]..[LVI]
191438,PLRCPIDRSGRVADLTEQYNEQYGAVRTPYTMSYGDSLY,0,-2.367503424,-1.654683535,,,,191591,142,15,13,0,0,0,36,3,170,sp|Q9BWF3|RBM4_HUMAN,100.0,36.0,0.0,0.0,1.0,36.0,175.0,210.0,2.64e-20,79.7,,,,,"('NEQYGAV', 19, 25)",1,NEQYGAV,19,25,0,...[FWY]..[LVI]
191529,PLRCPKGADPWFSTGTQNSHRGRKMRSYLPVGKRDIQK,0,-1.894033972,-1.626839902,,,,191682,75,11,7,0,0,0,35,3,93,sp|Q86TH1|ATL2_HUMAN,45.0,20.0,11.0,0.0,15.0,34.0,224.0,243.0,0.25,26.6,,,,,"('MRSYLPV', 24, 30)",1,MRSYLPV,24,30,0,...[FWY]..[LVI]
191624,PLRCTKYIYNRSPAIAAVGPIKQLPDFKQIRSNMCWLRD,0,-0.733755488,-2.030802629,,,,191777,241,79,17,0,0,0,36,3,337,sp|O75439|MPPB_HUMAN,100.0,36.0,0.0,0.0,1.0,36.0,454.0,489.0,1.62e-22,86.7,,,,,"('LPDFKQI', 23, 29)",1,LPDFKQI,23,29,0,...[FWY]..[LVI]
191756,PLRPGPLLGAPAPPQPVPGAYPNTAPGRRPYALLHPHPL,0,-1.142870659,-2.29888802,,,,191909,239,59,14,0,0,0,36,3,312,sp|Q8WXT5|FX4L4_HUMAN,100.0,36.0,0.0,0.0,1.0,36.0,233.0,268.0,3.58e-17,71.2,,,,,"('RRPYALL', 27, 33)",1,RRPYALL,27,33,0,...[FWY]..[LVI]
191960,PLRIQTTDDTKVLCRNEEGKYGYVLRSYLADNDGEIYDD,0,-3.825086618,-1.09846093,,,,192113,52,2,7,0,0,0,36,3,61,sp|O15117|FYB1_HUMAN,100.0,36.0,0.0,0.0,1.0,36.0,738.0,773.0,1.9e-20,80.9,,,,,"('EGKYGYV', 17, 23)",1,EGKYGYV,17,23,0,...[FWY]..[LVI]
192006,PLRFTNKENESQTVFQLDFCEPDAFDNVLNYIYSSSLFV,0,-0.503158523,-3.034400058,,,,192159,1677,645,59,0,0,0,36,3,2381,sp|Q9ULJ3|ZBT21_HUMAN,100.0,36.0,0.0,0.0,1.0,36.0,59.0,94.0,1.74e-19,77.8,,,,,"('PDAFDNV', 21, 27)",1,PDAFDNV,21,27,0,...[FWY]..[LVI]
192086,PLRCPPETAVLLASYAVQAKYGDYNKEIHKPGYLANDRL,0,-0.879534402,-0.21610254,,,,192239,270,80,67,0,0,0,36,3,417,sp|P35241|RADI_HUMAN,100.0,36.0,0.0,0.0,1.0,36.0,117.0,152.0,4.23e-20,79.7,,,,,"('QAKYGDY', 17, 23)",1,QAKYGDY,17,23,0,...[FWY]..[WFY]
192107,PLRCPPDDTKLIEDEFIIDESDQSFASRSWITIPRKAGS,0,-4.253929917,-4.919621652,,,,192260,105,3,1,0,0,0,36,3,109,sp|Q03188|CENPC_HUMAN,100.0,36.0,0.0,0.0,1.0,36.0,291.0,326.0,6.09e-20,79.3,,,,,"('SRSWITI', 26, 32)",1,SRSWITI,26,32,0,...[FWY]..[LVI]
192118,PLRCPTEPLQTPTIMSSYLGVAHQRPPQRQVVLSKFVRQ,0,-2.91720482,-3.805288976,,,,192271,97,7,2,0,0,0,36,3,106,sp|Q92621|NU205_HUMAN,97.222,36.0,1.0,0.0,1.0,36.0,465.0,500.0,5.69e-19,76.6,,,,,"('MSSYLGV', 14, 20)",1,MSSYLGV,14,20,0,...[FWY]..[LVI]
192207,PLRCPPNYVQVSKTKCERTTCHDFLECQNSPARITHYQL,0,-4.212109741,-3.877801476,,,,192360,102,3,2,0,0,0,36,3,107,sp|P98095|FBLN2_HUMAN,100.0,36.0,0.0,0.0,1.0,36.0,1056.0,1091.0,3.55e-20,80.1,,,,,"('PPNYVQV', 4, 10)",1,PPNYVQV,4,10,0,...[FWY]..[LVI]
192351,PLRCPQLVLVNGEDLTRYREMSYKVTELLEEFSPVVERL,0,-7.690700938,-6.771430172,,,,192504,379,1,1,0,0,0,36,3,381,sp|Q9UNA4|POLI_HUMAN,100.0,36.0,0.0,0.0,1.0,36.0,113.0,148.0,7.33e-19,76.3,,,,,"('LEEFSPV', 28, 34)",1,LEEFSPV,28,34,0,...[FWY]..[LVI]
192442,PLRWPQSNPKFLCADYAEQMSWIITVASWWTVRLKLRQ,0,-1.609021817,-5.62638899,,,,192595,1371,245,8,0,0,0,35,3,1624,sp|Q9UKV3|ACINU_HUMAN,100.0,16.0,0.0,0.0,1.0,16.0,1074.0,1089.0,4.48e-07,42.7,,,,,"('VASWWTV', 25, 31)",1,VASWWTV,25,31,0,...[FWY]..[LVI]
192687,PLRGPSINPLPKPRRTFRYLSESGVTPYKERNCDKKYCE,0,-1.984231781,-4.019157325,,,,192840,225,31,4,0,0,0,36,3,260,sp|Q68D51|DEN2C_HUMAN,100.0,36.0,0.0,0.0,1.0,36.0,204.0,239.0,5.11e-20,79.3,,,,,"('RRTFRYL', 13, 19)",1,RRTFRYL,13,19,0,...[FWY]..[LVI]
192947,PLRYPVAWVNTMVFDFKGQLRTGDIILHSWSSFPDELEE,0,-5.717103937,-4.21287067,,,,193100,193,2,3,0,0,0,36,3,198,sp|P42338|PK3CB_HUMAN,100.0,36.0,0.0,0.0,1.0,36.0,436.0,471.0,1.6900000000000001e-21,83.6,,,,,"('LHSWSSF', 26, 32)",1,LHSWSSF,26,32,0,...[FWY]..[WFY]
193290,PLRSQALQQELAMLREELRARGPVDTKPSNSLIPFLSFR,0,-4.240124118,-4.905815852,,,,193443,104,3,1,0,0,0,36,3,108,sp|Q6DT37|MRCKG_HUMAN,100.0,36.0,0.0,0.0,1.0,36.0,784.0,819.0,5.63e-18,73.6,,,,,"('LIPFLSF', 31, 37)",1,LIPFLSF,31,37,0,...[FWY]..[WFY]
193483,PLRYQDGLRLLGARARGVAMLGVFLVSAVAHEYIFCFVP,0,-2.932001822,-2.012731056,,,,193636,56,4,4,0,0,0,36,3,64,sp|O75908|SOAT2_HUMAN,100.0,35.0,0.0,0.0,1.0,35.0,407.0,441.0,1.95e-17,72.0,,,,,"('EYIFCFV', 31, 37)",1,EYIFCFV,31,37,0,...[FWY]..[LVI]
194103,PLRSQYVTCVETYLEDEGQLDLVVKYLQGVYQEVGAKVL,0,-0.719593489,-1.925853605,,,,194256,290,96,22,0,0,0,36,3,408,sp|Q2TAK8|PWP3A_HUMAN,100.0,36.0,0.0,0.0,1.0,36.0,609.0,644.0,1.26e-19,78.6,,,,,"('QGVYQEV', 27, 33)",1,QGVYQEV,27,33,0,...[FWY]..[LVI]
194303,PLRCRTVTRGEGLSPTESCEGLGDLACFYVAVIFILNGL,0,-1.879534402,-0.841322563,,,,194456,864,128,139,0,0,0,36,3,1131,sp|Q2PZI1|D19L1_HUMAN,91.667,36.0,3.0,0.0,1.0,36.0,134.0,169.0,5.63e-18,73.6,,,,,"('ACFYVAV', 25, 31)",1,ACFYVAV,25,31,0,...[FWY]..[LVI]
194364,PLRVTVNFRKLLLNRCQKEFEKDKDDDEVFEKKQKEMDE,0,-2.655161617,-4.905815852,,,,194517,104,9,1,0,0,0,36,3,114,sp|Q04637|IF4G1_HUMAN,100.0,36.0,0.0,0.0,1.0,36.0,835.0,870.0,8.17e-19,76.3,,,,,"('TVNFRKL', 4, 10)",1,TVNFRKL,4,10,0,...[FWY]..[LVI]
194788,PLRSQGHISIPQPDCPAEARTFSFYLSNIAATTRRAAL,0,-1.164175264,-0.955397881,,,,194941,74,18,11,0,0,0,35,3,103,sp|P55199|ELL_HUMAN,96.296,27.0,1.0,0.0,1.0,27.0,59.0,85.0,2.8e-13,60.5,,,,,"('ARTFSFY', 18, 24)",1,ARTFSFY,18,24,0,...[FWY]..[WFY]
194898,PLRCQHSSWVSSLYTAYLGPVLGGFSQGFNQDVSPGCE,0,-3.525526336,-5.60625557,,,,195051,169,8,1,0,0,0,35,3,178,sp|Q8IYW2|CFA46_HUMAN,43.333,30.0,15.0,1.0,4.0,31.0,861.0,890.0,0.3,26.6,,,,,"('SSLYTAY', 10, 16)",1,SSLYTAY,10,16,0,...[FWY]..[WFY]
195074,PLRRQKRNVKKAVVMQLKVPTIMKFLKIAKAVPVRV,0,-4.307868724,-2.651632364,,,,195227,109,3,5,0,0,0,33,3,117,,,,,,,,,,,,,,,,"('IMKFLKI', 21, 27)",1,IMKFLKI,21,27,0,...[FWY]..[LVI]
195496,PLRSQPYEEVSQPCQEVPDISQPCQDISEALSQPCQKVP,0,-1.689431519,-0.711267064,,,,195650,142,24,25,0,0,0,36,3,191,sp|Q6PFW1|VIP1_HUMAN,100.0,36.0,0.0,0.0,1.0,36.0,1248.0,1283.0,2.71e-18,74.7,,,,,"('SQPYEEV', 3, 9)",1,SQPYEEV,3,9,0,...[FWY]..[LVI]
195885,PLRWRGDHILVGTQDSEIFEIVVQERNKPFLIMQGHCEG,0,-4.007289949,-6.088019183,,,,196040,236,8,1,0,0,0,36,3,245,sp|Q05BV3|EMAL5_HUMAN,100.0,36.0,0.0,0.0,1.0,36.0,291.0,326.0,1.3100000000000003e-21,84.0,,,,,"('SEIFEIV', 15, 21)",1,SEIFEIV,15,21,0,...[FWY]..[LVI]
196284,PLRCRKFVKINNSTNEGMNVKKCCKGFCIDILKKLSRTV,0,-3.562052212,-1.642781446,,,,196439,65,3,6,0,0,0,36,3,74,sp|Q12879|NMDE1_HUMAN,100.0,36.0,0.0,0.0,1.0,36.0,436.0,471.0,2.9300000000000004e-21,83.2,,,,,"('CRKFVKI', 3, 9)",1,CRKFVKI,3,9,0,...[FWY]..[LVI]
197330,PLRCRSQPRSISESFLTVKGAALFLPRGNGSSTPRISHR,0,-6.135874156,-4.216603389,,,,197486,129,1,2,0,0,0,36,3,132,sp|Q76I76|SSH2_HUMAN,100.0,36.0,0.0,0.0,1.0,36.0,30.0,65.0,5.93e-19,76.6,,,,,"('SESFLTV', 11, 17)",1,SESFLTV,11,17,0,...[FWY]..[LVI]
197346,PLRSRSRTRSRERDLVKPKYDLDRTDPLENNYTPVSSVP,0,-5.253929917,-5.656587246,,,,197502,350,5,2,0,0,0,36,3,357,sp|Q5T8P6|RBM26_HUMAN,100.0,36.0,0.0,0.0,1.0,36.0,204.0,239.0,6.8e-18,73.6,,,,,"('ENNYTPV', 28, 34)",1,ENNYTPV,28,34,0,...[FWY]..[LVI]
197635,PLRSRYGILMTKQELSFSDKKEVCKVVLRRLIQDSNQYQ,0,-0.153405893,-0.167901428,,,,197792,304,149,78,0,0,0,36,3,531,sp|Q9NQX4|MYO5C_HUMAN,97.222,36.0,1.0,0.0,1.0,36.0,697.0,732.0,5.05e-18,73.9,,,,,"('RSRYGIL', 2, 8)",1,RSRYGIL,2,8,0,...[FWY]..[LVI]
197723,PLRWSADHGNNKKGFRIRYIAFYYSTPESPPHGYIISQT,0,-6.338966021,-4.834732754,,,,197880,297,2,3,0,0,0,36,3,302,sp|Q7Z407|CSMD3_HUMAN,97.222,36.0,1.0,0.0,1.0,36.0,2549.0,2584.0,2.22e-19,77.8,,,,,"('RIRYIAF', 15, 21)",1,RIRYIAF,15,21,0,...[FWY]..[WFY]
197850,PLRYSALSGNPFRMATRGIFRTALPVRSITTSKWKVTV,0,-5.871964239,-7.476255429,,,,198007,2471,23,4,0,0,0,35,3,2498,sp|Q8NF50|DOCK8_HUMAN,40.909,22.0,13.0,0.0,3.0,24.0,1262.0,1283.0,1.3,24.6,,,,,"('PLRYSAL', 0, 6)",1,PLRYSAL,0,6,0,...[FWY]..[LVI]
198184,PLRRSDLIDQMNASGPIKEKMGIFKTLENSEDSSPECL,0,-0.041180078,-2.615898152,,,,198341,319,169,15,0,0,0,35,3,503,sp|Q9NRZ9|HELLS_HUMAN,97.143,35.0,1.0,0.0,1.0,35.0,803.0,837.0,1.24e-17,72.8,,,,,"('MGIFKTL', 20, 26)",1,MGIFKTL,20,26,0,...[FWY]..[LVI]
198189,PLRYSDLNDPVVRPLGSENLLLRGATLKNTEKIFGVAIY,0,-0.259443678,-1.852622913,,,,198346,213,97,17,0,0,0,36,3,327,sp|P98196|AT11A_HUMAN,100.0,36.0,0.0,0.0,1.0,36.0,233.0,268.0,1.08e-19,78.6,,,,,"('PLRYSDL', 0, 6)",1,PLRYSDL,0,6,0,...[FWY]..[LVI]
198230,PLRGSASSLVEAVLISEGLGQFAQDPKFIEVTTQELADA,0,-1.612747862,-4.638335541,,,,198387,432,77,5,0,0,0,36,3,514,sp|Q13936|CAC1C_HUMAN,100.0,36.0,0.0,0.0,1.0,36.0,2114.0,2149.0,1.09e-17,72.8,,,,,"('DPKFIEV', 24, 30)",1,DPKFIEV,24,30,0,...[FWY]..[LVI]
198751,PLRFSGLCVDGVIFLKHHDGRNNGDAIVKFASCVDASGG,0,-3.689431519,-3.770160753,,,,198909,142,6,3,0,0,0,36,3,151,sp|Q8IXT5|RB12B_HUMAN,100.0,36.0,0.0,0.0,1.0,36.0,175.0,210.0,2.6900000000000002e-21,83.2,,,,,"('PLRFSGL', 0, 6)",1,PLRFSGL,0,6,0,...[FWY]..[LVI]
200227,PLRCSRGERRAIEKLAVEALSSLDGDLAGRYYALKSMTE,0,-3.063246355,-3.143975589,,,,200388,92,6,3,0,0,0,36,3,101,sp|P12277|KCRB_HUMAN,100.0,36.0,0.0,0.0,1.0,36.0,146.0,181.0,4.89e-19,76.6,,,,,"('AGRYYAL', 27, 33)",1,AGRYYAL,27,33,0,...[FWY]..[LVI]
200530,PLRISSLENANYKDHENGTGTNAYAALNSVYLIMNNQMR,0,-0.387153909,-1.213310315,,,,200691,547,228,68,0,0,0,36,3,843,sp|P06681|CO2_HUMAN,94.444,36.0,2.0,0.0,1.0,36.0,320.0,355.0,6.85e-19,76.3,,,,,"('TNAYAAL', 20, 26)",1,TNAYAAL,20,26,0,...[FWY]..[LVI]
201115,PLRSTKYLSRQKPHKCGTHGKSLKYIDFTSDYARNNPNG,0,-3.130271449,-6.211000683,,,,201279,257,16,1,0,0,0,36,3,274,sp|Q14587|ZN268_HUMAN,100.0,36.0,0.0,0.0,1.0,36.0,191.0,226.0,6.91e-20,79.0,,,,,"('SLKYIDF', 21, 27)",1,SLKYIDF,21,27,0,...[FWY]..[WFY]
201270,PLRYTKHGTLKYQTDCAPNNGYFMIPLYDKGDFILKIEP,0,-0.341717681,-5.437397256,,,,201434,451,194,3,0,0,0,36,3,648,sp|Q5JPE7|NOMO2_HUMAN,100.0,36.0,0.0,0.0,1.0,36.0,59.0,94.0,4.79e-22,85.1,,,,,"('NNGYFMI', 18, 24)",1,NNGYFMI,18,24,0,...[FWY]..[LVI]
201356,PLRGTKVFKSSSGNISLYCCSIFDLPRTNIGKFDMIWDR,0,-4.30455599,-4.385285224,,,,201520,145,4,2,0,0,0,36,3,151,sp|P51580|TPMT_HUMAN,100.0,36.0,0.0,0.0,1.0,36.0,117.0,152.0,5.34e-22,82.8,,,,,"('IGKFDMI', 29, 35)",1,IGKFDMI,29,35,0,...[FWY]..[LVI]
201388,PLRCTLVSSVSRSVSSLARPRALPVAHHRLKNWSSIFAA,0,-2.052296056,-3.656587246,,,,201552,350,46,8,0,0,0,36,3,404,sp|P35228|NOS2_HUMAN,39.394,33.0,17.0,1.0,3.0,32.0,60.0,92.0,2.1,24.3,,,,,"('LKNWSSI', 29, 35)",1,LKNWSSI,29,35,0,...[FWY]..[LVI]
201692,PLRCTPESLWKELSLQHEGLKELIHKQMRPFSQGIVILS,0,-3.379460799,-6.504584152,,,,201856,630,33,2,0,0,0,36,3,665,sp|Q68D06|SLN13_HUMAN,100.0,36.0,0.0,0.0,1.0,36.0,407.0,442.0,2.98e-19,77.4,,,,,"('ESLWKEL', 6, 12)",1,ESLWKEL,6,12,0,...[FWY]..[LVI]
202182,PLRYTWSWNVCQELLSPKDLRLYDAYVNRNSSHNSRSSS,0,-3.279925126,-3.235123477,,,,202349,196,11,6,0,0,0,36,3,213,sp|Q8N7B9|EFCB3_HUMAN,100.0,36.0,0.0,0.0,1.0,36.0,378.0,413.0,2.79e-20,80.1,,,,,"('LRLYDAY', 19, 25)",1,LRLYDAY,19,25,0,...[FWY]..[WFY]
202259,PLRSSYKTRTCRCRTGFNLGSDGRSCKRPKNELFLFYGK,0,-8.281993835,-7.362723069,,,,202426,571,1,1,0,0,0,36,3,573,sp|Q9NZR2|LRP1B_HUMAN,100.0,36.0,0.0,0.0,1.0,36.0,494.0,529.0,3.91e-19,77.0,,,,,"('NELFLFY', 30, 36)",1,NELFLFY,30,36,0,...[FWY]..[WFY]
202445,PLRSTAPSDFQPQPVISIIQLFGWDDIICPQVVARYLSH,0,-4.60577359,-2.571025606,,,,202612,268,6,13,0,0,0,36,3,287,sp|Q6ZRQ5|MMS22_HUMAN,100.0,36.0,0.0,0.0,1.0,36.0,755.0,790.0,5.860000000000001e-21,82.0,,,,,"('LFGWDDI', 20, 26)",1,LFGWDDI,20,26,0,...[FWY]..[LVI]
202675,PLRLQKDYRTDLVFGTDVTCWFVHNSGKGFIDGHYKDYF,0,-3.714610082,-6.380301816,,,,202842,289,12,1,0,0,0,36,3,302,sp|P19823|ITIH2_HUMAN,100.0,36.0,0.0,0.0,1.0,36.0,900.0,935.0,3.4e-23,88.6,,,,,"('DGHYKDY', 31, 37)",1,DGHYKDY,31,37,0,...[FWY]..[WFY]
202774,PLRCTGFRWTHNSKYYQKGSHVRQDSMEPSDLWDDVSNC,0,-3.1246469,-2.690802961,,,,202941,112,7,5,0,0,0,36,3,124,sp|Q9NRM7|LATS2_HUMAN,100.0,36.0,0.0,0.0,1.0,36.0,813.0,848.0,2.8000000000000003e-23,89.0,,,,,"('SDLWDDV', 29, 35)",1,SDLWDDV,29,35,0,...[FWY]..[LVI]
203023,PLRLVIGILVVIIGVSLGMNTGYAINPSRDLPPRIFTFI,0,-2.499686331,-4.580415565,,,,203190,83,8,1,0,0,0,36,3,92,sp|O14520|AQP7_HUMAN,100.0,36.0,0.0,0.0,1.0,36.0,204.0,239.0,1.3e-17,72.4,,,,,"('PRIFTFI', 32, 38)",1,PRIFTFI,32,38,0,...[FWY]..[LVI]
203385,PLRYAQIMTVVISCLVGRMWLLEIFMAAVSTLNITLRSY,0,-0.184518356,-0.543028581,,,,203553,369,177,73,0,0,0,36,3,619,sp|Q86WI1|PKHL1_HUMAN,100.0,36.0,0.0,0.0,1.0,36.0,4208.0,4243.0,1.9e-19,77.8,,,,,"('PLRYAQI', 0, 6)",1,PLRYAQI,0,6,0,...[FWY]..[LVI]
204173,PLRGVGIFFGSFDNDGKKNNPAIVIIGNNGQIHYDHQND,0,-1.446574995,-2.849232324,,,,204341,50,10,2,0,0,0,36,3,62,sp|P49257|LMAN1_HUMAN,97.222,36.0,1.0,0.0,1.0,36.0,146.0,181.0,3.63e-18,74.3,,,,,"('GIFFGSF', 5, 11)",1,GIFFGSF,5,11,0,...[FWY]..[WFY]
205464,PLRSVSSFWKNMVWRNQFHLLKTLNLAQKRHAS,0,-2.199935027,-2.503056682,,,,205633,59,7,3,0,0,0,30,3,69,sp|Q9BZF2|OSBL7_HUMAN,50.0,12.0,6.0,0.0,4.0,15.0,597.0,608.0,3.8,23.1,,,,,"('RNQFHLL', 14, 20)",1,RNQFHLL,14,20,0,...[FWY]..[LVI]
205483,PLRSVSTPVSEVYESEKDEDGFLYMVYASQETYGMKLSV,0,-3.294571902,-3.05337304,,,,205652,144,8,5,0,0,0,36,3,157,sp|Q9GZQ8|MLP3B_HUMAN,94.444,36.0,2.0,0.0,1.0,36.0,90.0,125.0,1.87e-19,73.6,,,,,"('GFLYMVY', 20, 26)",1,GFLYMVY,20,26,0,...[FWY]..[WFY]
205705,PLRSVVLRHCKKRQSHLRLTLKNNVFLFIDKLSYRDAKQ,0,-5.527852639,-6.483050991,,,,205874,931,11,3,0,0,0,36,3,945,sp|Q9HBJ7|UBP29_HUMAN,100.0,36.0,0.0,0.0,1.0,36.0,59.0,94.0,9.6e-19,75.9,,,,,"('NNVFLFI', 22, 28)",1,NNVFLFI,22,28,0,...[FWY]..[LVI]
205736,PLRSVVPSFGDCLVPTSMGQASFDVFHRAFSTHSGITVY,0,-6.852567355,-4.933296588,,,,205905,212,1,2,0,0,0,36,3,215,sp|Q8NEA6|GLIS3_HUMAN,97.222,36.0,1.0,0.0,1.0,36.0,697.0,732.0,3.62e-18,74.3,,,,,"('QASFDVF', 19, 25)",1,QASFDVF,19,25,0,...[FWY]..[WFY]
205836,PLRSVYGVDQTHSGLPLHHIRRMFMGIHALIWQGSQRC,0,-1.580037354,-7.6831344,,,,206005,713,130,1,0,0,0,35,3,844,sp|O15519|CFLAR_HUMAN,100.0,23.0,0.0,0.0,1.0,23.0,320.0,342.0,9.86e-12,55.8,,,,,"('RRMFMGI', 20, 26)",1,RRMFMGI,20,26,0,...[FWY]..[LVI]
206017,PLRCWDRGGWDGSSRAVHLLFRGVAHPSLYLFPREDPPR,0,-2.383381169,-3.271465324,,,,206186,67,7,2,0,0,0,36,3,76,sp|Q4VX62|CF099_HUMAN,100.0,36.0,0.0,0.0,1.0,36.0,136.0,171.0,8.360000000000001e-21,79.0,,,,,"('HLLFRGV', 17, 23)",1,HLLFRGV,17,23,0,...[FWY]..[LVI]
206022,PLRCWDSPYLRPLRKFSCVKRACMKRMVLLNFKLMSRS,0,-4.482198905,-3.884856233,,,,206191,205,5,4,0,0,0,35,3,214,sp|Q9BVI0|PHF20_HUMAN,63.158,19.0,7.0,0.0,1.0,19.0,59.0,77.0,0.002,32.7,,,,,"('LRKFSCV', 12, 18)",1,LRKFSCV,12,18,0,...[FWY]..[LVI]
206100,PLRYWHCSWVSELQLELHCQVMFVTISGRMIWMSHLLG,0,-7.22443302,-8.890124754,,,,206269,1646,6,1,0,0,0,35,3,1653,sp|Q14839|CHD4_HUMAN,100.0,20.0,0.0,0.0,1.0,20.0,552.0,571.0,3.3e-11,54.3,,,,,"('QVMFVTI', 19, 25)",1,QVMFVTI,19,25,0,...[FWY]..[LVI]
206191,PLRSWKVFEEMVEPYRLHESCKDLTTAEKLKRKTPWKIT,0,-5.253929917,-2.74969665,,,,206361,70,1,3,0,0,0,36,3,74,sp|Q13621|S12A1_HUMAN,94.444,36.0,2.0,0.0,1.0,36.0,987.0,1022.0,3.4300000000000004e-21,82.8,,,,,"('LRSWKVF', 1, 7)",1,LRSWKVF,1,7,0,...[FWY]..[WFY]
206614,PLRRYDERIDRVETRITARLRDQLGTAKNANEMFRIFSR,0,-2.608462677,-8.859116913,,,,206784,1611,144,1,0,0,0,36,3,1756,sp|Q14204|DYHC1_HUMAN,100.0,36.0,0.0,0.0,1.0,36.0,552.0,587.0,4.06e-18,73.9,,,,,"('NEMFRIF', 30, 36)",1,NEMFRIF,30,36,0,...[FWY]..[WFY]
206642,PLRSYDRTKRQRRRNWKLKELARERENMDTDNERQYQDF,0,-6.87283975,-4.953568983,,,,206812,215,1,2,0,0,0,36,3,218,sp|Q96D46|NMD3_HUMAN,97.222,36.0,1.0,0.0,1.0,36.0,407.0,442.0,1.61e-18,75.1,,,,,"('ERQYQDF', 32, 38)",1,ERQYQDF,32,38,0,...[FWY]..[WFY]
207115,PLRCYNIVVEAMKAFPMSERIQEVSCCLLHRLTLGNFFN,0,-5.694502508,-6.360194243,,,,207285,285,3,1,0,0,0,36,3,289,sp|Q5S007|LRRK2_HUMAN,100.0,36.0,0.0,0.0,1.0,36.0,249.0,284.0,1.02e-20,81.6,,,,,"('LRCYNIV', 1, 7)",1,LRCYNIV,1,7,0,...[FWY]..[LVI]
207476,PLRTRCYVDGSEEIGSDFKLKCEPKEGSLPLQYEWQKLS,0,-1.591772911,-2.438036891,,,,207646,658,119,35,0,0,0,36,3,812,sp|P78310|CXAR_HUMAN,94.444,36.0,2.0,0.0,1.0,36.0,144.0,179.0,3.44e-19,76.6,,,,,"('QYEWQKL', 31, 37)",1,QYEWQKL,31,37,0,...[FWY]..[LVI]
207821,PLREAAPKHELVRTALVPPAASFLGSVTVTVFQWLWTH,0,-3.294571902,-3.597693557,,,,207991,126,7,3,0,0,0,35,3,136,sp|Q5FWF5|ESCO1_HUMAN,37.931,29.0,18.0,0.0,1.0,29.0,410.0,438.0,0.73,25.4,,,,,"('VTVFQWL', 28, 34)",1,VTVFQWL,28,34,0,...[FWY]..[LVI]
208478,PLRDDFANASGTITFLPWQRSEVLNIYVLDDDIPELNEY,0,-0.981178193,-6.748407954,,,,208651,373,103,1,0,0,0,36,3,477,sp|Q8WXG9|AGRV1_HUMAN,100.0,36.0,0.0,0.0,1.0,36.0,1625.0,1660.0,1.25e-19,78.6,,,,,"('TITFLPW', 11, 17)",1,TITFLPW,11,17,0,...[FWY]..[WFY]
209072,PLRKANCVAWLGGAIFGALQDILGSRSVSKEYYNQTGRI,0,-2.501697566,-8.152282408,,,,209246,987,95,1,0,0,0,36,3,1083,sp|Q9NZ32|ARP10_HUMAN,100.0,36.0,0.0,0.0,1.0,36.0,349.0,384.0,1.34e-20,80.9,,,,,"('GAIFGAL', 12, 18)",1,GAIFGAL,12,18,0,...[FWY]..[LVI]
209277,PLRDDPDVKIKLKIQSLIYPALQPLDVDLPSYQENSNFL,0,-3.689431519,-3.355123253,,,,209451,71,3,2,0,0,0,36,3,76,sp|P22760|AAAD_HUMAN,100.0,36.0,0.0,0.0,1.0,36.0,204.0,239.0,1.93e-18,74.7,,,,,"('SLIYPAL', 15, 21)",1,SLIYPAL,15,21,0,...[FWY]..[LVI]
209283,PLRDDPEDAKAKVLSVLKHSLLSFKRRRAMETLKLYFLF,0,-3.922308426,-5.418075159,,,,209457,445,16,3,0,0,0,36,3,464,sp|Q5H9U9|DDX6L_HUMAN,100.0,36.0,0.0,0.0,1.0,36.0,1364.0,1399.0,5.74e-18,73.6,,,,,"('LKLYFLF', 32, 38)",1,LKLYFLF,32,38,0,...[FWY]..[WFY]
209417,PLRDAPQYLRTYVHRVGRTARAGKTGQAFTLLLKVQERR,0,-5.679235752,-4.759964986,,,,209591,94,1,1,0,0,0,36,3,96,sp|Q8N8A6|DDX51_HUMAN,100.0,36.0,0.0,0.0,1.0,36.0,581.0,616.0,1.13e-18,75.9,,,,,"('GQAFTLL', 25, 31)",1,GQAFTLL,25,31,0,...[FWY]..[LVI]
209682,PLRHAGNKPIKDQLGLSFYSHLPELHIFQIKGEIANQLV,0,-1.565219492,-2.230911226,,,,209856,114,21,7,0,0,0,36,3,142,sp|Q8N4W9|ZN808_HUMAN,97.143,35.0,1.0,0.0,1.0,35.0,146.0,180.0,5.04e-18,73.9,,,,,"('LSFYSHL', 15, 21)",1,LSFYSHL,15,21,0,...[FWY]..[LVI]
209720,PLREAGSMKNLVLKIISGSFPPVSLHYSYDLRSLVSQLF,0,-7.212109741,-5.707876474,,,,209894,544,2,3,0,0,0,36,3,549,sp|Q96PY6|NEK1_HUMAN,100.0,36.0,0.0,0.0,1.0,36.0,204.0,239.0,2.37e-19,77.4,,,,,"('SGSFPPV', 16, 22)",1,SGSFPPV,16,22,0,...[FWY]..[LVI]
209927,PLRYAIKKFAEAFEAIPRALAENSGVKANEVISKLYAVR,0,-2.108158777,-4.063357129,,,,210101,174,22,3,0,0,0,36,3,199,sp|P50990|TCPQ_HUMAN,100.0,35.0,0.0,0.0,1.0,35.0,436.0,470.0,2.79e-16,68.9,,,,,"('AEAFEAI', 9, 15)",1,AEAFEAI,9,15,0,...[FWY]..[LVI]
210896,PLRSHDASKVKAEGPGLSKAGVENGKPTHFTVYTKGAGK,0,-2.470421737,-1.814185377,,,,211070,61,6,5,0,0,0,36,3,72,sp|O75369|FLNB_HUMAN,100.0,36.0,0.0,0.0,1.0,36.0,842.0,877.0,4.49e-18,73.9,,,,,"('PTHFTVY', 26, 32)",1,PTHFTVY,26,32,0,...[FWY]..[WFY]
211392,PLRHAVQMHIQFSSRGWVLDQTSIFTQVDAFVQRCKDLI,0,-5.542499415,-5.623228649,,,,211566,342,4,2,0,0,0,36,3,348,sp|Q8IVF4|DYH10_HUMAN,56.25,16.0,7.0,0.0,13.0,28.0,4347.0,4362.0,0.27,26.6,,,,,"('TSIFTQV', 21, 27)",1,TSIFTQV,21,27,0,...[FWY]..[LVI]
211712,PLRYCCINCIHLLPDLHALEHTYSDKDGLLIIGVHSAKF,0,-0.067674715,-6.362723069,,,,211886,571,297,2,0,0,0,36,3,870,sp|Q8NBF2|NHLC2_HUMAN,100.0,36.0,0.0,0.0,1.0,36.0,88.0,123.0,2.88e-22,85.9,,,,,"('PLRYCCI', 0, 6)",1,PLRYCCI,0,6,0,...[FWY]..[LVI]
212004,PLRDCGGLRLSRPPAPPPGDLQYSFFSSPSLANSIHSPG,0,-2.635608819,-4.038266148,,,,212178,114,10,2,0,0,0,36,3,126,sp|Q5TGY3|AHDC1_HUMAN,97.143,35.0,1.0,0.0,1.0,35.0,146.0,180.0,1.33e-16,69.7,,,,,"('DLQYSFF', 19, 25)",1,DLQYSFF,19,25,0,...[FWY]..[WFY]
212244,PLRHCILDPVQVKMSRPTQYSSFSATISPTITVAVFFA,0,-1.220478605,-6.809002479,,,,212418,778,182,2,0,0,0,35,3,962,sp|Q0P670|SPEM2_HUMAN,100.0,20.0,0.0,0.0,1.0,20.0,88.0,107.0,3.26e-08,45.8,,,,,"('PTQYSSF', 16, 22)",1,PTQYSSF,16,22,0,...[FWY]..[WFY]
212290,PLRYCKANLCGILYFVDSNEMYGTPSVFLTEEGYLHIQM,0,-2.702075728,-2.138948772,,,,212464,382,32,25,0,0,0,36,3,439,sp|Q68CR1|SE1L3_HUMAN,100.0,36.0,0.0,0.0,1.0,36.0,299.0,334.0,2.64e-21,83.2,,,,,"('EEGYLHI', 30, 36)",1,EEGYLHI,30,36,0,...[FWY]..[LVI]
212553,PLRDSNFITALELAVRFGKTLIIQEMDGVEPVLYPLLRR,0,-5.724559742,-3.582896555,,,,212727,291,3,7,0,0,0,36,3,301,sp|Q8NCM8|DYHC2_HUMAN,100.0,36.0,0.0,0.0,1.0,36.0,3307.0,3342.0,5.45e-19,76.6,,,,,"('PVLYPLL', 30, 36)",1,PVLYPLL,30,36,0,...[FWY]..[LVI]
212940,PLRNCSTLDSLPVFGKVVTQGTREAAFVYAISSAGVAFA,0,-0.861612494,-3.849232324,,,,213114,50,15,1,0,0,0,36,3,66,sp|P56705|WNT4_HUMAN,100.0,36.0,0.0,0.0,1.0,36.0,88.0,123.0,2.05e-18,74.7,,,,,"('LPVFGKV', 10, 16)",1,LPVFGKV,10,16,0,...[FWY]..[LVI]
213022,PLRHCTNTDNPRYKEGDLTLYAINLHNVTKYLRLPYPFS,0,-0.250376816,-7.569510789,,,,213196,659,302,1,0,0,0,36,3,962,sp|Q9Y251|HPSE_HUMAN,100.0,36.0,0.0,0.0,1.0,36.0,436.0,471.0,2.26e-20,80.5,,,,,"('VTKYLRL', 27, 33)",1,VTKYLRL,27,33,0,...[FWY]..[LVI]
213108,PLRNCVKNASLISALSTGRFSHIQTPVVSSTPRLTTSER,0,-4.003792505,-2.891876661,,,,213282,206,7,8,0,0,0,36,3,221,sp|Q9NZE8|RM35_HUMAN,100.0,36.0,0.0,0.0,1.0,36.0,30.0,65.0,4.22e-19,74.3,,,,,"('TGRFSHI', 16, 22)",1,TGRFSHI,16,22,0,...[FWY]..[LVI]
213155,PLRHFIGNCVSSFTAFVKRERDLQGRPSSFFGMDRPPKL,0,-2.932001822,-2.427768555,,,,213329,112,8,6,0,0,0,36,3,126,sp|Q9H488|OFUT1_HUMAN,100.0,36.0,0.0,0.0,1.0,36.0,349.0,384.0,4.74e-20,79.3,,,,,"('VSSFTAF', 9, 15)",1,VSSFTAF,9,15,0,...[FWY]..[WFY]
213372,PLREDCKFDRERIELFCTEYQNNKNSWKSCWVVLAVLS,0,-0.845930872,-1.197514016,,,,213546,366,111,46,0,0,0,35,3,523,sp|Q9UBI1|COMD3_HUMAN,100.0,23.0,0.0,0.0,1.0,23.0,88.0,110.0,3.67e-12,56.2,,,,,"('KSCWVVL', 27, 33)",1,KSCWVVL,27,33,0,...[FWY]..[LVI]
213519,PLRNDDHSSWRKVLEKCQGVVDIPFRSKGMSRLGEEVNG,0,-4.446574995,-6.527304229,,,,213693,320,8,1,0,0,0,36,3,329,sp|Q9NVH0|EXD2_HUMAN,100.0,36.0,0.0,0.0,1.0,36.0,271.0,306.0,8.21e-20,79.0,,,,,"('HSSWRKV', 6, 12)",1,HSSWRKV,6,12,0,...[FWY]..[LVI]
213668,PLREDEEEFIPLAQRLTCKFLTHKQLSPEDSSSPVKSVL,0,-0.088426712,-2.088019183,,,,213843,236,121,16,0,0,0,36,3,373,sp|Q96AY2|EME1_HUMAN,100.0,36.0,0.0,0.0,1.0,36.0,88.0,123.0,1.89e-18,75.1,,,,,"('EEEFIPL', 5, 11)",1,EEEFIPL,5,11,0,...[FWY]..[LVI]
213797,PLRPRYQHGIAVIGNFLYVVGGQSNYDTKGKTAVDTVFR,0,-0.235556214,-7.091072507,,,,213972,473,219,1,0,0,0,36,3,693,sp|Q9P2N7|KLH13_HUMAN,100.0,36.0,0.0,0.0,1.0,36.0,378.0,413.0,6.97e-21,82.0,,,,,"('IGNFLYV', 12, 18)",1,IGNFLYV,12,18,0,...[FWY]..[LVI]
213823,PLRNDEVHTYEQVIYTLQKAVNCTQKEAIGFATTVDRDG,0,-4.25907322,-5.339802454,,,,213998,281,8,2,0,0,0,36,3,291,sp|Q8IWV8|UBR2_HUMAN,100.0,36.0,0.0,0.0,1.0,36.0,233.0,268.0,2.62e-20,80.5,,,,,"('VHTYEQV', 6, 12)",1,VHTYEQV,6,12,0,...[FWY]..[LVI]
214299,PLRNDILVYGNIVIQKKKYNKQHIIPLENVTIDSIKDEG,0,-5.159642321,-3.047726477,,,,214474,459,7,16,0,0,0,36,3,482,sp|Q9H8W4|PKHF2_HUMAN,100.0,36.0,0.0,0.0,1.0,36.0,59.0,94.0,2.84e-20,78.6,,,,,"('ILVYGNI', 5, 11)",1,ILVYGNI,5,11,0,...[FWY]..[LVI]
214563,PLRNDLEACVMQEERVGETPLMNADSILAVKKYFRRITL,0,-0.052411083,-0.251976547,,,,214738,409,215,99,0,0,0,36,3,723,sp|P01562|IFNA1_HUMAN,100.0,36.0,0.0,0.0,1.0,36.0,117.0,152.0,2.48e-20,77.4,,,,,"('KKYFRRI', 30, 36)",1,KKYFRRI,30,36,0,...[FWY]..[LVI]
214632,PLREDLKHFYDLSDSDSNLSNEDSKALKQKKIKKIKTPD,0,-3.359863362,-5.025555096,,,,214807,113,6,1,0,0,0,36,3,120,sp|Q9H501|ESF1_HUMAN,91.667,24.0,2.0,0.0,1.0,24.0,66.0,89.0,6.43e-08,45.1,,,,,"('LKHFYDL', 5, 11)",1,LKHFYDL,5,11,0,...[FWY]..[LVI]
214634,PLRNDLKIEVIEKLFAMDTEAKDQCSTQTDFNELDLETL,0,-4.364961229,-4.767618558,,,,214809,189,5,2,0,0,0,36,3,196,sp|Q99814|EPAS1_HUMAN,100.0,36.0,0.0,0.0,1.0,36.0,494.0,529.0,6.26e-19,76.3,,,,,"('QTDFNEL', 27, 33)",1,QTDFNEL,27,33,0,...[FWY]..[LVI]
214687,PLRNDLNMKAVEQDEPIPQKPQSAFYYCRLLLSILGMNS,0,-5.118485916,-5.336718673,,,,214863,701,11,5,0,0,0,36,3,717,sp|Q6GYQ0|RGPA1_HUMAN,100.0,36.0,0.0,0.0,1.0,36.0,1741.0,1776.0,1.32e-19,78.2,,,,,"('AFYYCRL', 23, 29)",1,AFYYCRL,23,29,0,...[FWY]..[LVI]
215412,PLREDTCKGQLTGHKKRLFTFQFNNLGNTDINYIKDDTR,0,-0.792803336,-3.741429034,,,,215589,232,73,5,0,0,0,36,3,310,sp|Q9Y4E8|UBP15_HUMAN,100.0,36.0,0.0,0.0,1.0,36.0,697.0,732.0,1.17e-19,78.6,,,,,"('TFQFNNL', 19, 25)",1,TFQFNNL,19,25,0,...[FWY]..[LVI]
215664,PLRDENMGSKFDNIGMNAMANKDNASLKQLRWEAERDDW,0,-2.334100266,-3.414829499,,,,215841,111,12,3,0,0,0,36,3,126,sp|Q03701|CEBPZ_HUMAN,100.0,36.0,0.0,0.0,1.0,36.0,987.0,1022.0,8.47e-20,79.0,,,,,"('GSKFDNI', 7, 13)",1,GSKFDNI,7,13,0,...[FWY]..[LVI]
216217,PLREEEPVKKVLEKKFHTVSGSKCEIKVAQPKEVYQQQQ,0,-6.337345925,-3.418075159,,,,216395,445,3,12,0,0,0,36,3,460,sp|Q99729|ROAA_HUMAN,100.0,36.0,0.0,0.0,1.0,36.0,204.0,239.0,3.36e-17,71.2,,,,,"('EKKFHTV', 12, 18)",1,EKKFHTV,12,18,0,...[FWY]..[LVI]
216232,PLREEEQNGALYEAIKFYRRAMQLVPDIEFKITYTRSPD,0,-0.440334055,-6.640004361,,,,216410,346,139,1,0,0,0,36,3,486,sp|Q9UK97|FBX9_HUMAN,100.0,36.0,0.0,0.0,1.0,36.0,103.0,138.0,2.53e-19,77.4,,,,,"('GALYEAI', 8, 14)",1,GALYEAI,8,14,0,...[FWY]..[LVI]
216406,PLREEFFFSASLPTNTTSSELYEAVKNYIVNKCGLEFKF,0,-0.723893627,-1.478394628,,,,216584,406,134,42,0,0,0,36,3,582,sp|Q6R2W3|SCND3_HUMAN,100.0,36.0,0.0,0.0,1.0,36.0,929.0,964.0,7e-19,76.3,,,,,"('SELYEAV', 18, 24)",1,SELYEAV,18,24,0,...[FWY]..[LVI]
216625,PLRYDYFRKKLKKPADIPNCFEMKLHRNNISKSPIGVL,0,-1.852567355,-3.933296588,,,,216803,53,8,1,0,0,0,35,3,62,sp|Q96PU5|NED4L_HUMAN,96.296,27.0,1.0,0.0,1.0,27.0,601.0,627.0,1.24e-12,58.5,,,,,"('PLRYDYF', 0, 6)",1,PLRYDYF,0,6,0,...[FWY]..[WFY]
217020,PLRNEASVLHNLRGGTTPASSTRTPAFSVWSSTRTSTS,0,-3.588755006,-6.476839162,,,,217198,309,14,1,0,0,0,35,3,324,sp|P35749|MYH11_HUMAN,100.0,10.0,0.0,0.0,1.0,10.0,97.0,106.0,0.95,25.0,,,,,"('TPAFSVW', 23, 29)",1,TPAFSVW,23,29,0,...[FWY]..[WFY]
217279,PLRDEYAIGYFKKQGFSKEIKIPKTKYVGYIKDYEGATL,0,-0.982042505,-1.04589792,,,,217457,308,85,43,0,0,0,36,3,436,sp|Q92831|KAT2B_HUMAN,100.0,36.0,0.0,0.0,1.0,36.0,610.0,645.0,3.59e-19,77.0,,,,,"('KTKYVGY', 23, 29)",1,KTKYVGY,23,29,0,...[FWY]..[WFY]
217416,PLRQTEKHVFEQASNHPFLVGLHSCFQTESRLFFVIEYV,0,-5.842323323,-4.923052557,,,,217594,421,4,4,0,0,0,36,3,429,sp|P41743|KPCI_HUMAN,100.0,36.0,0.0,0.0,1.0,36.0,300.0,335.0,3.25e-20,80.1,,,,,"('SRLFFVI', 29, 35)",1,SRLFFVI,29,35,0,...[FWY]..[LVI]
218251,PLRNAKTKNGYTPLHQAAQQGHRTSSTSCSSMGPSRTP,0,-1.276649994,-4.527304229,,,,218431,80,18,1,0,0,0,35,3,99,sp|Q01484|ANK2_HUMAN,100.0,19.0,0.0,0.0,1.0,19.0,755.0,773.0,5.06e-08,45.4,,,,,"('KNGYTPL', 7, 13)",1,KNGYTPL,7,13,0,...[FWY]..[LVI]
219035,PLRNEPCTSFAECVCDENCEKEALYKWLLKKEGKDKNGM,0,-2.690500578,-3.211802403,,,,219215,225,19,7,0,0,0,36,3,251,sp|Q13772|NCOA4_HUMAN,100.0,36.0,0.0,0.0,1.0,36.0,407.0,442.0,9.05e-20,79.0,,,,,"('EALYKWL', 21, 27)",1,EALYKWL,21,27,0,...[FWY]..[LVI]
219294,PLRNERDTLEFEMRHLQREYLSLSDKICNQHNDPSKTTY,0,-0.551427732,-2.228260025,,,,219474,699,260,43,0,0,0,36,3,1002,sp|Q8TBZ0|CC110_HUMAN,100.0,36.0,0.0,0.0,1.0,36.0,755.0,790.0,2.17e-20,80.5,,,,,"('QREYLSL', 16, 22)",1,QREYLSL,16,22,0,...[FWY]..[LVI]
219465,PLRDESEVDKTHCLNNSVSSGTYSDYSPSQASSGSSNTR,0,-3.462516539,-5.713170774,,,,219645,182,9,1,0,0,0,36,3,192,sp|Q96NW7|LRRC7_HUMAN,100.0,36.0,0.0,0.0,1.0,36.0,668.0,703.0,4.82e-18,73.9,,,,,"('SGTYSDY', 19, 25)",1,SGTYSDY,19,25,0,...[FWY]..[WFY]
219475,PLRDKSFRGVILTSDRPGVFSAGLDLTEMCGRSPAHYAG,0,-4.233171357,-2.72893809,,,,219655,138,4,6,0,0,0,36,3,148,sp|P42126|ECI1_HUMAN,100.0,36.0,0.0,0.0,1.0,36.0,88.0,123.0,8.670000000000001e-21,80.5,,,,,"('DKSFRGV', 3, 9)",1,DKSFRGV,3,9,0,...[FWY]..[LVI]
219728,PLRYETLHANLPPTLAKSQVSSVRKNLKLHLLSVLMHPA,0,-0.033881436,-0.863353432,,,,219908,385,205,61,0,0,0,36,3,651,sp|Q92797|SYMPK_HUMAN,97.222,36.0,1.0,0.0,1.0,36.0,278.0,313.0,3.14e-17,71.6,,,,,"('PLRYETL', 0, 6)",1,PLRYETL,0,6,0,...[FWY]..[LVI]
219929,PLRMLRKERFNLNSQGKVHLYEVLSFTTTGLQEVQHL,0,-1.861612494,-1.790338635,,,,220111,60,9,5,0,0,0,34,3,74,sp|Q8WY91|THAP4_HUMAN,44.828,29.0,14.0,1.0,6.0,34.0,542.0,568.0,1.0,24.6,,,,,"('VHLYEVL', 17, 23)",1,VHLYEVL,17,23,0,...[FWY]..[LVI]
220066,PLRDEWKVNLYNTLDSSITDKSEIFVHGDLNGIFSK,0,-5.04747904,-2.713170774,,,,220248,182,3,8,0,0,0,33,3,193,sp|Q2LD37|K1109_HUMAN,100.0,27.0,0.0,0.0,1.0,27.0,4526.0,4552.0,1.7e-13,60.8,,,,,"('VNLYNTL', 7, 13)",1,VNLYNTL,7,13,0,...[FWY]..[LVI]
220193,PLRNEYVPRGCKNKCHSHFHDTLGQSDDLIHHHHDYHHI,0,-0.33546297,-2.406138539,,,,220375,331,143,18,0,0,0,36,3,492,sp|Q13433|S39A6_HUMAN,100.0,36.0,0.0,0.0,1.0,36.0,529.0,564.0,2.44e-20,80.5,,,,,"('HHDYHHI', 32, 38)",1,HHDYHHI,32,38,0,...[FWY]..[LVI]
220253,PLRDFAFIANPSSTEISSITGNIELNQQTCLLTLRDYNN,0,-1.906006614,-0.816810846,,,,220435,165,24,27,0,0,0,36,3,216,sp|Q9NPC7|MYNN_HUMAN,100.0,36.0,0.0,0.0,1.0,36.0,117.0,152.0,1.31e-18,75.5,,,,,"('LRDFAFI', 1, 7)",1,LRDFAFI,1,7,0,...[FWY]..[LVI]
220461,PLRHFCVFANTVGLTDEGSDDEGMPENSLLIIILSVIFI,0,-3.982627895,-6.063357129,,,,220643,464,16,2,0,0,0,36,3,482,sp|Q9UBF1|MAGC2_HUMAN,100.0,36.0,0.0,0.0,1.0,36.0,204.0,239.0,1.88e-19,77.4,,,,,"('LRHFCVF', 1, 7)",1,LRHFCVF,1,7,0,...[FWY]..[WFY]
220614,PLRNFDVEYTAEDLASVPPMTYDPYDRELVPLLYFSCPY,0,-4.789982817,-3.870712051,,,,220796,203,4,4,0,0,0,36,3,211,sp|Q69YN4|VIR_HUMAN,100.0,36.0,0.0,0.0,1.0,36.0,320.0,355.0,6.05e-20,79.3,,,,,"('PMTYDPY', 18, 24)",1,PMTYDPY,18,24,0,...[FWY]..[WFY]
220689,PLRNFEIASFSSLSGTQPITWQVEYPRKGTTDIAVSEIF,0,-3.825086618,-4.905815852,,,,220871,104,4,1,0,0,0,36,3,109,sp|Q8N3T6|T132C_HUMAN,100.0,36.0,0.0,0.0,1.0,36.0,386.0,421.0,3.51e-19,77.0,,,,,"('IASFSSL', 6, 12)",1,IASFSSL,6,12,0,...[FWY]..[LVI]
220708,PLRHFEKIKSEGTCIHRLDEELIRRRREELRHALDIREH,0,-0.621478491,-2.386705899,,,,220890,254,90,14,0,0,0,36,3,358,sp|O43283|M3K13_HUMAN,100.0,36.0,0.0,0.0,1.0,36.0,436.0,471.0,2.42e-18,74.7,,,,,"('LRHFEKI', 1, 7)",1,LRHFEKI,1,7,0,...[FWY]..[LVI]
220731,PLRDFELQTTPVVRGLHPEYNFTSQYLVHVNDLFLQYIQ,0,-0.256558576,-1.72195166,,,,220913,206,94,18,0,0,0,36,3,318,sp|Q68CZ1|FTM_HUMAN,100.0,36.0,0.0,0.0,1.0,36.0,639.0,674.0,4.8e-20,79.7,,,,,"('NDLFLQY', 30, 36)",1,NDLFLQY,30,36,0,...[FWY]..[WFY]
221149,PLRDFQAKREKVDSQYPPVQRLMTPKPVSIATNRSVYFK,0,-4.27439402,-2.355123253,,,,221331,71,2,4,0,0,0,36,3,77,sp|P49790|NU153_HUMAN,100.0,36.0,0.0,0.0,1.0,36.0,349.0,384.0,6.88e-20,79.0,,,,,"('DSQYPPV', 12, 18)",1,DSQYPPV,12,18,0,...[FWY]..[LVI]
221225,PLRDYHRQALVLIPQNASTYSAIGYIHSLMGNFENAVDY,0,-2.668967416,-2.164734149,,,,221407,140,12,9,0,0,0,36,3,161,sp|Q13042|CDC16_HUMAN,100.0,36.0,0.0,0.0,1.0,36.0,466.0,501.0,1.38e-19,78.2,,,,,"('ASTYSAI', 16, 22)",1,ASTYSAI,16,22,0,...[FWY]..[LVI]
221720,PLRHFLINDVMLTSSSFAGLEATTPLLPGIGMMRLKQPF,0,-0.746446169,-5.685156398,,,,221902,357,116,2,0,0,0,36,3,475,sp|Q96GQ7|DDX27_HUMAN,43.478,23.0,13.0,0.0,13.0,35.0,219.0,241.0,3.7,23.5,,,,,"('SSSFAGL', 13, 19)",1,SSSFAGL,13,19,0,...[FWY]..[LVI]
221741,PLRHFLKGVSFNESAADNLKLKTHTMLQLMKEAGCYNGI,0,-1.902254479,-3.790338635,,,,221923,96,14,2,0,0,0,36,3,112,sp|O15063|GRRE1_HUMAN,100.0,36.0,0.0,0.0,1.0,36.0,349.0,384.0,1.85e-20,80.9,,,,,"('AGCYNGI', 32, 38)",1,AGCYNGI,32,38,0,...[FWY]..[LVI]
221996,PLRNFNRNEKCMELLDGKNGKSCYFYHGVHKISDQHTLQ,0,-0.327139764,-2.790338635,,,,222179,168,73,7,0,0,0,36,3,248,sp|Q9BX63|FANCJ_HUMAN,100.0,36.0,0.0,0.0,1.0,36.0,291.0,326.0,2.32e-21,83.2,,,,,"('CYFYHGV', 22, 28)",1,CYFYHGV,22,28,0,...[FWY]..[LVI]
222046,PLRDFPAQVALTSSQIWWTTDVGIAFSRLEEGYETALK,0,-2.668967416,-3.334659151,,,,222229,70,6,2,0,0,0,35,3,78,sp|Q96DT5|DYH11_HUMAN,100.0,35.0,0.0,0.0,1.0,35.0,1736.0,1770.0,6.51e-19,76.3,,,,,"('GIAFSRL', 22, 28)",1,GIAFSRL,22,28,0,...[FWY]..[LVI]
222269,PLRLDFQMEQYIYKRKSDGIYIINLKRTWEKLLLAARA,0,-3.314471459,-4.395200693,,,,222453,73,4,1,0,0,0,35,3,78,sp|P08865|RSSA_HUMAN,100.0,35.0,0.0,0.0,1.0,35.0,30.0,64.0,1.49e-19,77.0,,,,,"('KRTWEKL', 25, 31)",1,KRTWEKL,25,31,0,...[FWY]..[LVI]
222536,PLRFLINLVKQKPQITEEQLEAVIADFSGLLEKCCQGQE,0,-3.347039321,-4.012731056,,,,222720,56,3,1,0,0,0,36,3,60,sp|P02771|FETA_HUMAN,100.0,36.0,0.0,0.0,1.0,36.0,552.0,587.0,3.75e-18,74.3,,,,,"('IADFSGL', 23, 29)",1,IADFSGL,23,29,0,...[FWY]..[LVI]
222777,PLRDLTICSTLLAFIMELLKNSIAMQEQMLACKGFLVIF,0,-5.391433441,-4.472162675,,,,222961,77,1,1,0,0,0,36,3,79,sp|P50851|LRBA_HUMAN,100.0,35.0,0.0,0.0,1.0,35.0,494.0,528.0,2.16e-18,74.7,,,,,"('CKGFLVI', 31, 37)",1,CKGFLVI,31,37,0,...[FWY]..[LVI]
222816,PLRLHTHRAMRSCASESLFLPYYPPDSEARRPCPGATGR,0,-4.761271521,-5.842000754,,,,223000,199,4,1,0,0,0,36,3,204,sp|Q76MJ5|ERN2_HUMAN,100.0,36.0,0.0,0.0,1.0,36.0,891.0,926.0,6.39e-20,79.3,,,,,"('ESLFLPY', 15, 21)",1,ESLFLPY,15,21,0,...[FWY]..[WFY]
223190,PLRNGFEDRTSEQYETLLIETASSLVKNAIQLSIEQLVN,0,-0.255265603,-1.20209355,,,,223374,878,401,110,0,0,0,36,3,1389,sp|P24588|AKAP5_HUMAN,100.0,36.0,0.0,0.0,1.0,36.0,378.0,413.0,2.69e-18,74.7,,,,,"('SEQYETL', 10, 16)",1,SEQYETL,10,16,0,...[FWY]..[LVI]
223361,PLRNGFTGWTETSVKENKNINEAMRVLIEKMMRNSTEDI,0,-4.942270158,-6.344927486,,,,223545,282,5,1,0,0,0,36,3,288,sp|O14966|RAB7L_HUMAN,100.0,36.0,0.0,0.0,1.0,36.0,146.0,181.0,1.98e-18,72.8,,,,,"('RNGFTGW', 2, 8)",1,RNGFTGW,2,8,0,...[FWY]..[WFY]
223768,PLRHGHFVTCVKAYDADSSDIDKLQYSILSGNDHKHFVI,0,-3.982627895,-2.063357129,,,,223952,58,2,4,0,0,0,36,3,64,sp|Q14517|FAT1_HUMAN,100.0,36.0,0.0,0.0,1.0,36.0,2405.0,2440.0,3.49e-20,80.1,,,,,"('KLQYSIL', 22, 28)",1,KLQYSIL,22,28,0,...[FWY]..[LVI]
223917,PLRDFWKKSRNTLAPQRLLFEVTSANVVKDPPSKYVLYT,0,-0.153559592,-7.182656057,,,,224101,504,247,1,0,0,0,36,3,752,sp|Q969T3|SNX21_HUMAN,100.0,36.0,0.0,0.0,1.0,36.0,117.0,152.0,1.54e-19,77.8,,,,,"('PSKYVLY', 31, 37)",1,PSKYVLY,31,37,0,...[FWY]..[WFY]
224097,PLRHGADVHAKNKGDLVPLHNACSYGHYEVTELLVKHGA,0,-2.76850309,-2.849232324,,,,224281,75,6,3,0,0,0,36,3,84,sp|Q9H2K2|TNKS2_HUMAN,97.222,36.0,1.0,0.0,1.0,36.0,233.0,268.0,1.12e-18,75.9,,,,,"('ACSYGHY', 21, 27)",1,ACSYGHY,21,27,0,...[FWY]..[WFY]
224220,PLRDGALRNTEYFNQLKDNSNIILLGDSQGDLRMADGVA,0,-4.468054722,-2.548783956,,,,224404,203,5,10,0,0,0,36,3,218,sp|Q9H0P0|5NT3A_HUMAN,100.0,36.0,0.0,0.0,1.0,36.0,254.0,289.0,1.44e-19,77.8,,,,,"('TEYFNQL', 9, 15)",1,TEYFNQL,9,15,0,...[FWY]..[LVI]
224239,PLRSRWPTLQAWGAGLKPGYQAGDEYAEARSQPGNGMPG,0,-2.709609401,-2.275765462,,,,224423,84,7,5,0,0,0,36,3,96,sp|Q9Y3R5|DOP2_HUMAN,45.455,22.0,12.0,0.0,4.0,25.0,142.0,163.0,0.56,25.8,,,,,"('RSRWPTL', 2, 8)",1,RSRWPTL,2,8,0,...[FWY]..[LVI]
224910,PLRDGSLYVGDFNYIRRIFPSRNVTSILELRNKEFKHSN,0,-4.177758237,-5.580415565,,,,225094,166,5,1,0,0,0,36,3,172,sp|Q9NT68|TEN2_HUMAN,100.0,36.0,0.0,0.0,1.0,36.0,1248.0,1283.0,3.46e-20,80.1,,,,,"('VGDFNYI', 8, 14)",1,VGDFNYI,8,14,0,...[FWY]..[LVI]
225707,PLRYGSEIKRGSQNGGNFLTSNYSVLCSGAQATSVDTES,0,-0.226184927,-2.084521739,,,,225891,103,48,7,0,0,0,36,3,158,sp|Q99523|SORT_HUMAN,54.545,22.0,10.0,0.0,12.0,33.0,784.0,805.0,0.42,26.2,,,,,"('TSNYSVL', 19, 25)",1,TSNYSVL,19,25,0,...[FWY]..[LVI]
226289,PLRYGVKTQSINVLSGVWVAYENPDFTGEQYILDKGFYT,0,-5.161736219,-5.827427953,,,,226473,788,12,4,0,0,0,36,3,804,sp|Q9Y4K1|CRBG1_HUMAN,100.0,36.0,0.0,0.0,1.0,36.0,1350.0,1385.0,2.5500000000000004e-21,83.2,,,,,"('SGVWVAY', 14, 20)",1,SGVWVAY,14,20,0,...[FWY]..[WFY]
226374,PLRNGVSVEGLDPEQVIHILAMSRGTIMFKVVPVSDPPV,0,-1.874668647,-1.829866999,,,,226558,74,11,6,0,0,0,36,3,91,sp|Q96JB8|MPP4_HUMAN,100.0,36.0,0.0,0.0,1.0,36.0,204.0,239.0,4.74e-19,76.6,,,,,"('TIMFKVV', 25, 31)",1,TIMFKVV,25,31,0,...[FWY]..[LVI]
226604,PLRNGIIQGERDHYGYRQSVTYACNKGFTMIGEHSIYCT,0,-0.803260256,-5.941439762,,,,226788,1066,333,5,0,0,0,36,3,1404,sp|P08174|DAF_HUMAN,100.0,36.0,0.0,0.0,1.0,36.0,233.0,268.0,1.37e-22,86.3,,,,,"('NKGFTMI', 24, 30)",1,NKGFTMI,24,30,0,...[FWY]..[LVI]
226785,PLRQYIIFGTEDGIYTLNLNELHEATMEQLFPRKCTWLY,0,-4.307868724,-7.295488554,,,,226969,545,15,1,0,0,0,36,3,561,sp|Q9Y4K4|M4K5_HUMAN,100.0,36.0,0.0,0.0,1.0,36.0,523.0,558.0,3.43e-22,85.5,,,,,"('LRQYIIF', 1, 7)",1,LRQYIIF,1,7,0,...[FWY]..[WFY]
226984,PLRNGKPLAGLMHFDAWNIMKSVPEGPVQLLIRKHRNSS,0,-4.59225245,-3.088019183,,,,227168,177,4,6,0,0,0,36,3,187,sp|O15018|PDZD2_HUMAN,97.222,36.0,1.0,0.0,1.0,36.0,2804.0,2839.0,8.32e-20,79.0,,,,,"('LMHFDAW', 10, 16)",1,LMHFDAW,10,16,0,...[FWY]..[WFY]
227472,PLRRREMDGYRFWKTGYWASHLLRRKYHISALYVVDLKK,0,-2.337096518,-3.796337375,,,,227656,241,26,5,0,0,0,36,3,272,sp|Q9NYU1|UGGG2_HUMAN,100.0,36.0,0.0,0.0,1.0,36.0,1364.0,1399.0,2.9300000000000004e-21,83.2,,,,,"('MDGYRFW', 6, 12)",1,MDGYRFW,6,12,0,...[FWY]..[WFY]
227724,PLRKILYPSTLFLLRGNHECRHLTEYFTFKQECKIKYSE,0,-3.655428363,-3.629242392,,,,227909,1202,52,28,0,0,0,36,3,1282,sp|P16298|PP2BB_HUMAN,100.0,36.0,0.0,0.0,1.0,36.0,146.0,181.0,2.7800000000000007e-21,83.2,,,,,"('LTEYFTF', 22, 28)",1,LTEYFTF,22,28,0,...[FWY]..[WFY]
228055,PLRNHHGWPIIIIIRDGVLLLLPSLECNGAISAHCKLHL,0,-4.620501927,-5.11626866,,,,228241,361,8,3,0,0,0,36,3,372,sp|Q9Y2Z2|MTO1_HUMAN,71.429,28.0,8.0,0.0,9.0,36.0,373.0,400.0,4.16e-07,42.7,,,,,"('HHGWPII', 4, 10)",1,HHGWPII,4,10,0,...[FWY]..[LVI]
228106,PLRDHILQQNVNGQTISLYRFLPNIVMQANSTVTVWAAA,0,-4.179929336,-5.260658569,,,,228292,133,4,1,0,0,0,36,3,138,sp|Q8N9Z9|LMTD1_HUMAN,100.0,36.0,0.0,0.0,1.0,36.0,175.0,210.0,3.37e-19,77.0,,,,,"('ISLYRFL', 15, 21)",1,ISLYRFL,15,21,0,...[FWY]..[LVI]
228226,PLRVHKVGNTPLDMNQFRMLFSTCKVPGITRDSIMNYFR,0,-1.316072971,-3.021293069,,,,228412,507,111,18,0,0,0,36,3,636,sp|Q9UKG9|OCTC_HUMAN,100.0,36.0,0.0,0.0,1.0,36.0,146.0,181.0,7.79e-22,84.7,,,,,"('MNQFRML', 13, 19)",1,MNQFRML,13,19,0,...[FWY]..[LVI]
228260,PLRDHLELFLKMLRQVLVTVLALPAWHSRKLTIIWGPV,0,-2.074606218,-2.292838975,,,,228446,85,11,5,0,0,0,35,3,101,sp|Q9H5L6|THAP9_HUMAN,100.0,16.0,0.0,0.0,1.0,16.0,610.0,625.0,0.000132,35.8,,,,,"('TIIWGPV', 31, 37)",1,TIIWGPV,31,37,0,...[FWY]..[LVI]
228455,PLRNHNLKKTPATKIREDKSVQLYFQRISILLSIGAS,0,-2.503158523,-1.320853351,,,,228641,52,5,6,0,0,0,34,3,63,sp|Q8NEG5|ZSWM2_HUMAN,100.0,15.0,0.0,0.0,1.0,15.0,552.0,566.0,0.000156,35.4,,,,,"('QLYFQRI', 21, 27)",1,QLYFQRI,21,27,0,...[FWY]..[LVI]
228699,PLRDHSATIVSIKDEDENKFVSRLMRENNNITMRVWLGL,0,-5.084648832,-6.165378066,,,,228885,249,4,1,0,0,0,36,3,254,sp|O60449|LY75_HUMAN,100.0,36.0,0.0,0.0,1.0,36.0,1567.0,1602.0,1.43e-19,78.2,,,,,"('MRVWLGL', 32, 38)",1,MRVWLGL,32,38,0,...[FWY]..[LVI]
228760,PLRNHSLPDRRISWPQLMICTKPNLFWGTHQASGLTFSA,0,-3.248029316,-0.96618847,,,,228946,122,7,18,0,0,0,36,3,147,sp|Q5SRE5|NU188_HUMAN,69.231,13.0,4.0,0.0,20.0,32.0,417.0,429.0,1.1,24.6,,,,,"('RISWPQL', 10, 16)",1,RISWPQL,10,16,0,...[FWY]..[LVI]
228868,PLRIDHTQYKFGHPRFSSKLACWVLWKKCVMKSWLNSS,0,-4.694502508,-2.552839321,,,,229054,285,6,14,0,0,0,35,3,305,sp|Q9UKX2|MYH2_HUMAN,83.333,12.0,2.0,0.0,1.0,12.0,757.0,768.0,0.03,29.3,,,,,"('LACWVLW', 19, 25)",1,LACWVLW,19,25,0,...[FWY]..[WFY]
229024,PLRDYYSKTFKTLIKKERQPIKPEPKSQPRIKGTPNKTD,0,-0.535758696,-4.140049886,,,,229210,367,138,6,0,0,0,36,3,511,sp|A0A1B0GVH7|IQCM_HUMAN,100.0,36.0,0.0,0.0,1.0,36.0,224.0,259.0,2.02e-18,75.1,,,,,"('SKTFKTL', 6, 12)",1,SKTFKTL,6,12,0,...[FWY]..[LVI]
229163,PLRDIAPRYASILMGISNGVGTLSGMVCPIIVGAMTKNK,0,-3.557606307,-4.960263636,,,,229349,108,5,1,0,0,0,36,3,114,sp|Q9P2U8|VGLU2_HUMAN,100.0,36.0,0.0,0.0,1.0,36.0,436.0,471.0,9.76e-19,75.9,,,,,"('APRYASI', 5, 11)",1,APRYASI,5,11,0,...[FWY]..[LVI]
229296,PLRNICLTADSSGPVSASLWTPQAKLPTFQQLLHTQLLP,0,-0.986127036,-1.631640889,,,,229483,258,71,24,0,0,0,36,3,353,sp|Q9H2M3|BHMT2_HUMAN,38.235,34.0,19.0,1.0,4.0,35.0,31.0,64.0,0.33,26.2,,,,,"('LPTFQQL', 25, 31)",1,LPTFQQL,25,31,0,...[FWY]..[LVI]
229942,PLRLRKRWFQLGRSMNPRARKNRSRIPLLRKRRFHSSVP,0,-4.652384532,-5.640004361,,,,230130,692,15,4,0,0,0,36,3,711,sp|A0A494C086|SPD21_HUMAN,96.875,32.0,1.0,0.0,1.0,32.0,284.0,315.0,6.29e-14,62.0,,,,,"('RKRWFQL', 4, 10)",1,RKRWFQL,4,10,0,...[FWY]..[LVI]
230112,PLRDIHNRHLSNEDMFREVDEIDEIRRVRNKLIVMRWKV,0,-3.579841526,-5.292838975,,,,230300,680,31,5,0,0,0,36,3,716,sp|Q9UHQ7|TCAL9_HUMAN,100.0,36.0,0.0,0.0,1.0,36.0,59.0,94.0,1.8e-20,75.5,,,,,"('EDMFREV', 12, 18)",1,EDMFREV,12,18,0,...[FWY]..[LVI]
230577,PLRDIPPRRYFRSGVEIIRMASIYSEEGNIEHAFILYNK,0,-2.694502508,-2.775231742,,,,230766,95,8,4,0,0,0,36,3,107,sp|O95630|STABP_HUMAN,100.0,36.0,0.0,0.0,1.0,36.0,30.0,65.0,3.93e-20,79.7,,,,,"('EHAFILY', 30, 36)",1,EHAFILY,30,36,0,...[FWY]..[WFY]
231747,PLRDSLFNTVTDKKIAILGFAFKKDTGDTRESSSIYISK,0,-0.209344065,-6.038266148,,,,231937,456,215,2,0,0,0,36,3,673,sp|O60701|UGDH_HUMAN,100.0,36.0,0.0,0.0,1.0,36.0,320.0,355.0,6.63e-18,73.6,,,,,"('DSLFNTV', 3, 9)",1,DSLFNTV,3,9,0,...[FWY]..[LVI]
232671,PLRNIYELIRGRRYPLSEEKIMHYMYQLCKSLDHIHRNG,0,-1.532731639,-2.313900591,,,,232862,69,13,4,0,0,0,36,3,86,sp|Q9UQ07|MOK_HUMAN,97.222,36.0,1.0,0.0,1.0,36.0,88.0,123.0,1.62e-19,77.8,,,,,"('RNIYELI', 2, 8)",1,RNIYELI,2,8,0,...[FWY]..[LVI]
233035,PLRNLKSVNELIYKRGYGKINKKRIALTDNALIARSLGK,0,-3.256675294,-5.244295123,,,,233227,263,15,2,0,0,0,36,3,280,sp|P18124|RL7_HUMAN,100.0,36.0,0.0,0.0,1.0,36.0,146.0,181.0,1.04e-17,71.6,,,,,"('KRGYGKI', 13, 19)",1,KRGYGKI,13,19,0,...[FWY]..[LVI]
233113,PLRDKWIKYRKGHANIAYTPDIIIASILRLIGRLGQLGL,0,-0.611429007,-4.355123253,,,,233305,213,76,3,0,0,0,36,3,292,sp|Q9Y2F5|ICE1_HUMAN,100.0,36.0,0.0,0.0,1.0,36.0,2146.0,2181.0,2.17e-20,80.5,,,,,"('RDKWIKY', 2, 8)",1,RDKWIKY,2,8,0,...[FWY]..[WFY]
233670,PLRYHFVISREQMEKDIQEHKFIEAGQYNDNLYGTSVQS,0,-4.567590396,-1.326391535,,,,233864,87,2,10,0,0,0,36,3,99,sp|Q15700|DLG2_HUMAN,100.0,36.0,0.0,0.0,1.0,36.0,726.0,761.0,9.82e-20,78.6,,,,,"('PLRYHFV', 0, 6)",1,PLRYHFV,0,6,0,...[FWY]..[LVI]
233995,PLRLGLNKGYQMVVNKGSDGGQSVCQVHLHVLGGWQMHW,0,-5.822772752,-7.488464487,,,,234190,623,6,1,0,0,0,36,3,630,sp|P49773|HINT1_HUMAN,86.111,36.0,5.0,0.0,1.0,36.0,88.0,123.0,3.97e-17,67.8,,,,,"('NKGYQMV', 6, 12)",1,NKGYQMV,6,12,0,...[FWY]..[LVI]
234269,PLRNKIYCVRDYHKVLAPKCAACGLPILPPEGSDETIRV,0,-1.568865425,-6.350034377,,,,234464,283,52,1,0,0,0,36,3,336,sp|Q9UGP4|LIMD1_HUMAN,100.0,36.0,0.0,0.0,1.0,36.0,581.0,616.0,3.82e-19,77.0,,,,,"('VRDYHKV', 8, 14)",1,VRDYHKV,8,14,0,...[FWY]..[LVI]
234469,PLREKKNQVMIHGIEPMLETPLQWLSEHLSYPDNFLHIS,0,-0.118672999,-1.310910548,,,,234664,241,121,28,0,0,0,36,3,390,sp|Q9H1Y0|ATG5_HUMAN,100.0,36.0,0.0,0.0,1.0,36.0,233.0,268.0,7.25e-20,77.8,,,,,"('PDNFLHI', 31, 37)",1,PDNFLHI,31,37,0,...[FWY]..[LVI]
234498,PLRDKKQDLEAKNTQTLTADVKDNEIIEQQRKIFSLIQE,0,-0.958868428,-2.200062334,,,,234693,271,76,17,0,0,0,36,3,364,sp|Q02224|CENPE_HUMAN,100.0,36.0,0.0,0.0,1.0,36.0,1016.0,1051.0,2.89e-17,71.6,,,,,"('RKIFSLI', 30, 36)",1,RKIFSLI,30,36,0,...[FWY]..[LVI]
234513,PLRNKKRHIQQHFYQNVSKTQVGVFKCPECPLLFVQKPD,0,-1.529037155,-3.69722923,,,,234708,90,17,2,0,0,0,36,3,109,sp|Q92610|ZN592_HUMAN,97.222,36.0,1.0,0.0,1.0,36.0,871.0,906.0,1.36e-19,78.2,,,,,"('QHFYQNV', 10, 16)",1,QHFYQNV,10,16,0,...[FWY]..[LVI]
234604,PLRGKLDPQKAFFSGRLKARGNIMLSQKLQMILKDYAKL,0,-4.04747904,-4.713170774,,,,234799,91,3,1,0,0,0,36,3,95,sp|P51659|DHB4_HUMAN,100.0,36.0,0.0,0.0,1.0,36.0,701.0,736.0,9.73e-19,75.9,,,,,"('LKDYAKL', 32, 38)",1,LKDYAKL,32,38,0,...[FWY]..[LVI]
234830,PLRDNLSGSFSELSSVVSSSGTEGASSLEKKEVPGVDFS,0,-1.600049476,-6.295488554,,,,235025,545,98,2,0,0,0,36,3,645,sp|Q9H2K2|TNKS2_HUMAN,100.0,36.0,0.0,0.0,1.0,36.0,842.0,877.0,6.22e-17,70.9,,,,,"('SGSFSEL', 6, 12)",1,SGSFSEL,6,12,0,...[FWY]..[LVI]
234896,PLRIQTTTLTVSMSLSASVSLGMLYMPKVYIIIFHPEQN,0,-5.103357359,-3.724654974,,,,235091,1009,16,22,0,0,0,36,3,1047,sp|O00222|GRM8_HUMAN,100.0,36.0,0.0,0.0,1.0,36.0,813.0,848.0,2.89e-18,74.3,,,,,"('PKVYIII', 26, 32)",1,PKVYIII,26,32,0,...[FWY]..[LVI]
234956,PLRNKMLNHENVVNMVTVGRQYPIFISGVL,0,-2.022767286,-3.562928138,,,,235151,82,11,2,0,0,0,27,3,95,sp|O14757|CHK1_HUMAN,100.0,10.0,0.0,0.0,1.0,10.0,59.0,68.0,0.29,25.8,,,,,"('GRQYPIF', 18, 24)",1,GRQYPIF,18,24,0,...[FWY]..[WFY]
234972,PLRLKPGGMMLLRDYGRYDMAQLRFKKGQCLSGNFYVRG,0,-0.325598797,-6.929889987,,,,235167,423,184,1,0,0,0,36,3,608,sp|Q96IZ6|MET2A_HUMAN,100.0,36.0,0.0,0.0,1.0,36.0,282.0,317.0,3.81e-22,85.1,,,,,"('LRDYGRY', 11, 17)",1,LRDYGRY,11,17,0,...[FWY]..[WFY]
235110,PLRDKYPFKSPSIDLTNIFESFLPQLLAYPNPIDPLNGD,0,-5.906006614,-3.986735847,,,,235305,110,1,2,0,0,0,36,3,113,sp|P62256|UBE2H_HUMAN,53.731,67.0,0.0,1.0,1.0,36.0,59.0,125.0,1.01e-13,60.1,,,,,"('TNIFESF', 15, 21)",1,TNIFESF,15,21,0,...[FWY]..[WFY]
235124,PLRSILTNISEVHQNMGYCPQFDAIDELLTGREHLYLYA,0,-0.520775937,-5.186467671,,,,235319,379,144,3,0,0,0,36,3,526,sp|P78363|ABCA4_HUMAN,100.0,36.0,0.0,0.0,1.0,36.0,2002.0,2037.0,3.51e-21,82.8,,,,,"('CPQFDAI', 18, 24)",1,CPQFDAI,18,24,0,...[FWY]..[LVI]
235353,PLREKPYKCKQCGKAFICCTYLQIHERIHTGERPYKCKQ,0,-4.990895511,-3.656587246,,,,235548,175,3,4,0,0,0,36,3,182,sp|Q8N8Z8|ZN441_HUMAN,100.0,36.0,0.0,0.0,1.0,36.0,416.0,451.0,4.09e-19,77.0,,,,,"('CCTYLQI', 17, 23)",1,CCTYLQI,17,23,0,...[FWY]..[LVI]
235654,PLRYKSGVYQHVTGEMMGGQAGVWRMAHRTGWL,0,-3.618964036,-4.815170488,,,,235851,293,13,3,0,0,0,30,3,309,sp|P07858|CATB_HUMAN,94.444,18.0,1.0,0.0,1.0,18.0,262.0,279.0,1.61e-05,38.1,,,,,"('SGVYQHV', 5, 11)",1,SGVYQHV,5,11,0,...[FWY]..[LVI]
235999,PLRNKTTCENWREIHHLVFHVANICFAVGLVIPTTLHLH,0,-0.175095923,-3.032699472,,,,236196,1164,562,41,0,0,0,36,3,1767,sp|Q8NE79|POPD1_HUMAN,100.0,36.0,0.0,0.0,1.0,36.0,30.0,65.0,1.05e-21,83.6,,,,,"('CENWREI', 7, 13)",1,CENWREI,7,13,0,...[FWY]..[LVI]
236030,PLRDKVSYEVPRLHGDEERFFVEGLSFPDAGFTGLISFH,0,-5.314471459,-4.395200693,,,,236227,73,1,1,0,0,0,36,3,75,sp|Q9ULW8|PADI3_HUMAN,100.0,36.0,0.0,0.0,1.0,36.0,233.0,268.0,3.24e-19,77.4,,,,,"('DAGFTGL', 28, 34)",1,DAGFTGL,28,34,0,...[FWY]..[LVI]
236437,PLRDLDGDASMAKAITGVVCYACRIASTLLLYQELMRKG,0,-6.382034743,-2.462763977,,,,236634,153,1,8,0,0,0,36,3,162,sp|Q9UHD2|TBK1_HUMAN,100.0,36.0,0.0,0.0,1.0,36.0,407.0,442.0,8.85e-20,79.0,,,,,"('LLLYQEL', 28, 34)",1,LLLYQEL,28,34,0,...[FWY]..[LVI]
236768,PLRNLCGFNPTPHLVEKTEWLCLNCQTKRLLEGSLGEPT,0,-1.010363473,-2.471516451,,,,236965,558,151,29,0,0,0,36,3,738,sp|Q9UPA5|BSN_HUMAN,100.0,36.0,0.0,0.0,1.0,36.0,494.0,529.0,1.27e-20,81.3,,,,,"('KTEWLCL', 16, 22)",1,KTEWLCL,16,22,0,...[FWY]..[LVI]
236952,PLRDLDESFKENRNDDIWLVDFYAPWCGHCKKLEPIWNE,0,-0.367007738,-2.805288976,,,,237149,388,164,16,0,0,0,36,3,568,sp|Q96JJ7|TMX3_HUMAN,100.0,36.0,0.0,0.0,1.0,36.0,30.0,65.0,1.06e-23,89.7,,,,,"('VDFYAPW', 19, 25)",1,VDFYAPW,19,25,0,...[FWY]..[WFY]
237378,PLREIQLELYEVKFEILKNKEILLTT,0,-0.02031024,-4.527304229,,,,237576,80,43,1,0,0,0,23,3,124,sp|Q1A5X7|WHAL1_HUMAN,100.0,23.0,0.0,0.0,1.0,23.0,118.0,140.0,2.8e-08,44.7,,,,,"('EVKFEIL', 10, 16)",1,EVKFEIL,10,16,0,...[FWY]..[LVI]
237490,PLRVRDLKPAIVKVYDYYETDEFAIAEYNAPCNKDLGNA,0,-5.169041019,-4.249770253,,,,237688,66,1,1,0,0,0,36,3,68,sp|P01023|A2MG_HUMAN,97.222,36.0,1.0,0.0,1.0,36.0,1439.0,1474.0,3.41e-20,80.1,,,,,"('VKVYDYY', 11, 17)",1,VKVYDYY,11,17,0,...[FWY]..[WFY]
237917,PLRIIIVPRSEVLVQQTLQRIRQSVSFQALCHIANPVMG,0,-2.205566896,-3.986735847,,,,238115,110,13,2,0,0,0,36,3,125,sp|Q9C091|GRB1L_HUMAN,100.0,21.0,0.0,0.0,1.0,21.0,707.0,727.0,9.17e-07,42.0,,,,,"('SVSFQAL', 23, 29)",1,SVSFQAL,23,29,0,...[FWY]..[LVI]
237967,PLRNLGKKPGTITTVGLLTKIQVRSWVLVLFQV,0,-0.946729108,-7.527304229,,,,238165,640,181,1,0,0,0,30,3,822,sp|Q9NR48|ASH1L_HUMAN,94.118,17.0,1.0,0.0,1.0,17.0,320.0,336.0,3.2e-05,37.4,,,,,"('VRSWVLV', 22, 28)",1,VRSWVLV,22,28,0,...[FWY]..[LVI]
238091,PLRDLGSWDLLICLSSKKAEGTPCISKEVMRQLGLHQKA,0,-4.410049119,-2.168850258,,,,238290,78,2,5,0,0,0,36,3,85,sp|A4D0V7|CPED1_HUMAN,97.222,36.0,1.0,0.0,1.0,36.0,146.0,181.0,5.04e-19,76.6,,,,,"('LGSWDLL', 4, 10)",1,LGSWDLL,4,10,0,...[FWY]..[LVI]
238413,PLRDLIMLIMMVGNLVIIPVGITFFTEQTTTPWIIFNVA,0,-3.532150727,-2.197842461,,,,238612,191,9,12,0,0,0,36,3,212,sp|O60741|HCN1_HUMAN,100.0,36.0,0.0,0.0,1.0,36.0,146.0,181.0,7.12e-20,79.0,,,,,"('TTPWIIF', 29, 35)",1,TTPWIIF,29,35,0,...[FWY]..[WFY]
239254,PLRNLLNIMEPSLLQFYISRQWLNKFKTFAEPGPISNND,0,-0.342593416,-7.767618558,,,,239453,756,325,1,0,0,0,36,3,1082,sp|Q8TEY7|UBP33_HUMAN,100.0,36.0,0.0,0.0,1.0,36.0,728.0,763.0,9.62e-20,78.6,,,,,"('LNKFKTF', 22, 28)",1,LNKFKTF,22,28,0,...[FWY]..[WFY]
239542,PLRDLRAELGKDLQEPEFSAKKEGKVLFNNTLSFIVIEA,0,-3.401487105,-6.182656057,,,,239741,252,13,1,0,0,0,36,3,266,sp|P50135|HNMT_HUMAN,100.0,36.0,0.0,0.0,1.0,36.0,257.0,292.0,7.54e-18,72.4,,,,,"('TLSFIVI', 30, 36)",1,TLSFIVI,30,36,0,...[FWY]..[LVI]
239581,PLRYLREEMVLDNIPKLLNCLRDCNVAIRWLMLHTADSA,0,-5.119000337,-4.199729571,,,,239780,255,4,4,0,0,0,36,3,263,sp|Q12768|WASC5_HUMAN,100.0,36.0,0.0,0.0,1.0,36.0,349.0,384.0,2.23e-20,80.5,,,,,"('AIRWLML', 26, 32)",1,AIRWLML,26,32,0,...[FWY]..[LVI]
239604,PLRHLRGLRATLLKYFPVTNDNNA,0,-3.724559742,-2.805288976,,,,239803,97,4,4,0,0,0,21,3,105,sp|Q49AG3|ZBED5_HUMAN,100.0,21.0,0.0,0.0,1.0,21.0,552.0,572.0,1.73e-09,48.5,,,,,"('LLKYFPV', 11, 17)",1,LLKYFPV,11,17,0,...[FWY]..[LVI]
239839,PLRINRCKLDVRTRGLTVMFEIMKTYGHTYEKHWWQDLF,0,-9.229245654,-8.309974887,,,,240038,1101,1,1,0,0,0,36,3,1103,sp|Q9Y6D6|BIG1_HUMAN,100.0,36.0,0.0,0.0,1.0,36.0,1393.0,1428.0,3.87e-23,88.2,,,,,"('KHWWQDL', 31, 37)",1,KHWWQDL,31,37,0,...[FWY]..[LVI]
239900,PLRNLSFKDITKKALQSHRFFTMTMTFSKNLWFKGSVVL,0,-7.720836656,-5.80156589,,,,240099,387,1,2,0,0,0,36,3,390,sp|P20807|CAN3_HUMAN,32.258,31.0,21.0,0.0,2.0,32.0,411.0,441.0,3.0,23.5,,,,,"('NLSFKDI', 3, 9)",1,NLSFKDI,3,9,0,...[FWY]..[LVI]
240092,PLRNLSRSSSDNNTNTLGRNVMSTATSPLMGAQSFPNLT,0,-5.963850688,-6.044579922,,,,240291,229,2,1,0,0,0,36,3,232,sp|Q9ULT8|HECD1_HUMAN,100.0,36.0,0.0,0.0,1.0,36.0,1565.0,1600.0,1.24e-17,72.8,,,,,"('AQSFPNL', 31, 37)",1,AQSFPNL,31,37,0,...[FWY]..[LVI]
240367,PLRYLMSYISNFEDMLLTIIHIIQIPCAVGYSFSLIFMT,0,-5.637716482,-6.303408217,,,,240567,274,3,1,0,0,0,36,3,278,sp|O94911|ABCA8_HUMAN,100.0,36.0,0.0,0.0,1.0,36.0,1085.0,1120.0,9.18e-19,75.9,,,,,"('GYSFSLI', 29, 35)",1,GYSFSLI,29,35,0,...[FWY]..[LVI]
240377,PLRNLMVYMYLPEPRRVSGACACCVGQTSTWVPT,0,-0.328046606,-3.236594864,,,,240577,327,142,10,0,0,0,31,3,479,sp|Q10570|CPSF1_HUMAN,64.706,17.0,6.0,0.0,1.0,17.0,1277.0,1293.0,0.093,27.7,,,,,"('LMVYMYL', 4, 10)",1,LMVYMYL,4,10,0,...[FWY]..[LVI]
240869,PLRHLPSLEIRENAIDRLVNIYKNVVHKTGGYLTESGYV,0,-4.114593235,-4.043319376,,,,241070,286,9,5,0,0,0,36,3,300,sp|Q9H0D6|XRN2_HUMAN,100.0,36.0,0.0,0.0,1.0,36.0,349.0,384.0,3.29e-20,80.1,,,,,"('VNIYKNV', 18, 24)",1,VNIYKNV,18,24,0,...[FWY]..[LVI]
240942,PLRRDPSFFSNPQDFNPQHFLDDKGQFKKSDAFVPFSIG,0,-1.305712459,-5.812706448,,,,241143,390,86,2,0,0,0,36,3,478,sp|P20853|CP2A7_HUMAN,100.0,36.0,0.0,0.0,1.0,36.0,400.0,435.0,3.02e-19,77.4,,,,,"('SDAFVPF', 29, 35)",1,SDAFVPF,29,35,0,...[FWY]..[WFY]
241018,PLRELQKQIMSELEILYKCDSSYIIGFYGAFFVENRISI,0,-3.999116018,-4.664807752,,,,241219,440,15,5,0,0,0,36,3,460,sp|Q13163|MP2K5_HUMAN,100.0,36.0,0.0,0.0,1.0,36.0,204.0,239.0,6.07e-20,79.3,,,,,"('IGFYGAF', 24, 30)",1,IGFYGAF,24,30,0,...[FWY]..[WFY]
241382,PLRQAGNFVLVFPFNEATLGASRNGLNVKRIIQELQKLM,0,-1.079254997,-1.19880348,,,,241584,438,113,55,0,0,0,36,3,606,sp|Q9BWV7|TTLL2_HUMAN,100.0,36.0,0.0,0.0,1.0,36.0,552.0,587.0,1.79e-19,77.8,,,,,"('AGNFVLV', 4, 10)",1,AGNFVLV,4,10,0,...[FWY]..[LVI]
241576,PLRYLVYLKSDYLPCAGVLIHPLWVITAAHCNLPKLRVI,0,-5.212109741,-5.292838975,,,,241779,136,2,1,0,0,0,36,3,139,sp|Q8IYP2|PRS58_HUMAN,100.0,36.0,0.0,0.0,1.0,36.0,30.0,65.0,1.27e-19,76.6,,,,,"('PLRYLVY', 0, 6)",1,PLRYLVY,0,6,0,...[FWY]..[WFY]
242051,PLRNMEKYDLNIGKYDFNMRECDFNVRKYDLNMGKYDFI,0,-6.525526336,-3.021293069,,,,242254,169,1,6,0,0,0,36,3,176,sp|Q5VSL9|STRP1_HUMAN,34.211,38.0,18.0,1.0,6.0,36.0,756.0,793.0,0.46,25.8,,,,,"('MGKYDFI', 32, 38)",1,MGKYDFI,32,38,0,...[FWY]..[LVI]
242131,PLREMFEIYSQHFQPDEDFSNCAKEIASKHFRFAEMLYY,0,-0.167801515,-2.24270167,,,,242334,509,247,31,0,0,0,36,3,787,sp|Q08999|RBL2_HUMAN,100.0,36.0,0.0,0.0,1.0,36.0,465.0,500.0,4.13e-21,82.4,,,,,"('REMFEIY', 2, 8)",1,REMFEIY,2,8,0,...[FWY]..[WFY]
242266,PLRDMKHQSFYIETKLDGERMQMHKDGDVYTYFSRNGYN,0,-1.936900622,-3.824984777,,,,242469,295,42,6,0,0,0,36,3,343,sp|P49917|DNLI4_HUMAN,97.222,36.0,1.0,0.0,1.0,36.0,262.0,297.0,9.26e-20,79.0,,,,,"('GDVYTYF', 26, 32)",1,GDVYTYF,26,32,0,...[FWY]..[WFY]
242269,PLRDMKHQSFYIETKLDGERMQMHKDGDVYKYFSRNGYN,0,-0.616927398,-1.797192306,,,,242472,422,150,35,0,0,0,36,3,607,sp|P49917|DNLI4_HUMAN,100.0,36.0,0.0,0.0,1.0,36.0,262.0,297.0,1.93e-20,80.9,,,,,"('GDVYKYF', 26, 32)",1,GDVYKYF,26,32,0,...[FWY]..[WFY]
242293,PLREMILSSEKGRLPEHITKFLITQILVALRHLHFKNIV,0,-5.559275128,-6.640004361,,,,242496,692,8,2,0,0,0,36,3,702,sp|Q15139|KPCD1_HUMAN,100.0,36.0,0.0,0.0,1.0,36.0,668.0,703.0,3.19e-19,77.4,,,,,"('HLHFKNI', 31, 37)",1,HLHFKNI,31,37,0,...[FWY]..[LVI]
242411,PLRNMKVWLLKLLSQNPFILLNSPTAIKETLEFLQEQGF,0,-4.012172171,-3.092901405,,,,242614,148,5,5,0,0,0,36,3,158,sp|Q49AM1|MTEF2_HUMAN,100.0,36.0,0.0,0.0,1.0,36.0,204.0,239.0,2.53e-18,74.3,,,,,"('QNPFILL', 14, 20)",1,QNPFILL,14,20,0,...[FWY]..[LVI]
242527,PLRYMLVFKGKRYLTGIGSDTRNALYHVHNGEDVVLLTT,0,-0.288731023,-2.902892457,,,,242730,493,220,19,0,0,0,36,3,732,sp|Q16394|EXT1_HUMAN,100.0,36.0,0.0,0.0,1.0,36.0,262.0,297.0,2.35e-20,80.5,,,,,"('PLRYMLV', 0, 6)",1,PLRYMLV,0,6,0,...[FWY]..[LVI]
242678,PLRNMQILLRLAKLNELDDSLEKVSEFPVIVESLKCLCN,0,-6.59225245,-3.257944185,,,,242881,531,3,16,0,0,0,36,3,550,sp|Q9NVN3|RIC8B_HUMAN,100.0,36.0,0.0,0.0,1.0,36.0,88.0,123.0,8.5e-18,73.2,,,,,"('VSEFPVI', 23, 29)",1,VSEFPVI,23,29,0,...[FWY]..[LVI]
242969,PLRKPELRKKVHPAVVIRQRKSYRRKDGVFLYFEDNAGV,0,-0.156011071,-4.42260685,,,,243173,372,182,5,0,0,0,36,3,559,sp|P62829|RL23_HUMAN,100.0,36.0,0.0,0.0,1.0,36.0,69.0,104.0,6.890000000000001e-21,77.8,,,,,"('DGVFLYF', 26, 32)",1,DGVFLYF,26,32,0,...[FWY]..[WFY]
243300,PLRINECDEAEAASPLCVNARCLNTDGSFRCICRPGFAP,0,-4.078843211,-3.966927366,,,,243504,217,7,4,0,0,0,36,3,228,sp|Q8N2S1|LTBP4_HUMAN,100.0,36.0,0.0,0.0,1.0,36.0,1575.0,1610.0,1.52e-18,75.5,,,,,"('DGSFRCI', 25, 31)",1,DGSFRCI,25,31,0,...[FWY]..[LVI]
243322,PLRNNEDVSFSRPADLDLIQSTPFKPLALKTPPRVLTLS,0,-0.663066815,-3.650686644,,,,243526,305,105,7,0,0,0,36,3,417,sp|Q9GZY8|MFF_HUMAN,100.0,36.0,0.0,0.0,1.0,36.0,88.0,123.0,2.25e-18,74.3,,,,,"('STPFKPL', 20, 26)",1,STPFKPL,20,26,0,...[FWY]..[LVI]
243881,PLRYNITESSQQMEEAIWAVSALSEEVSHFEKRKLFILL,0,-5.516964323,-6.182656057,,,,244087,252,3,1,0,0,0,36,3,256,sp|Q96M32|KAD7_HUMAN,100.0,36.0,0.0,0.0,1.0,36.0,117.0,152.0,3.04e-18,74.3,,,,,"('RKLFILL', 32, 38)",1,RKLFILL,32,38,0,...[FWY]..[LVI]
243975,PLRYNKLRQPFFQKRSELISKILNLGVTTFGNHLQVSAL,0,-1.055041433,-2.659332622,,,,244181,263,69,12,0,0,0,36,3,344,sp|P0DME0|SETLP_HUMAN,83.333,36.0,6.0,0.0,1.0,36.0,83.0,118.0,1.93e-14,63.5,,,,,"('PLRYNKL', 0, 6)",1,PLRYNKL,0,6,0,...[FWY]..[LVI]
244029,PLRGNKTKMTFKDLGMDDLGIYSCDVTDTDGIASSYLID,0,-0.474589371,-5.227743947,,,,244235,130,51,1,0,0,0,36,3,182,sp|P52179|MYOM1_HUMAN,100.0,36.0,0.0,0.0,1.0,36.0,1190.0,1225.0,1.59e-20,80.9,,,,,"('KMTFKDL', 7, 13)",1,KMTFKDL,7,13,0,...[FWY]..[LVI]
244353,PLRYNNNFHVLSSTANGKIESSVGKSLSKMYARHRKIYT,0,-4.762720737,-3.580415565,,,,244559,249,5,6,0,0,0,36,3,260,sp|Q8NFU5|IPMK_HUMAN,100.0,36.0,0.0,0.0,1.0,36.0,291.0,326.0,3.52e-18,74.3,,,,,"('NNNFHVL', 4, 10)",1,NNNFHVL,4,10,0,...[FWY]..[LVI]
245563,PLRGYSWNNRCMVEIVQKYDPEKDEWHKVFDLPESLGGI,0,-4.410049119,-5.490778353,,,,245771,156,4,1,0,0,0,36,3,161,sp|Q9P2J3|KLHL9_HUMAN,100.0,36.0,0.0,0.0,1.0,36.0,552.0,587.0,6.25e-23,87.8,,,,,"('KDEWHKV', 22, 28)",1,KDEWHKV,22,28,0,...[FWY]..[LVI]
246136,PLRNPGHLLQTNEQFTAPQKVVAKFQPFRCRPFRLRLI,0,-0.672850851,-5.481500539,,,,246344,155,53,1,0,0,0,35,3,209,sp|Q7Z7J5|DPPA2_HUMAN,85.714,21.0,3.0,0.0,1.0,21.0,59.0,79.0,4.89e-06,39.7,,,,,"('VAKFQPF', 21, 27)",1,VAKFQPF,21,27,0,...[FWY]..[WFY]
246302,PLRYPHFAPDAAANLTKIVAYLGTYIGGVTFSGSLIAYG,0,-5.007289949,-3.351053589,,,,246510,177,3,5,0,0,0,36,3,185,sp|Q13423|NNTM_HUMAN,97.222,36.0,1.0,0.0,1.0,36.0,726.0,761.0,3.11e-17,71.6,,,,,"('PLRYPHF', 0, 6)",1,PLRYPHF,0,6,0,...[FWY]..[WFY]
246352,PLRLKKSYSLTLDRTLAIVYSVLTPMVNPIIYSFRNKEI,0,-5.201462497,-7.089546653,,,,246560,945,14,2,0,0,0,36,3,961,sp|Q8NGY6|OR6N2_HUMAN,97.222,36.0,1.0,0.0,1.0,36.0,262.0,297.0,1.54e-17,72.0,,,,,"('AIVYSVL', 16, 22)",1,AIVYSVL,16,22,0,...[FWY]..[LVI]
246486,PLRLKHGRVFIIKSYSEDDIHRSIKYNIWCTEHGNKRL,0,-4.169041019,-2.249770253,,,,246695,99,3,6,0,0,0,35,3,108,sp|Q9Y5A9|YTHD2_HUMAN,97.222,36.0,0.0,1.0,1.0,35.0,407.0,442.0,1.13e-19,78.6,,,,,"('SIKYNIW', 22, 28)",1,SIKYNIW,22,28,0,...[FWY]..[WFY]
246491,PLRNPKEQDTFLKNGEPYYILQHPNILQCVGQCVEAIPY,0,-2.932001822,-0.659094101,,,,246700,126,9,23,0,0,0,36,3,158,sp|Q8IWU2|LMTK2_HUMAN,100.0,36.0,0.0,0.0,1.0,36.0,175.0,210.0,3.96e-21,82.8,,,,,"('GEPYYIL', 14, 20)",1,GEPYYIL,14,20,0,...[FWY]..[LVI]
246592,PLRDRKSTMVAQSQIGFIDFIVSQHFLF,0,-0.610073727,-3.597693557,,,,246801,126,45,3,0,0,0,25,3,174,sp|Q14123|PDE1C_HUMAN,82.609,23.0,4.0,0.0,1.0,23.0,417.0,439.0,2.35e-07,42.7,,,,,"('QIGFIDF', 13, 19)",1,QIGFIDF,13,19,0,...[FWY]..[WFY]
246760,PLRNPLNLADLDMFSSVNCSSEKPLSFSAMFSTSKSVST,0,-2.183540589,-3.434194824,,,,246969,75,9,2,0,0,0,36,3,86,sp|Q9UMZ2|SYNRG_HUMAN,97.222,36.0,1.0,0.0,1.0,36.0,610.0,645.0,5.63e-17,70.9,,,,,"('LDMFSSV', 10, 16)",1,LDMFSSV,10,16,0,...[FWY]..[LVI]
246811,PLRHPLRERARKLSQGILIIRFEMPYNIWCDGRKYHIGM,0,-8.866113887,-10.26877122,,,,247020,4280,5,1,0,0,0,36,3,4286,sp|P13994|CC130_HUMAN,94.444,36.0,2.0,0.0,1.0,36.0,30.0,65.0,1.69e-19,77.8,,,,,"('EMPYNIW', 22, 28)",1,EMPYNIW,22,28,0,...[FWY]..[WFY]
247433,PLRPNCFELYIPNNKGQLIKACKTEADGRVVEGNHMVYR,0,-0.17711432,-5.012731056,,,,247642,224,108,2,0,0,0,36,3,334,sp|Q99418|CYH2_HUMAN,100.0,36.0,0.0,0.0,1.0,36.0,320.0,355.0,1.06e-20,81.3,,,,,"('PNCFELY', 3, 9)",1,PNCFELY,3,9,0,...[FWY]..[WFY]
247764,PLRKSPVVQDCYHGDGRSYRGISSTTVTGRTCQSWSSMI,0,-3.007289949,-2.088019183,,,,247973,59,4,4,0,0,0,36,3,67,sp|P08519|APOA_HUMAN,100.0,36.0,0.0,0.0,1.0,36.0,4003.0,4038.0,2.86e-19,77.4,,,,,"('GRSYRGI', 15, 21)",1,GRSYRGI,15,21,0,...[FWY]..[LVI]
247992,PLRHPVKKIVQEYPGNELLLVYDEDFKYGLNFYLIATEE,0,-5.291228459,-5.956920193,,,,248202,431,6,2,0,0,0,36,3,439,sp|Q8IWG1|DNAI3_HUMAN,97.222,36.0,1.0,0.0,1.0,36.0,88.0,123.0,1.5e-18,75.5,,,,,"('GLNFYLI', 28, 34)",1,GLNFYLI,28,34,0,...[FWY]..[LVI]
248326,PLRKVWDDQAVWNVDYCQILKDLQLRT,0,-3.1246469,-3.527304229,,,,248536,80,5,2,0,0,0,24,3,87,sp|Q8N7R7|CCYL1_HUMAN,86.364,22.0,3.0,0.0,1.0,22.0,245.0,266.0,1.34e-09,49.3,,,,,"('NVDYCQI', 12, 18)",1,NVDYCQI,12,18,0,...[FWY]..[LVI]
248596,PLRKLKNQEYETLDHLECDLNLMFENAKRYNVPNSAIYK,0,-0.943268045,-7.381549283,,,,248806,1157,328,2,0,0,0,36,3,1487,sp|Q86U86|PB1_HUMAN,100.0,36.0,0.0,0.0,1.0,36.0,436.0,471.0,1.24e-19,78.6,,,,,"('NQEYETL', 6, 12)",1,NQEYETL,6,12,0,...[FWY]..[LVI]
249089,PLRLYRVLEAGKIGIFESPTGTGKSLSLICGALSWLRDF,0,-5.020979304,-4.931783536,,,,249299,953,16,9,0,0,0,36,3,978,sp|Q96FC9|DDX11_HUMAN,100.0,36.0,0.0,0.0,1.0,36.0,30.0,65.0,2.93e-20,80.1,,,,,"('LRLYRVL', 1, 7)",1,LRLYRVL,1,7,0,...[FWY]..[LVI]
249504,PLREQPLQNGFEELIQWTKEGKLWEFPINNEAGFDDDGS,0,-3.271488288,-2.837644349,,,,249714,124,7,5,0,0,0,36,3,136,sp|Q92665|RT31_HUMAN,100.0,36.0,0.0,0.0,1.0,36.0,291.0,326.0,2.08e-20,80.5,,,,,"('QNGFEEL', 7, 13)",1,QNGFEEL,7,13,0,...[FWY]..[LVI]
250001,PLRNQTWAQLQARVPGQRARLADYCAGAMFVQQLLSRGY,0,-4.152552897,-4.64831963,,,,250212,261,8,3,0,0,0,36,3,272,sp|Q9Y5L3|ENTP2_HUMAN,100.0,36.0,0.0,0.0,1.0,36.0,378.0,413.0,4.09e-19,77.0,,,,,"('NQTWAQL', 3, 9)",1,NQTWAQL,3,9,0,...[FWY]..[LVI]
250044,PLRNQVKVAGKPMYLHIGEEIDGVDMRAEVGLLSRNIIV,0,-2.791403492,-2.60909832,,,,250255,127,10,6,0,0,0,36,3,143,sp|Q8WUJ3|CEMIP_HUMAN,100.0,36.0,0.0,0.0,1.0,36.0,465.0,500.0,1.3e-19,78.2,,,,,"('KPMYLHI', 10, 16)",1,KPMYLHI,10,16,0,...[FWY]..[LVI]
250496,PLRRDGVSEGQFQQVLHHELLAIREACIKLEKDYQPGIT,0,-3.709609401,-5.112266729,,,,250707,120,5,1,0,0,0,36,3,126,sp|Q9UKV8|AGO2_HUMAN,100.0,36.0,0.0,0.0,1.0,36.0,668.0,703.0,2.18e-19,77.8,,,,,"('EGQFQQV', 8, 14)",1,EGQFQQV,8,14,0,...[FWY]..[LVI]
250729,PLRYRERTKAESIASLLSLAITTEHTLHATLGVAEFFEF,0,-3.897236404,-3.562928138,,,,250940,82,3,2,0,0,0,36,3,87,sp|O75161|NPHP4_HUMAN,100.0,36.0,0.0,0.0,1.0,36.0,958.0,993.0,3.17e-18,74.3,,,,,"('VAEFFEF', 32, 38)",1,VAEFFEF,32,38,0,...[FWY]..[WFY]
250795,PLRERFEAPEALFQPHLINVEGVGVAELLFNTIQAADID,0,-6.63244154,-4.128208273,,,,251006,182,1,3,0,0,0,36,3,186,sp|P61160|ARP2_HUMAN,100.0,36.0,0.0,0.0,1.0,36.0,257.0,292.0,1.5e-19,77.8,,,,,"('ELLFNTI', 26, 32)",1,ELLFNTI,26,32,0,...[FWY]..[LVI]
250872,PLRNRFTSAGQASKNIIQPPSCVLHYYNVPLCVTEETFT,0,-0.104326916,-2.885495868,,,,251083,282,143,11,0,0,0,36,3,436,sp|Q8WVV9|HNRLL_HUMAN,100.0,36.0,0.0,0.0,1.0,36.0,436.0,471.0,4.3e-20,79.7,,,,,"('VLHYYNV', 22, 28)",1,VLHYYNV,22,28,0,...[FWY]..[LVI]
251094,PLRHRHLGLRLCDKLGKNLLLTLTMFGVILGAVCGGLLR,0,-2.709609401,-1.330907016,,,,251305,96,8,11,0,0,0,36,3,115,sp|P43004|EAA2_HUMAN,97.222,36.0,1.0,0.0,1.0,36.0,30.0,65.0,3.75e-18,74.3,,,,,"('LTMFGVI', 22, 28)",1,LTMFGVI,22,28,0,...[FWY]..[LVI]
251542,PLRHRLAILSNFPETTSPHEYSVLLPEACFNGDSLMIIP,0,-6.059320652,-4.725012387,,,,251753,367,3,4,0,0,0,36,3,374,sp|A2RRP1|NBAS_HUMAN,100.0,36.0,0.0,0.0,1.0,36.0,755.0,790.0,2.51e-20,80.5,,,,,"('PHEYSVL', 17, 23)",1,PHEYSVL,17,23,0,...[FWY]..[LVI]
251650,PLRNRLKNLPFSFTKLKELAALWLSDNQSKALIPLQTEA,0,-1.774900861,-2.440592596,,,,251861,226,36,12,0,0,0,36,3,274,sp|Q96NW7|LRRC7_HUMAN,100.0,36.0,0.0,0.0,1.0,36.0,378.0,413.0,3.96e-18,73.9,,,,,"('PFSFTKL', 9, 15)",1,PFSFTKL,9,15,0,...[FWY]..[LVI]
251885,PLRERNCAMLHVRGLISDQCGSSRIIRRGFIMLTRLVLN,0,-6.147014713,-5.227743947,,,,252096,260,2,2,0,0,0,36,3,264,sp|Q07444|NKG2E_HUMAN,100.0,36.0,0.0,0.0,1.0,36.0,204.0,239.0,2.87e-20,78.2,,,,,"('RRGFIML', 26, 32)",1,RRGFIML,26,32,0,...[FWY]..[LVI]
252690,PLRVSGLTGELEFGENGGNPNVHFEILGTNYGEELGRGV,0,-1.332618806,-6.717128788,,,,252902,365,79,1,0,0,0,36,3,445,sp|O43424|GRID2_HUMAN,100.0,36.0,0.0,0.0,1.0,36.0,378.0,413.0,7.71e-21,81.6,,,,,"('NVHFEIL', 20, 26)",1,NVHFEIL,20,26,0,...[FWY]..[LVI]
253464,PLRNRTLSRHGFDVRAKLAWEGNETVTTRLWGLFCSSRS,0,-4.838892418,-2.334659151,,,,253677,105,2,6,0,0,0,36,3,113,sp|Q9H2X9|S12A5_HUMAN,97.143,35.0,1.0,0.0,1.0,35.0,314.0,348.0,4.13e-18,73.9,,,,,"('TRLWGLF', 27, 33)",1,TRLWGLF,27,33,0,...[FWY]..[WFY]
253876,PLRHPGKGNYWSLDPASQDMFDNGSFLRRRKRFKRHQLT,0,-3.452113179,-4.64831963,,,,254092,261,13,3,0,0,0,36,3,277,sp|Q3SYB3|FX4L6_HUMAN,100.0,36.0,0.0,0.0,1.0,36.0,175.0,210.0,1.11e-20,81.3,,,,,"('KGNYWSL', 6, 12)",1,KGNYWSL,6,12,0,...[FWY]..[LVI]
253896,PLRDSAEIQPIGNCEKNGGMLQPPLGFRLNASSWPMFLL,0,-2.657141981,-1.737871215,,,,254112,81,7,7,0,0,0,36,3,95,sp|Q96GD3|SCMH1_HUMAN,100.0,36.0,0.0,0.0,1.0,36.0,106.0,141.0,6.75e-20,79.3,,,,,"('ASSWPMF', 30, 36)",1,ASSWPMF,30,36,0,...[FWY]..[WFY]
254664,PLRISPALRTSDSHRRKCFGSSHFPHQLAWLCLENAALQ,0,-4.101926824,-2.960263636,,,,254882,189,6,7,0,0,0,36,3,202,sp|Q5HYM0|ZC12B_HUMAN,83.333,12.0,2.0,0.0,17.0,28.0,496.0,507.0,2.7,23.9,,,,,"('QLAWLCL', 26, 32)",1,QLAWLCL,26,32,0,...[FWY]..[LVI]
254795,PLRHSIIETSRSSLTEPTAEVYNQYPSNALVFESSPFNT,0,-5.113331587,-5.194060821,,,,255013,254,4,2,0,0,0,36,3,260,sp|Q5TF39|MFS4B_HUMAN,100.0,36.0,0.0,0.0,1.0,36.0,465.0,500.0,1.21e-18,75.5,,,,,"('AEVYNQY', 18, 24)",1,AEVYNQY,18,24,0,...[FWY]..[WFY]
254958,PLRIIQNWHLPERFKACNHRLFFNFCPALRKEKMKHSEV,0,-5.258502647,-7.509156882,,,,255176,632,9,1,0,0,0,36,3,642,sp|A6PVS8|LRIQ3_HUMAN,80.556,36.0,7.0,0.0,1.0,36.0,164.0,199.0,8.81e-16,67.4,,,,,"('HRLFFNF', 18, 24)",1,HRLFFNF,18,24,0,...[FWY]..[WFY]
255145,PLRESKPEAEETCFDKYTGNTYRVGDTYERPKDSMIWDC,0,-0.844961254,-1.686502824,,,,255363,603,183,54,0,0,0,36,3,840,sp|P02751|FINC_HUMAN,100.0,36.0,0.0,0.0,1.0,36.0,88.0,123.0,1.6e-20,80.9,,,,,"('ETCFDKY', 10, 16)",1,ETCFDKY,10,16,0,...[FWY]..[WFY]
255509,PLRNTLLQSKVGLLTYYVKLYPGEVTLLTRPSIQMRLCC,0,-0.073116599,-6.986735847,,,,255727,440,228,1,0,0,0,36,3,669,sp|O14599|VCY2_HUMAN,100.0,36.0,0.0,0.0,1.0,36.0,59.0,94.0,6.03e-20,74.3,,,,,"('LTYYVKL', 13, 19)",1,LTYYVKL,13,19,0,...[FWY]..[LVI]
256102,PLRDSPNTGAHWMRQEISFGKLKLTNNKGASNNNGQMVV,0,-0.967921396,-1.814185377,,,,256320,61,17,5,0,0,0,36,3,83,sp|Q16650|TBR1_HUMAN,100.0,36.0,0.0,0.0,1.0,36.0,291.0,326.0,2.42e-19,77.4,,,,,"('EISFGKL', 15, 21)",1,EISFGKL,15,21,0,...[FWY]..[LVI]
256441,PLRDSRGKMLSPATKPEWQRWAESAETRIATLLQQVHGY,0,-0.068063372,-1.595475731,,,,256659,325,169,31,0,0,0,36,3,525,sp|Q53H54|TYW2_HUMAN,100.0,35.0,0.0,0.0,1.0,35.0,378.0,412.0,2.38e-18,74.7,,,,,"('KPEWQRW', 14, 20)",1,KPEWQRW,14,20,0,...[FWY]..[WFY]
256511,PLRNSRLVSLTLNLVTRADEGWYWCGVKQGHFYGETAAV,0,-4.470421737,-6.136113471,,,,256729,244,6,1,0,0,0,36,3,251,sp|P01833|PIGR_HUMAN,100.0,36.0,0.0,0.0,1.0,36.0,523.0,558.0,2.35e-20,80.5,,,,,"('GWYWCGV', 20, 26)",1,GWYWCGV,20,26,0,...[FWY]..[LVI]
257066,PLRNSTDVCLWKVIETAVSELKKDLDIICKYNEAVNCSY,0,-0.44951627,-7.144955348,,,,257284,982,392,2,0,0,0,36,3,1376,sp|Q9BXT5|TEX15_HUMAN,100.0,36.0,0.0,0.0,1.0,36.0,2118.0,2153.0,2.68e-19,77.4,,,,,"('VCLWKVI', 7, 13)",1,VCLWKVI,7,13,0,...[FWY]..[LVI]
257268,PLRNSTVLTLMTLTPEGSELHIILGLFGLLLLLTCLCGT,0,-3.334100266,-2.999792,,,,257489,111,6,4,0,0,0,36,3,121,sp|Q99062|CSF3R_HUMAN,100.0,36.0,0.0,0.0,1.0,36.0,610.0,645.0,1.21e-16,70.1,,,,,"('LGLFGLL', 23, 29)",1,LGLFGLL,23,29,0,...[FWY]..[LVI]
257766,PLRDTAIVNSDLDKAYQELLRLINKLDTEPQWVPST,0,-2.294571902,-4.182656057,,,,257989,63,7,1,0,0,0,33,3,71,sp|Q8N3R9|PALS1_HUMAN,100.0,33.0,0.0,0.0,1.0,33.0,640.0,672.0,5.56e-17,70.9,,,,,"('DKAYQEL', 12, 18)",1,DKAYQEL,12,18,0,...[FWY]..[LVI]
258037,PLRNTDAALLAWGPREVAGCTSGRHRCRSLWLQVWKSM,0,-3.879534402,-3.960263636,,,,258260,54,2,1,0,0,0,35,3,57,sp|Q96F07|CYFP2_HUMAN,46.154,26.0,11.0,1.0,9.0,31.0,561.0,586.0,0.91,25.0,,,,,"('RSLWLQV', 27, 33)",1,RSLWLQV,27,33,0,...[FWY]..[LVI]
258415,PLRNTFIQFKKPIIVAVNGPAIGLGASILPLCDVVWANE,0,-0.383475195,-1.945856212,,,,258638,548,229,41,0,0,0,36,3,818,sp|Q9Y232|CDYL_HUMAN,100.0,36.0,0.0,0.0,1.0,36.0,432.0,467.0,1.11e-20,81.3,,,,,"('RNTFIQF', 2, 8)",1,RNTFIQF,2,8,0,...[FWY]..[WFY]
258854,PLRETILNALLTWVRHDLEQRRKDLSKLLAYIRLPLLAP,0,-2.778089139,-4.443780873,,,,259077,151,12,2,0,0,0,36,3,165,sp|Q96PQ7|KLHL5_HUMAN,100.0,36.0,0.0,0.0,1.0,36.0,381.0,416.0,2.17e-19,77.8,,,,,"('LLAYIRL', 27, 33)",1,LLAYIRL,27,33,0,...[FWY]..[LVI]
259187,PLRNTSQYFFITPLLQNLPYSEKMTVLFVYNGPHMLEP,0,-1.957536914,-2.453303647,,,,259410,114,16,6,0,0,0,35,3,136,sp|Q8IY18|SMC5_HUMAN,97.222,36.0,0.0,1.0,1.0,35.0,1045.0,1080.0,5.46e-19,76.6,,,,,"('TSQYFFI', 4, 10)",1,TSQYFFI,4,10,0,...[FWY]..[LVI]
259293,PLRHTTFSKKENNQVPAVVAFSQGSVGFLWKSNGAYNIF,0,-1.784571459,-2.421694041,,,,259516,632,100,34,0,0,0,36,3,766,sp|P14543|NID1_HUMAN,100.0,36.0,0.0,0.0,1.0,36.0,204.0,239.0,7.54e-21,82.0,,,,,"('NGAYNIF', 32, 38)",1,NGAYNIF,32,38,0,...[FWY]..[WFY]
259735,PLRYTISGKETLSDLVTLIAGCKEFLDIQLRINEKKTLN,0,-3.534037836,-2.61476707,,,,259958,85,4,4,0,0,0,36,3,93,sp|A2PYH4|HFM1_HUMAN,100.0,36.0,0.0,0.0,1.0,36.0,798.0,833.0,1.99e-18,75.1,,,,,"('CKEFLDI', 21, 27)",1,CKEFLDI,21,27,0,...[FWY]..[LVI]
259764,PLRNTIVCLNTGSGKTFIAVLLTKELSYQIRGDFSRNGH,0,-9.341392758,-8.422121992,,,,259987,1190,1,1,0,0,0,36,3,1192,sp|Q9UPY3|DICER_HUMAN,100.0,35.0,0.0,0.0,1.0,35.0,59.0,93.0,5.63e-19,76.6,,,,,"('GKTFIAV', 13, 19)",1,GKTFIAV,13,19,0,...[FWY]..[LVI]
260114,PLRYTLQYGQCGDKGQYIHFTPNFLLTNNLATYGPRGKV,0,-2.861612494,-3.527304229,,,,260337,200,15,5,0,0,0,36,3,220,sp|Q9Y6N3|CLCA3_HUMAN,100.0,36.0,0.0,0.0,1.0,36.0,117.0,152.0,5.2600000000000004e-21,80.5,,,,,"('KGQYIHF', 13, 19)",1,KGQYIHF,13,19,0,...[FWY]..[WFY]
260382,PLRDTSEVNLPKQVIKQLVQLLALRPFIFVMTQNIVNL,0,-6.400771305,-5.481500539,,,,260605,155,1,1,0,0,0,35,3,157,sp|O75290|Z780A_HUMAN,65.385,26.0,9.0,0.0,1.0,26.0,93.0,118.0,1.47e-05,38.5,,,,,"('LRPFIFV', 23, 29)",1,LRPFIFV,23,29,0,...[FWY]..[LVI]
260539,PLRNTQARAVLEREFNNLLVMGTDRRFDEDDDKSFRRAP,0,-1.778651045,-2.94684312,,,,260763,107,17,4,0,0,0,36,3,128,sp|Q13136|LIPA1_HUMAN,100.0,36.0,0.0,0.0,1.0,36.0,1103.0,1138.0,3.03e-19,77.4,,,,,"('EREFNNL', 11, 17)",1,EREFNNL,11,17,0,...[FWY]..[LVI]
260657,PLRDVARFFKGLNVARGGVALCLNAQGRRNGEALIRFVD,0,-2.715323052,-4.603407208,,,,260881,253,21,3,0,0,0,36,3,277,sp|Q9H6T0|ESRP2_HUMAN,100.0,36.0,0.0,0.0,1.0,36.0,272.0,307.0,3.68e-20,79.7,,,,,"('ARFFKGL', 5, 11)",1,ARFFKGL,5,11,0,...[FWY]..[LVI]
261043,PLRDVYREEEILEAYDEDEDEELYPDIHPPPSLPLPGQF,0,-3.749137765,-5.414829499,,,,261268,148,6,1,0,0,0,36,3,155,sp|Q96A61|TRI52_HUMAN,100.0,36.0,0.0,0.0,1.0,36.0,146.0,181.0,1.46e-18,74.7,,,,,"('EELYPDI', 20, 26)",1,EELYPDI,20,26,0,...[FWY]..[LVI]
261076,PLRFKHFVGMLPEKDCRCALYDASFETKESSTEELIFFL,0,-4.80647094,-3.887200174,,,,261301,154,3,3,0,0,0,36,3,160,sp|P60981|DEST_HUMAN,88.889,36.0,4.0,0.0,1.0,36.0,68.0,103.0,9.89e-17,67.4,,,,,"('PLRFKHF', 0, 6)",1,PLRFKHF,0,6,0,...[FWY]..[WFY]
261115,PLRHVEDYLCDPEEMPLGSRVCKLPCPEDCVISEWGPWT,0,-4.814644872,-4.310411605,,,,261340,413,8,6,0,0,0,36,3,427,sp|Q9UPZ6|THS7A_HUMAN,100.0,36.0,0.0,0.0,1.0,36.0,1140.0,1175.0,3.94e-20,79.7,,,,,"('ISEWGPW', 31, 37)",1,ISEWGPW,31,37,0,...[FWY]..[WFY]
261138,PLREVEFPLVEEELQNIDLRLRAAEETLNWKTEGICDY,0,-2.040254713,-4.165378066,,,,261363,249,33,4,0,0,0,35,3,286,sp|Q9NYC9|DYH9_HUMAN,100.0,35.0,0.0,0.0,1.0,35.0,755.0,789.0,2.45e-18,74.7,,,,,"('EVEFPLV', 3, 9)",1,EVEFPLV,3,9,0,...[FWY]..[LVI]
261426,PLRHVFRTKSSHTFPKGTSVIARNQVRLAEVWMDSYKKI,0,-2.04218474,-2.707876474,,,,261651,68,9,3,0,0,0,36,3,80,sp|Q8NCL4|GALT6_HUMAN,97.222,36.0,1.0,0.0,1.0,36.0,407.0,442.0,4.47e-19,76.6,,,,,"('MDSYKKI', 32, 38)",1,MDSYKKI,32,38,0,...[FWY]..[LVI]
261503,PLRNVGGQVYFTRHSTLISIPHSLLWKMFSPKRDTANDL,0,-2.721582043,-2.316884449,,,,261728,121,10,7,0,0,0,36,3,138,sp|Q68DU8|KCD16_HUMAN,100.0,36.0,0.0,0.0,1.0,36.0,30.0,65.0,4.600000000000001e-21,82.4,,,,,"('SLLWKMF', 22, 28)",1,SLLWKMF,22,28,0,...[FWY]..[WFY]
262048,PLRDVKSLLHIYGYFDEEMAVKYISEVALALDYLHRHA,0,-3.914723831,-2.580415565,,,,262274,83,3,4,0,0,0,35,3,90,sp|Q96GX5|GWL_HUMAN,97.143,35.0,1.0,0.0,1.0,35.0,117.0,151.0,6.33e-19,76.3,,,,,"('LHIYGYF', 8, 14)",1,LHIYGYF,8,14,0,...[FWY]..[WFY]
262137,PLRDVLDTWFSSALFPFSALGCRKRPQTLLVSTRCHFW,0,-3.310513445,-3.713170774,,,,262363,91,5,2,0,0,0,35,3,98,sp|Q5ST30|SYVM_HUMAN,100.0,18.0,0.0,0.0,1.0,18.0,581.0,598.0,4.34e-06,40.0,,,,,"('LFPFSAL', 13, 19)",1,LFPFSAL,13,19,0,...[FWY]..[LVI]
262373,PLRDVLVLRQLRYTGMLETVQIRQSGYSSKYSFQDFVSH,0,-0.043726905,-4.320853351,,,,262599,208,110,3,0,0,0,36,3,321,sp|B2RTY4|MYO9A_HUMAN,97.222,36.0,1.0,0.0,1.0,36.0,929.0,964.0,8.54e-18,73.2,,,,,"('KYSFQDF', 29, 35)",1,KYSFQDF,29,35,0,...[FWY]..[WFY]
262429,PLRNVMNVENPFIRRQIFRSIKVFTRGRNPMNVANVEKP,0,-0.596470426,-5.775231742,,,,262655,380,137,2,0,0,0,36,3,519,sp|Q9BY31|ZN717_HUMAN,100.0,36.0,0.0,0.0,1.0,36.0,694.0,729.0,9.66e-21,81.6,,,,,"('RQIFRSI', 14, 20)",1,RQIFRSI,14,20,0,...[FWY]..[LVI]
262563,PLRYVNPHGYVHETLTVYKACNLNLIGRPSTEHSWFPGY,0,-4.007289949,-4.088019183,,,,262789,118,4,2,0,0,0,36,3,124,sp|Q96SW2|CRBN_HUMAN,100.0,36.0,0.0,0.0,1.0,36.0,349.0,384.0,1.73e-23,89.0,,,,,"('HSWFPGY', 32, 38)",1,HSWFPGY,32,38,0,...[FWY]..[WFY]
262565,PLRYVNRIVQQWNLQDNDDDQLFYTKVYIDPLKREAINI,0,-2.876719387,-2.883448039,,,,262791,256,19,10,0,0,0,36,3,285,sp|O00469|PLOD2_HUMAN,100.0,36.0,0.0,0.0,1.0,36.0,175.0,210.0,5.47e-19,76.6,,,,,"('QLFYTKV', 20, 26)",1,QLFYTKV,20,26,0,...[FWY]..[LVI]
263171,PLRDVSDPGRCLHSFRKLRDYARKGCWEAQLSLAKACAN,0,-1.099380142,-5.350034377,,,,263398,283,72,2,0,0,0,36,3,357,sp|P41002|CCNF_HUMAN,97.222,36.0,1.0,0.0,1.0,36.0,233.0,268.0,3.6e-19,77.0,,,,,"('LHSFRKL', 11, 17)",1,LHSFRKL,11,17,0,...[FWY]..[LVI]
263303,PLRHVSSTSLRWPPVRGSRTSRVPAPRTFAARLRLCPR,0,-0.683015191,-3.368606483,,,,263530,215,73,6,0,0,0,35,3,294,sp|Q9HCM2|PLXA4_HUMAN,39.13,23.0,14.0,0.0,13.0,35.0,538.0,560.0,3.6,23.5,,,,,"('SLRWPPV', 8, 14)",1,SLRWPPV,8,14,0,...[FWY]..[LVI]
263660,PLRYHCHQSAAWYDVSSGSYDKALRFLGSNDEEMSYDNN,0,-1.560746015,-2.72893809,,,,263888,92,17,4,0,0,0,36,3,113,sp|P12107|COBA1_HUMAN,100.0,36.0,0.0,0.0,1.0,36.0,1712.0,1747.0,1.82e-22,86.3,,,,,"('SAAWYDV', 8, 14)",1,SAAWYDV,8,14,0,...[FWY]..[LVI]
263813,PLRYVVTELMQSDLHKIIVSPQPLSSDHVKVFLYQILRG,0,-7.196109263,-6.276838496,,,,264041,269,1,1,0,0,0,36,3,271,sp|Q9UBE8|NLK_HUMAN,100.0,36.0,0.0,0.0,1.0,36.0,216.0,251.0,8.75e-18,73.2,,,,,"('VFLYQIL', 30, 36)",1,VFLYQIL,30,36,0,...[FWY]..[LVI]
264828,PLREVTDSPDYDRRADKPWARLTPADKAAIRKELNEFKS,0,-0.428653087,-0.895036013,,,,265060,200,81,31,0,0,0,36,3,312,sp|O75167|PHAR2_HUMAN,100.0,36.0,0.0,0.0,1.0,36.0,581.0,616.0,3.03e-19,77.4,,,,,"('DKPWARL', 15, 21)",1,DKPWARL,15,21,0,...[FWY]..[LVI]
265249,PLRNYFRHLWNKALLRACADGGANRLYDITEGERESFLP,0,-4.258502647,-4.187228787,,,,265481,316,9,5,0,0,0,36,3,330,sp|Q9H3S4|TPK1_HUMAN,100.0,36.0,0.0,0.0,1.0,36.0,30.0,65.0,4.49e-23,85.5,,,,,"('RNYFRHL', 2, 8)",1,RNYFRHL,2,8,0,...[FWY]..[LVI]
265331,PLRDYGQFGLQRLGLNMSEGSNSSNQPHGTNSSSVAIAI,0,-5.163565889,-3.074370122,,,,265563,263,4,9,0,0,0,36,3,276,sp|Q7Z407|CSMD3_HUMAN,100.0,36.0,0.0,0.0,1.0,36.0,3600.0,3635.0,2.86e-18,74.3,,,,,"('LRDYGQF', 1, 7)",1,LRDYGQF,1,7,0,...[FWY]..[WFY]
266204,PLREEARWCACGTRTWPLPTPAAPRASQRWAAVW,0,-1.090174683,-4.855402091,,,,266438,703,180,7,0,0,0,31,3,890,sp|O95935|TBX18_HUMAN,50.0,18.0,9.0,0.0,14.0,31.0,132.0,149.0,1.1,24.6,,,,,"('SQRWAAV', 26, 32)",1,SQRWAAV,26,32,0,...[FWY]..[LVI]
266283,PLRVAAVARAAARCNKGIEACLQWLWNILCW,0,-3.892831225,-3.388597958,,,,266517,109,4,3,0,0,0,28,3,116,sp|Q8IZU2|WDR17_HUMAN,66.667,12.0,4.0,0.0,13.0,24.0,126.0,137.0,6.4,22.3,,,,,"('QWLWNIL', 22, 28)",1,QWLWNIL,22,28,0,...[FWY]..[LVI]
266349,PLREACEKGNMLKRQRIKREKKDFRQVIVNDCHLPESFK,0,-3.475144147,-1.707876474,,,,266583,102,5,9,0,0,0,36,3,116,sp|P13682|ZNF35_HUMAN,100.0,36.0,0.0,0.0,1.0,36.0,154.0,189.0,2.34e-19,77.8,,,,,"('KKDFRQV', 20, 26)",1,KKDFRQV,20,26,0,...[FWY]..[LVI]
267332,PLRKAFFCGRSDYFRALLDDHFRESEEPATQGARQPSP,0,-2.681595025,-3.877801476,,,,267567,153,13,3,0,0,0,35,3,169,sp|Q969K4|ABTB1_HUMAN,93.333,30.0,2.0,0.0,1.0,30.0,287.0,316.0,6.63e-14,62.0,,,,,"('SDYFRAL', 10, 16)",1,SDYFRAL,10,16,0,...[FWY]..[LVI]
267374,PLREALGVFIVPSRPQRETEVLRGRRQVSYPLWASNIYP,0,-3.267604854,-3.933296588,,,,267609,106,6,2,0,0,0,36,3,114,sp|O95876|FRITZ_HUMAN,40.0,25.0,15.0,0.0,2.0,26.0,547.0,571.0,0.31,26.6,,,,,"('QVSYPLW', 26, 32)",1,QVSYPLW,26,32,0,...[FWY]..[WFY]
267448,PLRLKARTLPDDLHFLNLEGSRYHIALISVYSFKMKFFI,0,-4.253929917,-2.597693557,,,,267683,105,3,5,0,0,0,36,3,113,sp|Q86YA3|ZGRF1_HUMAN,89.474,19.0,2.0,0.0,1.0,19.0,1027.0,1045.0,1.75e-06,41.2,,,,,"('DLHFLNL', 11, 17)",1,DLHFLNL,11,17,0,...[FWY]..[LVI]
267680,PLREEDYRPGITYIVVQKRHHTRLFCADKTERVGKSGNV,0,-3.397665395,-4.063357129,,,,267915,58,3,1,0,0,0,36,3,62,sp|Q9HCK5|AGO4_HUMAN,100.0,36.0,0.0,0.0,1.0,36.0,697.0,732.0,5.48e-20,79.3,,,,,"('GITYIVV', 9, 15)",1,GITYIVV,9,15,0,...[FWY]..[LVI]
267708,PLRNYRCLVQSYPKKIHDLCDLLLIF,0,-2.567590396,-2.64831963,,,,267943,87,8,4,0,0,0,23,3,99,sp|Q9ULI1|NWD2_HUMAN,90.476,21.0,2.0,0.0,1.0,21.0,477.0,497.0,2.34e-09,48.5,,,,,"('LRNYRCL', 1, 7)",1,LRNYRCL,1,7,0,...[FWY]..[LVI]
267977,PLRHYTNQTDMPHCLLCNNKTHWALVRSTMCFEKEVDYL,0,-2.276649994,-0.620413633,,,,268212,80,9,15,0,0,0,36,3,104,sp|Q5T6X5|GPC6A_HUMAN,94.444,36.0,2.0,0.0,1.0,36.0,552.0,587.0,1.73e-20,80.9,,,,,"('KTHWALV', 19, 25)",1,KTHWALV,19,25,0,...[FWY]..[LVI]
268063,PLRNYVFKNALRLGTFSAVLVTYAASALLHGFSFHLAAV,0,-4.055384238,-3.551150971,,,,268298,122,4,3,0,0,0,36,3,129,sp|Q9H237|PORCN_HUMAN,100.0,36.0,0.0,0.0,1.0,36.0,315.0,350.0,3.23e-17,71.6,,,,,"('LGTFSAV', 12, 18)",1,LGTFSAV,12,18,0,...[FWY]..[LVI]
268100,PLRYYVKEVLNKHELQRFYSLRHIASDVGRGRAGCAVP,0,-0.242104482,-1.960263636,,,,268335,243,112,18,0,0,0,35,3,373,sp|Q8TEQ0|SNX29_HUMAN,100.0,30.0,0.0,0.0,1.0,30.0,88.0,117.0,5.62e-16,67.8,,,,,"('LQRFYSL', 14, 20)",1,LQRFYSL,14,20,0,...[FWY]..[LVI]
268116,PLRNYVNVEFGVPFPNPANDLSDLLRAIPRANPLSLDSA,0,-6.75400352,-3.834732754,,,,268351,198,1,4,0,0,0,36,3,203,sp|O14654|IRS4_HUMAN,100.0,36.0,0.0,0.0,1.0,36.0,958.0,993.0,1.5e-18,75.5,,,,,"('LRNYVNV', 1, 7)",1,LRNYVNV,1,7,0,...[FWY]..[LVI]
268408,PLRQAAFEVEGESSGAGLSADRRRSLCAREFRKLGFSNS,0,-0.25957648,-0.458142204,,,,268643,224,102,47,0,0,0,36,3,373,sp|Q96BJ8|ELMO3_HUMAN,100.0,36.0,0.0,0.0,1.0,36.0,317.0,352.0,3.96e-18,73.9,,,,,"('AREFRKL', 27, 33)",1,AREFRKL,27,33,0,...[FWY]..[LVI]
268596,PLRQAGFNKSGIYTIYINNMPEPKKVFCNMDVNGGGWTV,0,-4.303651195,-6.258849547,,,,268831,797,22,3,0,0,0,36,3,822,sp|Q15389|ANGP1_HUMAN,100.0,36.0,0.0,0.0,1.0,36.0,291.0,326.0,6.32e-22,84.7,,,,,"('SGIYTIY', 9, 15)",1,SGIYTIY,9,15,0,...[FWY]..[WFY]
268659,PLREAGILDTYLGKYWAIKLATNAAVTVLRVDQIIMAKP,0,-3.982627895,-1.063357129,,,,268894,58,2,8,0,0,0,36,3,68,sp|P50990|TCPQ_HUMAN,100.0,36.0,0.0,0.0,1.0,36.0,494.0,529.0,9.76e-19,75.9,,,,,"('LGKYWAI', 11, 17)",1,LGKYWAI,11,17,0,...[FWY]..[LVI]
268810,PLREEGRRDDSLSSTSEDSEKDEKDEDHERERFYIYRH,0,-0.000124543,-7.10322159,,,,269045,477,260,1,0,0,0,35,3,738,sp|Q2LD37|K1109_HUMAN,100.0,34.0,0.0,0.0,1.0,34.0,3714.0,3747.0,9.97e-17,70.1,,,,,"('RERFYIY', 29, 35)",1,RERFYIY,29,35,0,...[FWY]..[WFY]
268840,PLREDGSLEINNITRNDGGIYTCFAENNRGKANSTGTLV,0,-3.879534402,-6.130188637,,,,269076,243,9,1,0,0,0,36,3,253,sp|Q12860|CNTN1_HUMAN,100.0,36.0,0.0,0.0,1.0,36.0,465.0,500.0,5.2e-20,79.3,,,,,"('GGIYTCF', 17, 23)",1,GGIYTCF,17,23,0,...[FWY]..[WFY]
268959,PLREEHEYASKKRKKDHFRNDTNTQSFYHEKWIYVHKES,0,-3.982627895,-6.063357129,,,,269195,232,8,1,0,0,0,36,3,241,sp|Q8TCJ0|FBX25_HUMAN,97.222,36.0,1.0,0.0,1.0,36.0,58.0,93.0,2.14e-18,74.7,,,,,"('HEKWIYV', 28, 34)",1,HEKWIYV,28,34,0,...[FWY]..[LVI]
269452,PLRKAISRAGCGVQIFFLPTLGGGECFLLAAMAYDRYAA,0,-2.6606998,-4.063357129,,,,269688,116,10,2,0,0,0,36,3,128,sp|Q8NG76|O2T33_HUMAN,100.0,36.0,0.0,0.0,1.0,36.0,88.0,123.0,1.63e-19,77.4,,,,,"('AMAYDRY', 30, 36)",1,AMAYDRY,30,36,0,...[FWY]..[WFY]
269501,PLRKAIVNSCIQHYHDNCLPTIFVYKNGQIEAKFIGIIE,0,-5.702075728,-3.782804962,,,,269737,191,2,4,0,0,0,36,3,197,sp|Q8N4E4|PDCL2_HUMAN,100.0,36.0,0.0,0.0,1.0,36.0,146.0,181.0,3.56e-22,83.2,,,,,"('EAKFIGI', 30, 36)",1,EAKFIGI,30,36,0,...[FWY]..[LVI]
269698,PLRKAKIVLDIIVTMFSEYCENQFTVEAAEVVFPNGKSH,0,-1.866906794,-5.450136368,,,,269934,455,68,3,0,0,0,36,3,526,sp|Q9NSD9|SYFB_HUMAN,100.0,36.0,0.0,0.0,1.0,36.0,262.0,297.0,3.94e-19,77.0,,,,,"('VTMFSEY', 12, 18)",1,VTMFSEY,12,18,0,...[FWY]..[WFY]
269881,PLREDKVECANNALKADWERWKQNIKMISS,0,-2.957536914,-4.038266148,,,,270117,57,4,1,0,0,0,27,3,62,sp|Q9UNH6|SNX7_HUMAN,91.304,23.0,2.0,0.0,1.0,23.0,320.0,342.0,7.86e-10,50.1,,,,,"('KADWERW', 14, 20)",1,KADWERW,14,20,0,...[FWY]..[WFY]
270085,PLREALEMASKGDSTQADKLVRDIYGGDYERFGLPGWAV,0,-4.031537496,-5.434194824,,,,270321,150,5,1,0,0,0,36,3,156,sp|Q9H999|PANK3_HUMAN,100.0,36.0,0.0,0.0,1.0,36.0,233.0,268.0,3.31e-20,79.7,,,,,"('GGDYERF', 25, 31)",1,GGDYERF,25,31,0,...[FWY]..[WFY]
270909,PLRQANLSLFLEAASGFYTQLLQELCTVFNVDLPCRVKS,0,-3.696670345,-3.414829499,,,,271145,333,14,9,0,0,0,36,3,356,sp|Q92540|SMG7_HUMAN,100.0,36.0,0.0,0.0,1.0,36.0,88.0,123.0,1.96e-19,77.8,,,,,"('SGFYTQL', 14, 20)",1,SGFYTQL,14,20,0,...[FWY]..[LVI]
271392,PLREDPVKFHEAWQKLCKADGILVPGGFGIRGTLGKLQA,0,-3.1246469,-0.504936416,,,,271628,64,4,13,0,0,0,36,3,81,sp|Q9NRF8|PYRG2_HUMAN,100.0,36.0,0.0,0.0,1.0,36.0,349.0,384.0,1.1700000000000001e-21,84.3,,,,,"('HEAWQKL', 9, 15)",1,HEAWQKL,9,15,0,...[FWY]..[LVI]
271406,PLREDTVTEGKRFSLDITNLMPLAACQALCTFLPLGSYR,0,-0.630775005,-7.717128788,,,,271642,730,257,1,0,0,0,36,3,988,sp|Q5TGP6|MROH9_HUMAN,100.0,36.0,0.0,0.0,1.0,36.0,378.0,413.0,1.61e-19,78.2,,,,,"('LCTFLPL', 28, 34)",1,LCTFLPL,28,34,0,...[FWY]..[LVI]
271415,PLREDPWQAVKSLTQARLLSQPPAKAFLYEPTTQASGRA,0,-3.240124118,-1.905815852,,,,271651,52,3,4,0,0,0,36,3,59,sp|Q96L73|NSD1_HUMAN,100.0,36.0,0.0,0.0,1.0,36.0,2524.0,2559.0,7.39e-19,76.3,,,,,"('EDPWQAV', 3, 9)",1,EDPWQAV,3,9,0,...[FWY]..[LVI]
271422,PLREAPYSREEERQRLSDLYHRLHARLHSTPVRCASFT,0,-3.797072242,-3.292838975,,,,271658,102,4,3,0,0,0,35,3,109,sp|Q7L1V2|MON1B_HUMAN,90.625,32.0,1.0,1.0,1.0,30.0,436.0,467.0,2.58e-12,57.4,,,,,"('SDLYHRL', 16, 22)",1,SDLYHRL,16,22,0,...[FWY]..[LVI]
271506,PLREEQEKLLKKSCTLYVGNLSFYTTEEQIYELFSKSGD,0,-4.470421737,-5.136113471,,,,271742,122,3,1,0,0,0,36,3,126,sp|P52298|NCBP2_HUMAN,100.0,36.0,0.0,0.0,1.0,36.0,30.0,65.0,2.22e-19,74.3,,,,,"('EQIYELF', 27, 33)",1,EQIYELF,27,33,0,...[FWY]..[WFY]
272491,PLRVASSFLIGLGSLLCAFPSINEENKQSKVGIEDICEE,0,-1.946392914,-1.574609944,,,,272728,403,57,39,0,0,0,36,3,499,sp|Q86UG4|SO6A1_HUMAN,100.0,36.0,0.0,0.0,1.0,36.0,175.0,210.0,5.62e-18,73.6,,,,,"('LCAFPSI', 15, 21)",1,LCAFPSI,15,21,0,...[FWY]..[LVI]
273198,PLRKAVPSQTVSRNFTSVDHGISKDKRDYLWTSAKNTLS,0,-4.600380331,-6.681109565,,,,273435,356,8,1,0,0,0,36,3,365,sp|Q15431|SYCP1_HUMAN,100.0,36.0,0.0,0.0,1.0,36.0,813.0,848.0,3.5e-17,71.2,,,,,"('SRNFTSV', 11, 17)",1,SRNFTSV,11,17,0,...[FWY]..[LVI]
273221,PLRQAVRIENLELMSQHGCNAWKVYNENLVHMIEHAQKE,0,-0.945237649,-5.980163193,,,,273458,219,62,1,0,0,0,36,3,282,sp|O75934|SPF27_HUMAN,100.0,36.0,0.0,0.0,1.0,36.0,117.0,152.0,2.51e-20,78.2,,,,,"('CNAWKVY', 18, 24)",1,CNAWKVY,18,24,0,...[FWY]..[WFY]
274135,PLRQCMLHNNNNLEACCRALSQESSKYLYMEYHSPDDNR,0,-0.139494665,-6.400132988,,,,274374,293,145,1,0,0,0,36,3,439,sp|Q8N5C8|TAB3_HUMAN,97.222,36.0,1.0,0.0,1.0,36.0,30.0,65.0,5.55e-20,79.3,,,,,"('KYLYMEY', 25, 31)",1,KYLYMEY,25,31,0,...[FWY]..[WFY]
274238,PLRECNYKVTGLVEGLEYQFRTYALNAAGVSKASEASRP,0,-2.584078519,-3.986735847,,,,274477,55,5,1,0,0,0,36,3,61,sp|Q8WZ42|TITIN_HUMAN,100.0,36.0,0.0,0.0,1.0,36.0,29824.0,29859.0,6.74e-19,76.3,,,,,"('EYQFRTY', 16, 22)",1,EYQFRTY,16,22,0,...[FWY]..[WFY]
274720,PLRQCCLRCYFWCLENAIKFLNRNAYI,0,-5.76850309,-5.849232324,,,,274960,200,2,1,0,0,0,24,3,203,sp|Q8NCS7|CTL5_HUMAN,95.833,24.0,1.0,0.0,1.0,24.0,552.0,575.0,3.9e-10,50.8,,,,,"('RCYFWCL', 7, 13)",1,RCYFWCL,7,13,0,...[FWY]..[LVI]
274800,PLRECGFTSQTARPQAPATVGLAFRADDTFEALCIEPFS,0,-4.321044113,-3.401773347,,,,275040,110,3,3,0,0,0,36,3,116,sp|Q15370|ELOB_HUMAN,100.0,36.0,0.0,0.0,1.0,36.0,59.0,94.0,7.840000000000001e-21,77.0,,,,,"('DDTFEAL', 26, 32)",1,DDTFEAL,26,32,0,...[FWY]..[LVI]
275068,PLRQCFVVDKESGRCKAIIDHFGQRINAKYFIVEDSYLS,0,-0.113973399,-1.030697602,,,,275308,808,407,114,0,0,0,36,3,1329,sp|P26374|RAE2_HUMAN,100.0,36.0,0.0,0.0,1.0,36.0,407.0,442.0,3.19e-20,80.1,,,,,"('NAKYFIV', 26, 32)",1,NAKYFIV,26,32,0,...[FWY]..[LVI]
275371,PLRFLFSFRNHIRIHTGETPYECKECGKAFRYLTALRRH,0,-2.394107575,-3.69722923,,,,275611,135,14,3,0,0,0,36,3,152,sp|Q9ULM2|ZN490_HUMAN,100.0,36.0,0.0,0.0,1.0,36.0,233.0,268.0,1.13e-19,78.6,,,,,"('GKAFRYL', 26, 32)",1,GKAFRYL,26,32,0,...[FWY]..[LVI]
275400,PLREKPYRCNECGKGFTSISRLNRHRIIHTGEKLYNCNE,0,-6.113331587,-5.194060821,,,,275640,254,2,2,0,0,0,36,3,258,sp|Q96LW1|Z354B_HUMAN,100.0,36.0,0.0,0.0,1.0,36.0,407.0,442.0,5.14e-20,79.3,,,,,"('GKGFTSI', 12, 18)",1,GKGFTSI,12,18,0,...[FWY]..[LVI]
275926,PLRYLERKSVPDCVLYYYLTKKNENYKASSVVIMGNAV,0,-2.584078519,-3.986735847,,,,276166,55,5,1,0,0,0,35,3,61,sp|O75376|NCOR1_HUMAN,100.0,25.0,0.0,0.0,1.0,25.0,465.0,489.0,5.17e-13,59.7,,,,,"('CVLYYYL', 12, 18)",1,CVLYYYL,12,18,0,...[FWY]..[LVI]
275937,PLRKGSHHRFITEKRVLRTGHGHSIFTFFNQTGNQNHL,0,-2.825086618,-3.713170774,,,,276177,91,7,2,0,0,0,35,3,100,sp|Q9BVH7|SIA7E_HUMAN,86.667,15.0,2.0,0.0,1.0,15.0,291.0,305.0,0.004,31.6,,,,,"('HSIFTFF', 22, 28)",1,HSIFTFF,22,28,0,...[FWY]..[WFY]
276427,PLRKDCSKLGKKCIYQQLVRGRKIRRSSEEHLRQTRSET,0,-0.02990641,-0.905815852,,,,276667,221,118,34,0,0,0,36,3,373,sp|P05305|EDN1_HUMAN,100.0,36.0,0.0,0.0,1.0,36.0,146.0,181.0,7.8e-19,73.9,,,,,"('KCIYQQL', 11, 17)",1,KCIYQQL,11,17,0,...[FWY]..[LVI]
276503,PLREDDEEEEEEDKTVKYSNLPNYLLGSLSTDFGVDTSL,0,-4.38517445,-5.050866185,,,,276743,115,3,1,0,0,0,36,3,119,sp|Q8NDM7|CFA43_HUMAN,100.0,36.0,0.0,0.0,1.0,36.0,957.0,992.0,5.15e-18,73.9,,,,,"('TVKYSNL', 14, 20)",1,TVKYSNL,14,20,0,...[FWY]..[LVI]
276662,PLRVDDSLRLGQLKGNHFDIVIRNLKKQINDSANLRERI,0,-1.11499673,-1.015153718,,,,276902,596,150,85,0,0,0,36,3,831,sp|Q9H0K6|PUS7L_HUMAN,100.0,36.0,0.0,0.0,1.0,36.0,378.0,413.0,3.59e-18,74.3,,,,,"('GNHFDIV', 14, 20)",1,GNHFDIV,14,20,0,...[FWY]..[LVI]
276967,PLREDEKAEGFISLPEFKIDRASECRKKYAFKACHPKIK,0,-0.154394244,-5.142014073,,,,277208,245,120,2,0,0,0,36,3,367,sp|Q8WXI2|CNKR2_HUMAN,100.0,36.0,0.0,0.0,1.0,36.0,610.0,645.0,6.37e-19,76.3,,,,,"('AEGFISL', 7, 13)",1,AEGFISL,7,13,0,...[FWY]..[LVI]
276991,PLRKQIWLLFEYPESSSPARGIAIVSVLVILISIVIFCW,0,-3.470421737,-4.136113471,,,,277232,61,3,1,0,0,0,36,3,65,sp|P22459|KCNA4_HUMAN,100.0,35.0,0.0,0.0,1.0,35.0,291.0,325.0,1.17e-18,75.5,,,,,"('KQIWLLF', 3, 9)",1,KQIWLLF,3,9,0,...[FWY]..[WFY]
277461,PLRQEGFEPFAINMHAQSPPGSAKACRSLSQCRLHTLT,0,-3.852567355,-3.933296588,,,,277703,53,2,1,0,0,0,35,3,56,sp|P21817|RYR1_HUMAN,91.667,12.0,1.0,0.0,1.0,12.0,1219.0,1230.0,0.048,28.5,,,,,"('QEGFEPF', 3, 9)",1,QEGFEPF,3,9,0,...[FWY]..[WFY]
277504,PLRKDGGVQPQFEIVPEDDPQNAIVSSSADACHAELLRT,0,-0.558543427,-4.887200174,,,,277746,308,114,3,0,0,0,36,3,425,sp|Q3YBR2|TBRG1_HUMAN,100.0,36.0,0.0,0.0,1.0,36.0,239.0,274.0,2.45e-19,77.4,,,,,"('QPQFEIV', 8, 14)",1,QPQFEIV,8,14,0,...[FWY]..[LVI]
278089,PLRTNGCKYEDLYSNCKSLKLTLTCKHQLVVTVARPPA,0,-0.320197709,-1.355123253,,,,278331,71,31,8,0,0,0,35,3,110,sp|P54108|CRIS3_HUMAN,100.0,27.0,0.0,0.0,1.0,27.0,204.0,230.0,7.83e-13,58.5,,,,,"('GCKYEDL', 5, 11)",1,GCKYEDL,5,11,0,...[FWY]..[LVI]
278116,PLRKDKDIKHALAGLFVEILIPVAAAVKNEVNVPCLKNF,0,-1.458631013,-7.699231583,,,,278358,721,143,1,0,0,0,36,3,865,sp|O94915|FRYL_HUMAN,100.0,36.0,0.0,0.0,1.0,36.0,257.0,292.0,1.42e-19,78.2,,,,,"('AGLFVEI', 12, 18)",1,AGLFVEI,12,18,0,...[FWY]..[LVI]
278927,PLREEMIVATSQTSQYGGDLTNTFGAIQYARKYAYSAAS,0,-2.809145074,-4.69722923,,,,279169,90,7,1,0,0,0,36,3,98,sp|P17301|ITA2_HUMAN,100.0,36.0,0.0,0.0,1.0,36.0,233.0,268.0,1.91e-18,75.1,,,,,"('TNTFGAI', 20, 26)",1,TNTFGAI,20,26,0,...[FWY]..[LVI]
279128,PLRKDNVSLKKGDFYQEDETDEYQSWKRSHKKATYVYET,0,-0.104469018,-1.940085754,,,,279370,213,108,16,0,0,0,36,3,337,sp|A6NE01|F186A_HUMAN,100.0,36.0,0.0,0.0,1.0,36.0,436.0,471.0,5.63e-19,76.6,,,,,"('TDEYQSW', 19, 25)",1,TDEYQSW,19,25,0,...[FWY]..[WFY]
280208,PLREDVRVANLKPRISFNFFVTAPKNVSDIIPRTEVEKA,0,-5.161736219,-3.242465453,,,,280454,197,3,6,0,0,0,36,3,206,sp|Q9BYF1|ACE2_HUMAN,100.0,36.0,0.0,0.0,1.0,36.0,668.0,703.0,3.52e-19,77.0,,,,,"('RISFNFF', 13, 19)",1,RISFNFF,13,19,0,...[FWY]..[WFY]
280403,PLRVDYQMYDYSLDMWSLGCMLASMIFRKEPFFHGHDNY,0,-6.419267649,-4.692641961,,,,280649,628,4,7,0,0,0,36,3,639,sp|P68400|CSK21_HUMAN,100.0,36.0,0.0,0.0,1.0,36.0,204.0,239.0,2.83e-21,82.8,,,,,"('RVDYQMY', 2, 8)",1,RVDYQMY,2,8,0,...[FWY]..[WFY]
280506,PLRQEAAVPVTWTEIFSGKSVAHEDIKYEQACILYT,0,-1.682642353,-1.348334088,,,,280753,53,9,6,0,0,0,33,3,68,sp|Q9H3S7|PTN23_HUMAN,100.0,32.0,0.0,0.0,1.0,32.0,88.0,119.0,1.47e-17,72.4,,,,,"('PVTWTEI', 8, 14)",1,PVTWTEI,8,14,0,...[FWY]..[LVI]
280526,PLREEEDPLVHLSEDVIARTYNIFAITFRYAVEILTWEK,0,-0.220862215,-5.159572444,,,,280773,124,58,1,0,0,0,36,3,183,sp|Q8IWV8|UBR2_HUMAN,100.0,36.0,0.0,0.0,1.0,36.0,175.0,210.0,1.14e-19,78.6,,,,,"('ARTYNIF', 17, 23)",1,ARTYNIF,17,23,0,...[FWY]..[WFY]
280561,PLRSEKKAKHSIDGILSERGKRWRLGRRTCWVTWRASAN,0,-2.294571902,-3.375301135,,,,280808,72,8,2,0,0,0,36,3,82,sp|P23760|PAX3_HUMAN,94.118,17.0,1.0,0.0,1.0,17.0,180.0,196.0,0.000189,35.4,,,,,"('RTCWVTW', 27, 33)",1,RTCWVTW,27,33,0,...[FWY]..[WFY]
280892,PLRLLLKEDSTLKAAGIASETEIAFLCEEHYKNYLIR,0,-4.473375054,-5.554104288,,,,281139,163,4,1,0,0,0,34,3,168,sp|Q3KRA6|CB076_HUMAN,93.548,31.0,2.0,0.0,1.0,31.0,88.0,118.0,1.94e-14,60.8,,,,,"('EEHYKNY', 27, 33)",1,EEHYKNY,27,33,0,...[FWY]..[WFY]
281047,PLREEEEDEDDNMSTVMRLRTKMPWKTCWRYLTSGGFFL,0,-1.831599925,-2.677863905,,,,281294,111,17,5,0,0,0,36,3,133,sp|O60706|ABCC9_HUMAN,100.0,36.0,0.0,0.0,1.0,36.0,958.0,993.0,2.47e-22,86.3,,,,,"('KTCWRYL', 25, 31)",1,KTCWRYL,25,31,0,...[FWY]..[LVI]
281683,PLRMGAQSKKVAFCKPGREASPEPNSVSSSIFDFWPPEH,0,-2.372574414,-2.868341147,,,,281930,76,8,3,0,0,0,36,3,87,sp|Q5JSH3|WDR44_HUMAN,44.0,25.0,14.0,0.0,3.0,27.0,204.0,228.0,1.8,24.3,,,,,"('SSIFDFW', 28, 34)",1,SSIFDFW,28,34,0,...[FWY]..[WFY]
282789,PLREEFALVEEKVLCRVHYDCMLDNLKREVENGNGISVE,0,-5.382034743,-5.462763977,,,,283036,153,2,1,0,0,0,36,3,156,sp|Q68G74|LHX8_HUMAN,100.0,36.0,0.0,0.0,1.0,36.0,175.0,210.0,1.55e-20,80.5,,,,,"('REEFALV', 2, 8)",1,REEFALV,2,8,0,...[FWY]..[LVI]
282859,PLRKEFIAWLVKGRGRRDFPEEVAIVEELGRRHADGSFS,0,-0.390237011,-3.218200174,,,,283106,226,94,7,0,0,0,36,3,327,sp|P01275|GLUC_HUMAN,100.0,36.0,0.0,0.0,1.0,36.0,117.0,152.0,2.3e-20,77.4,,,,,"('RKEFIAW', 2, 8)",1,RKEFIAW,2,8,0,...[FWY]..[WFY]
283613,PLRQEHQETQKRLSEVWQKVSQQDDLIQELRNKLACSNA,0,-3.843465148,-5.509156882,,,,283861,158,6,1,0,0,0,36,3,165,sp|Q8TBY8|PMFBP_HUMAN,100.0,36.0,0.0,0.0,1.0,36.0,233.0,268.0,2.59e-18,74.7,,,,,"('SEVWQKV', 13, 19)",1,SEVWQKV,13,19,0,...[FWY]..[LVI]
283747,PLREETEIVMPTPKPELWAETNFPLAPWKNLTLWCRSPS,0,-3.436233051,-2.154392205,,,,283995,139,7,9,0,0,0,36,3,155,sp|Q8N6C5|IGSF1_HUMAN,100.0,36.0,0.0,0.0,1.0,36.0,581.0,616.0,2.05e-19,77.8,,,,,"('LAPWKNL', 24, 30)",1,LAPWKNL,24,30,0,...[FWY]..[LVI]
283788,PLRQKIGDTKRATPIEVLCENFPEMATYLRYVRRLDFFE,0,-7.486590674,-4.982357407,,,,284037,329,1,3,0,0,0,36,3,333,sp|Q9Y6M4|KC1G3_HUMAN,100.0,36.0,0.0,0.0,1.0,36.0,262.0,297.0,3.63e-20,79.7,,,,,"('MATYLRY', 24, 30)",1,MATYLRY,24,30,0,...[FWY]..[WFY]
283851,PLREENIVFEDNLQSRSGIPIIKGGTVVKLIERLTYHMY,0,-3.269969928,-0.874261118,,,,284100,407,23,64,0,0,0,36,3,494,sp|Q07890|SOS2_HUMAN,100.0,36.0,0.0,0.0,1.0,36.0,581.0,616.0,1.2e-19,78.6,,,,,"('RLTYHMY', 32, 38)",1,RLTYHMY,32,38,0,...[FWY]..[WFY]
283883,PLRQEIKNSTIKIQAMWRRYRAKKYLCKVKAACKIQAWY,0,-4.641922593,-5.044579922,,,,284132,458,10,4,0,0,0,36,3,472,sp|Q8IZT6|ASPM_HUMAN,100.0,36.0,0.0,0.0,1.0,36.0,2930.0,2965.0,5.35e-19,76.6,,,,,"('QAMWRRY', 13, 19)",1,QAMWRRY,13,19,0,...[FWY]..[WFY]
284416,PLREEKMVQQLQQDVDMKMLLKHFCNHLFYGHLKMPFGD,0,-0.619006852,-4.960263636,,,,284667,324,115,3,0,0,0,36,3,442,sp|Q9UHA3|RLP24_HUMAN,92.857,14.0,1.0,0.0,1.0,14.0,146.0,159.0,0.034,28.9,,,,,"('HLFYGHL', 26, 32)",1,HLFYGHL,26,32,0,...[FWY]..[LVI]
284917,PLRRMELLQLAQQRIKELEERIEAQKRQIKELEEKFLFL,0,-0.774900861,-1.777627583,,,,285168,452,144,38,0,0,0,36,3,634,sp|Q5VZ66|JKIP3_HUMAN,100.0,36.0,0.0,0.0,1.0,36.0,797.0,832.0,2.4e-15,66.2,,,,,"('EEKFLFL', 32, 38)",1,EEKFLFL,32,38,0,...[FWY]..[LVI]
284972,PLRQELETKFYEGTFNWESVKQHDAASLLKLFIRELPQP,0,-1.03746233,-1.172639347,,,,285223,610,162,78,0,0,0,36,3,850,sp|Q8N392|RHG18_HUMAN,97.222,36.0,1.0,0.0,1.0,36.0,378.0,413.0,2.97e-19,77.4,,,,,"('TFNWESV', 13, 19)",1,TFNWESV,13,19,0,...[FWY]..[LVI]
285018,PLRKELGGYLSNLHKMGAPEAGLAEYLFNKLTLGRSQKH,0,-3.233171357,-2.72893809,,,,285269,138,8,6,0,0,0,36,3,152,sp|P0C7X4|FHL19_HUMAN,100.0,36.0,0.0,0.0,1.0,36.0,110.0,145.0,2.05e-19,75.1,,,,,"('EYLFNKL', 24, 30)",1,EYLFNKL,24,30,0,...[FWY]..[LVI]
285274,PLRQELQRCLKDPDWLAQLFIKHERRLHMYVVYCQNKPK,0,-2.685361855,-1.280664261,,,,285525,59,5,7,0,0,0,36,3,71,sp|Q86VW2|ARHGP_HUMAN,100.0,36.0,0.0,0.0,1.0,36.0,223.0,258.0,4.29e-22,85.5,,,,,"('LHMYVVY', 26, 32)",1,LHMYVVY,26,32,0,...[FWY]..[WFY]
285482,PLRQEMAQNKFIMLNLMPETTDKNLSPDGQYMPRIMFV,0,-4.804127,-5.884856233,,,,285733,205,4,1,0,0,0,35,3,210,sp|Q8TD06|AGR3_HUMAN,94.286,35.0,2.0,0.0,1.0,35.0,88.0,122.0,2.14e-18,72.0,,,,,"('QNKFIML', 7, 13)",1,QNKFIML,7,13,0,...[FWY]..[LVI]
285533,PLRQEMFYCFPDNFSLTNTSESHVQQTTQLSTLNISIFQ,0,-0.411928852,-7.960263636,,,,285784,864,354,1,0,0,0,36,3,1219,sp|Q08AI6|S38AB_HUMAN,100.0,36.0,0.0,0.0,1.0,36.0,371.0,406.0,5.69e-19,76.3,,,,,"('QEMFYCF', 3, 9)",1,QEMFYCF,3,9,0,...[FWY]..[WFY]
285559,PLREEMIFQIPWKHAAKHGWDINKDACLFRSWAIHTGRY,0,-3.183540589,-4.849232324,,,,285810,100,6,1,0,0,0,36,3,107,sp|P10914|IRF1_HUMAN,100.0,36.0,0.0,0.0,1.0,36.0,30.0,65.0,3.3899999999999994e-23,87.4,,,,,"('ACLFRSW', 25, 31)",1,ACLFRSW,25,31,0,...[FWY]..[WFY]
285645,PLREEMRSSYIRELIKAIGLRQKGVVSSSQRFYQLTKLL,0,-6.031537496,-5.112266729,,,,285896,120,1,1,0,0,0,36,3,122,sp|P06401|PRGR_HUMAN,100.0,36.0,0.0,0.0,1.0,36.0,842.0,877.0,1.42e-18,75.5,,,,,"('SQRFYQL', 28, 34)",1,SQRFYQL,28,34,0,...[FWY]..[LVI]
286015,PLRQEPGCTMGICSSCNFAFCTLCRLTTMGSPHVR,0,-6.152552897,-5.818244631,,,,286267,783,6,4,0,0,0,32,3,793,sp|Q9UBS8|RNF14_HUMAN,92.593,27.0,2.0,0.0,1.0,27.0,320.0,346.0,1.59e-11,55.1,,,,,"('NFAFCTL', 16, 22)",1,NFAFCTL,16,22,0,...[FWY]..[LVI]
286461,PLRKEQRYQRGLERNDSWGSFDLRAAIVYHTKEMQSIWN,0,-4.709609401,-5.790338635,,,,286714,192,4,1,0,0,0,36,3,197,sp|Q7Z417|NUFP2_HUMAN,97.222,36.0,1.0,0.0,1.0,36.0,639.0,674.0,8.52e-20,79.0,,,,,"('NDSWGSF', 14, 20)",1,NDSWGSF,14,20,0,...[FWY]..[WFY]
287361,PLRQETLAFPGHVAALRVIWGCLRN,0,-5.829703246,-6.495394981,,,,287616,313,3,1,0,0,0,22,3,317,sp|Q8N9B4|ANR42_HUMAN,66.667,21.0,7.0,0.0,1.0,21.0,233.0,253.0,0.002,32.0,,,,,"('RVIWGCL', 16, 22)",1,RVIWGCL,16,22,0,...[FWY]..[LVI]
287404,PLRKETPSNPVATVKAGERQWCDVGIFKNNTALVSQFYL,0,-0.374843001,-5.881836989,,,,287659,1432,602,7,0,0,0,36,3,2041,sp|Q9Y5Z7|HCFC2_HUMAN,100.0,36.0,0.0,0.0,1.0,36.0,581.0,616.0,7.79e-20,79.0,,,,,"('ERQWCDV', 17, 23)",1,ERQWCDV,17,23,0,...[FWY]..[LVI]
287423,PLRRNKETRLTKVFFKIEEKEIEHALKDKALIGNILATG,0,-0.853575175,-6.689191911,,,,287678,358,108,1,0,0,0,36,3,467,sp|Q99741|CDC6_HUMAN,100.0,36.0,0.0,0.0,1.0,36.0,523.0,558.0,3.05e-17,71.6,,,,,"('TKVFFKI', 10, 16)",1,TKVFFKI,10,16,0,...[FWY]..[LVI]
288277,PLREFEPLSTTALILEDRPSNLPAKSVEEALRHRQEYDE,0,-3.982627895,-3.326391535,,,,288532,174,6,5,0,0,0,36,3,185,sp|O60347|TBC12_HUMAN,100.0,36.0,0.0,0.0,1.0,36.0,388.0,423.0,2.87e-18,74.7,,,,,"('LREFEPL', 1, 7)",1,LREFEPL,1,7,0,...[FWY]..[LVI]
288287,PLREFDRIIENQEKSLEASKSTPDGTIKDRRLFMHHVSL,0,-4.1246469,-3.205376134,,,,288542,64,2,2,0,0,0,36,3,68,sp|P51587|BRCA2_HUMAN,97.222,36.0,1.0,0.0,1.0,36.0,2292.0,2327.0,8.63e-19,75.9,,,,,"('LREFDRI', 1, 7)",1,LREFDRI,1,7,0,...[FWY]..[LVI]
288400,PLREFDDVSLSPLNSKSESLPVSDKTAISETPLVSQFLI,0,-2.248029316,-4.136113471,,,,288655,61,7,1,0,0,0,36,3,69,sp|Q8IYD8|FANCM_HUMAN,100.0,36.0,0.0,0.0,1.0,36.0,1143.0,1178.0,3.32e-17,71.6,,,,,"('LREFDDV', 1, 7)",1,LREFDDV,1,7,0,...[FWY]..[LVI]
288609,PLRKFEKCFGLPEKEKLVTYYSCSYWKGRVPCQGWLYLS,0,-2.174881203,-6.244295123,,,,288865,1052,127,4,0,0,0,36,3,1183,sp|Q0IIM8|TBC8B_HUMAN,100.0,36.0,0.0,0.0,1.0,36.0,146.0,181.0,5.980000000000001e-21,82.0,,,,,"('CQGWLYL', 31, 37)",1,CQGWLYL,31,37,0,...[FWY]..[LVI]
289332,PLRKFKYAQEYDSGTYRCDVQLVKNLRLVKRLYFGLRVL,0,-8.642316288,-6.723045522,,,,289588,733,1,2,0,0,0,36,3,736,sp|Q6P7N7|TMM81_HUMAN,100.0,36.0,0.0,0.0,1.0,36.0,146.0,181.0,2.84e-19,75.9,,,,,"('KRLYFGL', 29, 35)",1,KRLYFGL,29,35,0,...[FWY]..[LVI]
289581,PLRSEFLSEPMSTALFLLSLDMPISLEYPNIHEAVVAYL,0,-0.115186571,-1.595322652,,,,289837,608,306,58,0,0,0,36,3,972,sp|Q86VV8|RTTN_HUMAN,100.0,36.0,0.0,0.0,1.0,36.0,494.0,529.0,4.62e-18,73.9,,,,,"('SLEYPNI', 24, 30)",1,SLEYPNI,24,30,0,...[FWY]..[LVI]
289774,PLRQFNSMANCVITTCLGNRSTKAPDRARVVEHWIEVAP,0,-3.648208856,-5.313900591,,,,290030,138,6,1,0,0,0,36,3,145,sp|Q12967|GNDS_HUMAN,97.143,35.0,1.0,0.0,1.0,35.0,436.0,470.0,1.03e-18,75.9,,,,,"('VEHWIEV', 30, 36)",1,VEHWIEV,30,36,0,...[FWY]..[LVI]
289953,PLRKFQAGNRMNAMLWFKHLSAACQSNKQQVPTNLMTFE,0,-3.879534402,-4.282191731,,,,290209,135,5,2,0,0,0,36,3,142,sp|Q86X27|RGPS2_HUMAN,100.0,36.0,0.0,0.0,1.0,36.0,548.0,583.0,3.59e-20,80.1,,,,,"('MLWFKHL', 13, 19)",1,MLWFKHL,13,19,0,...[FWY]..[LVI]
290168,PLREFTFGRIVLYTREGCGNSPETFPWSLSSSSSPPPFS,0,-3.791403492,-3.194060821,,,,290424,127,5,4,0,0,0,36,3,136,sp|Q7L4I2|RSRC2_HUMAN,58.824,17.0,7.0,0.0,19.0,35.0,210.0,226.0,0.57,25.8,,,,,"('EFTFGRI', 3, 9)",1,EFTFGRI,3,9,0,...[FWY]..[LVI]
290440,PLRQFTSWVFNGRPHCFWMTGFFNPQGFLTAMRQEITRA,0,-3.169041019,-3.927842158,,,,290697,264,16,5,0,0,0,36,3,285,sp|Q8TE73|DYH5_HUMAN,100.0,36.0,0.0,0.0,1.0,36.0,4467.0,4502.0,4.48e-24,90.9,,,,,"('LRQFTSW', 1, 7)",1,LRQFTSW,1,7,0,...[FWY]..[WFY]
290541,PLREIVQDYDSDKMFPALGFGAKLPPDGRISHEFALNGN,0,-1.482198905,-2.241000044,,,,290798,82,16,5,0,0,0,36,3,103,sp|Q86YQ8|CPNE8_HUMAN,100.0,36.0,0.0,0.0,1.0,36.0,349.0,384.0,7.44e-20,79.0,,,,,"('DKMFPAL', 11, 17)",1,DKMFPAL,11,17,0,...[FWY]..[LVI]
291042,PLRQGAVHIFAFNDFLKGHVEVIASGAVTQAEDARERV,0,-3.289218667,-2.954910402,,,,291300,269,15,10,0,0,0,35,3,294,sp|O60268|K0513_HUMAN,42.857,28.0,14.0,1.0,7.0,32.0,93.0,120.0,1.3,24.6,,,,,"('IFAFNDF', 8, 14)",1,IFAFNDF,8,14,0,...[FWY]..[WFY]
291208,PLRFVAFQAAINAAIIEVTTNHSVMEELTSVIGINMKIP,0,-6.622498737,-6.11826547,,,,291466,723,4,3,0,0,0,36,3,730,sp|Q8WWZ4|ABCAA_HUMAN,100.0,36.0,0.0,0.0,1.0,36.0,88.0,123.0,6.33e-18,73.6,,,,,"('PLRFVAF', 0, 6)",1,PLRFVAF,0,6,0,...[FWY]..[WFY]
291469,PLRMNEEQTALFCSACREYPSIRDKRSRLIEGYTGPFKV,0,-4.233171357,-2.72893809,,,,291727,69,2,3,0,0,0,36,3,74,sp|O60290|ZN862_HUMAN,100.0,36.0,0.0,0.0,1.0,36.0,152.0,187.0,4.71e-20,79.7,,,,,"('CREYPSI', 15, 21)",1,CREYPSI,15,21,0,...[FWY]..[LVI]
291502,PLREGEEADAPGVIPGIVGAVVVAVAGAISSFIAYQKKK,0,-0.034521354,-0.759666939,,,,291760,605,322,103,0,0,0,36,3,1030,sp|P14209|CD99_HUMAN,100.0,36.0,0.0,0.0,1.0,36.0,117.0,152.0,2.62e-17,69.3,,,,,"('ISSFIAY', 28, 34)",1,ISSFIAY,28,34,0,...[FWY]..[WFY]
291554,PLRQGEVEQIAMMKPKGQTEHDEGMLEYLKILLVVVG,0,-1.607729787,-1.562928138,,,,291812,123,22,12,0,0,0,34,3,157,sp|Q9NTJ3|SMC4_HUMAN,96.296,27.0,1.0,0.0,1.0,27.0,229.0,255.0,1.86e-11,55.1,,,,,"('MLEYLKI', 24, 30)",1,MLEYLKI,24,30,0,...[FWY]..[LVI]
291934,PLREGFIKAGQRPSLSGTPLVSANQGVTGMPVSAFTVIL,0,-4.863414737,-4.681109565,,,,292192,267,5,3,0,0,0,36,3,275,sp|Q03692|COAA1_HUMAN,100.0,36.0,0.0,0.0,1.0,36.0,523.0,558.0,5.16e-18,73.9,,,,,"('VSAFTVI', 31, 37)",1,VSAFTVI,31,37,0,...[FWY]..[LVI]
292024,PLRKGFRFNQPQKNIYNYGGDISKMQMGIPDDTYYENVY,0,-2.372574414,-3.453303647,,,,292282,76,8,2,0,0,0,36,3,86,sp|Q8NCR3|MFI_HUMAN,97.222,36.0,1.0,0.0,1.0,36.0,262.0,297.0,1.61e-19,77.4,,,,,"('DTYYENV', 31, 37)",1,DTYYENV,31,37,0,...[FWY]..[LVI]
292356,PLRQGGQGQVHLRLEWLSLLSDAEKLEQVLQWNWGVSSR,0,-4.516964323,-5.182656057,,,,292614,126,3,1,0,0,0,36,3,130,sp|Q9BSJ8|ESYT1_HUMAN,100.0,36.0,0.0,0.0,1.0,36.0,436.0,471.0,1.16e-18,75.5,,,,,"('RLEWLSL', 12, 18)",1,RLEWLSL,12,18,0,...[FWY]..[LVI]
292885,PLREGKASPPTELVKATQRCASYFSSHFSNVVLWDLPH,0,-2.6606998,-3.063357129,,,,293143,58,5,2,0,0,0,35,3,65,sp|A1A4Y4|IRGM_HUMAN,100.0,34.0,0.0,0.0,1.0,34.0,59.0,92.0,1.5e-20,77.8,,,,,"('SSHFSNV', 24, 30)",1,SSHFSNV,24,30,0,...[FWY]..[LVI]
292905,PLRKGKDGRFVNPWPTWKNPSIPNVLRWLIMEKDHSSVP,0,-0.291005287,-1.404155998,,,,293163,202,90,22,0,0,0,36,3,314,sp|Q6IQ20|NAPEP_HUMAN,100.0,36.0,0.0,0.0,1.0,36.0,59.0,94.0,5.34e-20,79.3,,,,,"('VNPWPTW', 10, 16)",1,VNPWPTW,10,16,0,...[FWY]..[WFY]
293357,PLRGPIGYPGPRGVKGADGIRGLKGTKGEKGEDGFPGFK,0,-0.002162894,-2.187228787,,,,293615,79,43,5,0,0,0,36,3,127,sp|P20908|CO5A1_HUMAN,100.0,36.0,0.0,0.0,1.0,36.0,784.0,819.0,2.36e-16,68.9,,,,,"('EDGFPGF', 31, 37)",1,EDGFPGF,31,37,0,...[FWY]..[WFY]
293475,PLREGQDISKRAMIATSETHTELVIKEADRGDSGTYDLV,0,-2.557606307,-3.960263636,,,,293733,54,5,1,0,0,0,36,3,60,sp|Q8WZ42|TITIN_HUMAN,100.0,36.0,0.0,0.0,1.0,36.0,31100.0,31135.0,1.56e-17,72.4,,,,,"('SGTYDLV', 32, 38)",1,SGTYDLV,32,38,0,...[FWY]..[LVI]
294103,PLREGLVKSCSETLLRVMTLSHVLVTACAMQAFHSLFHA,0,-1.976124375,-5.580415565,,,,294363,166,23,1,0,0,0,36,3,190,sp|Q5JTH9|RRP12_HUMAN,100.0,36.0,0.0,0.0,1.0,36.0,320.0,355.0,1.12e-18,75.9,,,,,"('MQAFHSL', 29, 35)",1,MQAFHSL,29,35,0,...[FWY]..[LVI]
294237,PLRQKEYTFIIQAYDCGAGPHETAWKKSHKAVVHIQVKI,0,-3.739356744,-3.820085978,,,,294498,98,4,2,0,0,0,36,3,104,sp|Q9H4D0|CSTN2_HUMAN,100.0,35.0,0.0,0.0,1.0,35.0,117.0,151.0,4.07e-19,77.0,,,,,"('QKEYTFI', 3, 9)",1,QKEYTFI,3,9,0,...[FWY]..[LVI]
294401,PLRKGLRGAKTTFDVYTESWAQDPSQENKKKTVVDFETD,0,-3.797072242,-1.292838975,,,,294662,51,2,6,0,0,0,36,3,59,sp|P19835|CEL_HUMAN,100.0,36.0,0.0,0.0,1.0,36.0,375.0,410.0,2.56e-19,77.4,,,,,"('KTTFDVY', 9, 15)",1,KTTFDVY,9,15,0,...[FWY]..[WFY]
294437,PLREGLSFNKLVLSLPVNVRCSKTDNAEWSIQDMTHYL,0,-2.906006614,-1.664807752,,,,294698,55,4,5,0,0,0,35,3,64,sp|Q6UVY6|MOXD1_HUMAN,96.875,32.0,1.0,0.0,1.0,32.0,533.0,564.0,4.51e-16,68.2,,,,,"('GLSFNKL', 4, 10)",1,GLSFNKL,4,10,0,...[FWY]..[LVI]
294689,PLRQGNGDYGSYAPAAPTTSSMGSSIRHSPLSSGISTPV,0,-6.096190454,-6.176919688,,,,294950,251,2,1,0,0,0,36,3,254,sp|Q14678|KANK1_HUMAN,100.0,36.0,0.0,0.0,1.0,36.0,217.0,252.0,1.48e-18,75.5,,,,,"('NGDYGSY', 5, 11)",1,NGDYGSY,5,11,0,...[FWY]..[WFY]
294774,PLREGNSHKYDILKRTYQKSQLLKMRKSMVVETS,0,-4.932001822,-0.842806054,,,,295035,56,1,9,0,0,0,31,3,66,sp|Q2M3W8|ZN181_HUMAN,58.333,24.0,10.0,0.0,1.0,24.0,179.0,202.0,0.003,32.0,,,,,"('SHKYDIL', 6, 12)",1,SHKYDIL,6,12,0,...[FWY]..[LVI]
294882,PLRHENLQLRISCKSVDESKVFKEGYNELNQCLRTTQSK,0,-0.015833413,-2.159572444,,,,295143,217,117,14,0,0,0,36,3,348,sp|Q8NEM1|ZN680_HUMAN,100.0,36.0,0.0,0.0,1.0,36.0,117.0,152.0,1.77e-18,75.1,,,,,"('KEGYNEL', 22, 28)",1,KEGYNEL,22,28,0,...[FWY]..[LVI]
295152,PLRVGSSNYRVSLMGLEILSAFVDRLSTRFKSYVAMVIV,0,-4.953312328,-4.619004063,,,,295415,341,6,4,0,0,0,36,3,351,sp|Q7Z460|CLAP1_HUMAN,54.286,35.0,16.0,0.0,1.0,35.0,59.0,93.0,3.44e-07,43.1,,,,,"('STRFKSY', 26, 32)",1,STRFKSY,26,32,0,...[FWY]..[WFY]
295727,PLRLKTWLLSEKKGVWGVFYKAAVIGTRLHAAVAIACVV,0,-4.334100266,-4.414829499,,,,295990,74,2,1,0,0,0,36,3,77,sp|Q9NRX6|KISHB_HUMAN,100.0,36.0,0.0,0.0,1.0,36.0,30.0,65.0,1.17e-19,72.8,,,,,"('KGVWGVF', 12, 18)",1,KGVWGVF,12,18,0,...[FWY]..[WFY]
295744,PLRKGWFPASHVKLLGPSSERATPAFHPVCQVIAMYD,0,-0.311849893,-4.182656057,,,,296007,189,83,3,0,0,0,34,3,275,sp|Q9NZM3|ITSN2_HUMAN,100.0,34.0,0.0,0.0,1.0,34.0,1104.0,1137.0,1.36e-20,80.9,,,,,"('TPAFHPV', 22, 28)",1,TPAFHPV,22,28,0,...[FWY]..[LVI]
296493,PLRKHHLRHRFYRITTPGSERVLLESRRKSKKITARGIF,0,-1.719430372,-1.664807752,,,,296756,737,122,67,0,0,0,36,3,926,sp|Q86YT6|MIB1_HUMAN,100.0,36.0,0.0,0.0,1.0,36.0,117.0,152.0,1.24e-20,81.3,,,,,"('RHRFYRI', 7, 13)",1,RHRFYRI,7,13,0,...[FWY]..[LVI]
296572,PLRKHIIDENQLTLTEKVEKKRCEILSKWDEIQALEKEI,0,-5.99501162,-5.075740853,,,,296835,117,1,1,0,0,0,36,3,119,sp|Q5T5N4|CF118_HUMAN,97.222,36.0,1.0,0.0,1.0,36.0,378.0,413.0,3.18e-17,71.6,,,,,"('LSKWDEI', 25, 31)",1,LSKWDEI,25,31,0,...[FWY]..[LVI]
297162,PLRKHPDSSVNFAEFSKKCSERWKTMSAKEKSKFEDMAI,0,-3.353465591,-4.434194824,,,,297425,75,4,1,0,0,0,36,3,80,sp|P26583|HMGB2_HUMAN,100.0,35.0,0.0,0.0,1.0,35.0,30.0,64.0,1.21e-18,73.6,,,,,"('SVNFAEF', 8, 14)",1,SVNFAEF,8,14,0,...[FWY]..[WFY]
297376,PLRRHRAFQTCASHCIVVLCFFGPGLFIYLRPGSRDALH,0,-4.031537496,-3.597693557,,,,297640,210,7,5,0,0,0,36,3,222,sp|Q8NGN6|O10G7_HUMAN,100.0,36.0,0.0,0.0,1.0,36.0,233.0,268.0,1.38e-20,80.1,,,,,"('PGLFIYL', 23, 29)",1,PGLFIYL,23,29,0,...[FWY]..[LVI]
298036,PLREIAKYCSLTKWRSSPACCSAPCP,0,-0.198303942,-0.993278693,,,,298300,221,105,32,0,0,0,23,3,358,sp|P85299|PRR5_HUMAN,69.231,13.0,4.0,0.0,11.0,23.0,307.0,319.0,1.3,23.9,,,,,"('IAKYCSL', 4, 10)",1,IAKYCSL,4,10,0,...[FWY]..[LVI]
298130,PLRKIARKQGLVNVALDILSRIHTIPTVPIVDCFQKIRQ,0,-4.668967416,-6.334659151,,,,298394,280,6,1,0,0,0,36,3,287,sp|Q9Y4A5|TRRAP_HUMAN,100.0,36.0,0.0,0.0,1.0,36.0,3046.0,3081.0,6.13e-19,76.3,,,,,"('VDCFQKI', 30, 36)",1,VDCFQKI,30,36,0,...[FWY]..[LVI]
298322,PLREIEDYRLLTDILGIEDYNGDMDFKIAGTNKGITALQ,0,-0.227740393,-2.400392116,,,,298586,348,162,19,0,0,0,36,3,529,sp|Q8TCS8|PNPT1_HUMAN,100.0,36.0,0.0,0.0,1.0,36.0,523.0,558.0,8.34e-20,79.0,,,,,"('IEDYRLL', 4, 10)",1,IEDYRLL,4,10,0,...[FWY]..[LVI]
298959,PLREIGGLEDVELKLKQSIEWPLKFPWEFVRMGLTQPKG,0,-0.778651045,-3.94684312,,,,299223,107,34,2,0,0,0,36,3,143,sp|Q9BVQ7|SPA5L_HUMAN,97.222,36.0,1.0,0.0,1.0,36.0,465.0,500.0,8.51e-20,79.0,,,,,"('KFPWEFV', 23, 29)",1,KFPWEFV,23,29,0,...[FWY]..[LVI]
299085,PLRQIGNLFGQHRSTIITLYNGAFDSSSAVFLIIKLLYE,0,-6.255401304,-5.821557365,,,,299349,981,7,5,0,0,0,36,3,993,sp|Q8NBI5|S43A3_HUMAN,100.0,36.0,0.0,0.0,1.0,36.0,146.0,181.0,1.88e-18,75.1,,,,,"('SAVFLII', 27, 33)",1,SAVFLII,27,33,0,...[FWY]..[LVI]
299238,PLRKIHQTYRVQYIQDIILPTPSVFEENFLSTLTSFIFF,0,-1.046967536,-4.08189308,,,,299502,235,62,4,0,0,0,36,3,301,sp|Q5MIZ7|P4R3B_HUMAN,100.0,36.0,0.0,0.0,1.0,36.0,262.0,297.0,6.97e-19,76.3,,,,,"('LTSFIFF', 32, 38)",1,LTSFIFF,32,38,0,...[FWY]..[WFY]
299854,PLRKILAFQKVFLMKVYLIRLPVHLSLLK,0,-0.380986653,-6.953568983,,,,300118,430,180,1,0,0,0,26,3,611,sp|Q7Z407|CSMD3_HUMAN,38.889,18.0,11.0,0.0,9.0,26.0,3552.0,3569.0,1.2,24.3,,,,,"('ILAFQKV', 4, 10)",1,ILAFQKV,4,10,0,...[FWY]..[LVI]
299971,PLRQILGGFLVSKFRMTCKNTMKFALFTSGVALTLSFVF,0,-4.224182574,-6.112266729,,,,300235,480,14,2,0,0,0,36,3,496,sp|Q6ZQN7|SO4C1_HUMAN,100.0,36.0,0.0,0.0,1.0,36.0,436.0,471.0,9.07e-18,73.2,,,,,"('TMKFALF', 20, 26)",1,TMKFALF,20,26,0,...[FWY]..[WFY]
300013,PLRQILKCMECGSSHDTLQQLTTHMMVTGHFLKVASSAS,0,-5.066379245,-7.053999074,,,,300277,922,15,2,0,0,0,36,3,939,sp|Q9NRE2|TSH2_HUMAN,97.222,36.0,1.0,0.0,1.0,36.0,378.0,413.0,7.16e-19,76.3,,,,,"('TGHFLKV', 27, 33)",1,TGHFLKV,27,33,0,...[FWY]..[LVI]
300078,PLRQILLLKSGCLEVVLVRMCRAFNPLNNTVLFEGKYGG,0,-4.712945113,-6.963599349,,,,300342,433,9,1,0,0,0,36,3,443,sp|Q92753|RORB_HUMAN,100.0,36.0,0.0,0.0,1.0,36.0,302.0,337.0,2.46e-20,80.5,,,,,"('CRAFNPL', 20, 26)",1,CRAFNPL,20,26,0,...[FWY]..[LVI]
300163,PLRVILRNLSFEEGNVKLLAANRTCLRFLLLSAHSHFIS,0,-6.428427648,-7.094119383,,,,300427,474,3,1,0,0,0,36,3,478,sp|Q68CP9|ARID2_HUMAN,100.0,36.0,0.0,0.0,1.0,36.0,291.0,326.0,2.85e-19,77.4,,,,,"('CLRFLLL', 24, 30)",1,CLRFLLL,24,30,0,...[FWY]..[LVI]
300179,PLREILSDENRNLRQELEGCYEKVARLQKVETEIQRVR,0,-3.663805711,-3.744534945,,,,300443,93,4,2,0,0,0,35,3,99,sp|Q4VCS5|AMOT_HUMAN,100.0,34.0,0.0,0.0,1.0,34.0,439.0,472.0,3.09e-15,65.9,,,,,"('EGCYEKV', 17, 23)",1,EGCYEKV,17,23,0,...[FWY]..[LVI]
300405,PLREINEKNRPKDWSEVTIWPNAPAVTPAVLGFRSQAPS,0,-3.101926824,-2.182656057,,,,300670,63,4,4,0,0,0,36,3,71,sp|Q6PI77|BHLH9_HUMAN,100.0,36.0,0.0,0.0,1.0,36.0,204.0,239.0,1.47e-19,78.2,,,,,"('PKDWSEV', 10, 16)",1,PKDWSEV,10,16,0,...[FWY]..[LVI]
300522,PLRKINVAAKRGMKFVGFISQHYSPSKFCNGTNHDGDIE,0,-0.538497484,-4.867154232,,,,300787,810,304,8,0,0,0,36,3,1122,sp|Q52LD8|RFTN2_HUMAN,100.0,36.0,0.0,0.0,1.0,36.0,146.0,181.0,3.14e-21,82.8,,,,,"('GMKFVGF', 11, 17)",1,GMKFVGF,11,17,0,...[FWY]..[WFY]
301778,PLRNKELIIFGNMQEIYEFHNNIFLKELEKYEQLPEDVD,0,-0.209535798,-1.012731056,,,,302043,70,33,10,0,0,0,36,3,113,sp|O75962|TRIO_HUMAN,100.0,35.0,0.0,0.0,1.0,35.0,1335.0,1369.0,4.76e-19,76.6,,,,,"('LEKYEQL', 27, 33)",1,LEKYEQL,27,33,0,...[FWY]..[LVI]
301811,PLRMDKIYEGQVEATSDEYNVESIDGQPGAFTCYLGAGL,0,-3.109540008,-4.775231742,,,,302076,95,6,1,0,0,0,36,3,102,sp|P46777|RL5_HUMAN,91.667,36.0,3.0,0.0,1.0,36.0,115.0,150.0,1.13e-17,72.0,,,,,"('PGAFTCY', 27, 33)",1,PGAFTCY,27,33,0,...[FWY]..[WFY]
302726,PLREKEIDIYANLSDEKAFVFSVALAEINRKIINQRLIL,0,-5.819875192,-5.093249503,,,,302991,829,8,7,0,0,0,36,3,844,sp|Q6PH81|CP087_HUMAN,100.0,36.0,0.0,0.0,1.0,36.0,119.0,154.0,2.64e-19,73.9,,,,,"('IDIYANL', 6, 12)",1,IDIYANL,6,12,0,...[FWY]..[LVI]
303002,PLRENEERLFGSQEIMTEKDMELFRDIQEQALQKVGVTG,0,-4.251179306,-4.653836635,,,,303267,524,15,6,0,0,0,36,3,545,sp|Q92794|KAT6A_HUMAN,100.0,36.0,0.0,0.0,1.0,36.0,465.0,500.0,2.65e-16,68.9,,,,,"('MELFRDI', 20, 26)",1,MELFRDI,20,26,0,...[FWY]..[LVI]
303394,PLRRDWYQQQLQQVQERQCRLGQSRASADFGAVGSPRPL,0,-2.142568808,-2.960263636,,,,303660,81,10,3,0,0,0,36,3,94,sp|Q86UD0|SAPC2_HUMAN,91.667,36.0,3.0,0.0,1.0,36.0,253.0,288.0,4.87e-16,68.2,,,,,"('SADFGAV', 26, 32)",1,SADFGAV,26,32,0,...[FWY]..[LVI]
303571,PLRENFMSLVYFGRGLLRCAQKRYNGGLLEFHKSLQEIG,0,-4.000286562,-4.303408217,,,,303837,411,14,6,0,0,0,36,3,431,sp|Q86Y13|DZIP3_HUMAN,100.0,36.0,0.0,0.0,1.0,36.0,175.0,210.0,4.870000000000001e-21,82.4,,,,,"('RENFMSL', 2, 8)",1,RENFMSL,2,8,0,...[FWY]..[LVI]
303607,PLREKFRKEQIGAAKEAKKKYDKETEKYCGILEKHLNLS,0,-0.792665141,-3.365247471,,,,303873,286,90,8,0,0,0,36,3,384,sp|Q9UNA1|RHG26_HUMAN,100.0,36.0,0.0,0.0,1.0,36.0,117.0,152.0,1.84e-17,72.4,,,,,"('TEKYCGI', 24, 30)",1,TEKYCGI,24,30,0,...[FWY]..[LVI]
303821,PLREKKIGVWKPVESKWISSSCKIIAFRKALLNPVTSRQ,0,-1.709609401,-3.999792,,,,304087,222,37,4,0,0,0,36,3,263,sp|Q8NE09|RGS22_HUMAN,100.0,36.0,0.0,0.0,1.0,36.0,999.0,1034.0,1.06e-18,75.9,,,,,"('IGVWKPV', 6, 12)",1,IGVWKPV,6,12,0,...[FWY]..[LVI]
303825,PLREKKIIKGILKVNTAFEDFPRH,0,-3.663805711,-4.744534945,,,,304091,93,4,1,0,0,0,21,3,98,sp|Q6NWY9|PR40B_HUMAN,68.0,25.0,1.0,1.0,1.0,18.0,558.0,582.0,0.019,28.9,,,,,"('NTAFEDF', 14, 20)",1,NTAFEDF,14,20,0,...[FWY]..[WFY]
304074,PLREKKSGRIPGIYGRLGDLGAIDEKYDVAISSCCHALD,0,-0.725039441,-1.952610063,,,,304340,94,31,7,0,0,0,36,3,132,sp|Q9NTJ3|SMC4_HUMAN,100.0,36.0,0.0,0.0,1.0,36.0,606.0,641.0,4.72e-21,82.4,,,,,"('PGIYGRL', 10, 16)",1,PGIYGRL,10,16,0,...[FWY]..[LVI]
304814,PLREKVSVTTRLLISHLSGIRHYEKDIKKVKEEKAYKAL,0,-3.879534402,-4.767618558,,,,305081,189,7,2,0,0,0,36,3,198,sp|P83111|LACTB_HUMAN,100.0,36.0,0.0,0.0,1.0,36.0,204.0,239.0,1.13e-17,72.8,,,,,"('EKAYKAL', 32, 38)",1,EKAYKAL,32,38,0,...[FWY]..[LVI]
304983,PLREKHLNLSSKKKESQLQEADSQVDLVRQHFYEVSLEY,0,-0.320197709,-2.770160753,,,,305250,71,31,3,0,0,0,36,3,105,sp|Q9UNA1|RHG26_HUMAN,100.0,36.0,0.0,0.0,1.0,36.0,146.0,181.0,4.66e-18,73.9,,,,,"('RQHFYEV', 28, 34)",1,RQHFYEV,28,34,0,...[FWY]..[LVI]
305183,PLRQRQLEEEIARLPKEIDQWEKIQNNLKLLRNKAVQLE,0,-0.222560657,-1.971668399,,,,305450,381,178,28,0,0,0,36,3,587,sp|Q8IWA4|MFN1_HUMAN,91.667,36.0,3.0,0.0,1.0,36.0,688.0,723.0,1.27e-14,64.3,,,,,"('IDQWEKI', 17, 23)",1,IDQWEKI,17,23,0,...[FWY]..[LVI]
305394,PLRKKIVSTLSVAVVFGITWILAYLMLVNDDSIRIVFSY,0,-0.235410404,-2.437933881,,,,305662,2801,1297,149,0,0,0,36,3,4247,sp|Q96K78|AGRG7_HUMAN,100.0,36.0,0.0,0.0,1.0,36.0,668.0,703.0,1.58e-17,72.4,,,,,"('ILAYLML', 20, 26)",1,ILAYLML,20,26,0,...[FWY]..[LVI]
305625,PLREKTVGIYQPHCFCLWPCPGDISDSSRQCRSDTKCH,0,-1.957536914,-1.578834529,,,,305893,114,16,11,0,0,0,35,3,141,sp|Q5VTT2|CI135_HUMAN,50.0,24.0,9.0,1.0,7.0,30.0,166.0,186.0,1.8,24.3,,,,,"('PHCFCLW', 11, 17)",1,PHCFCLW,11,17,0,...[FWY]..[WFY]
305778,PLREKLSSHDFSGWGKGYEREREAVERLQKAGPKPSSLS,0,-4.01541783,-2.096147064,,,,306046,89,3,6,0,0,0,36,3,98,sp|Q9UPA5|BSN_HUMAN,100.0,36.0,0.0,0.0,1.0,36.0,3452.0,3487.0,4.76e-19,76.6,,,,,"('SHDFSGW', 7, 13)",1,SHDFSGW,7,13,0,...[FWY]..[WFY]
305968,PLREKMKYLNLSSTRIHSVTGCIPKTLEILDVSNNNLNL,0,-6.85935652,-4.940085754,,,,306236,213,1,2,0,0,0,36,3,216,sp|O60603|TLR2_HUMAN,100.0,36.0,0.0,0.0,1.0,36.0,436.0,471.0,2.87e-18,74.7,,,,,"('KMKYLNL', 4, 10)",1,KMKYLNL,4,10,0,...[FWY]..[LVI]
305994,PLRETMNKSPHISNCSVASDYLDLDKITVEDDVGGVQGK,0,-5.944825863,-5.025555096,,,,306262,226,2,2,0,0,0,36,3,230,sp|Q96B01|R51A1_HUMAN,100.0,36.0,0.0,0.0,1.0,36.0,134.0,169.0,4.84e-20,79.0,,,,,"('ASDYLDL', 17, 23)",1,ASDYLDL,17,23,0,...[FWY]..[LVI]
306201,PLRKKNNLYPHRTAFPSVALKGHSLASVFKNSVLRSLGA,0,-4.436233051,-4.324317207,,,,306469,278,7,4,0,0,0,36,3,289,sp|Q9C0D4|Z518B_HUMAN,100.0,36.0,0.0,0.0,1.0,36.0,465.0,500.0,1.42e-18,75.5,,,,,"('RTAFPSV', 11, 17)",1,RTAFPSV,11,17,0,...[FWY]..[LVI]
307154,PLRELVRSQADKVIEPRAPSLTNDEVEEFRAYFNEKMSI,0,-4.01541783,-1.511184563,,,,307424,89,3,9,0,0,0,36,3,101,sp|Q13206|DDX10_HUMAN,100.0,36.0,0.0,0.0,1.0,36.0,523.0,558.0,8.89e-19,75.9,,,,,"('VEEFRAY', 25, 31)",1,VEEFRAY,25,31,0,...[FWY]..[WFY]
307393,PLREKPRMNNILTSATEPYDLSFSRSFQNLAHLPPSYES,0,-5.294571902,-4.375301135,,,,307663,72,1,1,0,0,0,36,3,74,sp|Q6ZSJ9|SHSA6_HUMAN,100.0,36.0,0.0,0.0,1.0,36.0,267.0,302.0,3.54e-19,77.0,,,,,"('SRSFQNL', 23, 29)",1,SRSFQNL,23,29,0,...[FWY]..[LVI]
308294,PLREKSDVGSSDESAVSIFHELRVDSLPASDDKDLNVAT,0,-1.982627895,-2.478394628,,,,308564,58,8,3,0,0,0,36,3,69,sp|Q4UJ75|A20A4_HUMAN,100.0,36.0,0.0,0.0,1.0,36.0,262.0,297.0,1.7e-15,66.6,,,,,"('VSIFHEL', 15, 21)",1,VSIFHEL,15,21,0,...[FWY]..[LVI]
308375,PLRQKSGWNWIGSLPQMMTMVVWPLTLLLFRLKQITCA,0,-1.471917843,-6.856427825,,,,308645,402,79,1,0,0,0,35,3,482,sp|Q5T6X5|GPC6A_HUMAN,100.0,9.0,0.0,0.0,1.0,9.0,204.0,212.0,0.2,26.9,,,,,"('KSGWNWI', 4, 10)",1,KSGWNWI,4,10,0,...[FWY]..[LVI]
308390,PLREKSIRITAMDTEDQGVKVFLISASSKDTGQLYAALH,0,-2.797072242,-0.877801476,,,,308660,51,4,8,0,0,0,36,3,63,sp|Q9H6Z4|RANB3_HUMAN,100.0,36.0,0.0,0.0,1.0,36.0,470.0,505.0,1.19e-16,70.1,,,,,"('GQLYAAL', 31, 37)",1,GQLYAAL,31,37,0,...[FWY]..[LVI]
309256,PLRQKWPGSQDLVSKIMSKPDQLLLLLDGFEELTSTLVA,0,-1.999813478,-6.898165969,,,,309527,2069,282,5,0,0,0,36,3,2356,sp|Q86W28|NALP8_HUMAN,97.143,35.0,1.0,0.0,1.0,35.0,262.0,296.0,2.35e-17,72.0,,,,,"('LDGFEEL', 26, 32)",1,LDGFEEL,26,32,0,...[FWY]..[LVI]
309843,PLRVLAYFSGSTTSLVHVCLTFRLSFCGSNIVNHFFCDI,0,-5.205020317,-4.870712051,,,,310114,203,3,2,0,0,0,36,3,208,sp|Q8N127|O5AS1_HUMAN,100.0,36.0,0.0,0.0,1.0,36.0,146.0,181.0,4.97e-19,76.3,,,,,"('NHFFCDI', 32, 38)",1,NHFFCDI,32,38,0,...[FWY]..[LVI]
310190,PLRELEKVDAVRLINIVFDETGHFVLYGTMLGIKVINVE,0,-6.842323323,-5.923052557,,,,310461,421,2,2,0,0,0,36,3,425,sp|Q96BP3|PPWD1_HUMAN,100.0,36.0,0.0,0.0,1.0,36.0,349.0,384.0,5.38e-19,76.6,,,,,"('TGHFVLY', 20, 26)",1,TGHFVLY,20,26,0,...[FWY]..[WFY]
310316,PLRQLDVATVSRAVKFVKIIVLVKKLGSWCSSDLYAESV,0,-0.187709168,-5.559992847,,,,310587,491,235,3,0,0,0,36,3,729,sp|Q14191|WRN_HUMAN,55.0,20.0,9.0,0.0,7.0,26.0,1031.0,1050.0,4.5,23.1,,,,,"('AVKFVKI', 12, 18)",1,AVKFVKI,12,18,0,...[FWY]..[LVI]
310359,PLRKTSEDICLQLSRLLESNRKLEDQVQRCIWFQQLLLS,0,-1.177758237,-2.843449971,,,,310630,249,60,10,0,0,0,36,3,319,sp|Q8NHP6|MSPD2_HUMAN,100.0,36.0,0.0,0.0,1.0,36.0,465.0,500.0,1.98e-18,75.1,,,,,"('CIWFQQL', 29, 35)",1,CIWFQQL,29,35,0,...[FWY]..[LVI]
310366,PLRELESTRNMVKLAEATRTNIGIQEFMPLQSLFTNALL,0,-2.467039098,-1.547768331,,,,310637,142,14,14,0,0,0,36,3,170,sp|Q52LW3|RHG29_HUMAN,100.0,36.0,0.0,0.0,1.0,36.0,233.0,268.0,2.91e-18,74.3,,,,,"('IQEFMPL', 23, 29)",1,IQEFMPL,23,29,0,...[FWY]..[LVI]
310373,PLRELECNDVVLFWRIQRMLAITANTLRQQLTNTEVR,0,-1.077481792,-3.254135446,,,,310644,662,171,20,0,0,0,34,3,853,sp|O60313|OPA1_HUMAN,100.0,34.0,0.0,0.0,1.0,34.0,871.0,904.0,1.11e-16,69.7,,,,,"('VVLFWRI', 9, 15)",1,VVLFWRI,9,15,0,...[FWY]..[LVI]
310516,PLRQLEIKQIPSDGHCMYKAIEDQLKEKDCALTVVALRS,0,-5.782858383,-4.278625116,,,,310787,202,2,3,0,0,0,36,3,207,sp|Q8N6M0|OTU6B_HUMAN,100.0,36.0,0.0,0.0,1.0,36.0,146.0,181.0,7.23e-20,78.2,,,,,"('HCMYKAI', 14, 20)",1,HCMYKAI,14,20,0,...[FWY]..[LVI]
310601,PLRELKVWYAASYAEFVNQKIHDISEEERKVLREQEKNW,0,-4.914723831,-3.995453064,,,,310872,166,3,3,0,0,0,36,3,172,sp|Q9NQV6|PRD10_HUMAN,100.0,36.0,0.0,0.0,1.0,36.0,320.0,355.0,1.62e-19,78.2,,,,,"('AASYAEF', 9, 15)",1,AASYAEF,9,15,0,...[FWY]..[WFY]
310834,PLRQLVDPEDIRAMKRLTQEVLLLWEKVASVESQGQEIS,0,-2.293072998,-8.115269218,,,,311105,962,107,1,0,0,0,36,3,1070,sp|Q5VU43|MYOME_HUMAN,91.667,36.0,3.0,0.0,1.0,36.0,817.0,852.0,1.26e-14,64.3,,,,,"('LLLWEKV', 21, 27)",1,LLLWEKV,21,27,0,...[FWY]..[LVI]
310956,PLRKLLGQEKRPKMLTSNLKITNEDTNYISLTQKFQFAF,0,-0.944337417,-4.955803988,,,,311227,646,183,6,0,0,0,36,3,835,sp|A2PYH4|HFM1_HUMAN,100.0,36.0,0.0,0.0,1.0,36.0,59.0,94.0,1.07e-18,75.9,,,,,"('DTNYISL', 24, 30)",1,DTNYISL,24,30,0,...[FWY]..[LVI]
311413,PLRELGYLANLTELDLSQNSFSDARDCDFHALPQLLSLH,0,-1.619411592,-0.072109603,,,,311684,62,11,17,0,0,0,36,3,90,sp|O75325|LRRN2_HUMAN,100.0,36.0,0.0,0.0,1.0,36.0,88.0,123.0,8.09e-19,76.3,,,,,"('DCDFHAL', 25, 31)",1,DCDFHAL,25,31,0,...[FWY]..[LVI]
311490,PLRQLHKMCEDDSRSYASSFSGYSTNTKYDPHQIKAEIA,0,-0.02465111,-2.453303647,,,,311761,209,112,11,0,0,0,36,3,332,sp|Q9ULE0|WWC3_HUMAN,100.0,36.0,0.0,0.0,1.0,36.0,59.0,94.0,3.23e-20,80.1,,,,,"('ASSFSGY', 16, 22)",1,ASSFSGY,16,22,0,...[FWY]..[WFY]
311906,PLRKLIVSVPRTLHSHKPPLAEVLKDYIKPDGEYLELL,0,-6.343815421,-6.424544654,,,,312177,298,2,1,0,0,0,35,3,301,sp|Q8N3J2|METL4_HUMAN,94.286,35.0,2.0,0.0,1.0,35.0,407.0,441.0,4.13e-16,68.2,,,,,"('DGEYLEL', 30, 36)",1,DGEYLEL,30,36,0,...[FWY]..[LVI]
312197,PLRKLLTEYGVSVLVLEARDRVGGRTYTIRNEHVDYVDV,0,-4.910916528,-7.991645761,,,,312468,883,16,1,0,0,0,36,3,900,sp|P21397|AOFA_HUMAN,100.0,36.0,0.0,0.0,1.0,36.0,30.0,65.0,4.29e-19,77.0,,,,,"('HVDYVDV', 32, 38)",1,HVDYVDV,32,38,0,...[FWY]..[LVI]
312865,PLRKLPPMTSWAALNWRCSVTWRLQAVAGPSSSVVKVA,0,-9.58919265,-8.669921884,,,,313138,1413,1,1,0,0,0,35,3,1415,sp|Q8WU76|SCFD2_HUMAN,47.368,19.0,10.0,0.0,10.0,28.0,35.0,53.0,1.9,24.3,,,,,"('MTSWAAL', 7, 13)",1,MTSWAAL,7,13,0,...[FWY]..[LVI]
313170,PLRKLQIWDTAGQERFRSITRAYYRNSVGGLLLFDITNR,0,-6.222678983,-3.718445716,,,,313445,137,1,3,0,0,0,36,3,141,sp|Q96DA2|RB39B_HUMAN,100.0,36.0,0.0,0.0,1.0,36.0,59.0,94.0,3.62e-20,77.4,,,,,"('QERFRSI', 12, 18)",1,QERFRSI,12,18,0,...[FWY]..[LVI]
313654,PLRKLRPISMPVEYNWVGDYEDPNKMKRDSRRENSLLRY,0,-2.523817994,-2.226035604,,,,313929,211,20,13,0,0,0,36,3,244,sp|Q8WXI2|CNKR2_HUMAN,100.0,36.0,0.0,0.0,1.0,36.0,436.0,471.0,7.91e-20,79.0,,,,,"('PVEYNWV', 10, 16)",1,PVEYNWV,10,16,0,...[FWY]..[LVI]
314358,PLRQLTMFQHRYSPFQCHICQRSFTRKTHLRIHYKNKHQ,0,-0.538591034,-1.400679982,,,,314633,1319,495,144,0,0,0,36,3,1958,sp|Q13129|RLF_HUMAN,100.0,36.0,0.0,0.0,1.0,36.0,1161.0,1196.0,3.54e-20,80.1,,,,,"('QHRYSPF', 8, 14)",1,QHRYSPF,8,14,0,...[FWY]..[WFY]
314697,PLRKLVSAVATEISQDKYMTIQYVETLQSDDDEIIQLVV,0,-4.290558839,-3.233784549,,,,314972,359,10,11,0,0,0,36,3,380,sp|Q5CZC0|FSIP2_HUMAN,100.0,36.0,0.0,0.0,1.0,36.0,6050.0,6085.0,2.32e-17,72.0,,,,,"('QDKYMTI', 14, 20)",1,QDKYMTI,14,20,0,...[FWY]..[LVI]
315177,PLREMCKTRKADETLGHSKHCRNKQKTFYYLGQELQYIY,0,-3.944825863,-3.440592596,,,,315452,113,4,3,0,0,0,36,3,120,sp|Q96NH3|BROMI_HUMAN,100.0,36.0,0.0,0.0,1.0,36.0,393.0,428.0,2.02e-20,80.5,,,,,"('QKTFYYL', 24, 30)",1,QKTFYYL,24,30,0,...[FWY]..[LVI]
315749,PLRQMIRILLCLKNNGNWQEALQFVPKRKHTGFLKISQH,0,-1.317291978,-8.490778353,,,,316027,1248,273,1,0,0,0,36,3,1522,sp|Q7L0Y3|TM10C_HUMAN,97.222,36.0,1.0,0.0,1.0,36.0,355.0,390.0,7.04e-20,79.0,,,,,"('HTGFLKI', 29, 35)",1,HTGFLKI,29,35,0,...[FWY]..[LVI]
316272,PLRENEPTQNQFGEGSLFFFLKEFQVCADKVLGIESHHD,0,-0.536571788,-2.600812898,,,,316550,463,174,22,0,0,0,36,3,659,sp|Q9UH62|ARMX3_HUMAN,100.0,36.0,0.0,0.0,1.0,36.0,320.0,355.0,8.2100000000000005e-22,84.0,,,,,"('GSLFFFL', 14, 20)",1,GSLFFFL,14,20,0,...[FWY]..[LVI]
317743,PLRQNGVLDFFFQKPSGFLTLLDEESQMIWSVESNFPKK,0,-7.538274829,-5.619004063,,,,318021,341,1,2,0,0,0,36,3,344,sp|Q9Y6X6|MYO16_HUMAN,100.0,36.0,0.0,0.0,1.0,36.0,834.0,869.0,5.17e-20,79.3,,,,,"('PSGFLTL', 14, 20)",1,PSGFLTL,14,20,0,...[FWY]..[LVI]
317954,PLRENILLCNPKRSAIKIVDFGSSCQLGQRIYQYIQSRF,0,-0.074020827,-0.205376134,,,,318232,336,174,84,0,0,0,36,3,594,sp|Q9Y463|DYR1B_HUMAN,100.0,36.0,0.0,0.0,1.0,36.0,243.0,278.0,6.3300000000000004e-21,82.0,,,,,"('QRIYQYI', 28, 34)",1,QRIYQYI,28,34,0,...[FWY]..[LVI]
317989,PLRQNINSVQLKELEEEWVKLPTSAPRPTRFLRSHKNW,0,-2.709609401,-2.375301135,,,,318267,72,6,4,0,0,0,35,3,82,sp|Q14008|CKAP5_HUMAN,93.939,33.0,2.0,0.0,1.0,33.0,204.0,236.0,1.09e-15,67.0,,,,,"('EEEWVKL', 14, 20)",1,EEEWVKL,14,20,0,...[FWY]..[LVI]
318186,PLRENKHKVGSFCKYKCKPGYHVPGPLGSQRNGPSRLS,0,-0.485236615,-4.905815852,,,,318464,208,81,2,0,0,0,35,3,291,sp|Q13219|PAPP1_HUMAN,100.0,22.0,0.0,0.0,1.0,22.0,1364.0,1385.0,2.79e-10,51.6,,,,,"('VGSFCKY', 8, 14)",1,VGSFCKY,8,14,0,...[FWY]..[WFY]
318753,PLRVNNAGMGLVGPLEGLSLAAMQNVFDTNFFGAVRLVK,0,-5.932001822,-4.012731056,,,,319034,112,1,2,0,0,0,36,3,115,sp|Q9NYR8|RDH8_HUMAN,100.0,36.0,0.0,0.0,1.0,36.0,88.0,123.0,1.33e-18,74.7,,,,,"('TNFFGAV', 28, 34)",1,TNFFGAV,28,34,0,...[FWY]..[LVI]
318845,PLRENNPMNGNIMGSPFVVPQTTEVGLKGPTVPYYEKIN,0,-4.944825863,-4.025555096,,,,319126,113,2,2,0,0,0,36,3,117,sp|Q13495|MAMD1_HUMAN,100.0,36.0,0.0,0.0,1.0,36.0,132.0,167.0,2.8e-16,68.9,,,,,"('VPYYEKI', 31, 37)",1,VPYYEKI,31,37,0,...[FWY]..[LVI]
319277,PLRKNRYVGRTFIQPNMRLRQLGVAKKFGVLSDNFKGKR,0,-5.453770496,-4.856427825,,,,319558,402,5,4,0,0,0,36,3,411,sp|Q06203|PUR1_HUMAN,100.0,36.0,0.0,0.0,1.0,36.0,349.0,384.0,1.35e-20,81.3,,,,,"('AKKFGVL', 24, 30)",1,AKKFGVL,24,30,0,...[FWY]..[LVI]
319415,PLRENSMVELSKLQEYKQSWMNVQCWQ,0,-3.190736091,-3.271465324,,,,319696,67,4,2,0,0,0,24,3,73,sp|Q8NF67|A2012_HUMAN,100.0,14.0,0.0,0.0,1.0,14.0,210.0,223.0,0.009,30.0,,,,,"('KQSWMNV', 16, 22)",1,KQSWMNV,16,22,0,...[FWY]..[LVI]
320066,PLRKPATWETGISMRFEVYGCKITDYPCSGMLGMVSGLI,0,-1.6606998,-0.595208293,,,,320348,435,75,83,0,0,0,36,3,593,sp|O14786|NRP1_HUMAN,100.0,36.0,0.0,0.0,1.0,36.0,407.0,442.0,6.33e-20,79.3,,,,,"('SMRFEVY', 12, 18)",1,SMRFEVY,12,18,0,...[FWY]..[WFY]
320709,PLRETFCQHYTQSTDEQPGSHIDFAVNRLKLAEIFYYKI,0,-3.600380331,-3.681109565,,,,320992,89,4,2,0,0,0,36,3,95,sp|P28749|RBL1_HUMAN,97.222,36.0,1.0,0.0,1.0,36.0,436.0,471.0,3.7e-20,79.7,,,,,"('EIFYYKI', 32, 38)",1,EIFYYKI,32,38,0,...[FWY]..[LVI]
320908,PLREPGESQSTIGAINPLAEEYLSKQDLLFLDMLKFLCL,0,-4.499686331,-4.580415565,,,,321192,83,2,1,0,0,0,36,3,86,sp|Q13315|ATM_HUMAN,100.0,36.0,0.0,0.0,1.0,36.0,871.0,906.0,9.42e-19,75.9,,,,,"('MLKFLCL', 32, 38)",1,MLKFLCL,32,38,0,...[FWY]..[LVI]
321588,PLRKPLISFKFGQKIFYVNYLSELSEHVKLEQLGIPRQV,0,-3.749137765,-3.414829499,,,,321872,74,3,2,0,0,0,36,3,79,sp|Q07960|RHG01_HUMAN,100.0,36.0,0.0,0.0,1.0,36.0,175.0,210.0,1.1e-18,75.5,,,,,"('KIFYVNY', 13, 19)",1,KIFYVNY,13,19,0,...[FWY]..[WFY]
322023,PLREPPEGQDEGVWKYEHLRQFCLELNGLAVKLQSECHP,0,-2.957536914,-3.038266148,,,,322307,114,8,4,0,0,0,36,3,126,sp|Q9Y3A3|PHOCN_HUMAN,100.0,36.0,0.0,0.0,1.0,36.0,59.0,94.0,1.8300000000000003e-21,81.3,,,,,"('VWKYEHL', 12, 18)",1,VWKYEHL,12,18,0,...[FWY]..[LVI]
322525,PLRKPREGAIPCSHLDTKESAAHLNDINELIPQPFSCLE,0,-0.397106319,-2.146214061,,,,322809,215,89,14,0,0,0,36,3,318,sp|Q6ZTR5|CFA47_HUMAN,41.667,24.0,14.0,0.0,11.0,34.0,2580.0,2603.0,1.8,24.3,,,,,"('PQPFSCL', 31, 37)",1,PQPFSCL,31,37,0,...[FWY]..[LVI]
322869,PLRKPSRGSEEHLKSGPGPIVTRTASGPALAFWQAVLAG,0,-0.523196277,-0.00446344,,,,323153,174,66,50,0,0,0,36,3,290,sp|Q8WXI3|ASB10_HUMAN,100.0,36.0,0.0,0.0,1.0,36.0,30.0,65.0,1.62e-18,75.1,,,,,"('LAFWQAV', 29, 35)",1,LAFWQAV,29,35,0,...[FWY]..[LVI]
323850,PLRPKCSAKLGSFNWYGEQCSCGRWITPAFQIHKNRVDE,0,-1.932001822,-5.100193897,,,,324134,119,17,1,0,0,0,36,3,137,sp|Q9UNI6|DUS12_HUMAN,100.0,36.0,0.0,0.0,1.0,36.0,291.0,326.0,3.69e-23,87.4,,,,,"('LGSFNWY', 9, 15)",1,LGSFNWY,9,15,0,...[FWY]..[WFY]
323930,PLRKQDPFESRRLWKNVTDSLRESEIDKATEHKHTREER,0,-2.843465148,-4.509156882,,,,324215,79,6,1,0,0,0,36,3,86,sp|Q9BXB4|OSB11_HUMAN,97.222,36.0,1.0,0.0,1.0,36.0,668.0,703.0,3.77e-18,74.3,,,,,"('RRLWKNV', 10, 16)",1,RRLWKNV,10,16,0,...[FWY]..[LVI]
324073,PLRKQEGAIEALACVMEQLDVGIVPYIVLLVVPVLGRMS,0,-7.974833738,-8.055562971,,,,324358,923,2,1,0,0,0,36,3,926,sp|O14981|BTAF1_HUMAN,100.0,36.0,0.0,0.0,1.0,36.0,1161.0,1196.0,3.04e-18,74.3,,,,,"('IVPYIVL', 22, 28)",1,IVPYIVL,22,28,0,...[FWY]..[LVI]
324563,PLRFSNEQGLPGSNASLYLQAAPVLFYALGAVDGNVLLL,0,-5.892831225,-3.388597958,,,,324848,109,1,3,0,0,0,36,3,113,sp|Q6IE36|OVOS2_HUMAN,97.222,36.0,1.0,0.0,1.0,36.0,552.0,587.0,1.04e-16,70.1,,,,,"('PVLFYAL', 22, 28)",1,PVLFYAL,22,28,0,...[FWY]..[LVI]
325387,PLRQQLMKFENIHTNNKPGLLGEPPAVVLQTALGIGSVL,0,-1.136719732,-2.942341728,,,,325672,480,119,18,0,0,0,36,3,617,sp|Q9HCJ3|RAVR2_HUMAN,100.0,36.0,0.0,0.0,1.0,36.0,420.0,455.0,1.66e-18,75.1,,,,,"('LMKFENI', 5, 11)",1,LMKFENI,5,11,0,...[FWY]..[LVI]
325682,PLRKQNIKDAYTTLLNQLERFKLSALAPLLVV,0,-4.516964323,-5.919621652,,,,325967,210,5,1,0,0,0,29,3,216,sp|Q8IY21|DDX60_HUMAN,96.296,27.0,1.0,0.0,1.0,27.0,204.0,230.0,1.9e-11,54.7,,,,,"('KDAYTTL', 7, 13)",1,KDAYTTL,7,13,0,...[FWY]..[LVI]
325960,PLRQQQHPDCKTYHGKVVSSQDPRTKAGLYWGYTVRLAS,0,-0.03485023,-1.449998503,,,,326245,218,116,23,0,0,0,36,3,357,sp|Q5T280|CI114_HUMAN,100.0,36.0,0.0,0.0,1.0,36.0,233.0,268.0,1.19e-20,80.9,,,,,"('AGLYWGY', 26, 32)",1,AGLYWGY,26,32,0,...[FWY]..[WFY]
326163,PLREQRLALLHEGTGPRVISAFVEIIFDNSDNRLPIDKE,0,-3.776723597,-4.664807752,,,,326448,176,7,2,0,0,0,36,3,185,sp|Q9UQE7|SMC3_HUMAN,100.0,36.0,0.0,0.0,1.0,36.0,59.0,94.0,8.09e-18,73.2,,,,,"('ISAFVEI', 18, 24)",1,ISAFVEI,18,24,0,...[FWY]..[LVI]
326316,PLRKQSLIDWNNPAIINKMYKVYLGDIPLKTKEGAVLKP,0,-4.400771305,-5.896538038,,,,326601,620,16,3,0,0,0,36,3,639,sp|Q5VYK3|ECM29_HUMAN,100.0,36.0,0.0,0.0,1.0,36.0,287.0,322.0,9.84e-20,78.6,,,,,"('NKMYKVY', 16, 22)",1,NKMYKVY,16,22,0,...[FWY]..[WFY]
326421,PLRQQTAGLEIMEQMALLQETAYERLYRWAQSECRTLTQ,0,-2.183540589,-3.112266729,,,,326706,150,18,5,0,0,0,36,3,173,sp|Q9Y2V7|COG6_HUMAN,100.0,36.0,0.0,0.0,1.0,36.0,204.0,239.0,5.33e-19,76.6,,,,,"('ETAYERL', 19, 25)",1,ETAYERL,19,25,0,...[FWY]..[LVI]
326885,PLRMERDILVEVNHPFIVKLHYAFQTEGKLYLILDFLRD,0,-6.343815421,-5.424544654,,,,327171,149,1,1,0,0,0,36,3,151,sp|P51812|KS6A3_HUMAN,100.0,35.0,0.0,0.0,1.0,35.0,117.0,151.0,1.92e-18,75.1,,,,,"('GKLYLIL', 27, 33)",1,GKLYLIL,27,33,0,...[FWY]..[LVI]
327029,PLRKRASLLERQQRRAEEARRRKQWQEVEKEQRREEAAR,0,-4.744255544,-5.409947278,,,,327315,295,6,2,0,0,0,36,3,303,sp|Q9P1Y5|CAMP3_HUMAN,100.0,36.0,0.0,0.0,1.0,36.0,902.0,937.0,8.32e-16,67.4,,,,,"('RKQWQEV', 21, 27)",1,RKQWQEV,21,27,0,...[FWY]..[LVI]
327140,PLRKRDEPKWGSDNARVSNPTVICQEDSIEEEWMGLLEY,0,-6.775698591,-5.856427825,,,,327426,201,1,1,0,0,0,36,3,203,sp|Q96P20|NLRP3_HUMAN,100.0,36.0,0.0,0.0,1.0,36.0,88.0,123.0,3.47e-21,82.8,,,,,"('EEEWMGL', 29, 35)",1,EEEWMGL,29,35,0,...[FWY]..[LVI]
327269,PLRKRDREGGESKLKFQELFVEPFNRKARQENLRYNNML,0,-6.400771305,-4.896538038,,,,327555,310,2,3,0,0,0,36,3,315,sp|Q6ZS30|NBEL1_HUMAN,100.0,36.0,0.0,0.0,1.0,36.0,1726.0,1761.0,6.98e-20,79.0,,,,,"('KLKFQEL', 12, 18)",1,KLKFQEL,12,18,0,...[FWY]..[LVI]
327870,PLRKRGYNSVMNESERFYRKRRQHSHSYSSDESLNRQNH,0,-5.828550474,-5.324317207,,,,328156,417,4,3,0,0,0,36,3,424,sp|Q7Z570|Z804A_HUMAN,100.0,36.0,0.0,0.0,1.0,36.0,755.0,790.0,3.15e-19,77.4,,,,,"('KRGYNSV', 3, 9)",1,KRGYNSV,3,9,0,...[FWY]..[LVI]
327967,PLRESGVQLIEREEEICIFYEKINIQEKMKLNGEIEIHL,0,-4.782858383,-4.863587617,,,,328253,101,2,1,0,0,0,36,3,104,sp|Q8IYE0|CC146_HUMAN,100.0,36.0,0.0,0.0,1.0,36.0,639.0,674.0,5.44e-18,73.6,,,,,"('CIFYEKI', 16, 22)",1,CIFYEKI,16,22,0,...[FWY]..[LVI]
328168,PLRQRIIQRNRTERLSDLLDWRYLGRYYQHARHLTLSRA,0,-3.106499553,-3.509156882,,,,328454,79,5,2,0,0,0,36,3,86,sp|P54840|GYS2_HUMAN,100.0,36.0,0.0,0.0,1.0,36.0,581.0,616.0,1.03e-19,78.6,,,,,"('LLDWRYL', 17, 23)",1,LLDWRYL,17,23,0,...[FWY]..[LVI]
328378,PLRKRTIRKAAACYVVRDRTLYYQRRQRHRKTFAELEVV,0,-0.659856366,-3.301300554,,,,328665,171,59,5,0,0,0,36,3,235,sp|O95625|ZBT11_HUMAN,91.667,36.0,3.0,0.0,1.0,36.0,30.0,65.0,1.06e-15,67.4,,,,,"('RKTFAEL', 29, 35)",1,RKTFAEL,29,35,0,...[FWY]..[LVI]
329501,PLRRPYECSECGKSFSHSTNLFRHWRVHTGVRPYECSEC,0,-2.685361855,-5.672981684,,,,329789,177,15,1,0,0,0,36,3,193,sp|Q6P9A1|ZN530_HUMAN,100.0,36.0,0.0,0.0,1.0,36.0,349.0,384.0,2.36e-20,80.5,,,,,"('TNLFRHW', 18, 24)",1,TNLFRHW,18,24,0,...[FWY]..[WFY]
329840,PLRESRSPSAEGAALGFGGAAVAWRRYFLQHLPRVIGKF,0,-0.315589683,-4.124239371,,,,330129,121,53,2,0,0,0,36,3,176,sp|P36915|GNL1_HUMAN,53.333,15.0,7.0,0.0,18.0,32.0,235.0,249.0,1.8,24.3,,,,,"('AVAWRRY', 20, 26)",1,AVAWRRY,20,26,0,...[FWY]..[WFY]
330113,PLRESSSKFKPTQSSLTRGGSGRISALQGKLSKLDYRDI,0,-2.682642353,-2.348334088,,,,330402,106,9,6,0,0,0,36,3,121,sp|Q14966|ZN638_HUMAN,100.0,36.0,0.0,0.0,1.0,36.0,1451.0,1486.0,4.67e-18,73.9,,,,,"('KLDYRDI', 32, 38)",1,KLDYRDI,32,38,0,...[FWY]..[LVI]
330610,PLRKRWVNEAQEAASSDNIMVQYHALGLLYHVRKNDRLA,0,-5.539684399,-5.205376134,,,,330900,256,3,2,0,0,0,36,3,261,sp|Q9Y678|COPG1_HUMAN,100.0,36.0,0.0,0.0,1.0,36.0,175.0,210.0,1.37e-20,81.3,,,,,"('MVQYHAL', 19, 25)",1,MVQYHAL,19,25,0,...[FWY]..[LVI]
330673,PLRQRYNKLRHSVIYIQAIFRGKKARRHLKMMHIAATLI,0,-0.974969931,-2.798663499,,,,330963,869,241,36,0,0,0,36,3,1146,sp|Q8IZT6|ASPM_HUMAN,100.0,36.0,0.0,0.0,1.0,36.0,2234.0,2269.0,1.94e-18,75.1,,,,,"('RQRYNKL', 2, 8)",1,RQRYNKL,2,8,0,...[FWY]..[LVI]
330979,PLRLTMPSPMPEYLNVHYIGESASRLLFLSMHWALSIPS,0,-3.422327449,-4.088019183,,,,331269,177,9,3,0,0,0,36,3,189,sp|P13056|NR2C1_HUMAN,100.0,36.0,0.0,0.0,1.0,36.0,378.0,413.0,7.12e-21,82.0,,,,,"('MPEYLNV', 9, 15)",1,MPEYLNV,9,15,0,...[FWY]..[LVI]
331275,PLRQSDLVDDTSEELKQYSNDFGQLAVELLEQSFRQDET,0,-6.87283975,-2.631640889,,,,331565,215,1,10,0,0,0,36,3,226,sp|Q96QT4|TRPM7_HUMAN,100.0,36.0,0.0,0.0,1.0,36.0,668.0,703.0,2.68e-18,74.7,,,,,"('SNDFGQL', 18, 24)",1,SNDFGQL,18,24,0,...[FWY]..[LVI]
331380,PLRESEADSEVKHQPIFIKERLKLFEILKKDHQLLLAIY,0,-3.855588707,-6.106242942,,,,331670,239,9,1,0,0,0,36,3,249,sp|A2RTX5|SYTC2_HUMAN,100.0,36.0,0.0,0.0,1.0,36.0,117.0,152.0,7.45e-18,73.2,,,,,"('LKLFEIL', 21, 27)",1,LKLFEIL,21,27,0,...[FWY]..[LVI]
331660,PLRYEAGHIPSPVIPQESSVEIDNETEQKSESFSSIEKP,0,-1.41222349,-4.165378066,,,,331950,249,51,4,0,0,0,36,3,304,sp|Q9UBS9|SUCO_HUMAN,100.0,36.0,0.0,0.0,1.0,36.0,755.0,790.0,8.25e-18,73.2,,,,,"('SESFSSI', 29, 35)",1,SESFSSI,29,35,0,...[FWY]..[LVI]
332046,PLRESSLSLKQYFPKSVSPAASLEPLEPGYHILVGGDRH,0,-1.899940613,-2.096147064,,,,332336,178,26,12,0,0,0,36,3,216,sp|P17302|CXA1_HUMAN,46.429,28.0,15.0,0.0,9.0,36.0,267.0,294.0,0.21,26.9,,,,,"('EPGYHIL', 26, 32)",1,EPGYHIL,26,32,0,...[FWY]..[LVI]
332265,PLRRQGYGKPVDWWAMGIILYEFLVGCVPFFGDTPEEL,0,-2.294571902,-3.834732754,,,,332555,99,11,2,0,0,0,35,3,112,sp|O15021|MAST4_HUMAN,100.0,35.0,0.0,0.0,1.0,35.0,757.0,791.0,7.879999999999999e-23,87.4,,,,,"('IILYEFL', 17, 23)",1,IILYEFL,17,23,0,...[FWY]..[LVI]
333802,PLRQSQKKVAQLIKEKMNTQANKELIRVSSFLGLFLGT,0,-1.470421737,-1.328758549,,,,334092,61,12,7,0,0,0,35,3,80,sp|Q6PF05|TT23L_HUMAN,96.0,25.0,1.0,0.0,1.0,25.0,72.0,96.0,1.93e-09,49.3,,,,,"('VSSFLGL', 27, 33)",1,VSSFLGL,27,33,0,...[FWY]..[LVI]
334011,PLRKSRKLAPENWSVINSSSGERLAPF,0,-4.1246469,-3.790338635,,,,334301,96,3,2,0,0,0,24,3,101,sp|Q5VYK3|ECM29_HUMAN,52.174,23.0,11.0,0.0,2.0,24.0,1097.0,1119.0,0.53,25.0,,,,,"('PENWSVI', 9, 15)",1,PENWSVI,9,15,0,...[FWY]..[LVI]
334282,PLRQSSKAGPTRIFTSNTHSSVVLQGFDQLRLEGLLCDV,0,-1.794498298,-3.012731056,,,,334572,140,22,5,0,0,0,36,3,167,sp|Q9P2N7|KLH13_HUMAN,100.0,36.0,0.0,0.0,1.0,36.0,59.0,94.0,1.01e-19,78.6,,,,,"('LQGFDQL', 23, 29)",1,LQGFDQL,23,29,0,...[FWY]..[LVI]
334540,PLRKSTAGSAAAMAGAKAGAAAASAAAYAAYGYNVSKGI,0,-3.322184133,-3.756550321,,,,334830,422,23,9,0,0,0,36,3,454,sp|Q9ULG1|INO80_HUMAN,100.0,36.0,0.0,0.0,1.0,36.0,1451.0,1486.0,3.16e-17,71.6,,,,,"('AAAYAAY', 24, 30)",1,AAAYAAY,24,30,0,...[FWY]..[WFY]
334776,PLRESVNLLKSRLEELAKKHCGEQQGWRGLTPTLKEVQV,0,-3.422327449,-4.088019183,,,,335066,59,3,1,0,0,0,36,3,63,sp|Q9P2K8|E2AK4_HUMAN,100.0,20.0,0.0,0.0,1.0,20.0,101.0,120.0,3.3e-07,43.1,,,,,"('QQGWRGL', 23, 29)",1,QQGWRGL,23,29,0,...[FWY]..[LVI]
335053,PLRQSYDNFSYRSRSFRRSHRQMSCVNKESQYGFTPGNG,0,-4.602180325,-3.682909559,,,,335344,401,9,9,0,0,0,36,3,419,sp|Q9NP73|ALG13_HUMAN,100.0,36.0,0.0,0.0,1.0,36.0,687.0,722.0,8.22e-20,79.0,,,,,"('RQSYDNF', 2, 8)",1,RQSYDNF,2,8,0,...[FWY]..[WFY]
335057,PLRKSYEPLEDPGVKSVTKIYNYTRSLATKPLSWAPPS,0,-2.361686097,-1.664807752,,,,335348,66,7,6,0,0,0,35,3,79,sp|P37837|TALDO_HUMAN,72.414,29.0,8.0,0.0,1.0,29.0,204.0,232.0,3.33e-09,48.9,,,,,"('RKSYEPL', 2, 8)",1,RKSYEPL,2,8,0,...[FWY]..[LVI]
335438,PLRKTDEPGKYTANRGKHVAYIIRSHMKDHYIFYCEGEL,0,-3.970136951,-5.050866185,,,,335729,115,4,1,0,0,0,36,3,120,sp|Q5VSP4|LC1L1_HUMAN,100.0,34.0,0.0,0.0,1.0,34.0,88.0,121.0,7.220000000000001e-21,78.2,,,,,"('KDHYIFY', 27, 33)",1,KDHYIFY,27,33,0,...[FWY]..[WFY]
335771,PLRKTFKINPLTGEIELKKQLDFEKLQSYEVNIEARDAG,0,-5.253929917,-4.919621652,,,,336062,210,3,2,0,0,0,36,3,215,sp|Q9Y5F0|PCDBD_HUMAN,100.0,36.0,0.0,0.0,1.0,36.0,291.0,326.0,1.38e-18,75.5,,,,,"('QLDFEKL', 19, 25)",1,QLDFEKL,19,25,0,...[FWY]..[LVI]
336347,PLRKTKMSSCSQDHRSLVLQNDMKHMSQNQAVNGYNSV,0,-3.932001822,-3.012731056,,,,336640,56,2,2,0,0,0,35,3,60,sp|Q7Z570|Z804A_HUMAN,94.444,36.0,1.0,1.0,1.0,35.0,726.0,761.0,3.75e-16,68.6,,,,,"('VNGYNSV', 31, 37)",1,VNGYNSV,31,37,0,...[FWY]..[LVI]
336575,PLRMEGVEEKKKEVPAVPETLKKKRRNFAELKIKRLRKK,0,-3.446574995,-2.527304229,,,,336868,60,3,3,0,0,0,36,3,66,sp|P18124|RL7_HUMAN,100.0,36.0,0.0,0.0,1.0,36.0,1.0,36.0,1.47e-16,68.6,,,,,"('RRNFAEL', 24, 30)",1,RRNFAEL,24,30,0,...[FWY]..[LVI]
337185,PLRKTVVKELTWGQNLGSFSPGEFDLILGADIIYLEETF,0,-0.692331409,-4.358023144,,,,337479,498,168,7,0,0,0,36,3,673,sp|Q8WXB1|MT21A_HUMAN,100.0,36.0,0.0,0.0,1.0,36.0,117.0,152.0,1.5e-20,78.6,,,,,"('PGEFDLI', 20, 26)",1,PGEFDLI,20,26,0,...[FWY]..[LVI]
337290,PLREVAADGNVSEPRPLQERWVGLPPNIEAAAVSLNDGD,0,-1.199323586,-5.601980915,,,,337584,337,80,2,0,0,0,36,3,419,sp|Q9H239|MMP28_HUMAN,100.0,36.0,0.0,0.0,1.0,36.0,349.0,384.0,2.15e-18,74.7,,,,,"('QERWVGL', 17, 23)",1,QERWVGL,17,23,0,...[FWY]..[LVI]
337626,PLRKTNEILKGIKLLKLYAWEHIFCKSVEETRMKELSSL,0,-2.229866212,-2.236594864,,,,337921,327,38,20,0,0,0,36,3,385,sp|O60706|ABCC9_HUMAN,100.0,36.0,0.0,0.0,1.0,36.0,494.0,529.0,1.66e-18,75.1,,,,,"('LYAWEHI', 16, 22)",1,LYAWEHI,16,22,0,...[FWY]..[LVI]
337657,PLRKTNIISELSKWRLNFIDWHRMEMRKEKEKHAAHLKQ,0,-0.101926824,-2.012731056,,,,337952,252,128,18,0,0,0,36,3,398,sp|Q8NA72|POC5_HUMAN,100.0,36.0,0.0,0.0,1.0,36.0,171.0,206.0,5.45e-20,79.3,,,,,"('RLNFIDW', 14, 20)",1,RLNFIDW,14,20,0,...[FWY]..[WFY]
337725,PLRMTNTKGKRRGTRYMFSRPFRKHGVVPLATYMRIYKK,0,-6.852567355,-7.518259089,,,,338021,636,3,1,0,0,0,36,3,640,sp|P46778|RL21_HUMAN,100.0,36.0,0.0,0.0,1.0,36.0,1.0,36.0,3.77e-20,76.3,,,,,"('LATYMRI', 29, 35)",1,LATYMRI,29,35,0,...[FWY]..[LVI]
337807,PLRKTPKDSFTMSDGKEITFLEYYSKNYGITVKEEDQPL,0,-0.639220073,-2.416272916,,,,338103,1000,350,54,0,0,0,36,3,1404,sp|Q8TC59|PIWL2_HUMAN,100.0,36.0,0.0,0.0,1.0,36.0,436.0,471.0,3.08e-20,80.1,,,,,"('EITFLEY', 16, 22)",1,EITFLEY,16,22,0,...[FWY]..[WFY]
337996,PLRKTQVACLISCIFVLLSSMQLVLCFTGCRCVSLQAL,0,-3.475144147,-3.292838975,,,,338292,204,10,6,0,0,0,35,3,220,sp|Q8TE54|S26A7_HUMAN,93.333,15.0,1.0,0.0,1.0,15.0,378.0,392.0,0.006,31.2,,,,,"('SCIFVLL', 11, 17)",1,SCIFVLL,11,17,0,...[FWY]..[LVI]
338031,PLRETRASLIPEHSSPVQDCQISQESEPVIQVNSWVGIN,0,-6.201462497,-5.282191731,,,,338327,135,1,1,0,0,0,36,3,137,sp|Q8IW35|CEP97_HUMAN,100.0,36.0,0.0,0.0,1.0,36.0,320.0,355.0,9.89e-19,75.9,,,,,"('VNSWVGI', 31, 37)",1,VNSWVGI,31,37,0,...[FWY]..[LVI]
338409,PLRQVATTYIKLGWPKNNFNGSLVQASYQHEELRREVIM,0,-0.431308238,-6.08189308,,,,338705,1175,475,5,0,0,0,36,3,1655,sp|Q9UKU6|TRHDE_HUMAN,100.0,36.0,0.0,0.0,1.0,36.0,784.0,819.0,1.08e-19,78.6,,,,,"('ATTYIKL', 5, 11)",1,ATTYIKL,5,11,0,...[FWY]..[LVI]
339041,PLRRTITVKSYFPGADDESIELCRPLDSRLEHVDFKCLF,0,-4.661587886,-6.549672042,,,,339337,325,7,1,0,0,0,36,3,333,sp|Q68D51|DEN2C_HUMAN,94.444,36.0,2.0,0.0,1.0,36.0,638.0,673.0,3.21e-18,74.3,,,,,"('HVDFKCL', 31, 37)",1,HVDFKCL,31,37,0,...[FWY]..[LVI]
339148,PLRKVFQGVLELEGVEGQELFYTPEMADPKSELFGETAR,0,-3.233171357,-2.72893809,,,,339444,69,4,3,0,0,0,36,3,76,sp|O00468|AGRIN_HUMAN,100.0,36.0,0.0,0.0,1.0,36.0,1132.0,1167.0,1.48e-19,78.2,,,,,"('RKVFQGV', 2, 8)",1,RKVFQGV,2,8,0,...[FWY]..[LVI]
339259,PLREVVCYTLGNIPQMPSAPRLVRAGITWVTLQWSKPEG,0,-4.525526336,-3.284327475,,,,339555,169,4,5,0,0,0,36,3,178,sp|Q53EP0|FND3B_HUMAN,100.0,36.0,0.0,0.0,1.0,36.0,465.0,500.0,7.9e-20,79.0,,,,,"('GITWVTL', 25, 31)",1,GITWVTL,25,31,0,...[FWY]..[LVI]
339745,PLREVIPAQFLEEQKCVPASGELSPELQEWAPYSPGHSS,0,-3.724559742,-3.220326475,,,,340041,97,4,3,0,0,0,36,3,104,sp|Q8TDM6|DLG5_HUMAN,100.0,35.0,0.0,0.0,2.0,36.0,1127.0,1161.0,5.91e-19,76.6,,,,,"('LQEWAPY', 26, 32)",1,LQEWAPY,26,32,0,...[FWY]..[WFY]
340047,PLRVEVKSDKLPEEMGLLQGSSGDKRAPGDQGEKYIDLR,0,-2.372574414,-2.453303647,,,,340343,57,6,3,0,0,0,36,3,66,sp|P43121|MUC18_HUMAN,100.0,36.0,0.0,0.0,1.0,36.0,610.0,645.0,1.84e-18,75.1,,,,,"('GEKYIDL', 31, 37)",1,GEKYIDL,31,37,0,...[FWY]..[LVI]
340374,PLRQVLLAYAEEDIYDTSRQATAFGLLKAILSRKLLVPE,0,-7.87283975,-6.953568983,,,,340672,430,1,1,0,0,0,36,3,432,sp|O75691|UTP20_HUMAN,100.0,36.0,0.0,0.0,1.0,36.0,2205.0,2240.0,6.37e-18,73.6,,,,,"('ATAFGLL', 20, 26)",1,ATAFGLL,20,26,0,...[FWY]..[LVI]
340523,PLRKVLQKLTSEDLSDDVFKFLQTKSLKVSNIPVTAIRI,0,-4.694502508,-4.190269241,,,,340821,190,4,3,0,0,0,36,3,197,sp|Q9UI17|M2GD_HUMAN,100.0,36.0,0.0,0.0,1.0,36.0,639.0,674.0,3.95e-18,73.9,,,,,"('DDVFKFL', 15, 21)",1,DDVFKFL,15,21,0,...[FWY]..[LVI]
340915,PLRKVPGCFLQDLEKSKKYSGKNLKRNKDELVQRIYDLF,0,-1.683742769,-4.764472003,,,,341214,1603,272,17,0,0,0,36,3,1892,sp|Q96QF7|ACRC_HUMAN,100.0,36.0,0.0,0.0,1.0,36.0,494.0,529.0,2.34e-17,72.0,,,,,"('QRIYDLF', 32, 38)",1,QRIYDLF,32,38,0,...[FWY]..[WFY]
340994,PLRKVPQFDGLGLLSPVGMHARVTIRQVKTVHQEYPWGE,0,-3.436233051,-3.324317207,,,,341293,139,7,4,0,0,0,36,3,150,sp|Q9NY37|ASIC5_HUMAN,100.0,36.0,0.0,0.0,1.0,36.0,262.0,297.0,7.2300000000000015e-22,84.7,,,,,"('VPQFDGL', 4, 10)",1,VPQFDGL,4,10,0,...[FWY]..[LVI]
341065,PLRQVQALAGAGGVDNLHVLDFRSIKLSLTL,0,-2.470421737,-1.551150971,,,,341364,61,6,6,0,0,0,28,3,73,sp|Q9UEY8|ADDG_HUMAN,86.957,23.0,3.0,0.0,1.0,23.0,320.0,342.0,4.2e-08,45.1,,,,,"('VLDFRSI', 18, 24)",1,VLDFRSI,18,24,0,...[FWY]..[LVI]
341167,PLRKVQPFFRTTNWQALLARTIQPPFVPTLCGPADLRYF,0,-0.683614192,-4.571698348,,,,341466,330,112,4,0,0,0,36,3,446,sp|Q6P5Z2|PKN3_HUMAN,100.0,36.0,0.0,0.0,1.0,36.0,813.0,848.0,5.69e-20,79.3,,,,,"('TTNWQAL', 10, 16)",1,TTNWQAL,10,16,0,...[FWY]..[LVI]
341282,PLRQVREAQFDELLNQMRHRSHEEILKFHLRKAKDFLKN,0,-3.76850309,-6.171160419,,,,341581,250,10,1,0,0,0,36,3,261,sp|Q9P1Z9|CC180_HUMAN,58.333,36.0,15.0,0.0,1.0,36.0,559.0,594.0,4.87e-08,45.4,,,,,"('EAQFDEL', 6, 12)",1,EAQFDEL,6,12,0,...[FWY]..[LVI]
342506,PLREWCVAVYAICFILAAIAILLNLGECTNVLPIPFPSF,0,-0.631606889,-1.152908714,,,,342806,54,19,7,0,0,0,36,3,80,sp|Q96S97|MYADM_HUMAN,100.0,36.0,0.0,0.0,1.0,36.0,204.0,239.0,1.03e-18,75.1,,,,,"('PIPFPSF', 32, 38)",1,PIPFPSF,32,38,0,...[FWY]..[WFY]
342771,PLRVWLETKVMALNGKPVGAQYLPSYLSLGSWYSPSQCY,0,-5.169041019,-4.249770253,,,,343071,132,2,2,0,0,0,36,3,136,sp|Q8IZJ3|CPMD8_HUMAN,100.0,36.0,0.0,0.0,1.0,36.0,419.0,454.0,9.75e-20,78.6,,,,,"('LPSYLSL', 22, 28)",1,LPSYLSL,22,28,0,...[FWY]..[LVI]
343595,PLREYRKRQRKARKSGLRQRTFHSLVYHRMQVVA,0,-4.821117716,-6.709201872,,,,343895,363,7,1,0,0,0,31,3,371,sp|Q8IZD2|KMT2E_HUMAN,68.421,19.0,6.0,0.0,1.0,19.0,1161.0,1179.0,0.006,30.8,,,,,"('QRTFHSL', 18, 24)",1,QRTFHSL,18,24,0,...[FWY]..[LVI]
343668,PLRQYSKCMHNLVNLSVPDGASNVELCPLEEVWGYFEDA,0,-3.993640888,-6.244295123,,,,343968,263,9,1,0,0,0,36,3,273,sp|Q8IYF3|TEX11_HUMAN,100.0,36.0,0.0,0.0,1.0,36.0,813.0,848.0,4.52e-21,82.4,,,,,"('EEVWGYF', 29, 35)",1,EEVWGYF,29,35,0,...[FWY]..[WFY]
344030,PLRFAAYQEQYLQSVTAMQVFVNKGNVKPLNDFIREEWH,0,-4.286110323,-6.61476707,,,,344330,680,19,2,0,0,0,36,3,701,sp|Q6ZVD7|STOX1_HUMAN,37.931,29.0,18.0,0.0,4.0,32.0,551.0,579.0,0.51,25.8,,,,,"('PLRFAAY', 0, 6)",1,PLRFAAY,0,6,0,...[FWY]..[WFY]
344259,PLRKYDCSLLDPLPKQSYLHLVGVPQPEGQCRIEYKQRI,0,-5.825086618,-4.905815852,,,,344559,104,1,1,0,0,0,36,3,106,sp|Q9NYL5|CP39A_HUMAN,100.0,36.0,0.0,0.0,1.0,36.0,434.0,469.0,4.02e-21,82.4,,,,,"('KQSYLHL', 14, 20)",1,KQSYLHL,14,20,0,...[FWY]..[LVI]
344752,PLRKYIHPNFTVVLTVCGHNYMPGQLTISDIKKGGKNIS,0,-2.002615886,-6.531805621,,,,345054,963,131,3,0,0,0,36,3,1097,sp|Q6ZN28|MACC1_HUMAN,97.222,36.0,1.0,0.0,1.0,36.0,378.0,413.0,1.13e-20,81.3,,,,,"('HPNFTVV', 6, 12)",1,HPNFTVV,6,12,0,...[FWY]..[LVI]
345014,PLRQYLCEKDDVCVFQEVSVLNPGQSMIKYLEEDFCYTI,0,-4.566082089,-4.521280441,,,,345316,478,11,6,0,0,0,36,3,495,sp|Q3ZCN5|OTOGL_HUMAN,97.222,36.0,1.0,0.0,1.0,36.0,2086.0,2121.0,2.29e-18,74.7,,,,,"('VCVFQEV', 11, 17)",1,VCVFQEV,11,17,0,...[FWY]..[LVI]
345191,PLRFAETDGLASSRVRLYFFISNEGNQNLFVVQASLWLY,0,-5.782858383,-4.863587617,,,,345493,101,1,1,0,0,0,36,3,103,sp|P09529|INHBB_HUMAN,100.0,36.0,0.0,0.0,1.0,36.0,146.0,181.0,2.77e-20,80.1,,,,,"('VRLYFFI', 14, 20)",1,VRLYFFI,14,20,0,...[FWY]..[LVI]
345609,PLRFAQKLGHNDFKCSNGWLDRFKSRYGLVFRAQPVEAT,0,-0.028431585,-1.431088913,,,,345911,290,155,31,0,0,0,36,3,476,sp|Q8IY51|TIGD4_HUMAN,100.0,36.0,0.0,0.0,1.0,36.0,117.0,152.0,6.41e-22,84.7,,,,,"('KSRYGLV', 23, 29)",1,KSRYGLV,23,29,0,...[FWY]..[LVI]
345686,PLRIPLGKFAEVEHVVNAILFLLSDRSGMTTGSTLPVEG,0,-3.361686097,-4.249770253,,,,345988,132,7,2,0,0,0,36,3,141,sp|Q7Z4W1|DCXR_HUMAN,100.0,36.0,0.0,0.0,1.0,36.0,204.0,239.0,3.84e-19,75.5,,,,,"('LGKFAEV', 5, 11)",1,LGKFAEV,5,11,0,...[FWY]..[LVI]
345725,PLRFAFAWKCLLHSCTTEKDSRKMKVLESLLV,0,-5.314471459,-4.395200693,,,,346027,73,1,1,0,0,0,29,3,75,sp|Q8WV07|LTO1_HUMAN,96.429,28.0,1.0,0.0,1.0,28.0,59.0,86.0,1.61e-15,63.5,,,,,"('AFAWKCL', 4, 10)",1,AFAWKCL,4,10,0,...[FWY]..[LVI]
346280,PLRFAHLSGDRQNDLKDEKKKAKMAAARAVLEKCTMMLL,0,-4.294571902,-6.375301135,,,,346582,288,8,1,0,0,0,36,3,297,sp|Q9UBT7|CTNL1_HUMAN,100.0,36.0,0.0,0.0,1.0,36.0,204.0,239.0,1.37e-18,75.5,,,,,"('PLRFAHL', 0, 6)",1,PLRFAHL,0,6,0,...[FWY]..[LVI]
346474,PLRIAIKKMKRKFYSWEECMNLREVKSLKKLNHANVVKL,0,-0.701915009,-5.337233094,,,,346776,561,188,4,0,0,0,36,3,753,sp|Q9UPZ9|CILK1_HUMAN,100.0,36.0,0.0,0.0,1.0,36.0,30.0,65.0,4.03e-20,79.7,,,,,"('KRKFYSW', 9, 15)",1,KRKFYSW,9,15,0,...[FWY]..[WFY]
346712,PLRFAKRNNEETVMSARDRYLARRWRGLMQRPILRKKM,0,-1.109540008,-2.453303647,,,,347015,95,24,5,0,0,0,35,3,124,sp|Q9H0G5|NSRP1_HUMAN,95.238,21.0,1.0,0.0,1.0,21.0,523.0,543.0,1.01e-07,44.7,,,,,"('ARRWRGL', 21, 27)",1,ARRWRGL,21,27,0,...[FWY]..[LVI]
346771,PLRFAKYLASCRRPTAPCLPAERAAAGPLELLAALY,0,-1.446574995,-3.849232324,,,,347074,50,10,1,0,0,0,33,3,61,sp|Q13370|PDE3B_HUMAN,45.455,22.0,9.0,1.0,2.0,20.0,305.0,326.0,3.9,23.1,,,,,"('PLRFAKY', 0, 6)",1,PLRFAKY,0,6,0,...[FWY]..[WFY]
346813,PLRFALWWEQKHCWLLKTHWTLDKYGVQADAKLLFTPQH,0,-3.012172171,-1.829866999,,,,347116,74,5,6,0,0,0,36,3,85,sp|Q9BQL6|FERM1_HUMAN,100.0,36.0,0.0,0.0,1.0,36.0,59.0,94.0,5.0300000000000005e-22,85.1,,,,,"('PLRFALW', 0, 6)",1,PLRFALW,0,6,0,...[FWY]..[WFY]
346883,PLRIALHKHLKHKNIVQYLGSFSENGFIKIFMEQVPGGN,0,-6.473375054,-5.554104288,,,,347186,163,1,1,0,0,0,36,3,165,sp|Q99683|M3K5_HUMAN,97.222,36.0,1.0,0.0,1.0,36.0,726.0,761.0,3.48e-20,80.1,,,,,"('ENGFIKI', 23, 29)",1,ENGFIKI,23,29,0,...[FWY]..[LVI]
346933,PLRFVLLIVTDGVISDMAQTKESIVNASKLPMSIIIVGV,0,-5.555099452,-2.828473763,,,,347236,345,4,14,0,0,0,36,3,363,sp|Q86YQ8|CPNE8_HUMAN,100.0,36.0,0.0,0.0,1.0,36.0,436.0,471.0,1.09e-17,72.8,,,,,"('PLRFVLL', 0, 6)",1,PLRFVLL,0,6,0,...[FWY]..[LVI]
347062,PLRFAQTGIIVHTHVTPYQVRDPMRSWIGKEHKKFVQIL,0,-4.879534402,-2.375301135,,,,347365,108,2,6,0,0,0,36,3,116,sp|Q8N8R5|CB069_HUMAN,100.0,36.0,0.0,0.0,1.0,36.0,320.0,355.0,4.77e-21,82.0,,,,,"('HKKFVQI', 31, 37)",1,HKKFVQI,31,37,0,...[FWY]..[LVI]
347185,PLRIAMPLHMIFRSGSLIANMILGIIILKKRYSIFKYTS,0,-0.289553827,-7.370283061,,,,347488,574,256,1,0,0,0,36,3,831,sp|Q969S0|S35B4_HUMAN,100.0,36.0,0.0,0.0,1.0,36.0,88.0,123.0,6.89e-18,73.2,,,,,"('KKRYSIF', 28, 34)",1,KKRYSIF,28,34,0,...[FWY]..[WFY]
347246,PLRIANFTSDVEYSDDHCHLILPASEAFQDVQGKRHRGK,0,-5.314471459,-2.395200693,,,,347549,73,1,4,0,0,0,36,3,78,sp|O60486|PLXC1_HUMAN,97.222,36.0,1.0,0.0,1.0,36.0,1306.0,1341.0,1.83e-20,80.9,,,,,"('SEAFQDV', 24, 30)",1,SEAFQDV,24,30,0,...[FWY]..[LVI]
347285,PLRFGNKVFLIKWSTMKPPVSLSYAFICKGVI,0,-2.811147427,-2.30691416,,,,347588,103,8,6,0,0,0,29,3,117,sp|Q13724|MOGS_HUMAN,40.909,22.0,13.0,0.0,2.0,23.0,315.0,336.0,1.9,23.9,,,,,"('SLSYAFI', 20, 26)",1,SLSYAFI,20,26,0,...[FWY]..[LVI]
347428,PLRLAPEYILSVSCETASDMYSLGTVMYAVFNKGKPIFK,0,-6.99501162,-5.075740853,,,,347731,234,1,2,0,0,0,36,3,237,sp|Q6P3W7|SCYL2_HUMAN,97.222,36.0,1.0,0.0,1.0,36.0,233.0,268.0,7.82e-19,76.3,,,,,"('TVMYAVF', 24, 30)",1,TVMYAVF,24,30,0,...[FWY]..[WFY]
347560,PLRFEPQSVGDHSGRLIVCYDTGEKVFVSLYGAAIDMNI,0,-4.564270038,-5.966927366,,,,347863,217,5,1,0,0,0,36,3,223,sp|Q4G0P3|HYDIN_HUMAN,100.0,36.0,0.0,0.0,1.0,36.0,262.0,297.0,8.83e-21,81.6,,,,,"('EKVFVSL', 23, 29)",1,EKVFVSL,23,29,0,...[FWY]..[LVI]
347756,PLRIDQLVVTPISQAQAKQRAGRAGRTGPGKCYRLYTER,0,-3.057532704,-5.597693557,,,,348059,168,11,1,0,0,0,36,3,180,sp|Q14562|DHX8_HUMAN,100.0,36.0,0.0,0.0,1.0,36.0,871.0,906.0,1.13e-18,75.5,,,,,"('GKCYRLY', 29, 35)",1,GKCYRLY,29,35,0,...[FWY]..[WFY]
348276,PLRFESSLDYVYQIQEVQESKKFNIVEPVLAFLHSLFIS,0,-1.544185792,-6.754198042,,,,348579,749,140,2,0,0,0,36,3,891,sp|O60890|OPHN1_HUMAN,100.0,36.0,0.0,0.0,1.0,36.0,175.0,210.0,4.15e-18,73.9,,,,,"('SKKFNIV', 19, 25)",1,SKKFNIV,19,25,0,...[FWY]..[LVI]
348405,PLRFDTGNLCMVTGGANLGRIGVITNRERHPGSFDVVHV,0,-3.57090313,-4.973560459,,,,348708,109,5,1,0,0,0,36,3,115,sp|P62701|RS4X_HUMAN,100.0,36.0,0.0,0.0,1.0,36.0,175.0,210.0,5.620000000000001e-21,80.5,,,,,"('PGSFDVV', 30, 36)",1,PGSFDVV,30,36,0,...[FWY]..[LVI]
348473,PLRFVTPLTDLRSDFSKFQEMIETTLDMDQVENHEFLVK,0,-1.932001822,-4.334659151,,,,348776,70,10,1,0,0,0,36,3,81,sp|P43246|MSH2_HUMAN,100.0,36.0,0.0,0.0,1.0,36.0,436.0,471.0,4.11e-19,77.0,,,,,"('RSDFSKF', 11, 17)",1,RSDFSKF,11,17,0,...[FWY]..[WFY]
348628,PLRIAVLGFISLKIHLHLIAKVRPNPSKADRADPQYSEP,0,-4.410049119,-1.490778353,,,,348931,195,5,20,0,0,0,36,3,220,sp|Q7Z3Z4|PIWL4_HUMAN,35.294,34.0,22.0,0.0,3.0,36.0,509.0,542.0,3.7,23.5,,,,,"('VLGFISL', 5, 11)",1,VLGFISL,5,11,0,...[FWY]..[LVI]
348683,PLRFAVQPAVKPWAPLQDSEVYLASLEKKLRRIKGLNQE,0,-3.685361855,-2.280664261,,,,348986,118,5,7,0,0,0,36,3,130,sp|Q9BV29|CCD32_HUMAN,100.0,36.0,0.0,0.0,1.0,36.0,59.0,94.0,1.04e-19,75.9,,,,,"('VKPWAPL', 9, 15)",1,VKPWAPL,9,15,0,...[FWY]..[LVI]
348859,PLRFGYKGSTFHRVIPSFMCQAGDFTNHNGTGGKSIYGS,0,-3.446574995,-1.719949307,,,,349162,80,4,7,0,0,0,36,3,91,sp|P30405|PPIF_HUMAN,100.0,36.0,0.0,0.0,1.0,36.0,88.0,123.0,1.06e-20,78.6,,,,,"('GSTFHRV', 7, 13)",1,GSTFHRV,7,13,0,...[FWY]..[LVI]
348917,PLRFCPCGSLYTVLEEPSNAYGCQNLSS,0,-4.391433441,-3.472162675,,,,349220,77,2,2,0,0,0,25,3,81,sp|Q9UHD2|TBK1_HUMAN,100.0,19.0,0.0,0.0,1.0,19.0,88.0,106.0,1.79e-09,48.9,,,,,"('GSLYTVL', 7, 13)",1,GSLYTVL,7,13,0,...[FWY]..[LVI]
349057,PLRFSCRISFPAFRNCRSGSWGQGEDPELDLYEKHSFVF,0,-4.482198905,-2.977965638,,,,349360,82,2,3,0,0,0,36,3,87,sp|Q8N1C3|GBRG1_HUMAN,47.368,19.0,10.0,0.0,3.0,21.0,412.0,430.0,0.34,26.2,,,,,"('RISFPAF', 6, 12)",1,RISFPAF,6,12,0,...[FWY]..[WFY]
349294,PLRFGFMRHVFPECFELNIAEAPKVSAPLRGAWRLLWEV,0,-5.648208856,-5.72893809,,,,349597,368,4,2,0,0,0,36,3,374,sp|A8MPS7|YDJC_HUMAN,37.931,29.0,18.0,0.0,5.0,33.0,55.0,83.0,6.4,22.7,,,,,"('RGAWRLL', 29, 35)",1,RGAWRLL,29,35,0,...[FWY]..[LVI]
349324,PLRSCFYIHAKMRQEHRNRVFHDFRNGLCRNLVCTDLFT,0,-5.201462497,-6.282191731,,,,349627,270,4,1,0,0,0,36,3,275,sp|P26196|DDX6_HUMAN,100.0,36.0,0.0,0.0,1.0,36.0,360.0,395.0,2.29e-23,89.0,,,,,"('NRVFHDF', 17, 23)",1,NRVFHDF,17,23,0,...[FWY]..[WFY]
349581,PLRFCINFANERLQHYFNQHIFKLEQEEYRTEGISWHNI,0,-0.232226787,-6.589080426,,,,349884,334,155,1,0,0,0,36,3,490,sp|B2RTY4|MYO9A_HUMAN,100.0,36.0,0.0,0.0,1.0,36.0,552.0,587.0,1.5500000000000001e-21,84.0,,,,,"('GISWHNI', 32, 38)",1,GISWHNI,32,38,0,...[FWY]..[LVI]
349591,PLRICIPLYRDTRSEDSTRRLFKFPFLWNNKTSNLHYLL,0,-0.159861593,-1.08189308,,,,349894,705,344,96,0,0,0,36,3,1145,sp|Q9UJX5|APC4_HUMAN,100.0,36.0,0.0,0.0,1.0,36.0,552.0,587.0,2.28e-20,80.5,,,,,"('LFKFPFL', 20, 26)",1,LFKFPFL,20,26,0,...[FWY]..[LVI]
350084,PLRFCSLCCTTSYKVKQAGLTGPPRPCSFCRRSLSDPCY,0,-3.400771305,-1.233573026,,,,350387,155,8,19,0,0,0,36,3,182,sp|Q14202|ZMYM3_HUMAN,100.0,36.0,0.0,0.0,1.0,36.0,523.0,558.0,1.86e-19,77.8,,,,,"('PLRFCSL', 0, 6)",1,PLRFCSL,0,6,0,...[FWY]..[LVI]
350830,PLRFDETELQGEFTRVNMGVHKALQILRNRVDLQHLCGY,0,-0.03025453,-2.532447532,,,,351133,281,150,14,0,0,0,36,3,445,sp|Q658Y4|F91A1_HUMAN,100.0,36.0,0.0,0.0,1.0,36.0,620.0,655.0,3.2800000000000007e-21,82.8,,,,,"('QGEFTRV', 9, 15)",1,QGEFTRV,9,15,0,...[FWY]..[LVI]
350923,PLRFDNCLRKDTTFLESDCENSCLLLWHSINLLSFIP,0,-2.787611913,-1.868341147,,,,351226,76,6,6,0,0,0,34,3,88,sp|O43396|TXNL1_HUMAN,77.273,22.0,5.0,0.0,1.0,22.0,146.0,167.0,1.93e-07,43.9,,,,,"('LLLWHSI', 23, 29)",1,LLLWHSI,23,29,0,...[FWY]..[LVI]
351734,PLRIDKYRVETCCVIGNYYSLRSQHEKAALYFQRALKLN,0,-0.288058595,-4.578241194,,,,352039,663,296,8,0,0,0,36,3,967,sp|Q9UJX2|CDC23_HUMAN,100.0,36.0,0.0,0.0,1.0,36.0,326.0,361.0,1.11e-19,78.6,,,,,"('IGNYYSL', 14, 20)",1,IGNYYSL,14,20,0,...[FWY]..[LVI]
351861,PLRLESRVATRWDIQKYAREAYNLGVRYIGGCCGFEPYH,0,-0.925742832,-1.465903684,,,,352166,345,99,36,0,0,0,36,3,480,sp|Q93088|BHMT1_HUMAN,97.222,36.0,1.0,0.0,1.0,36.0,271.0,306.0,1.89e-21,83.2,,,,,"('CCGFEPY', 31, 37)",1,CCGFEPY,31,37,0,...[FWY]..[WFY]
352653,PLRFEVLDPSECSFLEKPPSQQSCHLKPCGAKWFSTEWS,0,-3.739356744,-4.820085978,,,,352958,98,4,1,0,0,0,36,3,103,sp|Q6ZMP0|THSD4_HUMAN,100.0,36.0,0.0,0.0,1.0,36.0,887.0,922.0,6.57e-20,79.3,,,,,"('PLRFEVL', 0, 6)",1,PLRFEVL,0,6,0,...[FWY]..[LVI]
352743,PLRLFDVVSKIYIATDSTPVDMQTYELCCDMIDVVIDIS,0,-4.253929917,-5.334659151,,,,353048,420,12,3,0,0,0,36,3,435,sp|Q9NQL2|RRAGD_HUMAN,100.0,36.0,0.0,0.0,1.0,36.0,262.0,297.0,2.88e-18,74.3,,,,,"('LRLFDVV', 1, 7)",1,LRLFDVV,1,7,0,...[FWY]..[LVI]
353056,PLRFEARKMIGICPQLDIHFDVLTVEENLSILASIKGIP,0,-0.130905891,-6.057125175,,,,353361,231,115,1,0,0,0,36,3,347,sp|Q8WWZ7|ABCA5_HUMAN,100.0,36.0,0.0,0.0,1.0,36.0,552.0,587.0,3.57e-19,77.0,,,,,"('DIHFDVL', 16, 22)",1,DIHFDVL,16,22,0,...[FWY]..[LVI]
353115,PLRVSDFECSLCMRLFFEPVTTPCGHSFCKNCLERCLD,0,-4.85935652,-3.618157659,,,,353420,213,4,5,0,0,0,35,3,222,sp|Q17RB8|LONF1_HUMAN,100.0,35.0,0.0,0.0,1.0,35.0,474.0,508.0,1.43e-19,78.2,,,,,"('RLFFEPV', 13, 19)",1,RLFFEPV,13,19,0,...[FWY]..[LVI]
353832,PLRFVGCLQDIKIDWNHITLENISSGSSLNVKAGCVRKD,0,-6.477793726,-5.558522959,,,,354138,327,2,2,0,0,0,36,3,331,sp|P82279|CRUM1_HUMAN,100.0,36.0,0.0,0.0,1.0,36.0,639.0,674.0,5.22e-19,76.6,,,,,"('KIDWNHI', 11, 17)",1,KIDWNHI,11,17,0,...[FWY]..[LVI]
354184,PLRLEIVAYEARRLFRDKIVGAKELHLFDIILTSVFQGD,0,-0.79980721,-4.419695255,,,,354492,594,186,8,0,0,0,36,3,788,sp|Q8NCM8|DYHC2_HUMAN,100.0,36.0,0.0,0.0,1.0,36.0,2524.0,2559.0,9.78e-19,75.9,,,,,"('LHLFDII', 24, 30)",1,LHLFDII,24,30,0,...[FWY]..[LVI]
354291,PLRIEKFVTDIDELGKDLLLKCLTFNPAKRISAYSALSH,0,-0.884383802,-1.517654059,,,,354599,298,88,30,0,0,0,36,3,416,sp|Q00534|CDK6_HUMAN,100.0,36.0,0.0,0.0,1.0,36.0,262.0,297.0,3e-19,76.6,,,,,"('ISAYSAL', 30, 36)",1,ISAYSAL,30,36,0,...[FWY]..[LVI]
354410,PLRIEKRRGEKLDKVLALELFEQITKGVDYIHSKKLIHR,0,-6.261638012,-6.342367246,,,,354719,563,4,2,0,0,0,36,3,569,sp|P19525|E2AK2_HUMAN,100.0,36.0,0.0,0.0,1.0,36.0,378.0,413.0,3.64e-18,74.3,,,,,"('LELFEQI', 17, 23)",1,LELFEQI,17,23,0,...[FWY]..[LVI]
354525,PLRLELLINNQDYRNNHALFGVLNYTKTPGGSRRLRSNI,0,-3.703585613,-3.521280441,,,,354834,239,10,6,0,0,0,36,3,255,sp|O15457|MSH4_HUMAN,97.222,36.0,1.0,0.0,1.0,36.0,320.0,355.0,3.22e-19,77.4,,,,,"('HALFGVL', 16, 22)",1,HALFGVL,16,22,0,...[FWY]..[LVI]
354656,PLRIEMNINKIGLLVIIGQLPPRLPPFLMLKRLAKL,0,-2.1246469,-2.012731056,,,,354966,56,7,4,0,0,0,33,3,67,sp|Q5SZB4|CI050_HUMAN,55.0,20.0,9.0,0.0,12.0,31.0,71.0,90.0,0.71,25.0,,,,,"('LPPFLML', 23, 29)",1,LPPFLML,23,29,0,...[FWY]..[LVI]
354753,PLRIEKLKHSYNESYHCKDADCRVGPDLGSSVSFSVISQ,0,-4.190736091,-4.271465324,,,,355063,67,2,1,0,0,0,36,3,70,sp|Q2KHM9|MOONR_HUMAN,100.0,36.0,0.0,0.0,1.0,36.0,59.0,94.0,2.6e-19,77.4,,,,,"('SVSFSVI', 30, 36)",1,SVSFSVI,30,36,0,...[FWY]..[LVI]
354772,PLRIENMDTFSNLLYVRSMKSELSYLAHNLCEIDKYRVE,0,-5.539684399,-4.205376134,,,,355082,256,3,4,0,0,0,36,3,263,sp|Q9UJX2|CDC23_HUMAN,100.0,36.0,0.0,0.0,1.0,36.0,297.0,332.0,5.13e-19,76.6,,,,,"('MDTFSNL', 6, 12)",1,MDTFSNL,6,12,0,...[FWY]..[LVI]
355067,PLRLERSRQSARECRARKKLRYQYLEELVSSRERAICAL,0,-3.620501927,-3.701231161,,,,355378,361,16,8,0,0,0,36,3,385,sp|O60519|CRBL2_HUMAN,100.0,36.0,0.0,0.0,1.0,36.0,30.0,65.0,1.42e-18,71.2,,,,,"('KLRYQYL', 18, 24)",1,KLRYQYL,18,24,0,...[FWY]..[LVI]
355780,PLRFFAKDMALVAPEAPSEQARRVFQTYDPEDNGFIPDS,0,-0.09109434,-1.366839557,,,,356091,170,87,19,0,0,0,36,3,276,sp|Q9H8M7|MINY3_HUMAN,100.0,36.0,0.0,0.0,1.0,36.0,291.0,326.0,1.76e-20,80.9,,,,,"('RRVFQTY', 21, 27)",1,RRVFQTY,21,27,0,...[FWY]..[WFY]
355803,PLRFVANSLSTPYVAICGSYTVSVHLAAYLYPSPASI,0,-6.129469284,-7.017553439,,,,356114,899,7,2,0,0,0,34,3,908,sp|P25325|THTM_HUMAN,50.0,28.0,12.0,1.0,6.0,31.0,240.0,267.0,0.29,26.2,,,,,"('STPYVAI', 9, 15)",1,STPYVAI,9,15,0,...[FWY]..[LVI]
356118,PLRFVDIQDGKILMALLEVLSGRNLLHEYKSSSHRIFRL,0,-4.944825863,-4.440592596,,,,356430,226,4,3,0,0,0,36,3,233,sp|Q96JQ2|CLMN_HUMAN,100.0,36.0,0.0,0.0,1.0,36.0,59.0,94.0,3.51e-19,77.0,,,,,"('PLRFVDI', 0, 6)",1,PLRFVDI,0,6,0,...[FWY]..[LVI]
356258,PLRFFLSHLSFADVCFSSNVTPKMLENLLSETKTISYVG,0,-0.573954301,-3.033195158,,,,356571,142,52,5,0,0,0,36,3,199,sp|Q8NGP3|OR5M9_HUMAN,100.0,36.0,0.0,0.0,1.0,36.0,59.0,94.0,7.26e-19,75.5,,,,,"('HLSFADV', 7, 13)",1,HLSFADV,7,13,0,...[FWY]..[LVI]
356298,PLRFFLSLSFCCQGPQPAESSSPPLPGASCFSLSCTPLF,0,-1.852567355,-3.348334088,,,,356611,106,16,3,0,0,0,36,3,125,sp|Q9UK96|FBX10_HUMAN,50.0,34.0,14.0,1.0,5.0,35.0,374.0,407.0,0.009,30.8,,,,,"('LRFFLSL', 1, 7)",1,LRFFLSL,1,7,0,...[FWY]..[LVI]
356493,PLRIFPANPANISVALRALGSSYTIPEAWLLLANVVVVL,0,-2.294571902,-1.960263636,,,,356806,54,6,4,0,0,0,36,3,64,sp|Q8IY34|S15A3_HUMAN,97.222,36.0,1.0,0.0,1.0,36.0,349.0,384.0,4e-16,68.6,,,,,"('PEAWLLL', 25, 31)",1,PEAWLLL,25,31,0,...[FWY]..[LVI]
356616,PLRIFPTYGVTPNHSAFSMHALLVNHYMKGGFYPRGGSS,0,-1.929390609,-5.72893809,,,,356929,552,79,3,0,0,0,36,3,634,sp|Q6NUM9|RETST_HUMAN,100.0,36.0,0.0,0.0,1.0,36.0,262.0,297.0,7.54e-21,82.0,,,,,"('LRIFPTY', 1, 7)",1,LRIFPTY,1,7,0,...[FWY]..[WFY]
357021,PLRLFSIPPPATFPLPRAAPDSGLPLFRDLRPPGPLRDL,0,-2.914723831,-3.580415565,,,,357337,166,12,4,0,0,0,36,3,182,sp|Q8NBT3|TM145_HUMAN,97.222,36.0,1.0,0.0,1.0,36.0,458.0,493.0,3.56e-16,68.6,,,,,"('LPLFRDL', 23, 29)",1,LPLFRDL,23,29,0,...[FWY]..[LVI]
357737,PLRVFIYHGSANGINTKPTQVLKGISPYFGYSIPGNMDL,0,-4.169041019,-4.249770253,,,,358055,132,4,2,0,0,0,36,3,138,sp|P23229|ITA6_HUMAN,97.222,36.0,1.0,0.0,1.0,36.0,446.0,481.0,7.1e-20,79.0,,,,,"('ISPYFGY', 24, 30)",1,ISPYFGY,24,30,0,...[FWY]..[WFY]
358280,PLRFGQSISGQIDADNNGYVDVAVGAFRSDSAVLLRTRP,0,-5.01541783,-4.681109565,,,,358598,178,3,2,0,0,0,36,3,183,sp|P13612|ITA4_HUMAN,100.0,36.0,0.0,0.0,1.0,36.0,430.0,465.0,1.96e-19,77.8,,,,,"('NNGYVDV', 15, 21)",1,NNGYVDV,15,21,0,...[FWY]..[LVI]
358359,PLRFGIKLLIPVADGMNEMYLRCDHENQYAQWMAACMLA,0,-6.988833045,-6.069562278,,,,358677,233,1,1,0,0,0,36,3,235,sp|Q9BQL6|FERM1_HUMAN,100.0,36.0,0.0,0.0,1.0,36.0,436.0,471.0,3.21e-22,85.9,,,,,"('ENQYAQW', 25, 31)",1,ENQYAQW,25,31,0,...[FWY]..[WFY]
358389,PLRIGFLLMLLPEEWDEITLRFINSLKEKKSEEHVDDVT,0,-2.169041019,-3.249770253,,,,358708,66,8,2,0,0,0,36,3,76,sp|A4IF30|S35F4_HUMAN,100.0,36.0,0.0,0.0,1.0,36.0,465.0,500.0,4.2e-20,79.7,,,,,"('PEEWDEI', 11, 17)",1,PEEWDEI,11,17,0,...[FWY]..[LVI]
358728,PLRLGHISLPSMIRKIFATLTRPLTLFYENSKLDEVPKV,0,-3.432075425,-4.834732754,,,,359047,99,5,1,0,0,0,36,3,105,sp|Q5UIP0|RIF1_HUMAN,97.222,36.0,1.0,0.0,1.0,36.0,842.0,877.0,1.16e-18,75.5,,,,,"('RKIFATL', 13, 19)",1,RKIFATL,13,19,0,...[FWY]..[LVI]
358879,PLRIGILDMNFKPLANLRSLVLAGMYLTDIPGNALVGLD,0,-4.065484828,-4.953568983,,,,359198,215,7,2,0,0,0,36,3,224,sp|Q6UXK5|LRRN1_HUMAN,100.0,36.0,0.0,0.0,1.0,36.0,204.0,239.0,4.09e-19,77.0,,,,,"('DMNFKPL', 7, 13)",1,DMNFKPL,7,13,0,...[FWY]..[LVI]
359055,PLRLFSTTNVNNATTTCFEGFSKRV,0,-0.10921686,-4.744534945,,,,359374,93,47,1,0,0,0,22,3,141,sp|Q99677|LPAR4_HUMAN,100.0,22.0,0.0,0.0,1.0,22.0,175.0,196.0,1.37e-08,46.2,,,,,"('TTCFEGF', 14, 20)",1,TTCFEGF,14,20,0,...[FWY]..[WFY]
359117,PLRFFTSGTSGYPKMTAHTHSSFGLGLSVNGRFWLDLTP,0,-0.709609401,-0.915869517,,,,359436,72,24,11,0,0,0,36,3,107,sp|Q53FZ2|ACSM3_HUMAN,100.0,36.0,0.0,0.0,1.0,36.0,233.0,268.0,1.52e-19,78.2,,,,,"('GRFWLDL', 30, 36)",1,GRFWLDL,30,36,0,...[FWY]..[LVI]
359226,PLRIFTVKELTNKKIIMKWRCGNWPEEHYAMVALNFVPT,0,-1.41470448,-6.390251477,,,,359545,582,119,2,0,0,0,36,3,703,sp|Q719I0|AHSA2_HUMAN,100.0,36.0,0.0,0.0,1.0,36.0,221.0,256.0,4.41e-21,81.3,,,,,"('EEHYAMV', 25, 31)",1,EEHYAMV,25,31,0,...[FWY]..[LVI]
360122,PLRFRKSIGILNIFKVRVTPVQGWGRLSIHKFEAQGVPC,0,-1.856858964,-4.01559071,,,,360442,1010,152,18,0,0,0,36,3,1180,sp|Q8NDA8|MROH1_HUMAN,92.857,14.0,1.0,0.0,1.0,14.0,715.0,728.0,0.019,29.6,,,,,"('VQGWGRL', 20, 26)",1,VQGWGRL,20,26,0,...[FWY]..[LVI]
361195,PLRRKGMFRTVGQLYKEQLAKLMATLRNTNPNFVRCIIP,0,-1.49388071,-2.574609944,,,,361517,62,12,3,0,0,0,36,3,77,sp|P35579|MYH9_HUMAN,100.0,36.0,0.0,0.0,1.0,36.0,639.0,674.0,9.19e-20,79.0,,,,,"('KGMFRTV', 4, 10)",1,KGMFRTV,4,10,0,...[FWY]..[LVI]
361252,PLRIGSGIFVSPKGVLVHTASYGMSLIVWAIGGLFSVVD,0,-5.99192564,-4.750726779,,,,361574,467,4,5,0,0,0,36,3,476,sp|Q92536|YLAT2_HUMAN,100.0,35.0,0.0,0.0,1.0,35.0,59.0,93.0,1.32e-16,69.7,,,,,"('GGLFSVV', 31, 37)",1,GGLFSVV,31,37,0,...[FWY]..[LVI]
361283,PLRIGSIWILAFLLAFPQCLYSKTKVMPGRTLCFVQWPE,0,-2.550911655,-4.631640889,,,,361605,86,8,1,0,0,0,36,3,95,sp|P29371|NK3R_HUMAN,100.0,36.0,0.0,0.0,1.0,36.0,204.0,239.0,4.28e-20,79.7,,,,,"('TLCFVQW', 30, 36)",1,TLCFVQW,30,36,0,...[FWY]..[WFY]
361532,PLRFGTRYVFPQIILSGSQLAPERHYEISRDGRLRSRSG,0,-1.690993723,-0.565272079,,,,361854,77,13,15,0,0,0,36,3,105,sp|O95497|VNN1_HUMAN,57.576,33.0,13.0,1.0,1.0,33.0,431.0,462.0,2.87e-07,43.5,,,,,"('RYVFPQI', 6, 12)",1,RYVFPQI,6,12,0,...[FWY]..[LVI]
361792,PLRQELQGCHTVCGTEVFGWTPWTSGPPAPKAALPRVG,0,-4.037536236,-3.533302969,,,,362115,241,8,6,0,0,0,35,3,255,sp|A2VEC9|SSPO_HUMAN,100.0,22.0,0.0,0.0,1.0,22.0,2760.0,2781.0,9.36e-10,50.4,,,,,"('VFGWTPW', 16, 22)",1,VFGWTPW,16,22,0,...[FWY]..[WFY]
361799,PLRFVYCLPRKSPKSLYNPYDLQVINIVGSVKEVELIPT,0,-6.892831225,-4.973560459,,,,362122,218,1,2,0,0,0,36,3,221,sp|Q0VDD8|DYH14_HUMAN,91.304,23.0,2.0,0.0,1.0,23.0,302.0,324.0,5.57e-10,50.8,,,,,"('KSLYNPY', 13, 19)",1,KSLYNPY,13,19,0,...[FWY]..[WFY]
362188,PLRFPETYIHLKEATVEDLGQHETVIPGELPLVHELTST,0,-4.055384238,-3.551150971,,,,362511,122,4,3,0,0,0,36,3,129,sp|Q9H7D0|DOCK5_HUMAN,97.222,36.0,1.0,0.0,1.0,36.0,59.0,94.0,7.76e-18,73.2,,,,,"('PETYIHL', 4, 10)",1,PETYIHL,4,10,0,...[FWY]..[LVI]
362376,PLRFRHGSRITRWLSDFVAAQEKKFAVLLNSLILAKCFR,0,-0.041921978,-1.04865063,,,,362699,610,323,85,0,0,0,36,3,1018,sp|A2PYH4|HFM1_HUMAN,100.0,36.0,0.0,0.0,1.0,36.0,885.0,920.0,3e-20,80.1,,,,,"('EKKFAVL', 21, 27)",1,EKKFAVL,21,27,0,...[FWY]..[LVI]
362526,PLRFHKTCFHCMACRKALDSTTVAAHESEIYCKVCYGRR,0,-2.887147586,-2.775231742,,,,362849,95,7,4,0,0,0,36,3,106,sp|P50461|CSRP3_HUMAN,100.0,36.0,0.0,0.0,1.0,36.0,30.0,65.0,7.87e-21,79.0,,,,,"('SEIYCKV', 27, 33)",1,SEIYCKV,27,33,0,...[FWY]..[LVI]
362731,PLRIHLLSDKNLQIRLKVLDVLICVWLFFSPTKTSCFR,0,-5.556492687,-8.222184422,,,,363054,1036,12,1,0,0,0,35,3,1049,sp|O43156|TTI1_HUMAN,91.304,23.0,1.0,1.0,1.0,22.0,871.0,893.0,2.82e-06,40.4,,,,,"('ICVWLFF', 22, 28)",1,ICVWLFF,22,28,0,...[FWY]..[WFY]
363011,PLRFNPYNNRKSEGRIVYGLRPGRSYQFNVKTVSGDSWK,0,-1.809145074,-2.69722923,,,,363335,90,14,4,0,0,0,36,3,108,sp|P23467|PTPRB_HUMAN,100.0,36.0,0.0,0.0,1.0,36.0,1306.0,1341.0,6.22e-20,79.3,,,,,"('PLRFNPY', 0, 6)",1,PLRFNPY,0,6,0,...[FWY]..[WFY]
363557,PLRSFHVYLYTLKNIASETQAGLQQDRFSPSLNVQVALG,0,-4.078843211,-0.252681849,,,,363882,62,2,15,0,0,0,36,3,79,sp|P49642|PRI1_HUMAN,33.333,27.0,18.0,0.0,9.0,35.0,272.0,298.0,2.6,23.9,,,,,"('LRSFHVY', 1, 7)",1,LRSFHVY,1,7,0,...[FWY]..[WFY]
363627,PLRIIAAAAVKFNSDQLNHLFVLIQKLGD,0,-1.825086618,-3.905815852,,,,363952,52,8,1,0,0,0,26,3,61,sp|Q9UPU5|UBP24_HUMAN,100.0,23.0,0.0,0.0,1.0,23.0,496.0,518.0,1.09e-09,49.7,,,,,"('NHLFVLI', 17, 23)",1,NHLFVLI,17,23,0,...[FWY]..[LVI]
364300,PLRIIFANYIARDTRRLGATILDRIHSLQINSSLSTYSL,0,-5.96899603,-6.509156882,,,,364626,1264,11,4,0,0,0,36,3,1279,sp|Q5VZM2|RRAGB_HUMAN,100.0,36.0,0.0,0.0,1.0,36.0,59.0,94.0,9.84e-18,72.8,,,,,"('RIIFANY', 2, 8)",1,RIIFANY,2,8,0,...[FWY]..[WFY]
364362,PLRFIIKLQTSLYDPGFLQQLHTVGLIVQYEGLLSTYSD,0,-2.147014713,-3.227743947,,,,364688,65,8,2,0,0,0,36,3,75,sp|O15327|INP4B_HUMAN,100.0,36.0,0.0,0.0,1.0,36.0,639.0,674.0,1.35e-18,75.5,,,,,"('IVQYEGL', 26, 32)",1,IVQYEGL,26,32,0,...[FWY]..[LVI]
364528,PLRVIGMRSFIKAENTTHAMSIKILCCADCLMGVYLFFV,0,-4.719593489,-5.385285224,,,,364854,145,3,1,0,0,0,36,3,149,sp|Q8WXD0|RXFP2_HUMAN,100.0,36.0,0.0,0.0,1.0,36.0,436.0,471.0,2.38e-18,74.7,,,,,"('MGVYLFF', 31, 37)",1,MGVYLFF,31,37,0,...[FWY]..[WFY]
364746,PLRFLIGGLCVLVVKLKIKSWQWKKL,0,-0.145708516,-1.755905138,,,,365073,621,306,53,0,0,0,23,3,980,sp|Q8N2E2|VWDE_HUMAN,53.333,15.0,7.0,0.0,4.0,18.0,3.0,17.0,3.2,22.7,,,,,"('SWQWKKL', 19, 25)",1,SWQWKKL,19,25,0,...[FWY]..[LVI]
365008,PLRLLKFLMYSEEQKEIEEVETLPTLLGKDTTISGKGS,0,-4.782858383,-4.863587617,,,,365335,101,2,1,0,0,0,35,3,104,sp|Q8N4N8|KIF2B_HUMAN,100.0,17.0,0.0,0.0,19.0,35.0,600.0,616.0,6.77e-05,36.6,,,,,"('LLKFLMY', 3, 9)",1,LLKFLMY,3,9,0,...[FWY]..[WFY]
365015,PLRLIKKAKFLNAYITVSEEVALKQAEESEKRYKNGQSL,0,-0.115801409,-2.34892572,,,,365342,813,409,46,0,0,0,36,3,1268,sp|Q9H0R6|GATA_HUMAN,97.222,36.0,1.0,0.0,1.0,36.0,30.0,65.0,5.02e-17,70.9,,,,,"('LNAYITV', 10, 16)",1,LNAYITV,10,16,0,...[FWY]..[LVI]
365476,PLRLIGPDGEFLDYFGQNKRKVKLLLQLPHTCVHTVKR,0,-3.1246469,-4.205376134,,,,365804,64,4,1,0,0,0,35,3,69,sp|O75880|SCO1_HUMAN,100.0,18.0,0.0,0.0,1.0,18.0,266.0,283.0,1.41e-07,44.3,,,,,"('DGEFLDY', 7, 13)",1,DGEFLDY,7,13,0,...[FWY]..[WFY]
365668,PLRFIPQFSAGHPSTTARRPVTTSQSLFCYFSGSHGEGH,0,-0.496095131,-5.554104288,,,,365996,163,63,1,0,0,0,36,3,227,sp|Q70EL4|UBP43_HUMAN,45.455,22.0,12.0,0.0,15.0,36.0,840.0,861.0,0.99,25.0,,,,,"('QSLFCYF', 24, 30)",1,QSLFCYF,24,30,0,...[FWY]..[WFY]
365779,PLRIIQAVVMQGGISTILNDAYDGGRLNFWNFNPNPLQR,0,-1.274963617,-0.654216341,,,,366108,475,107,87,0,0,0,36,3,669,sp|Q8N695|SC5A8_HUMAN,100.0,36.0,0.0,0.0,1.0,36.0,204.0,239.0,6.89e-20,79.0,,,,,"('RLNFWNF', 25, 31)",1,RLNFWNF,25,31,0,...[FWY]..[WFY]
366054,PLRIISHIIRHMDIVTCLATDYCGIHLISGSRDTTCMIW,0,-4.944825863,-4.025555096,,,,366384,113,2,2,0,0,0,36,3,117,sp|Q6ZS30|NBEL1_HUMAN,100.0,36.0,0.0,0.0,1.0,36.0,2433.0,2468.0,3.35e-22,85.9,,,,,"('ATDYCGI', 18, 24)",1,ATDYCGI,18,24,0,...[FWY]..[LVI]
366067,PLRFISKLVDEGSLCDGDVIIKTQSYSKETPSFTQLHDL,0,-4.13747094,-6.025555096,,,,366397,226,7,1,0,0,0,36,3,234,sp|Q9NZJ4|SACS_HUMAN,61.905,21.0,8.0,0.0,2.0,22.0,1669.0,1689.0,1.7,24.3,,,,,"('TPSFTQL', 29, 35)",1,TPSFTQL,29,35,0,...[FWY]..[LVI]
366272,PLRFITGTKLDSSGVAFAVVGACQALGLRDVHLALSEDH,0,-2.946648598,-2.512804659,,,,366602,99,7,5,0,0,0,36,3,111,sp|O00255|MEN1_HUMAN,100.0,33.0,0.0,0.0,4.0,36.0,154.0,186.0,2.9e-17,71.6,,,,,"('GVAFAVV', 13, 19)",1,GVAFAVV,13,19,0,...[FWY]..[LVI]
366607,PLRIIYGMGAKSLGEQMGIKENDAACYIDSFKSRYTGIN,0,-4.00239115,-5.405048479,,,,366937,147,5,1,0,0,0,36,3,153,sp|O75417|DPOLQ_HUMAN,100.0,36.0,0.0,0.0,1.0,36.0,2389.0,2424.0,1.5e-20,80.9,,,,,"('KSRYTGI', 31, 37)",1,KSRYTGI,31,37,0,...[FWY]..[LVI]
366679,PLRFKAADLNGDLTATREEFTAFLHPEELNI,0,-0.022767286,-1.447450921,,,,367009,123,66,13,0,0,0,28,3,202,sp|Q15293|RCN1_HUMAN,96.154,26.0,1.0,0.0,1.0,26.0,175.0,200.0,3.41e-11,53.9,,,,,"('REEFTAF', 16, 22)",1,REEFTAF,16,22,0,...[FWY]..[WFY]
367037,PLRFKEEIEQSLTKRDEFEFLEKASKLVVSQQSQSTSR,0,-4.602694197,-6.490778353,,,,367367,312,7,1,0,0,0,35,3,320,sp|Q14258|TRI25_HUMAN,95.833,24.0,1.0,0.0,1.0,24.0,291.0,314.0,6.39e-09,48.1,,,,,"('RDEFEFL', 14, 20)",1,RDEFEFL,14,20,0,...[FWY]..[LVI]
367090,PLRFKEKASSLRIISAVIESMKYWREHTQKTVLLFEVLA,0,-3.347039321,-1.427768555,,,,367420,56,3,6,0,0,0,36,3,65,sp|Q8NHS9|SPT22_HUMAN,97.222,36.0,1.0,0.0,1.0,36.0,233.0,268.0,2.5e-18,74.3,,,,,"('VLLFEVL', 31, 37)",1,VLLFEVL,31,37,0,...[FWY]..[LVI]
367125,PLRIKDMAKDSDYKFSLQFEELKLIGLDIPHFAADLPLN,0,-0.009876713,-3.499996883,,,,367455,157,85,4,0,0,0,36,3,246,sp|Q16827|PTPRO_HUMAN,100.0,36.0,0.0,0.0,1.0,36.0,927.0,962.0,3.25e-20,80.1,,,,,"('SLQFEEL', 15, 21)",1,SLQFEEL,15,21,0,...[FWY]..[LVI]
367303,PLRIKEEQKKYETEEGVNKAAWQKTVNNNQQSLFQRLDP,0,-2.906006614,-2.401773347,,,,367633,55,4,3,0,0,0,36,3,62,sp|Q99698|LYST_HUMAN,100.0,35.0,0.0,0.0,1.0,35.0,2843.0,2877.0,1.1e-17,72.8,,,,,"('QSLFQRL', 30, 36)",1,QSLFQRL,30,36,0,...[FWY]..[LVI]
367530,PLRFKFLLTFLVALAVGTMSGDALLHLLPHSQGGHDHSH,0,-2.802718805,-3.620413633,,,,367860,128,10,3,0,0,0,36,3,141,sp|Q9ULF5|S39AA_HUMAN,100.0,36.0,0.0,0.0,1.0,36.0,436.0,471.0,6.89e-18,73.6,,,,,"('PLRFKFL', 0, 6)",1,PLRFKFL,0,6,0,...[FWY]..[LVI]
367655,PLRLKGGNYGWRAKEGFACYDKKLCHNASLDDVLPIYAY,0,-0.310339217,-3.898863091,,,,367985,207,91,4,0,0,0,36,3,302,sp|Q6UWX4|HIPL2_HUMAN,100.0,36.0,0.0,0.0,1.0,36.0,457.0,492.0,3.98e-20,79.7,,,,,"('KEGFACY', 13, 19)",1,KEGFACY,13,19,0,...[FWY]..[WFY]
367924,PLRFKIDSLRDKVTRIVLLWVNNHFNDFEGDPAMTRFLE,0,-2.026184261,-4.276838496,,,,368255,269,36,4,0,0,0,36,3,309,sp|Q8TEU7|RPGF6_HUMAN,100.0,36.0,0.0,0.0,1.0,36.0,465.0,500.0,2.2100000000000003e-21,83.2,,,,,"('NNHFNDF', 21, 27)",1,NNHFNDF,21,27,0,...[FWY]..[WFY]
368096,PLRLKKFPGATPAKNNWKMQKLWAKFRENLIKWSQKMA,0,-1.367503424,-7.355123253,,,,368427,568,120,1,0,0,0,35,3,689,sp|Q8N184|ZN567_HUMAN,35.484,31.0,20.0,0.0,4.0,34.0,68.0,98.0,0.24,26.6,,,,,"('QKLWAKF', 19, 25)",1,QKLWAKF,19,25,0,...[FWY]..[WFY]
368403,PLRIKLKNKKGLVSLIDLLVLFTQLIYYSPSCPKMTSAA,0,-5.686889324,-5.767618558,,,,368734,189,2,1,0,0,0,36,3,192,sp|Q96NH3|BROMI_HUMAN,100.0,36.0,0.0,0.0,1.0,36.0,451.0,486.0,4.42e-18,73.9,,,,,"('LVLFTQL', 18, 24)",1,LVLFTQL,18,24,0,...[FWY]..[LVI]
368468,PLRFKLTAKAVAVLLPILGTSWVFGVLAVNGCAVVFQYM,0,-3.063246355,-3.72893809,,,,368799,92,6,2,0,0,0,36,3,100,sp|Q6QNK2|AGRD1_HUMAN,100.0,36.0,0.0,0.0,1.0,36.0,755.0,790.0,4.11e-18,73.9,,,,,"('SWVFGVL', 20, 26)",1,SWVFGVL,20,26,0,...[FWY]..[LVI]
368591,PLRFKMSERLHGNWIRLYLEEKHSEVLFNLGSKVLRQYL,0,-3.27439402,-2.355123253,,,,368922,71,4,4,0,0,0,36,3,79,sp|Q5H8A4|PIGG_HUMAN,100.0,36.0,0.0,0.0,1.0,36.0,378.0,413.0,1.6e-20,80.9,,,,,"('HGNWIRL', 10, 16)",1,HGNWIRL,10,16,0,...[FWY]..[LVI]
368764,PLRFNNTTAFPILRGSNCHKITAPGLGKGQLVNLLPPEN,0,-3.787611913,-1.868341147,,,,369095,76,3,6,0,0,0,36,3,85,sp|Q9UF12|HYPDH_HUMAN,100.0,36.0,0.0,0.0,1.0,36.0,30.0,65.0,9.1e-21,81.6,,,,,"('TTAFPIL', 6, 12)",1,TTAFPIL,6,12,0,...[FWY]..[LVI]
369266,PLRIKSRIQVLSMSGKQAGFIRTFINVVKNEGITALYSG,0,-1.522177681,-3.561327811,,,,369598,901,171,22,0,0,0,36,3,1094,sp|Q9Y619|ORNT1_HUMAN,100.0,36.0,0.0,0.0,1.0,36.0,233.0,268.0,2.8e-18,73.9,,,,,"('IRTFINV', 20, 26)",1,IRTFINV,20,26,0,...[FWY]..[LVI]
369599,PLRVKVSAGDADSGVNAEVSYSFFDASEDILTTFQINPF,0,-2.879534402,-5.545226137,,,,369931,162,12,1,0,0,0,36,3,175,sp|Q9Y5E1|PCDB9_HUMAN,100.0,36.0,0.0,0.0,1.0,36.0,262.0,297.0,3.35e-18,74.3,,,,,"('EVSYSFF', 17, 23)",1,EVSYSFF,17,23,0,...[FWY]..[WFY]
369647,PLRIKWIKNKYGMDLKVTHLGQKGFLNAIETALAFGDVI,0,-3.287267101,-4.827427953,,,,369979,197,11,2,0,0,0,36,3,210,sp|Q96DT5|DYH11_HUMAN,100.0,36.0,0.0,0.0,1.0,36.0,3503.0,3538.0,3.05e-20,80.1,,,,,"('ALAFGDV', 31, 37)",1,ALAFGDV,31,37,0,...[FWY]..[LVI]
369825,PLRFLTDSSCCGYHKASYYLAVFYETGLNVPRDQLQGML,0,-3.428427648,-3.924194381,,,,370157,158,8,3,0,0,0,36,3,169,sp|Q68CR1|SE1L3_HUMAN,100.0,36.0,0.0,0.0,1.0,36.0,560.0,595.0,2.53e-20,80.5,,,,,"('ASYYLAV', 15, 21)",1,ASYYLAV,15,21,0,...[FWY]..[LVI]
369869,PLRFLTFAVERENVIEYKHCLITKNENEEYNLSGTKKNF,0,-0.985940629,-5.973560459,,,,370201,218,60,1,0,0,0,36,3,279,sp|O60674|JAK2_HUMAN,100.0,36.0,0.0,0.0,1.0,36.0,436.0,471.0,9.12e-19,75.9,,,,,"('PLRFLTF', 0, 6)",1,PLRFLTF,0,6,0,...[FWY]..[WFY]
370118,PLRILARKEYASLIELTTQSLSELEAQFLRMSKVPTDLA,0,-0.432075425,-5.419695255,,,,370450,297,120,2,0,0,0,36,3,419,sp|Q8NF91|SYNE1_HUMAN,100.0,36.0,0.0,0.0,1.0,36.0,4670.0,4705.0,1.64e-17,72.4,,,,,"('RKEYASL', 6, 12)",1,RKEYASL,6,12,0,...[FWY]..[LVI]
370144,PLRVLARYDIKALIGTGSFSRVVRVEQKTTKKPFAIKVM,0,-4.169041019,-3.249770253,,,,370476,198,6,6,0,0,0,36,3,210,sp|Q96QS6|KPSH2_HUMAN,100.0,36.0,0.0,0.0,1.0,36.0,59.0,94.0,8.67e-18,73.2,,,,,"('TGSFSRV', 15, 21)",1,TGSFSRV,15,21,0,...[FWY]..[LVI]
370160,PLRRADRYPIWSQQGDIDLQKDDEDTRDALVKKLSAQNV,0,-3.982627895,-5.64831963,,,,370492,174,6,1,0,0,0,36,3,181,sp|Q9NYB0|TE2IP_HUMAN,83.333,36.0,6.0,0.0,1.0,36.0,355.0,390.0,1.37e-14,63.9,,,,,"('ADRYPIW', 4, 10)",1,ADRYPIW,4,10,0,...[FWY]..[WFY]
370176,PLRFLASNAALSVAALSADQWLAVASHCATPVACVRAM,0,-0.856951117,-1.891876661,,,,370508,206,62,16,0,0,0,35,3,284,sp|Q8NDV2|GPR26_HUMAN,66.667,21.0,7.0,0.0,1.0,21.0,88.0,108.0,0.008,30.8,,,,,"('ADQWLAV', 17, 23)",1,ADQWLAV,17,23,0,...[FWY]..[LVI]
370295,PLRVLCDVHSHDGVVIAGYTSGDVRVWDTRTWDYVAPFL,0,-5.717103937,-4.797833171,,,,370627,193,2,2,0,0,0,36,3,197,sp|Q8N3Y1|FBXW8_HUMAN,100.0,36.0,0.0,0.0,1.0,36.0,212.0,247.0,5.61e-20,79.3,,,,,"('TRTWDYV', 28, 34)",1,TRTWDYV,28,34,0,...[FWY]..[LVI]
370796,PLRFPEFLENQNQFNLGRLQIPKS,0,-2.726682914,-4.61476707,,,,371129,85,7,1,0,0,0,21,3,93,sp|Q6ZS30|NBEL1_HUMAN,95.0,20.0,1.0,0.0,1.0,20.0,2161.0,2180.0,3.03e-07,42.4,,,,,"('PLRFPEF', 0, 6)",1,PLRFPEF,0,6,0,...[FWY]..[WFY]
370911,PLRFVELKSPAGKFWQTMGFSEQGRQRLHPEEALYLLEC,0,-3.9255468,-6.006276034,,,,371244,223,8,1,0,0,0,36,3,232,sp|Q7Z6J9|SEN54_HUMAN,100.0,36.0,0.0,0.0,1.0,36.0,88.0,123.0,8.33e-20,79.0,,,,,"('PLRFVEL', 0, 6)",1,PLRFVEL,0,6,0,...[FWY]..[LVI]
370970,PLRFLKQENLPKQCSTAVSYAWMFAYTRLQLLSPQVDIN,0,-0.218564764,-7.100193897,,,,371303,476,223,1,0,0,0,36,3,700,sp|O94915|FRYL_HUMAN,97.222,36.0,1.0,0.0,1.0,36.0,808.0,843.0,1.58e-19,78.2,,,,,"('MFAYTRL', 22, 28)",1,MFAYTRL,22,28,0,...[FWY]..[LVI]
371253,PLRFLGAPTLWLEHTQAQVPPPSSSSTTSWALLPPTLTS,0,-0.817055691,-7.497697767,,,,371586,627,194,1,0,0,0,36,3,822,sp|Q96MN9|ZN488_HUMAN,100.0,36.0,0.0,0.0,1.0,36.0,233.0,268.0,2.72e-17,71.2,,,,,"('TTSWALL', 26, 32)",1,TTSWALL,26,32,0,...[FWY]..[LVI]
371278,PLRILGDILLSAACIVYSGILTPEISPVDCE,0,-0.917815916,-0.978916343,,,,371611,253,73,37,0,0,0,28,3,363,sp|Q9C0G6|DYH6_HUMAN,34.483,29.0,17.0,1.0,1.0,27.0,2992.0,3020.0,0.43,25.4,,,,,"('CIVYSGI', 13, 19)",1,CIVYSGI,13,19,0,...[FWY]..[LVI]
371324,PLRLNLEWEDCPPVSDYVVLNVTSDSFQVSWRLNSTQNH,0,-3.544185792,-2.624915025,,,,371657,107,5,5,0,0,0,36,3,117,sp|Q5DID0|UROL1_HUMAN,100.0,36.0,0.0,0.0,1.0,36.0,305.0,340.0,6.56e-20,79.3,,,,,"('VSDYVVL', 13, 19)",1,VSDYVVL,13,19,0,...[FWY]..[LVI]
371420,PLRQQFVGKREKIDFADTVTKYDRRFKGVKRDLLLTPKC,0,-4.763686074,-6.429377808,,,,371753,299,6,1,0,0,0,36,3,306,sp|Q12965|MYO1E_HUMAN,100.0,36.0,0.0,0.0,1.0,36.0,755.0,790.0,1.52e-19,78.2,,,,,"('DRRFKGV', 22, 28)",1,DRRFKGV,22,28,0,...[FWY]..[LVI]
371750,PLRFRHLQTLKSHLRIHTGEKPYHCEKCNLHFRHKSQLR,0,-0.664203422,-1.159970155,,,,372083,907,312,117,0,0,0,36,3,1336,sp|P41182|BCL6_HUMAN,100.0,36.0,0.0,0.0,1.0,36.0,639.0,674.0,6.23e-20,79.3,,,,,"('PLRFRHL', 0, 6)",1,PLRFRHL,0,6,0,...[FWY]..[LVI]
371812,PLRFLQRRVENGDQLYQYCSLLIKSIPLKQQLQWDPSSH,0,-0.009169683,-0.298485538,,,,372145,192,104,45,0,0,0,36,3,341,sp|Q9H5L6|THAP9_HUMAN,97.222,36.0,1.0,0.0,1.0,36.0,262.0,297.0,2.92e-19,77.4,,,,,"('LYQYCSL', 14, 20)",1,LYQYCSL,14,20,0,...[FWY]..[LVI]
371898,PLRFLICTFLFLSTVVLANKVSSLRRSKQVGKRQPRSNG,0,-3.49388071,-1.352217522,,,,372231,62,3,7,0,0,0,36,3,72,sp|P22794|EVI2A_HUMAN,100.0,36.0,0.0,0.0,1.0,36.0,146.0,181.0,2.16e-18,73.2,,,,,"('ICTFLFL', 5, 11)",1,ICTFLFL,5,11,0,...[FWY]..[LVI]
372224,PLRFLKASVVPVATKVLMDHTQFLHYPGTILSWEQGEEL,0,-0.359863362,-0.094817759,,,,372557,226,96,61,0,0,0,36,3,383,sp|O60706|ABCC9_HUMAN,42.857,21.0,12.0,0.0,10.0,30.0,53.0,73.0,0.48,25.8,,,,,"('HTQFLHY', 19, 25)",1,HTQFLHY,19,25,0,...[FWY]..[WFY]
372338,PLRLLKHFKLNHIYQFEYVSQHLVFANCIPLILKFFNQN,0,-6.616499996,-4.69722923,,,,372671,180,1,2,0,0,0,36,3,183,sp|Q9ULQ0|STRP2_HUMAN,100.0,36.0,0.0,0.0,1.0,36.0,581.0,616.0,1.7100000000000006e-21,83.6,,,,,"('IYQFEYV', 12, 18)",1,IYQFEYV,12,18,0,...[FWY]..[LVI]
372776,PLRLLLGVVRIYHRKAKYLLADCNEAFIKIKMAFRPGVV,0,-3.729508958,-5.395200693,,,,373110,146,6,1,0,0,0,36,3,153,sp|O60216|RAD21_HUMAN,100.0,36.0,0.0,0.0,1.0,36.0,59.0,94.0,5.5e-20,79.3,,,,,"('NEAFIKI', 23, 29)",1,NEAFIKI,23,29,0,...[FWY]..[LVI]
372899,PLRILLLTLLFEELKLPCAWVVESSGILNVLIKLLEVVQ,0,-2.516964323,-1.460190033,,,,373233,105,10,11,0,0,0,36,3,126,sp|Q7Z6Z7|HUWE1_HUMAN,100.0,36.0,0.0,0.0,1.0,36.0,1530.0,1565.0,2.26e-18,74.7,,,,,"('TLLFEEL', 7, 13)",1,TLLFEEL,7,13,0,...[FWY]..[LVI]
372959,PLRFLLTVHKLSYYEYDFERGRRGSKKGSIDVEKITCVE,0,-4.797072242,-6.199729571,,,,373293,255,5,1,0,0,0,36,3,261,sp|Q06187|BTK_HUMAN,100.0,36.0,0.0,0.0,1.0,36.0,30.0,65.0,2.85e-19,77.4,,,,,"('KLSYYEY', 9, 15)",1,KLSYYEY,9,15,0,...[FWY]..[WFY]
373343,PLRILNIIQGEVDPTQVHKSLQRIRERKLANFIPWGPAS,0,-1.850471937,-3.631640889,,,,373677,86,13,2,0,0,0,36,3,101,sp|Q9NRH3|TBG2_HUMAN,100.0,36.0,0.0,0.0,1.0,36.0,320.0,355.0,4.07e-20,79.7,,,,,"('LANFIPW', 28, 34)",1,LANFIPW,28,34,0,...[FWY]..[WFY]
373400,PLRFLYPGSSTRKLGYSSLILDSTGSTLFTNCTDDNIYM,0,-0.195036228,-4.100193897,,,,373734,357,170,6,0,0,0,36,3,533,sp|Q9NZJ0|DTL_HUMAN,97.222,36.0,1.0,0.0,1.0,36.0,262.0,297.0,1.83e-18,75.1,,,,,"('KLGYSSL', 12, 18)",1,KLGYSSL,12,18,0,...[FWY]..[LVI]
373484,PLRFLPDLLIFQMVIICLMCVHSLERAGSKQYSAAIAFT,0,-6.356668023,-5.437397256,,,,373818,451,3,3,0,0,0,36,3,457,sp|Q9UPR3|SMG5_HUMAN,100.0,36.0,0.0,0.0,1.0,36.0,349.0,384.0,3.77e-20,79.7,,,,,"('LLIFQMV', 7, 13)",1,LLIFQMV,7,13,0,...[FWY]..[LVI]
373497,PLRILPATQEQIAESYYPEYLINLVQGQLQTRRPVPSM,0,-2.900750888,-2.133483215,,,,373831,137,10,9,0,0,0,35,3,156,sp|P08648|ITA5_HUMAN,93.333,30.0,2.0,0.0,1.0,30.0,233.0,262.0,1.93e-12,57.8,,,,,"('ESYYPEY', 13, 19)",1,ESYYPEY,13,19,0,...[FWY]..[WFY]
373645,PLRFRPMLRKPGKWCAMHVHIAWQIYHHQQKVKKQMQSD,0,-3.050646319,-3.453303647,,,,373979,152,10,4,0,0,0,36,3,166,sp|Q8WXX7|AUTS2_HUMAN,100.0,36.0,0.0,0.0,1.0,36.0,639.0,674.0,3.22e-20,80.1,,,,,"('HIAWQIY', 19, 25)",1,HIAWQIY,19,25,0,...[FWY]..[WFY]
373753,PLRLLPTLQVHLVICSSFLSLANKAELLDLGYAGRGLRP,0,-5.363051639,-5.443780873,,,,374088,151,2,1,0,0,0,36,3,154,sp|Q6ZRF8|RN207_HUMAN,96.552,29.0,1.0,0.0,1.0,29.0,286.0,314.0,1.19e-12,58.5,,,,,"('CSSFLSL', 14, 20)",1,CSSFLSL,14,20,0,...[FWY]..[LVI]
374016,PLRFLQSHHLQHLERCPHVPIAVAGQKAVIFRNVRDIGR,0,-1.364112835,-2.029804569,,,,374353,85,18,6,0,0,0,36,3,109,sp|Q5VST9|OBSCN_HUMAN,100.0,36.0,0.0,0.0,1.0,36.0,5714.0,5749.0,5.47e-21,82.4,,,,,"('AVIFRNV', 27, 33)",1,AVIFRNV,27,33,0,...[FWY]..[LVI]
374108,PLRFLRAQQETANAIRELAAPFVRVWPN,0,-1.776723597,-1.494882751,,,,374445,88,14,9,0,0,0,25,3,111,sp|Q86VE0|MYPOP_HUMAN,94.118,17.0,1.0,0.0,1.0,17.0,262.0,278.0,0.000298,34.3,,,,,"('AAPFVRV', 18, 24)",1,AAPFVRV,18,24,0,...[FWY]..[LVI]
374293,PLRLLRPGASDLTGSFRLYRKEVLEKLIEKCVSKGYVFQ,0,-0.868307147,-3.05337304,,,,374630,432,129,15,0,0,0,36,3,576,sp|O60762|DPM1_HUMAN,100.0,36.0,0.0,0.0,1.0,36.0,175.0,210.0,4.33e-19,75.5,,,,,"('TGSFRLY', 12, 18)",1,TGSFRLY,12,18,0,...[FWY]..[WFY]
374881,PLRVLTEVSSENEAQKQGDELAKLSSSFKALVTLLSEVE,0,-5.096190454,-4.176919688,,,,375218,251,4,4,0,0,0,36,3,259,sp|Q8NF91|SYNE1_HUMAN,100.0,36.0,0.0,0.0,1.0,36.0,1190.0,1225.0,3.17e-16,68.6,,,,,"('SSSFKAL', 24, 30)",1,SSSFKAL,24,30,0,...[FWY]..[LVI]
374891,PLRFLTGSISNFSRASAPAISSMAAAISLWHLLPATHG,0,-4.75400352,-4.834732754,,,,375228,99,2,1,0,0,0,35,3,102,sp|A6NCI8|CB078_HUMAN,100.0,19.0,0.0,0.0,1.0,19.0,59.0,77.0,6.69e-05,36.6,,,,,"('ISLWHLL', 26, 32)",1,ISLWHLL,26,32,0,...[FWY]..[LVI]
375174,PLRFLVLMRSLVTHRTNLRALHRGAALDLSPLHRSPHPS,0,-3.825086618,-4.490778353,,,,375511,78,3,1,0,0,0,36,3,82,sp|Q9BX79|STRA6_HUMAN,100.0,36.0,0.0,0.0,1.0,36.0,378.0,413.0,4.87e-18,73.9,,,,,"('PLRFLVL', 0, 6)",1,PLRFLVL,0,6,0,...[FWY]..[LVI]
375594,PLRFMALTNDEIIDATQKGNCSRFMNHSCEPNCETQKWT,0,-5.464496903,-4.545226137,,,,375931,81,1,1,0,0,0,36,3,83,sp|Q9BYW2|SETD2_HUMAN,97.222,36.0,1.0,0.0,1.0,36.0,1606.0,1641.0,4.21e-20,79.7,,,,,"('PLRFMAL', 0, 6)",1,PLRFMAL,0,6,0,...[FWY]..[LVI]
375670,PLRFMCITLLIASLICLTLPVFAGRWLMSFWTGTAKIHE,0,-4.699555736,-4.365247471,,,,376007,143,3,2,0,0,0,36,3,148,sp|O60337|MARH6_HUMAN,100.0,36.0,0.0,0.0,1.0,36.0,639.0,674.0,9.32e-19,75.9,,,,,"('PLRFMCI', 0, 6)",1,PLRFMCI,0,6,0,...[FWY]..[LVI]
375783,PLRFMESMSFKKKPKTEESIPTHKLSSLKKKCTIYGRIC,0,-3.866113887,-4.94684312,,,,376120,107,4,1,0,0,0,36,3,112,sp|Q8WWL7|CCNB3_HUMAN,97.222,36.0,1.0,0.0,1.0,36.0,262.0,297.0,2.58e-18,74.7,,,,,"('CTIYGRI', 31, 37)",1,CTIYGRI,31,37,0,...[FWY]..[LVI]
375797,PLRLMFEMLTGTLPFQGKDRNETMNMILKAKLGMPQFLS,0,-0.109849898,-6.390251477,,,,376134,291,147,1,0,0,0,36,3,439,sp|Q9UK32|KS6A6_HUMAN,100.0,36.0,0.0,0.0,1.0,36.0,262.0,297.0,7.7e-19,76.3,,,,,"('RLMFEML', 2, 8)",1,RLMFEML,2,8,0,...[FWY]..[LVI]
376127,PLRFMLYAKPCCAVDPIENEEDRKKAVSNINTLLDKADR,0,-4.616499996,-4.69722923,,,,376465,90,2,1,0,0,0,36,3,93,sp|Q5T4S7|UBR4_HUMAN,100.0,36.0,0.0,0.0,1.0,36.0,3713.0,3748.0,3.52e-20,80.1,,,,,"('PLRFMLY', 0, 6)",1,PLRFMLY,0,6,0,...[FWY]..[WFY]
376545,PLRLGMYSKEEEYVAFSEPCDCSGQVEIWLNHVLGHMKA,0,-2.383381169,-4.271465324,,,,376884,67,7,1,0,0,0,36,3,75,sp|Q9NYC9|DYH9_HUMAN,100.0,36.0,0.0,0.0,1.0,36.0,1654.0,1689.0,5.0900000000000015e-22,85.1,,,,,"('EEEYVAF', 9, 15)",1,EEEYVAF,9,15,0,...[FWY]..[WFY]
376694,PLRFSAVKQELQRKWIEELNKQIEDDRQRKIEEKIIYSK,0,-0.146916064,-2.871501487,,,,377034,914,450,36,0,0,0,36,3,1400,sp|A2RUB6|CCD66_HUMAN,100.0,36.0,0.0,0.0,1.0,36.0,321.0,356.0,7.58e-18,73.2,,,,,"('PLRFSAV', 0, 6)",1,PLRFSAV,0,6,0,...[FWY]..[LVI]
376876,PLRINEDGSEAATSTGIHIPVIMSLAQSQFIANHPFLFI,0,-1.450973459,-5.980163193,,,,377216,657,131,3,0,0,0,36,3,791,sp|O75830|SPI2_HUMAN,100.0,36.0,0.0,0.0,1.0,36.0,339.0,374.0,6.99e-19,76.3,,,,,"('NHPFLFI', 32, 38)",1,NHPFLFI,32,38,0,...[FWY]..[LVI]
377544,PLRVNLHERYGPVVSFWFGRRLVVSLGTVDVLKQHINPN,0,-4.797072242,-2.555873381,,,,377884,102,2,5,0,0,0,36,3,109,sp|Q6UW02|CP20A_HUMAN,100.0,36.0,0.0,0.0,1.0,36.0,59.0,94.0,6.08e-20,79.3,,,,,"('HERYGPV', 6, 12)",1,HERYGPV,6,12,0,...[FWY]..[LVI]
377779,PLRINNGLWNMVSVEELEHSISIKIAKEAVMDINKPGPL,0,-1.403719516,-4.520072659,,,,378119,398,82,5,0,0,0,36,3,485,sp|P07225|PROS_HUMAN,100.0,36.0,0.0,0.0,1.0,36.0,378.0,413.0,1.12e-19,78.6,,,,,"('NGLWNMV', 5, 11)",1,NGLWNMV,5,11,0,...[FWY]..[LVI]
377874,PLRFTPLSRPPSPLSLPRPRSAPARRPPAPSVATTLPL,0,-3.813946061,-3.631640889,,,,378214,129,5,3,0,0,0,35,3,137,sp|P98164|LRP2_HUMAN,50.0,26.0,12.0,1.0,7.0,32.0,4614.0,4638.0,0.01,30.4,,,,,"('PLRFTPL', 0, 6)",1,PLRFTPL,0,6,0,...[FWY]..[LVI]
377972,PLRINQNPLTPLKIEIDPQFQVVRTQETQEIRTLNNQFA,0,-4.011359614,-3.21761973,,,,378312,355,12,11,0,0,0,36,3,378,sp|Q8N1N4|K2C78_HUMAN,97.222,36.0,1.0,0.0,1.0,36.0,88.0,123.0,8.17e-18,73.2,,,,,"('DPQFQVV', 16, 22)",1,DPQFQVV,16,22,0,...[FWY]..[LVI]
378393,PLRINVVIRQVYHLMETTPTDIHPDSMLNVFVALTKGQY,0,-3.516964323,-3.820085978,,,,378734,147,7,3,0,0,0,36,3,157,sp|Q96DN5|TBC31_HUMAN,100.0,36.0,0.0,0.0,1.0,36.0,639.0,674.0,2.23e-20,80.5,,,,,"('LNVFVAL', 27, 33)",1,LNVFVAL,27,33,0,...[FWY]..[LVI]
378424,PLRVNWIDWIKKKKISTVDYILTNLVIARICLISVMVVN,0,-1.673083525,-4.075740853,,,,378765,117,20,2,0,0,0,36,3,139,sp|Q9NYW2|TA2R8_HUMAN,100.0,36.0,0.0,0.0,1.0,36.0,30.0,65.0,1.55e-17,72.0,,,,,"('RVNWIDW', 2, 8)",1,RVNWIDW,2,8,0,...[FWY]..[WFY]
378670,PLRFPAMLLFVFFYCDMLKIASMHSQQIRKMEHAGAMAG,0,-2.982627895,-2.478394628,,,,379011,58,4,3,0,0,0,36,3,65,sp|Q8TDV5|GP119_HUMAN,100.0,36.0,0.0,0.0,1.0,36.0,175.0,210.0,8.25e-20,78.2,,,,,"('MLLFVFF', 6, 12)",1,MLLFVFF,6,12,0,...[FWY]..[WFY]
378695,PLRIPAQWENVWRCPATREEVYVSTITSIQATQGD,0,-0.519087495,-7.784692071,,,,379036,765,291,1,0,0,0,32,3,1057,sp|P98161|PKD1_HUMAN,40.909,22.0,13.0,0.0,1.0,22.0,754.0,775.0,1.2,24.6,,,,,"('PAQWENV', 4, 10)",1,PAQWENV,4,10,0,...[FWY]..[LVI]
378989,PLRFPDLDMNEMTVIRGHRDRRLIETRSLVEVEKGLERR,0,-3.999116018,-3.079845252,,,,379330,88,3,3,0,0,0,36,3,94,sp|Q7Z7G8|VP13B_HUMAN,40.741,27.0,16.0,0.0,2.0,28.0,1666.0,1692.0,2.4,23.9,,,,,"('PLRFPDL', 0, 6)",1,PLRFPDL,0,6,0,...[FWY]..[LVI]
379207,PLRLPELIPHLIQCLSDKKALVRSITCWTLSRYAHWVVS,0,-5.17630902,-5.842000754,,,,379549,199,3,1,0,0,0,36,3,203,sp|Q92973|TNPO1_HUMAN,100.0,36.0,0.0,0.0,1.0,36.0,444.0,479.0,1.72e-20,80.9,,,,,"('LSRYAHW', 29, 35)",1,LSRYAHW,29,35,0,...[FWY]..[WFY]
379280,PLRIPETLLELGEIPTLKTLQVFGIVPDGTLQLLKEALP,0,-0.440148726,-4.012731056,,,,379622,112,45,2,0,0,0,36,3,159,sp|Q13309|SKP2_HUMAN,100.0,36.0,0.0,0.0,1.0,36.0,349.0,384.0,1.8e-17,72.4,,,,,"('LQVFGIV', 19, 25)",1,LQVFGIV,19,25,0,...[FWY]..[LVI]
379357,PLRIPFESFTLMKVFQLEMGLTRHPEEKPVRKDKRDELV,0,-2.6606998,-7.522788748,,,,379699,638,55,1,0,0,0,36,3,694,sp|Q8N6G5|CGAT2_HUMAN,100.0,36.0,0.0,0.0,1.0,36.0,146.0,181.0,6.93e-19,76.3,,,,,"('RIPFESF', 2, 8)",1,RIPFESF,2,8,0,...[FWY]..[WFY]
380155,PLRLPLCDVSASEVSKAIINIFFLYGPPQKIIMDQRDEF,0,-5.271851825,-7.352581059,,,,380500,567,8,1,0,0,0,36,3,576,sp|Q9NXP7|GIN1_HUMAN,100.0,36.0,0.0,0.0,1.0,36.0,175.0,210.0,1.78e-20,80.9,,,,,"('INIFFLY', 18, 24)",1,INIFFLY,18,24,0,...[FWY]..[WFY]
380259,PLRIRFVVEGQGLIAGNEFLGQYTLPLLCMNKGYRRIPL,0,-0.964452471,-5.754839953,,,,380604,562,157,3,0,0,0,36,3,722,sp|Q86YW0|PLCZ1_HUMAN,100.0,36.0,0.0,0.0,1.0,36.0,552.0,587.0,4.870000000000001e-21,82.4,,,,,"('NKGYRRI', 30, 36)",1,NKGYRRI,30,36,0,...[FWY]..[LVI]
380338,PLRVPLQWLQYFDEKELEVMLCGMQEVDLADWQRNTVYR,0,-0.525745208,-1.248020471,,,,380683,206,78,25,0,0,0,36,3,309,sp|Q9H0M0|WWP1_HUMAN,100.0,36.0,0.0,0.0,1.0,36.0,784.0,819.0,7.21e-21,82.0,,,,,"('PLQWLQY', 4, 10)",1,PLQWLQY,4,10,0,...[FWY]..[WFY]
380833,PLRIPQPSALPGIDVGSSVMSPQDSFKEIHVNIEATFKP,0,-2.289218667,-2.576398778,,,,381179,269,30,13,0,0,0,36,3,312,sp|P13611|CSPG2_HUMAN,100.0,36.0,0.0,0.0,1.0,36.0,2843.0,2878.0,5.15e-19,76.6,,,,,"('QDSFKEI', 22, 28)",1,QDSFKEI,22,28,0,...[FWY]..[LVI]
380878,PLRFPRAAISWKRGTETLRQSKRIFSWRMAASRFIILP,0,-3.539684399,-0.883448039,,,,381224,64,3,10,0,0,0,35,3,77,sp|Q9UQ52|CNTN6_HUMAN,100.0,22.0,0.0,0.0,1.0,22.0,436.0,457.0,1.06e-09,50.1,,,,,"('ASRFIIL', 30, 36)",1,ASRFIIL,30,36,0,...[FWY]..[LVI]
380886,PLRFPRARVAGLMRAITAVLCRRTRPLPWLVLPSSLLV,0,-0.092798034,-1.925268215,,,,381232,448,229,34,0,0,0,35,3,711,sp|A6NLC8|YE016_HUMAN,66.667,15.0,5.0,0.0,1.0,15.0,117.0,131.0,0.37,26.2,,,,,"('PLPWLVL', 25, 31)",1,PLPWLVL,25,31,0,...[FWY]..[LVI]
381115,PLRIPSKTSAKYLEKKFNKSEKYISENILVLDIFFEALN,0,-0.390926965,-1.157547609,,,,381462,178,74,23,0,0,0,36,3,275,sp|Q16515|ASIC2_HUMAN,100.0,36.0,0.0,0.0,1.0,36.0,378.0,413.0,6.09e-18,73.6,,,,,"('DIFFEAL', 31, 37)",1,DIFFEAL,31,37,0,...[FWY]..[LVI]
381708,PLRFQAGSFLASRPRQTPFAEKLARTQAVEYFGEWILNP,0,-3.253929917,-2.334659151,,,,382055,70,4,4,0,0,0,36,3,78,sp|Q8WXG6|MADD_HUMAN,100.0,36.0,0.0,0.0,1.0,36.0,523.0,558.0,5.76e-20,79.3,,,,,"('VEYFGEW', 28, 34)",1,VEYFGEW,28,34,0,...[FWY]..[WFY]
382159,PLRLQFTIGEATTSAAIVLVLWLPVMPGK,0,-5.258046026,-5.245665855,,,,382506,1053,15,8,0,0,0,26,3,1076,sp|Q5VYK3|ECM29_HUMAN,92.857,14.0,1.0,0.0,1.0,14.0,896.0,909.0,0.051,28.1,,,,,"('LVLWLPV', 18, 24)",1,LVLWLPV,18,24,0,...[FWY]..[LVI]
382313,PLRFQNQQRPPQRGHRQLSLPRFPSVSLQEASSFFRRDR,0,-0.355972446,-1.375301135,,,,382660,54,23,6,0,0,0,36,3,83,sp|Q16378|PROL4_HUMAN,96.296,27.0,1.0,0.0,10.0,36.0,97.0,123.0,1.68e-11,53.5,,,,,"('LPRFPSV', 19, 25)",1,LPRFPSV,19,25,0,...[FWY]..[LVI]
382844,PLRLQNQPVRIVLIEGDLTENYRHLGFNKSANIKTVLDS,0,-0.463448814,-6.216603389,,,,383192,258,102,1,0,0,0,36,3,361,sp|Q6ZW61|BBS12_HUMAN,100.0,36.0,0.0,0.0,1.0,36.0,349.0,384.0,3.4e-19,77.0,,,,,"('TENYRHL', 18, 24)",1,TENYRHL,18,24,0,...[FWY]..[LVI]
383545,PLRFQVTKPGNWRDVCEGSATVILGVTSSVPSLPLPNVL,0,-4.440551207,-2.93631794,,,,383895,239,6,9,0,0,0,36,3,254,sp|Q6NXP2|F71F2_HUMAN,100.0,36.0,0.0,0.0,1.0,36.0,59.0,94.0,5.51e-19,75.9,,,,,"('PGNWRDV', 8, 14)",1,PGNWRDV,8,14,0,...[FWY]..[LVI]
383713,PLRIRAKGPIDCESLKTDLSIQTRNAEEKIMNTWYPKVI,0,-4.109540008,-4.775231742,,,,384063,95,3,1,0,0,0,36,3,99,sp|Q6ZR08|DYH12_HUMAN,100.0,36.0,0.0,0.0,1.0,36.0,233.0,268.0,1.39e-19,78.2,,,,,"('NTWYPKV', 31, 37)",1,NTWYPKV,31,37,0,...[FWY]..[LVI]
383717,PLRFRTKPWQCLSVRTVARRCTALTFIASEEKVLVADKS,0,-4.342739184,-5.593393419,,,,384067,335,9,2,0,0,0,36,3,346,sp|P57081|WDR4_HUMAN,100.0,36.0,0.0,0.0,1.0,36.0,88.0,123.0,1.23e-18,75.5,,,,,"('TKPWQCL', 5, 11)",1,TKPWQCL,5,11,0,...[FWY]..[LVI]
383796,PLRIRAVSKNKPVLNAFNQYEAASPGEQELYVFNADGIH,0,-0.74325979,-0.916247532,,,,384146,347,113,53,0,0,0,36,3,513,sp|Q9NT68|TEN2_HUMAN,100.0,36.0,0.0,0.0,1.0,36.0,1567.0,1602.0,3.17e-20,80.1,,,,,"('LNAFNQY', 13, 19)",1,LNAFNQY,13,19,0,...[FWY]..[WFY]
384189,PLRFSETSLDGWLQGQNSRGETGLFPASYVEIVRSGIST,0,-2.729508958,-2.395200693,,,,384539,73,6,4,0,0,0,36,3,83,sp|Q8WV41|SNX33_HUMAN,100.0,36.0,0.0,0.0,1.0,36.0,30.0,65.0,3.68e-19,77.0,,,,,"('PASYVEI', 25, 31)",1,PASYVEI,25,31,0,...[FWY]..[LVI]
384532,PLRIRHVQTMYEEAYNDYLKDRGKGNGTLITFHSAEQ,0,-4.424770625,-3.505499858,,,,384882,197,5,5,0,0,0,34,3,207,sp|O60636|TSN2_HUMAN,94.118,34.0,2.0,0.0,1.0,34.0,117.0,150.0,1.35e-18,73.6,,,,,"('EEAYNDY', 11, 17)",1,EEAYNDY,11,17,0,...[FWY]..[WFY]
384724,PLRLRKINISYWGWEDMSPFTNTTLQWLPGEPNDSGFCA,0,-5.446574995,-3.527304229,,,,385074,160,2,4,0,0,0,36,3,166,sp|Q5VV63|ATRN1_HUMAN,100.0,36.0,0.0,0.0,1.0,36.0,813.0,848.0,6.9e-21,82.0,,,,,"('NISYWGW', 7, 13)",1,NISYWGW,7,13,0,...[FWY]..[WFY]
384755,PLRFRMLEIPLLTVFVGNPNLLEVTAEVTFDDTDSYVIT,0,-3.60577359,-3.686502824,,,,385105,134,6,3,0,0,0,36,3,143,sp|Q9H7T0|CTSRB_HUMAN,100.0,36.0,0.0,0.0,1.0,36.0,755.0,790.0,3.64e-18,74.3,,,,,"('PLRFRML', 0, 6)",1,PLRFRML,0,6,0,...[FWY]..[LVI]
385482,PLRFRQMNLKDTKTLRVAKAIYKRYIENNSIVSKQLKPA,0,-5.1246469,-0.745944515,,,,385832,64,1,11,0,0,0,36,3,76,sp|Q9Y2T1|AXIN2_HUMAN,100.0,36.0,0.0,0.0,1.0,36.0,117.0,152.0,6.57e-19,76.3,,,,,"('KAIYKRY', 18, 24)",1,KAIYKRY,18,24,0,...[FWY]..[WFY]
386008,PLRFRVDSAGFGDSVVQYANSWVVVGAPQKITAANQTGG,0,-3.668967416,-4.334659151,,,,386358,70,3,1,0,0,0,36,3,74,sp|P20702|ITAX_HUMAN,100.0,36.0,0.0,0.0,1.0,36.0,30.0,65.0,8.35e-19,75.9,,,,,"('ANSWVVV', 18, 24)",1,ANSWVVV,18,24,0,...[FWY]..[LVI]
386091,PLRIRVPREKMVYMTVNDSQPEDEDLNVAEIAEKFIWK,0,-3.787611913,-3.453303647,,,,386441,76,3,2,0,0,0,35,3,81,sp|P17010|ZFX_HUMAN,93.548,31.0,2.0,0.0,1.0,31.0,291.0,321.0,4.32e-14,62.8,,,,,"('KMVYMTV', 9, 15)",1,KMVYMTV,9,15,0,...[FWY]..[LVI]
386434,PLRFSALERLTTLELLEVRRQQEEEERKRRRLLRSRAR,0,-0.741599515,-1.535765807,,,,386786,684,223,68,0,0,0,35,3,975,sp|Q3T906|GNPTA_HUMAN,50.0,20.0,10.0,0.0,11.0,30.0,92.0,111.0,2.1,23.9,,,,,"('PLRFSAL', 0, 6)",1,PLRFSAL,0,6,0,...[FWY]..[LVI]
386501,PLRISAMKWDPTVCALLMDKSIFQGFLNSIFRTTLMPL,0,-2.470421737,-2.136113471,,,,386853,122,12,8,0,0,0,35,3,142,sp|Q9H4Y5|GSTO2_HUMAN,89.655,29.0,3.0,0.0,1.0,29.0,204.0,232.0,7.48e-13,58.5,,,,,"('KSIFQGF', 19, 25)",1,KSIFQGF,19,25,0,...[FWY]..[WFY]
386798,PLRFSGNRELGLLQLREGASGRSMRSALCCLTILAFHTY,0,-2.04218474,-4.292838975,,,,387150,68,9,1,0,0,0,36,3,78,sp|Q5VTQ0|TT39B_HUMAN,100.0,36.0,0.0,0.0,1.0,36.0,328.0,363.0,4.87e-19,76.6,,,,,"('ILAFHTY', 32, 38)",1,ILAFHTY,32,38,0,...[FWY]..[WFY]
386805,PLRISGNYQHLLEQQRAHELFQAEMFSRQQILHSIIIDG,0,-4.358266577,-4.438995811,,,,387157,301,8,4,0,0,0,36,3,313,sp|Q8NF91|SYNE1_HUMAN,100.0,36.0,0.0,0.0,1.0,36.0,7483.0,7518.0,3.69e-19,77.0,,,,,"('SGNYQHL', 4, 10)",1,SGNYQHL,4,10,0,...[FWY]..[LVI]
387645,PLRFSCRGILVVYNLGLTLLSLYMFCELVTGVWEGKYNF,0,-3.031537496,-5.112266729,,,,388000,120,8,1,0,0,0,36,3,129,sp|Q9NYP7|ELOV5_HUMAN,100.0,36.0,0.0,0.0,1.0,36.0,59.0,94.0,5.3e-19,75.9,,,,,"('LYMFCEL', 21, 27)",1,LYMFCEL,21,27,0,...[FWY]..[LVI]
388171,PLRFSEYSDDASVGKGFSRKSRFVPSACHLQQSSPTDVL,0,-3.546110669,-5.434194824,,,,388527,150,7,1,0,0,0,36,3,158,sp|Q7Z570|Z804A_HUMAN,100.0,36.0,0.0,0.0,1.0,36.0,233.0,268.0,6.53e-18,73.6,,,,,"('PLRFSEY', 0, 6)",1,PLRFSEY,0,6,0,...[FWY]..[WFY]
388331,PLRISFSNMALSSCLLLPGDATVITSSWDNNVYFYSIAF,0,-4.071553175,-8.737244909,,,,388687,2961,96,2,0,0,0,36,3,3059,sp|Q92636|FAN_HUMAN,100.0,36.0,0.0,0.0,1.0,36.0,668.0,703.0,7.4e-20,79.0,,,,,"('NVYFYSI', 30, 36)",1,NVYFYSI,30,36,0,...[FWY]..[LVI]
388508,PLRFSTVVDTPDCCGARLGHSFKVMCVTQRTMNNNVGK,0,-1.020177634,-3.866441614,,,,388865,253,68,5,0,0,0,35,3,326,sp|P16157|ANK1_HUMAN,35.714,28.0,18.0,0.0,7.0,34.0,472.0,499.0,1.9,24.3,,,,,"('PLRFSTV', 0, 6)",1,PLRFSTV,0,6,0,...[FWY]..[LVI]
388694,PLRFSQQTYYRVSNMDGRLRNPDQSLTEDVVAFAASVAH,0,-0.070199116,-2.683423431,,,,389051,156,81,7,0,0,0,36,3,244,sp|P33897|ABCD1_HUMAN,100.0,36.0,0.0,0.0,1.0,36.0,175.0,210.0,1.24e-19,78.6,,,,,"('QQTYYRV', 5, 11)",1,QQTYYRV,5,11,0,...[FWY]..[LVI]
389129,PLRVSSCGKKGVLDWLIQKGVDLLVKDKESGWTALHRSI,0,-4.1246469,-4.790338635,,,,389487,96,3,1,0,0,0,36,3,100,sp|Q9P2D0|IBTK_HUMAN,100.0,36.0,0.0,0.0,1.0,36.0,59.0,94.0,5.76e-19,76.6,,,,,"('ESGWTAL', 28, 34)",1,ESGWTAL,28,34,0,...[FWY]..[LVI]
389611,PLRFYTLDFALEEYVICVRIQDILTRENKNWPKRRIAIE,0,-5.965949154,-6.631640889,,,,389969,344,3,1,0,0,0,36,3,348,sp|Q5TAX3|TUT4_HUMAN,100.0,36.0,0.0,0.0,1.0,36.0,639.0,674.0,6.250000000000001e-21,82.0,,,,,"('PLRFYTL', 0, 6)",1,PLRFYTL,0,6,0,...[FWY]..[LVI]
389950,PLRNFLSALLIPNLFIRIVVLSW,0,-2.726682914,-3.029804569,,,,390308,85,7,3,0,0,0,20,3,95,sp|Q86X52|CHSS1_HUMAN,50.0,18.0,9.0,0.0,1.0,18.0,553.0,570.0,6.1,21.6,,,,,"('PNLFIRI', 11, 17)",1,PNLFIRI,11,17,0,...[FWY]..[LVI]
390216,PLRISLGDGDIRTMCPLLSMKPGEYSYFSPRTMSMWAG,0,-3.022767286,-2.977965638,,,,390574,164,11,6,0,0,0,35,3,181,sp|Q15003|CND2_HUMAN,100.0,35.0,0.0,0.0,1.0,35.0,407.0,441.0,5.16e-21,82.4,,,,,"('PGEYSYF', 21, 27)",1,PGEYSYF,21,27,0,...[FWY]..[WFY]
390261,PLRFSLIIDDTEYEKEVLGSDSEIGYKKKIDNARESSFK,0,-0.985243843,-6.313900591,,,,390619,276,76,1,0,0,0,36,3,353,sp|Q5CZC0|FSIP2_HUMAN,100.0,36.0,0.0,0.0,1.0,36.0,5586.0,5621.0,3.21e-18,74.3,,,,,"('PLRFSLI', 0, 6)",1,PLRFSLI,0,6,0,...[FWY]..[LVI]
390315,PLRFWLLDALVGRILPDYYSPAMLGLKTDQEVLGELVRP,0,-1.038810731,-4.063357129,,,,390673,1044,277,18,0,0,0,36,3,1339,sp|Q5TC63|GRTP1_HUMAN,100.0,35.0,0.0,0.0,1.0,35.0,175.0,209.0,4.19e-18,73.6,,,,,"('PLRFWLL', 0, 6)",1,PLRFWLL,0,6,0,...[FWY]..[LVI]
390433,PLRFSLRIQEFIELIRQNKRLDCASCT,0,-4.1246469,-5.205376134,,,,390791,128,4,1,0,0,0,24,3,133,sp|Q7L5Y9|MAEA_HUMAN,100.0,19.0,0.0,0.0,1.0,19.0,198.0,216.0,2.47e-06,40.0,,,,,"('IQEFIEL', 7, 13)",1,IQEFIEL,7,13,0,...[FWY]..[LVI]
390504,PLRFSLTVLFDTDKENTDDRMQRYCRVSRASHRLRSSP,0,-2.48721698,-4.375301135,,,,390862,72,7,1,0,0,0,35,3,80,sp|Q96MA1|DMRTB_HUMAN,94.118,17.0,1.0,0.0,1.0,17.0,307.0,323.0,3.07e-05,37.7,,,,,"('MQRYCRV', 20, 26)",1,MQRYCRV,20,26,0,...[FWY]..[LVI]
390708,PLRFSNPPNVRNKVRIRSWMDTIANINQELIKYEFFPEA,0,-5.437529855,-5.518259089,,,,391067,159,2,1,0,0,0,36,3,162,sp|Q6PIJ6|FBX38_HUMAN,100.0,36.0,0.0,0.0,1.0,36.0,1033.0,1068.0,2.2e-20,80.5,,,,,"('LIKYEFF', 29, 35)",1,LIKYEFF,29,35,0,...[FWY]..[WFY]
390722,PLRQQHQILATPLQNLQVLASSSANECISVKGRIYSILK,0,-0.277997677,-4.515231396,,,,391081,238,107,3,0,0,0,36,3,348,sp|P33981|TTK_HUMAN,100.0,36.0,0.0,0.0,1.0,36.0,494.0,529.0,4.53e-18,73.9,,,,,"('GRIYSIL', 31, 37)",1,GRIYSIL,31,37,0,...[FWY]..[LVI]
390880,PLRISPKASVSLIRKISKELYVTLGTPANSKGFSVSERY,0,-2.847112925,-2.249770253,,,,391240,66,5,4,0,0,0,36,3,75,sp|Q8NDH2|CC168_HUMAN,100.0,36.0,0.0,0.0,1.0,36.0,1096.0,1131.0,5.67e-18,73.6,,,,,"('KELYVTL', 17, 23)",1,KELYVTL,17,23,0,...[FWY]..[LVI]
391363,PLRITKRVKAKKNAAPFRSEVCFGKEGLWKLLGGFQETC,0,-7.713361536,-6.794090769,,,,391723,385,1,1,0,0,0,36,3,387,sp|Q9BVP2|GNL3_HUMAN,100.0,36.0,0.0,0.0,1.0,36.0,216.0,251.0,5.77e-20,79.3,,,,,"('EGLWKLL', 25, 31)",1,EGLWKLL,25,31,0,...[FWY]..[LVI]
391431,PLRFTLGAAAGGLSAMILNDLLGRKLSIMFSAVPSAAGY,0,-2.879534402,-4.960263636,,,,391791,108,8,1,0,0,0,36,3,117,sp|Q9UGQ3|GTR6_HUMAN,100.0,36.0,0.0,0.0,1.0,36.0,88.0,123.0,5.8e-17,70.9,,,,,"('SIMFSAV', 26, 32)",1,SIMFSAV,26,32,0,...[FWY]..[LVI]
392495,PLRVTFINWGTSTLQKFTKMQMVKSFLLMQSLIWKTKT,0,-5.147014713,-4.227743947,,,,392856,65,1,1,0,0,0,35,3,67,sp|P58107|EPIPL_HUMAN,50.0,24.0,12.0,0.0,7.0,30.0,2739.0,2762.0,1.5,24.3,,,,,"('RVTFINW', 2, 8)",1,RVTFINW,2,8,0,...[FWY]..[WFY]
392891,PLRITRNRKKPIPFEPYIPMDAMPGMQNMHDKGMTVQPE,0,-2.567590396,-2.063357129,,,,393254,174,16,12,0,0,0,36,3,202,sp|Q6P499|NPAL3_HUMAN,97.222,36.0,1.0,0.0,1.0,36.0,320.0,355.0,5.45e-22,84.7,,,,,"('PIPFEPY', 10, 16)",1,PIPFEPY,10,16,0,...[FWY]..[WFY]
393290,PLRFTVEVKNYGLKIQNGLMPASIFLIIIVIFLIMLVI,0,-5.314471459,-4.395200693,,,,393653,73,1,1,0,0,0,35,3,75,sp|P15260|INGR1_HUMAN,90.909,11.0,1.0,0.0,1.0,11.0,59.0,69.0,0.44,25.8,,,,,"('ASIFLII', 21, 27)",1,ASIFLII,21,27,0,...[FWY]..[LVI]
393541,PLRVVADSRISGIYICIASNKVGTVGRNISFYITDVPNG,0,-4.584078519,-3.472162675,,,,393905,308,7,8,0,0,0,36,3,323,sp|P17948|VGFR1_HUMAN,100.0,36.0,0.0,0.0,1.0,36.0,523.0,558.0,8.04e-20,79.0,,,,,"('SGIYICI', 10, 16)",1,SGIYICI,10,16,0,...[FWY]..[LVI]
394314,PLRFVGLADTPSCAVLLPASLFIGSFPGMRRPGMLCSFQ,0,-0.156455638,-1.531805621,,,,394680,321,157,32,0,0,0,36,3,510,sp|Q8NA75|DC4L2_HUMAN,100.0,36.0,0.0,0.0,1.0,36.0,146.0,181.0,3.22e-19,77.0,,,,,"('PLRFVGL', 0, 6)",1,PLRFVGL,0,6,0,...[FWY]..[LVI]
394624,PLRNVIKEFKKVLISYELKACNPKLCRLLKEEVLDCLHC,0,-4.422327449,-2.000556342,,,,394990,236,6,17,0,0,0,36,3,259,sp|Q6UXV1|IZUM2_HUMAN,100.0,36.0,0.0,0.0,1.0,36.0,116.0,151.0,3.79e-19,75.1,,,,,"('IKEFKKV', 5, 11)",1,IKEFKKV,5,11,0,...[FWY]..[LVI]
394718,PLRVVKDLLNFRSDLKVILMSATLNAEKFSEYFGNCPMI,0,-1.010857243,-1.982357407,,,,395085,329,89,24,0,0,0,36,3,442,sp|Q9H2U1|DHX36_HUMAN,100.0,36.0,0.0,0.0,1.0,36.0,349.0,384.0,7.91e-20,79.0,,,,,"('AEKFSEY', 25, 31)",1,AEKFSEY,25,31,0,...[FWY]..[WFY]
395020,PLRIVLLLEGSLVWAPREDPVLLQGIRVSIAQWPALTFT,0,-2.507116537,-4.395200693,,,,395387,146,14,2,0,0,0,36,3,162,sp|Q7LBC6|KDM3B_HUMAN,100.0,36.0,0.0,0.0,1.0,36.0,88.0,123.0,7.79e-20,79.0,,,,,"('IAQWPAL', 29, 35)",1,IAQWPAL,29,35,0,...[FWY]..[LVI]
395317,PLRIVPEPMDFRKLSTFRESFKKRVIGQDHDFSESSEEE,0,-2.689431519,-4.355123253,,,,395685,71,6,1,0,0,0,36,3,78,sp|P23497|SP100_HUMAN,100.0,36.0,0.0,0.0,1.0,36.0,378.0,413.0,1.29e-18,75.5,,,,,"('PMDFRKL', 7, 13)",1,PMDFRKL,7,13,0,...[FWY]..[LVI]
395671,PLRIVRQIFDEAMPPPLLKKELLIHKNVLESYYNHLWTN,0,-6.324319245,-5.405048479,,,,396039,147,1,1,0,0,0,36,3,149,sp|Q86Y13|DZIP3_HUMAN,100.0,36.0,0.0,0.0,1.0,36.0,407.0,442.0,9.05e-20,79.0,,,,,"('ESYYNHL', 29, 35)",1,ESYYNHL,29,35,0,...[FWY]..[LVI]
395912,PLRMPLFANADPNFVTAMLTKLKFEVFQPGDYLIREGTI,0,-3.76850309,-3.434194824,,,,396280,75,3,2,0,0,0,36,3,80,sp|Q9UL51|HCN2_HUMAN,97.222,36.0,1.0,0.0,1.0,36.0,542.0,577.0,1.52e-18,75.5,,,,,"('KLKFEVF', 20, 26)",1,KLKFEVF,20,26,0,...[FWY]..[WFY]
395921,PLRIVTDLNTQNPEYLDIRHLERGLQYRKTKKVGGNLHC,0,-3.613582513,-5.153743365,,,,396289,247,11,2,0,0,0,36,3,260,sp|Q86UB2|BIVM_HUMAN,100.0,36.0,0.0,0.0,1.0,36.0,378.0,413.0,1.52e-20,80.9,,,,,"('NPEYLDI', 11, 17)",1,NPEYLDI,11,17,0,...[FWY]..[LVI]
397037,PLRLYCSILFLTCISVHRCLGVLRPLRSLRWGRARYARR,0,-0.549144729,-1.762324258,,,,397406,153,57,13,0,0,0,36,3,223,sp|P41231|P2RY2_HUMAN,100.0,36.0,0.0,0.0,1.0,36.0,117.0,152.0,2.39e-18,74.7,,,,,"('LRLYCSI', 1, 7)",1,LRLYCSI,1,7,0,...[FWY]..[LVI]
397441,PLRFYIAVIVQDINDSTPLFKQTKINLKIGESTKPGTTF,0,-1.736081612,-2.986735847,,,,397810,55,9,2,0,0,0,36,3,66,sp|Q9Y5G2|PCDGE_HUMAN,97.222,36.0,1.0,0.0,1.0,36.0,117.0,152.0,2.67e-18,74.7,,,,,"('LRFYIAV', 1, 7)",1,LRFYIAV,1,7,0,...[FWY]..[LVI]
397553,PLRVYKEMYKTDLEKDIISDTSGDFRKLMVALAKGRRAE,0,-5.031537496,-4.112266729,,,,397922,60,1,1,0,0,0,36,3,62,sp|A6NMY6|AXA2L_HUMAN,100.0,36.0,0.0,0.0,1.0,36.0,146.0,181.0,2.62e-18,74.3,,,,,"('SGDFRKL', 21, 27)",1,SGDFRKL,21,27,0,...[FWY]..[LVI]
397624,PLRLRAEVFNYREFNKGSLFYLCTTSGVCVKKIRALANH,0,-3.219946236,-6.055562971,,,,397993,923,54,4,0,0,0,36,3,981,sp|Q7L311|ARMX2_HUMAN,100.0,36.0,0.0,0.0,1.0,36.0,581.0,616.0,9.62e-21,81.6,,,,,"('VFNYREF', 7, 13)",1,VFNYREF,7,13,0,...[FWY]..[WFY]
397991,PLRIYQNTSDYNKLASVLDEFQMKLGSISLELSHSMVFF,0,-6.825086618,-6.490778353,,,,398360,624,3,2,0,0,0,36,3,629,sp|Q06136|KDSR_HUMAN,34.783,23.0,15.0,0.0,5.0,27.0,95.0,117.0,3.5,23.5,,,,,"('TSDYNKL', 7, 13)",1,TSDYNKL,7,13,0,...[FWY]..[LVI]
398033,PLRIYRASYYRKGGCAMLPVKWMPRGLHGRYFHF,0,-4.359863362,-3.440592596,,,,398402,113,3,3,0,0,0,31,3,119,sp|Q9UM73|ALK_HUMAN,100.0,21.0,0.0,0.0,1.0,21.0,1277.0,1297.0,5.2e-11,53.5,,,,,"('HGRYFHF', 27, 33)",1,HGRYFHF,27,33,0,...[FWY]..[WFY]
398192,PLRNFYSNLILQHEERETRQKKLEVAMEEEGLADEEKKF,0,-5.334100266,-4.414829499,,,,398562,74,1,1,0,0,0,36,3,76,sp|Q9Y2H1|ST38L_HUMAN,97.222,36.0,1.0,0.0,1.0,36.0,30.0,65.0,4.21e-17,71.2,,,,,"('RNFYSNL', 2, 8)",1,RNFYSNL,2,8,0,...[FWY]..[LVI]
398229,PLRYSLETFTYLLALKAKWPDRITLLRGNHESRQITQVY,0,-4.888412554,-5.554104288,,,,398600,163,3,1,0,0,0,36,3,167,sp|O00743|PPP6_HUMAN,100.0,36.0,0.0,0.0,1.0,36.0,88.0,123.0,2.27e-20,79.3,,,,,"('LETFTYL', 5, 11)",1,LETFTYL,5,11,0,...[FWY]..[LVI]
398376,PLRLISHQRMKKLFWEDVPNLKNCSWAQGLNFQKRTDIL,0,-0.610073727,-1.384699833,,,,398747,154,55,17,0,0,0,36,3,226,sp|P48357|LEPR_HUMAN,96.774,31.0,1.0,0.0,1.0,31.0,861.0,891.0,1.47e-16,69.7,,,,,"('KLFWEDV', 11, 17)",1,KLFWEDV,11,17,0,...[FWY]..[LVI]
399121,PLRGSASNRSYSADGKGTESHPPEDSWLKFRSENNCFLY,0,-2.946648598,-3.249770253,,,,399493,99,7,3,0,0,0,36,3,109,sp|Q15750|TAB1_HUMAN,100.0,36.0,0.0,0.0,1.0,36.0,30.0,65.0,2.19e-20,80.5,,,,,"('EDSWLKF', 23, 29)",1,EDSWLKF,23,29,0,...[FWY]..[WFY]
399342,PLRVACNASIPAQYKASTVTQGSHNKACTMLFMILYFFT,0,-0.376294546,-1.863016139,,,,399714,631,265,50,0,0,0,36,3,946,sp|Q9NPG1|FZD3_HUMAN,100.0,36.0,0.0,0.0,1.0,36.0,262.0,297.0,1.15e-19,78.6,,,,,"('TMLFMIL', 28, 34)",1,TMLFMIL,28,34,0,...[FWY]..[LVI]
399405,PLRGEDAPKNKDLVEWLKLHPTYTVDMPSYVPKNADVLF,0,-5.663805711,-3.159572444,,,,399777,93,1,3,0,0,0,36,3,97,sp|Q9P2D1|CHD7_HUMAN,100.0,36.0,0.0,0.0,1.0,36.0,2582.0,2617.0,1.35e-19,78.2,,,,,"('LVEWLKL', 12, 18)",1,LVEWLKL,12,18,0,...[FWY]..[LVI]
400108,PLRSALKESQQQSEDREYEVKERLYPKSKRRYDTYNIAG,0,-2.446574995,-1.849232324,,,,400481,50,5,4,0,0,0,36,3,59,sp|Q5K651|SAMD9_HUMAN,97.222,36.0,1.0,0.0,1.0,36.0,1161.0,1196.0,6.09e-18,73.6,,,,,"('KRRYDTY', 28, 34)",1,KRRYDTY,28,34,0,...[FWY]..[WFY]
400333,PLRMAVDSAMELLFLDTFKHPSAEQSSHIDVVRFPCVVY,0,-0.955085435,-6.990010979,,,,400706,441,124,1,0,0,0,36,3,566,sp|Q69YN4|VIR_HUMAN,100.0,36.0,0.0,0.0,1.0,36.0,1.0,36.0,8.76e-20,79.0,,,,,"('VVRFPCV', 30, 36)",1,VVRFPCV,30,36,0,...[FWY]..[LVI]
400432,PLRGVGHAGEWARKPLRFYVRGSPWVSVVDRVAEQDTQA,0,-0.04402844,-4.64831963,,,,400805,87,46,1,0,0,0,36,3,134,sp|P29372|3MG_HUMAN,100.0,36.0,0.0,0.0,1.0,36.0,263.0,298.0,4.27e-20,78.6,,,,,"('GSPWVSV', 21, 27)",1,GSPWVSV,21,27,0,...[FWY]..[LVI]
400463,PLRSAGKTWREQQQWGLEDEKIAGVHWSYEETKTFLAIL,0,-5.132141437,-5.797833171,,,,400836,193,3,1,0,0,0,36,3,197,sp|Q63HK3|ZKSC2_HUMAN,100.0,36.0,0.0,0.0,1.0,36.0,320.0,355.0,7.25e-20,79.0,,,,,"('TKTFLAI', 31, 37)",1,TKTFLAI,31,37,0,...[FWY]..[LVI]
400588,PLRGAGPWGQPNYLLSPNWQFDITHLVADFMKLEEPHVA,0,-3.791403492,-3.194060821,,,,400961,127,5,4,0,0,0,36,3,136,sp|Q8N3T6|T132C_HUMAN,100.0,36.0,0.0,0.0,1.0,36.0,589.0,624.0,1.33e-22,87.0,,,,,"('VADFMKL', 26, 32)",1,VADFMKL,26,32,0,...[FWY]..[LVI]
400693,PLRGDGSHRLGDAQEMRAVVLAGFGGLNKLRLFRKAMPE,0,-3.879534402,-3.960263636,,,,401066,54,2,1,0,0,0,36,3,57,sp|Q9HCJ6|VAT1L_HUMAN,100.0,36.0,0.0,0.0,1.0,36.0,30.0,65.0,6.73e-19,76.3,,,,,"('LAGFGGL', 20, 26)",1,LAGFGGL,20,26,0,...[FWY]..[LVI]
400986,PLRRIGQKKQVNIYRLVTKGSVEEDILERAKKKMVLDHL,0,-4.778089139,-3.858818372,,,,401359,151,3,3,0,0,0,36,3,157,sp|O14647|CHD2_HUMAN,91.667,36.0,3.0,0.0,1.0,36.0,903.0,938.0,1.53e-16,69.7,,,,,"('VNIYRLV', 10, 16)",1,VNIYRLV,10,16,0,...[FWY]..[LVI]
401023,PLRRAHTMDEKLNKSSVFSDAVCEKTKPGNTSKIWLIVG,0,-2.314471459,-3.810238192,,,,401396,146,16,3,0,0,0,36,3,165,sp|P17181|INAR1_HUMAN,100.0,36.0,0.0,0.0,1.0,36.0,407.0,442.0,1.55e-19,78.2,,,,,"('SKIWLIV', 31, 37)",1,SKIWLIV,31,37,0,...[FWY]..[LVI]
401198,PLRGTILKWPNVNLRNYKDEQLHRFVRRLLYFYKPSSKL,0,-0.669808393,-5.365247471,,,,401571,143,49,1,0,0,0,36,3,193,sp|Q6R327|RICTR_HUMAN,100.0,36.0,0.0,0.0,1.0,36.0,552.0,587.0,3.79e-20,79.7,,,,,"('ILKWPNV', 5, 11)",1,ILKWPNV,5,11,0,...[FWY]..[LVI]
401284,PLRLLENILVIVAIAKNKNLHSPMYFFICSLAVADMLVS,0,-1.953534984,-3.282191731,,,,401657,135,19,4,0,0,0,36,3,158,sp|P32245|MC4R_HUMAN,100.0,36.0,0.0,0.0,1.0,36.0,59.0,94.0,8.58e-18,72.8,,,,,"('SPMYFFI', 21, 27)",1,SPMYFFI,21,27,0,...[FWY]..[LVI]
402016,PLRRALMAQFVPPLYSLVFTVGLLGNGWW,0,-0.330551199,-2.870712051,,,,402389,203,88,8,0,0,0,26,3,299,sp|P51677|CCR3_HUMAN,100.0,17.0,0.0,0.0,1.0,17.0,30.0,46.0,3.96e-05,36.6,,,,,"('PPLYSLV', 11, 17)",1,PPLYSLV,11,17,0,...[FWY]..[LVI]
402025,PLRRETFVNLLEATLTYPSHCCALRNLPTKEQNFSHSIS,0,-2.665215281,-1.298485538,,,,402398,128,11,15,0,0,0,36,3,154,sp|P22888|LSHR_HUMAN,97.222,36.0,1.0,0.0,1.0,36.0,262.0,297.0,5.7e-19,76.6,,,,,"('RETFVNL', 3, 9)",1,RETFVNL,3,9,0,...[FWY]..[LVI]
402663,PLRGAPAEKLIVGFPTYGHNFILSNPSNTGIGAPTSGAG,0,-0.414153517,-0.205376134,,,,403037,88,36,22,0,0,0,36,3,146,sp|Q9BZP6|CHIA_HUMAN,100.0,36.0,0.0,0.0,1.0,36.0,254.0,289.0,1.94e-18,75.1,,,,,"('IVGFPTY', 10, 16)",1,IVGFPTY,10,16,0,...[FWY]..[WFY]
402999,PLRGPPMYEMEVSQRLSQPGVAIGLAWTPLGGEIMFVEA,0,-5.567590396,-2.64831963,,,,403373,87,1,4,0,0,0,36,3,92,sp|Q86WA8|LONP2_HUMAN,100.0,36.0,0.0,0.0,1.0,36.0,639.0,674.0,4.6e-20,79.7,,,,,"('GLAWTPL', 23, 29)",1,GLAWTPL,23,29,0,...[FWY]..[LVI]
403017,PLRRGPRMSYGGSTCHAYSNTRDRYGRSWESYSSCGDFH,0,-0.054961154,-2.727707646,,,,403391,1172,615,51,0,0,0,36,3,1838,sp|Q15415|RBY1F_HUMAN,100.0,36.0,0.0,0.0,1.0,36.0,407.0,442.0,1.57e-19,78.2,,,,,"('GRSWESY', 25, 31)",1,GRSWESY,25,31,0,...[FWY]..[WFY]
403267,PLRGDQAISYVGCAAQMFFSASWACTNCFLLAAMGFDRY,0,-5.567590396,-3.64831963,,,,403641,87,1,2,0,0,0,36,3,90,sp|Q8NGY1|O10Z1_HUMAN,100.0,36.0,0.0,0.0,1.0,36.0,88.0,123.0,2.43e-20,79.3,,,,,"('AMGFDRY', 32, 38)",1,AMGFDRY,32,38,0,...[FWY]..[WFY]
403295,PLRGDQDGPPPGLGRVIGELGEDGWIRVQWDTGSTNSYR,0,-2.177758237,-4.580415565,,,,403669,83,10,1,0,0,0,36,3,94,sp|Q9BVR0|HRC23_HUMAN,97.222,36.0,1.0,0.0,1.0,36.0,610.0,645.0,7.290000000000002e-22,84.7,,,,,"('EDGWIRV', 21, 27)",1,EDGWIRV,21,27,0,...[FWY]..[LVI]
404321,PLRGDSPDNKYRVFIGPQNCSVHVVHSVFICCL,0,-2.157068378,-3.112266729,,,,404696,90,11,3,0,0,0,30,3,104,sp|Q13233|M3K1_HUMAN,64.516,31.0,7.0,1.0,1.0,27.0,331.0,361.0,8.69e-09,47.4,,,,,"('DNKYRVF', 7, 13)",1,DNKYRVF,7,13,0,...[FWY]..[WFY]
404437,PLRGASWQKTPGTVSSVPDRRDSFFYSPTLMNYPRLHKC,0,-3.648208856,-2.313900591,,,,404812,69,3,4,0,0,0,36,3,76,sp|P18146|EGR1_HUMAN,45.455,22.0,12.0,0.0,14.0,35.0,16.0,37.0,2.9,23.9,,,,,"('LMNYPRL', 29, 35)",1,LMNYPRL,29,35,0,...[FWY]..[LVI]
404661,PLRVATISGNMFNQMAKWVKQDNETGIYYETWNVKASPE,0,-0.430633451,-6.019157325,,,,405036,225,91,1,0,0,0,36,3,317,sp|O75503|CLN5_HUMAN,100.0,36.0,0.0,0.0,1.0,36.0,184.0,219.0,1.64e-19,77.8,,,,,"('GIYYETW', 25, 31)",1,GIYYETW,25,31,0,...[FWY]..[WFY]
404742,PLRPAYWALGFQLCRYGYANTSEVRELYDAMVAANIPYD,0,-1.375383947,-6.211000683,,,,405117,257,54,1,0,0,0,36,3,312,sp|P14410|SUIS_HUMAN,100.0,36.0,0.0,0.0,1.0,36.0,1219.0,1254.0,9.32e-21,81.6,,,,,"('RPAYWAL', 2, 8)",1,RPAYWAL,2,8,0,...[FWY]..[LVI]
405275,PLRLAVTWIEAISDDELTDLLPQFVQALKYEIYLNSSLV,0,-6.814644872,-6.895374105,,,,405651,413,2,1,0,0,0,36,3,416,sp|O00443|P3C2A_HUMAN,100.0,36.0,0.0,0.0,1.0,36.0,958.0,993.0,3.77e-18,74.3,,,,,"('ALKYEIY', 26, 32)",1,ALKYEIY,26,32,0,...[FWY]..[WFY]
405571,PLRGCAADRRKKKDLDVPEMPSIPNPFPELCCSPITSVL,0,-3.797072242,-4.877801476,,,,405948,102,4,1,0,0,0,36,3,107,sp|Q14449|GRB14_HUMAN,97.222,36.0,1.0,0.0,1.0,36.0,59.0,94.0,1.53e-20,80.9,,,,,"('PNPFPEL', 23, 29)",1,PNPFPEL,23,29,0,...[FWY]..[LVI]
405606,PLRGCAFVKFSSHTEAQAAIHALHGSQTMPGASSSLVVK,0,-0.237540957,-3.159572444,,,,405983,93,43,3,0,0,0,36,3,139,sp|Q8N6W0|CELF5_HUMAN,100.0,36.0,0.0,0.0,1.0,36.0,175.0,210.0,2.35e-18,74.7,,,,,"('GCAFVKF', 3, 9)",1,GCAFVKF,3,9,0,...[FWY]..[WFY]
405619,PLRLCNGNGRCTLGQNSWQCVCQTGWRGPGCNVAMETSC,0,-3.743556733,-5.631640889,,,,405996,172,7,1,0,0,0,36,3,180,sp|Q9NT68|TEN2_HUMAN,100.0,36.0,0.0,0.0,1.0,36.0,813.0,848.0,8.76e-21,81.6,,,,,"('QNSWQCV', 14, 20)",1,QNSWQCV,14,20,0,...[FWY]..[LVI]
406705,PLRRCPPGLLLHDTRCLPLSECPCLVGEELKWPGVSFLQ,0,-0.102451154,-6.216603389,,,,407082,258,131,1,0,0,0,36,3,390,sp|A2VEC9|SSPO_HUMAN,100.0,35.0,0.0,0.0,1.0,35.0,2658.0,2692.0,9.77e-18,73.2,,,,,"('ELKWPGV', 28, 34)",1,ELKWPGV,28,34,0,...[FWY]..[LVI]
406835,PLRRCNCVECVSSSDVDSLRHSRSRLNIYKALASPSLIA,0,-2.739356744,-4.820085978,,,,407212,98,8,1,0,0,0,36,3,107,sp|Q9UBN4|TRPC4_HUMAN,100.0,36.0,0.0,0.0,1.0,36.0,175.0,210.0,1.31e-19,78.2,,,,,"('LNIYKAL', 25, 31)",1,LNIYKAL,25,31,0,...[FWY]..[LVI]
406911,PLRVCPCKESETFVQFANPSQLQCSDNVKIVLDKNLKDC,0,-1.009681186,-3.797002365,,,,407288,868,235,18,0,0,0,36,3,1121,sp|O60281|ZN292_HUMAN,100.0,36.0,0.0,0.0,1.0,36.0,2642.0,2677.0,2.18e-19,77.8,,,,,"('SETFVQF', 9, 15)",1,SETFVQF,9,15,0,...[FWY]..[WFY]
407481,PLRRCTTYDGIDGLPLPSILQDFLKEYHYKQKVRVRWLE,0,-1.682642353,-0.933296588,,,,407858,53,9,8,0,0,0,36,3,70,sp|O75159|SOCS5_HUMAN,97.222,36.0,1.0,0.0,1.0,36.0,494.0,529.0,4.51e-20,79.7,,,,,"('CTTYDGI', 4, 10)",1,CTTYDGI,4,10,0,...[FWY]..[LVI]
407570,PLRRCAPVNISCYAKFAEALITFVSDNSVLHRLISGVMT,0,-4.16027081,-4.977965638,,,,407947,328,10,3,0,0,0,36,3,341,sp|Q8WWI5|CTL1_HUMAN,100.0,36.0,0.0,0.0,1.0,36.0,175.0,210.0,5.02e-19,76.6,,,,,"('ISCYAKF', 9, 15)",1,ISCYAKF,9,15,0,...[FWY]..[WFY]
407598,PLRGGVRPLFWSTNERGALVGFSSLFQRPPISSWGGNRI,0,-0.672850851,-6.481500539,,,,407975,310,106,1,0,0,0,36,3,417,sp|Q86UQ0|ZN589_HUMAN,100.0,36.0,0.0,0.0,1.0,36.0,149.0,184.0,1.76e-19,77.4,,,,,"('LVGFSSL', 18, 24)",1,LVGFSSL,18,24,0,...[FWY]..[LVI]
407911,PLRVDCLIEQTHPEIRKRYDQDLCYTDILFTEQERGVGI,0,-2.76850309,-2.849232324,,,,408288,50,4,2,0,0,0,36,3,56,sp|Q15029|U5S1_HUMAN,100.0,36.0,0.0,0.0,1.0,36.0,146.0,181.0,8.31e-20,79.0,,,,,"('DLCYTDI', 21, 27)",1,DLCYTDI,21,27,0,...[FWY]..[LVI]
407917,PLRGYCMGRMNSDCWYLYTLDFPESRVISQPDQTLEILM,0,-3.584078519,-3.249770253,,,,408294,66,3,2,0,0,0,36,3,71,sp|P17707|DCAM_HUMAN,97.222,36.0,1.0,0.0,1.0,36.0,146.0,181.0,1.66e-20,80.1,,,,,"('SDCWYLY', 11, 17)",1,SDCWYLY,11,17,0,...[FWY]..[WFY]
407993,PLRLDDIIIYKELEGTNAEEEKNKRQNLSKKESPSVIF,0,-2.914723831,-2.995453064,,,,408370,83,6,3,0,0,0,35,3,92,sp|Q9P127|LUZP4_HUMAN,96.875,32.0,1.0,0.0,1.0,32.0,30.0,61.0,5.87e-15,64.7,,,,,"('IIIYKEL', 6, 12)",1,IIIYKEL,6,12,0,...[FWY]..[LVI]
408443,PLRVDFSIISVAGKALAPADLMEHHSGSQGPLLTTGDLG,0,-3.749137765,-4.414829499,,,,408820,74,3,1,0,0,0,36,3,78,sp|Q15648|MED1_HUMAN,100.0,36.0,0.0,0.0,1.0,36.0,929.0,964.0,1.48e-18,75.5,,,,,"('RVDFSII', 2, 8)",1,RVDFSII,2,8,0,...[FWY]..[LVI]
408505,PLRRDGDLVTFSGIEGMVELNDCDPRSIHVREDGSLEIG,0,-1.95983603,-5.499996883,,,,408882,314,44,2,0,0,0,36,3,360,sp|P41226|UBA7_HUMAN,100.0,36.0,0.0,0.0,1.0,36.0,204.0,239.0,6.22e-21,82.0,,,,,"('LVTFSGI', 7, 13)",1,LVTFSGI,7,13,0,...[FWY]..[LVI]
408570,PLRVDLLTAQDLLSFELLDINIVQELERVPHNTPVDVTP,0,-1.50931075,-3.175002485,,,,408947,94,18,3,0,0,0,36,3,115,sp|Q14596|NBR1_HUMAN,100.0,36.0,0.0,0.0,1.0,36.0,552.0,587.0,6.55e-18,73.6,,,,,"('LLSFELL', 11, 17)",1,LLSFELL,11,17,0,...[FWY]..[LVI]
408835,PLRWDNTKALLAFAIPAFVIVAVNLIVVLVVAVNTQRPS,0,-3.031537496,-3.69722923,,,,409212,90,6,2,0,0,0,36,3,98,sp|Q8IZF3|AGRF4_HUMAN,100.0,36.0,0.0,0.0,1.0,36.0,553.0,588.0,8.89e-17,70.5,,,,,"('IPAFVIV', 14, 20)",1,IPAFVIV,14,20,0,...[FWY]..[LVI]
410123,PLRMDSNNFLGNCGVGEREGRVASALVARRHYRFIHGIG,0,-0.966582054,-1.1028064,,,,410501,380,106,51,0,0,0,36,3,537,sp|Q9HD40|SPCS_HUMAN,100.0,36.0,0.0,0.0,1.0,36.0,61.0,96.0,4.290000000000001e-21,82.4,,,,,"('RRHYRFI', 28, 34)",1,RRHYRFI,28,34,0,...[FWY]..[LVI]
410126,PLRRDSNVTINCERIKLNTEENKPSHFQALGDDISRTVI,0,-0.453527756,-0.499823492,,,,410504,520,207,106,0,0,0,36,3,833,sp|O75417|DPOLQ_HUMAN,100.0,36.0,0.0,0.0,1.0,36.0,1229.0,1264.0,2.32e-19,77.8,,,,,"('PSHFQAL', 23, 29)",1,PSHFQAL,23,29,0,...[FWY]..[LVI]
410796,PLRREAGFLRPVTIFGPIADVAREKLAREEPDIYQIAKS,0,-6.074959776,-3.570726509,,,,411174,371,3,9,0,0,0,36,3,383,sp|Q07157|ZO1_HUMAN,100.0,36.0,0.0,0.0,1.0,36.0,639.0,674.0,1.07e-18,75.9,,,,,"('VTIFGPI', 11, 17)",1,VTIFGPI,11,17,0,...[FWY]..[LVI]
411670,PLRKEDVAMARREIISAAEHFSMIRASRNKNTALNGAVP,0,-0.004686276,-0.180572743,,,,412048,173,94,44,0,0,0,36,3,311,sp|Q6ZN04|MEX3B_HUMAN,100.0,36.0,0.0,0.0,1.0,36.0,117.0,152.0,3.85e-17,71.2,,,,,"('AEHFSMI', 17, 23)",1,AEHFSMI,17,23,0,...[FWY]..[LVI]
411908,PLRRELMVFAHTQWKAQAQSILSLLMSSSSGFLDLFF,0,-3.212109741,-2.292838975,,,,412286,68,4,4,0,0,0,34,3,76,sp|Q9HAW8|UD110_HUMAN,91.176,34.0,3.0,0.0,1.0,34.0,88.0,121.0,7.03e-15,64.7,,,,,"('SSGFLDL', 28, 34)",1,SSGFLDL,28,34,0,...[FWY]..[LVI]
413793,PLRLESEQVPLMSAHWCLKNTFKVGAVAGNDWLIWDITR,0,-1.278217289,-4.297545978,,,,414173,614,138,9,0,0,0,36,3,761,sp|Q8NFH4|NUP37_HUMAN,100.0,36.0,0.0,0.0,1.0,36.0,204.0,239.0,2.11e-20,79.7,,,,,"('GNDWLIW', 28, 34)",1,GNDWLIW,28,34,0,...[FWY]..[WFY]
414714,PLRLHALVGSPIIWGGEPRAHVMAQVDAWKQLQTFFHKH,0,-2.6606998,-2.063357129,,,,415096,116,10,8,0,0,0,36,3,134,sp|Q86TX2|ACOT1_HUMAN,97.222,36.0,1.0,0.0,1.0,36.0,374.0,409.0,6.700000000000001e-21,81.6,,,,,"('VDAWKQL', 25, 31)",1,VDAWKQL,25,31,0,...[FWY]..[LVI]
415613,PLRRFCEVIPGLNDTAENLLRTIELGLEVSPSTLFAVAS,0,-0.356771723,-6.499996883,,,,415995,942,401,3,0,0,0,36,3,1346,sp|Q9NPH2|INO1_HUMAN,100.0,36.0,0.0,0.0,1.0,36.0,233.0,268.0,3.68e-18,74.3,,,,,"('LRRFCEV', 1, 7)",1,LRRFCEV,1,7,0,...[FWY]..[LVI]
415641,PLRSFCPLECLPTAATPTAFRPAHRPAGTWMAGVRAPK,0,-1.205566896,-1.986735847,,,,416023,55,13,4,0,0,0,35,3,72,sp|Q14532|K1H2_HUMAN,42.308,26.0,15.0,0.0,4.0,29.0,43.0,68.0,0.016,30.0,,,,,"('LRSFCPL', 1, 7)",1,LRSFCPL,1,7,0,...[FWY]..[LVI]
415786,PLRSFDVKLTQLASGHSHGTFEWVDSMLVQALKSGDWLL,0,-2.031537496,-4.434194824,,,,416168,75,10,1,0,0,0,36,3,86,sp|Q9NU22|MDN1_HUMAN,97.222,36.0,1.0,0.0,1.0,36.0,2205.0,2240.0,3.87e-18,74.3,,,,,"('HGTFEWV', 17, 23)",1,HGTFEWV,17,23,0,...[FWY]..[LVI]
415910,PLRVFEVTGMPENVDRAREEIEMHIAMRTGNYIELNEEN,0,-3.212109741,-3.029804569,,,,416292,85,5,3,0,0,0,36,3,93,sp|Q5U5Q3|MEX3C_HUMAN,100.0,36.0,0.0,0.0,1.0,36.0,370.0,405.0,8.78e-20,79.0,,,,,"('TGNYIEL', 28, 34)",1,TGNYIEL,28,34,0,...[FWY]..[LVI]
417018,PLRSFLSRPNVLSFLNLAGTDTALDTVRGCSVGGWMTGR,0,-2.879534402,-2.223298042,,,,417401,81,6,5,0,0,0,36,3,92,sp|Q6F5E8|CARL2_HUMAN,100.0,36.0,0.0,0.0,1.0,36.0,361.0,396.0,2.35e-19,77.8,,,,,"('VLSFLNL', 10, 16)",1,VLSFLNL,10,16,0,...[FWY]..[LVI]
417027,PLRVFLTGTFTQEVMIQIRSLPHTIQLYWKNVRPSFAV,0,-4.879534402,-2.375301135,,,,417410,54,1,3,0,0,0,35,3,58,sp|Q9Y6F7|CDY2_HUMAN,88.889,18.0,2.0,0.0,1.0,18.0,466.0,483.0,5.68e-05,37.0,,,,,"('QLYWKNV', 25, 31)",1,QLYWKNV,25,31,0,...[FWY]..[LVI]
417132,PLRRFNFDGGECCDPEITNVTQTCFDPDSPHRAYLDVNE,0,-3.779998729,-3.182656057,,,,417515,252,10,8,0,0,0,36,3,270,sp|Q13219|PAPP1_HUMAN,100.0,36.0,0.0,0.0,1.0,36.0,465.0,500.0,1.79e-20,80.9,,,,,"('HRAYLDV', 30, 36)",1,HRAYLDV,30,36,0,...[FWY]..[LVI]
417209,PLRGFTSLMEMALLAASWVVPIDIEEDEDSEGPGSGESR,0,-0.987143376,-4.664807752,,,,417592,440,121,5,0,0,0,36,3,566,sp|P80192|M3K9_HUMAN,61.111,36.0,0.0,1.0,1.0,36.0,668.0,689.0,3.39e-05,37.4,,,,,"('LRGFTSL', 1, 7)",1,LRGFTSL,1,7,0,...[FWY]..[LVI]
417261,PLRSFPDIHCIVGSPLPVVLLALHIGTAAWESDRNQTHG,0,-3.428427648,-4.509156882,,,,417645,79,4,1,0,0,0,36,3,84,sp|Q53TS8|C2CD6_HUMAN,45.455,33.0,18.0,0.0,1.0,33.0,36.0,68.0,0.4,26.2,,,,,"('LRSFPDI', 1, 7)",1,LRSFPDI,1,7,0,...[FWY]..[LVI]
417470,PLRVFVVIILVIILAISLHKCRKAGVGQSWKENSPLNVS,0,-3.35494452,-4.136113471,,,,417854,244,13,4,0,0,0,36,3,261,sp|P13726|TF_HUMAN,100.0,36.0,0.0,0.0,1.0,36.0,260.0,295.0,2.64e-19,76.6,,,,,"('LRVFVVI', 1, 7)",1,LRVFVVI,1,7,0,...[FWY]..[LVI]
418531,PLRVFRTLYSQCKAELDLQTEPPFSKDHAQLSSKLRENK,0,-4.470421737,-2.551150971,,,,418915,122,3,6,0,0,0,36,3,131,sp|Q5JWR5|DOP1_HUMAN,100.0,36.0,0.0,0.0,1.0,36.0,378.0,413.0,2.1e-19,77.8,,,,,"('LRVFRTL', 1, 7)",1,LRVFRTL,1,7,0,...[FWY]..[LVI]
418656,PLRRFSIMKCRFYTRKENAMIVGNAKDTAHTKAEWNILE,0,-0.040526279,-8.121255513,,,,419040,966,512,1,0,0,0,36,3,1479,sp|P23443|KS6B1_HUMAN,82.609,23.0,4.0,0.0,14.0,36.0,126.0,148.0,3.54e-06,40.4,,,,,"('KAEWNIL', 31, 37)",1,KAEWNIL,31,37,0,...[FWY]..[LVI]
418859,PLRSFTADRIAPPVVTLWINLASFQNGRRCLLRNLK,0,-3.166123536,-4.568780865,,,,419243,247,15,3,0,0,0,33,3,265,sp|Q6XPS3|TPTE2_HUMAN,50.0,18.0,9.0,0.0,14.0,31.0,478.0,495.0,1.1,24.6,,,,,"('VTLWINL', 14, 20)",1,VTLWINL,14,20,0,...[FWY]..[LVI]
419043,PLRRGDIIRVFFKDNEDWGMAALVRVRKVIFQLIMWLV,0,-1.793025409,-2.096147064,,,,419427,89,14,6,0,0,0,35,3,109,sp|Q8N157|AHI1_HUMAN,100.0,15.0,0.0,0.0,1.0,15.0,1074.0,1088.0,5.66e-06,39.7,,,,,"('KVIFQLI', 27, 33)",1,KVIFQLI,27,33,0,...[FWY]..[LVI]
419136,PLRGWDTVFLVALLLLGLPANGLMAWLAGSQARHGAGTR,0,-3.422327449,-1.766091088,,,,419520,59,3,5,0,0,0,36,3,67,sp|Q8TDT2|GP152_HUMAN,100.0,36.0,0.0,0.0,1.0,36.0,30.0,65.0,3.45e-18,74.3,,,,,"('LRGWDTV', 1, 7)",1,LRGWDTV,1,7,0,...[FWY]..[LVI]
419462,PLRWHFEEAVDGECPPQRSILEQLAEKNFELVINLSMRG,0,-2.858001241,-4.260658569,,,,419846,133,10,2,0,0,0,36,3,145,sp|P27708|PYR1_HUMAN,100.0,36.0,0.0,0.0,1.0,36.0,1364.0,1399.0,5.940000000000001e-21,82.0,,,,,"('EKNFELV', 25, 31)",1,EKNFELV,25,31,0,...[FWY]..[LVI]
419495,PLRRGFGLGCCVAMDKPLGLPFLSLPRQCLGLEDSPQIR,0,-3.245662301,-1.840964708,,,,419879,87,5,7,0,0,0,36,3,99,sp|Q32MH5|F214A_HUMAN,61.538,13.0,5.0,0.0,23.0,35.0,848.0,860.0,1.9,24.3,,,,,"('GLPFLSL', 18, 24)",1,GLPFLSL,18,24,0,...[FWY]..[LVI]
419631,PLRGRGAKKGPRNPTPENSRRLGRQGALVQERSFKKFGA,0,-5.403870544,-6.069562278,,,,420016,233,3,1,0,0,0,36,3,237,sp|P08697|A2AP_HUMAN,46.154,26.0,9.0,1.0,1.0,21.0,59.0,84.0,1.2,24.6,,,,,"('ERSFKKF', 30, 36)",1,ERSFKKF,30,36,0,...[FWY]..[WFY]
420402,PLRRGIKDATEIIFEMSKDERKDFYRTIAWGLNRPLFAV,0,-3.410049119,-5.075740853,,,,420787,234,12,2,0,0,0,36,3,248,sp|Q9Y222|DMTF1_HUMAN,100.0,36.0,0.0,0.0,1.0,36.0,175.0,210.0,9.23e-21,81.6,,,,,"('KDFYRTI', 21, 27)",1,KDFYRTI,21,27,0,...[FWY]..[LVI]
420583,PLRLGKGAAQENGAPECSPRNPLEPFASLEQNREEAHRV,0,-0.14515112,-6.210298812,,,,420968,2055,1013,8,0,0,0,36,3,3076,sp|Q6IE81|JADE1_HUMAN,100.0,36.0,0.0,0.0,1.0,36.0,378.0,413.0,4.16e-19,77.0,,,,,"('LEPFASL', 22, 28)",1,LEPFASL,22,28,0,...[FWY]..[LVI]
420666,PLRLGKNELAAIIPLVVKSVQRYCQTFCAVAL,0,-3.745233311,-3.562928138,,,,421051,123,5,3,0,0,0,29,3,131,sp|Q9HCJ5|ZSWM6_HUMAN,68.966,29.0,3.0,1.0,1.0,29.0,1082.0,1104.0,4.52e-05,36.6,,,,,"('CQTFCAV', 23, 29)",1,CQTFCAV,23,29,0,...[FWY]..[LVI]
420682,PLRPHKPASGPSPSNCTAWTPPRRGHAQAGQCPAWQCLL,0,-5.391433441,-3.472162675,,,,421067,77,1,2,0,0,0,36,3,80,sp|Q86XX4|FRAS1_HUMAN,61.905,21.0,5.0,1.0,6.0,23.0,616.0,636.0,0.27,26.6,,,,,"('CPAWQCL', 31, 37)",1,CPAWQCL,31,37,0,...[FWY]..[LVI]
421013,PLRSGGQPQLTQPGKLTEAFKYFLQGMGYMASSCMTRLS,0,-0.962590142,-5.365247471,,,,421399,143,40,1,0,0,0,36,3,184,sp|Q9UN36|NDRG2_HUMAN,100.0,36.0,0.0,0.0,1.0,36.0,291.0,326.0,2.12e-19,77.4,,,,,"('TEAFKYF', 16, 22)",1,TEAFKYF,16,22,0,...[FWY]..[WFY]
421288,PLRNEKISVQAYETQVKFIFELIQNADTDQEPVSHLHKL,0,-2.212109741,-2.292838975,,,,421674,68,8,4,0,0,0,36,3,80,sp|Q6GTS8|P20D1_HUMAN,100.0,36.0,0.0,0.0,1.0,36.0,467.0,502.0,4.71e-19,76.6,,,,,"('KFIFELI', 16, 22)",1,KFIFELI,16,22,0,...[FWY]..[LVI]
421346,PLRGGNSEKPTVLKLTRKEGLQGPVETERMTYLLFLSEL,0,-5.201462497,-3.69722923,,,,421732,135,2,3,0,0,0,36,3,140,sp|Q5BKX6|S45A4_HUMAN,100.0,25.0,0.0,0.0,1.0,25.0,741.0,765.0,2.5e-11,54.7,,,,,"('RMTYLLF', 28, 34)",1,RMTYLLF,28,34,0,...[FWY]..[WFY]
421495,PLRRRRRDLILPGESVCVHRCFWSRVLCGGVPSRVGQ,0,-3.267604854,-3.933296588,,,,421881,53,3,1,0,0,0,34,3,57,sp|A8MTQ0|NOTO_HUMAN,50.0,24.0,9.0,2.0,9.0,29.0,68.0,91.0,2.1,23.9,,,,,"('RCFWSRV', 19, 25)",1,RCFWSRV,19,25,0,...[FWY]..[LVI]
422167,PLRGWRRLRKEPAARRGLHLAASADHTSLAQRLPGSRKC,0,-5.321044113,-4.401773347,,,,422553,220,3,3,0,0,0,36,3,226,sp|Q8N8D1|PDCD7_HUMAN,63.636,22.0,8.0,0.0,3.0,24.0,326.0,347.0,0.19,26.9,,,,,"('LRGWRRL', 1, 7)",1,LRGWRRL,1,7,0,...[FWY]..[LVI]
422333,PLRLSSDIVGQLYELTEVQFDLASRGFDLDAAWPTFARR,0,-7.285778783,-8.366508017,,,,422719,1145,4,1,0,0,0,36,3,1150,sp|Q9BQS8|FYCO1_HUMAN,100.0,36.0,0.0,0.0,1.0,36.0,146.0,181.0,8.11e-20,79.0,,,,,"('DAAWPTF', 29, 35)",1,DAAWPTF,29,35,0,...[FWY]..[WFY]
422338,PLRLDSEASTILKELQVKLSGVLDELSVTYGESFQVIIE,0,-2.534666325,-6.370283061,,,,422724,287,27,1,0,0,0,36,3,315,sp|Q8NB66|UN13C_HUMAN,100.0,36.0,0.0,0.0,1.0,36.0,1820.0,1855.0,5.78e-17,70.9,,,,,"('GESFQVI', 30, 36)",1,GESFQVI,30,36,0,...[FWY]..[LVI]
423027,PLRRGVCVCGKCSCHKIKLGKVYGKYCEKDDFSCPYHHG,0,-0.4556581,-3.521280441,,,,423413,239,95,6,0,0,0,36,3,340,sp|P26012|ITB8_HUMAN,100.0,36.0,0.0,0.0,1.0,36.0,523.0,558.0,6.23e-20,79.3,,,,,"('GKVYGKY', 19, 25)",1,GKVYGKY,19,25,0,...[FWY]..[WFY]
423216,PLRQFVTVSRRVCRPLLHSCQRQAAGLIRRPQHSQWAR,0,-2.60577359,-0.023537811,,,,423602,67,6,19,0,0,0,35,3,92,sp|P26368|U2AF2_HUMAN,36.364,22.0,14.0,0.0,11.0,32.0,63.0,84.0,1.5,24.3,,,,,"('LRQFVTV', 1, 7)",1,LRQFVTV,1,7,0,...[FWY]..[LVI]
423857,PLRSHNTTMPFRISMTFKNNSPSGGETKCVFWNFRLANN,0,-4.410049119,-2.642781446,,,,424243,195,5,9,0,0,0,36,3,209,sp|Q8IZF2|AGRF5_HUMAN,100.0,36.0,0.0,0.0,1.0,36.0,929.0,964.0,3.76e-20,79.7,,,,,"('KCVFWNF', 27, 33)",1,KCVFWNF,27,33,0,...[FWY]..[WFY]
423923,PLRGHPGLPGPPGPPGQCDPSQCAYFASLAARPGNVKGP,0,-3.055384238,-0.814185377,,,,424309,61,4,10,0,0,0,36,3,75,sp|Q8NFW1|COMA1_HUMAN,100.0,36.0,0.0,0.0,1.0,36.0,1591.0,1626.0,5.57e-18,73.6,,,,,"('CAYFASL', 22, 28)",1,CAYFASL,22,28,0,...[FWY]..[LVI]
424093,PLRRHQHSQVVVPPLRHPSLSQVVVPSQNFSPTFYFFNH,0,-0.013615588,-2.264269823,,,,424479,50,27,3,0,0,0,36,3,80,sp|Q8NFP9|NBEA_HUMAN,40.0,30.0,14.0,1.0,7.0,32.0,1612.0,1641.0,2.2,23.9,,,,,"('SPTFYFF', 30, 36)",1,SPTFYFF,30,36,0,...[FWY]..[WFY]
424646,PLRGHVLKVYRKKDVIYTEWVQQQKANGTTVRVGIHPSK,0,-2.410049119,-4.490778353,,,,425032,78,8,1,0,0,0,36,3,87,sp|Q9UNX3|RL26L_HUMAN,75.0,36.0,9.0,0.0,1.0,36.0,68.0,103.0,5.12e-12,55.1,,,,,"('DVIYTEW', 13, 19)",1,DVIYTEW,13,19,0,...[FWY]..[WFY]
424971,PLRGHSLGSLILFDILTNQKDSLGDIDSEKDSLNIVMYQ,0,-1.372574414,-3.370841487,,,,425357,323,68,9,0,0,0,36,3,400,sp|O94830|DDHD2_HUMAN,97.222,36.0,1.0,0.0,1.0,36.0,349.0,384.0,1.64e-17,72.4,,,,,"('LILFDIL', 9, 15)",1,LILFDIL,9,15,0,...[FWY]..[LVI]
425311,PLRRHLPPPLYVLFVQATAYGQACDKTLSVAIEGSVDEA,0,-4.728096628,-7.201143285,,,,425697,1021,21,2,0,0,0,36,3,1044,sp|Q13769|THOC5_HUMAN,100.0,36.0,0.0,0.0,1.0,36.0,262.0,297.0,1.79e-19,77.8,,,,,"('PPLYVLF', 7, 13)",1,PPLYVLF,7,13,0,...[FWY]..[WFY]
425778,PLRRIAKQLENDTRIIEVLCKEHECNIDEVKNVYFKNFI,0,-0.273067062,-2.613068783,,,,426164,849,383,40,0,0,0,36,3,1272,sp|P06400|RB_HUMAN,100.0,36.0,0.0,0.0,1.0,36.0,262.0,297.0,1.04e-19,78.6,,,,,"('NVYFKNF', 31, 37)",1,NVYFKNF,31,37,0,...[FWY]..[WFY]
425830,PLRGIAQNEENDFLAIGLHNQTLKIAVNLGERISVPMSY,0,-0.702075728,-1.97545004,,,,426216,191,64,14,0,0,0,36,3,269,sp|Q5T1H1|EYS_HUMAN,100.0,36.0,0.0,0.0,1.0,36.0,3020.0,3055.0,9.82e-20,78.6,,,,,"('ENDFLAI', 9, 15)",1,ENDFLAI,9,15,0,...[FWY]..[LVI]
425970,PLRRICLPHGAGGDAKKLTESYIQLGLQCAGGAGRGDLY,0,-2.245662301,-4.64831963,,,,426356,87,10,1,0,0,0,36,3,98,sp|Q9Y4D7|PLXD1_HUMAN,100.0,36.0,0.0,0.0,1.0,36.0,320.0,355.0,1.9600000000000007e-21,83.6,,,,,"('TESYIQL', 18, 24)",1,TESYIQL,18,24,0,...[FWY]..[LVI]
426234,PLRRIEVLSNGSLYISEVEGRRGEQSDEGFYQCLAMNKY,0,-0.506517535,-7.438995811,,,,426620,602,231,1,0,0,0,36,3,834,sp|Q2VWP7|PRTG_HUMAN,100.0,36.0,0.0,0.0,1.0,36.0,84.0,119.0,1.55e-20,80.9,,,,,"('EGFYQCL', 27, 33)",1,EGFYQCL,27,33,0,...[FWY]..[LVI]
426495,PLRVIGIVTAKSGDIFKVDVGGSEPASLSYLSFEGATKR,0,-2.906006614,-3.986735847,,,,426881,55,4,1,0,0,0,36,3,60,sp|Q9NQT5|EXOS3_HUMAN,100.0,36.0,0.0,0.0,1.0,36.0,117.0,152.0,1.51e-17,71.6,,,,,"('SLSYLSF', 26, 32)",1,SLSYLSF,26,32,0,...[FWY]..[WFY]
426560,PLRRIGMASIKMKENHEFDGKKLFQHIADYLPSYARPRF,0,-5.314471459,-4.980163193,,,,426946,219,3,2,0,0,0,36,3,224,sp|O14975|S27A2_HUMAN,100.0,36.0,0.0,0.0,1.0,36.0,523.0,558.0,4.290000000000001e-21,82.4,,,,,"('KKLFQHI', 20, 26)",1,KKLFQHI,20,26,0,...[FWY]..[LVI]
426868,PLRGIIILFYCAIIGGKLLGLIKLPTLPPLPSLLGMLLA,0,-5.031537496,-5.112266729,,,,427254,120,2,1,0,0,0,36,3,123,sp|Q86UD5|SL9B2_HUMAN,100.0,36.0,0.0,0.0,1.0,36.0,117.0,152.0,2.96e-16,68.9,,,,,"('ILFYCAI', 6, 12)",1,ILFYCAI,6,12,0,...[FWY]..[LVI]
427013,PLRSIKAWPFPDVLECCLVLLLIRSHFPGCLAQEMQQQA,0,-3.089543099,-5.870712051,,,,427399,203,13,1,0,0,0,36,3,217,sp|Q8TEQ6|GEMI5_HUMAN,100.0,36.0,0.0,0.0,1.0,36.0,1451.0,1486.0,6.06e-20,79.3,,,,,"('AWPFPDV', 6, 12)",1,AWPFPDV,6,12,0,...[FWY]..[LVI]
427730,PLRWINPKDDLRDMFCKILHGFKNKLAMKLASFL,0,-3.195036228,-4.597693557,,,,428117,84,5,1,0,0,0,31,3,90,sp|Q92973|TNPO1_HUMAN,87.5,24.0,3.0,0.0,1.0,24.0,850.0,873.0,2.69e-11,54.3,,,,,"('RDMFCKI', 11, 17)",1,RDMFCKI,11,17,0,...[FWY]..[LVI]
428586,PLRSISVKYWAQFFVPTILIPCQILTVLNMVEIKL,0,-3.584078519,-3.249770253,,,,428974,66,3,2,0,0,0,32,3,71,sp|Q643R3|LPCT4_HUMAN,36.364,22.0,14.0,0.0,8.0,29.0,130.0,151.0,2.9,23.5,,,,,"('VKYWAQF', 6, 12)",1,VKYWAQF,6,12,0,...[FWY]..[WFY]
429592,PLRRKDAESRRRELHIRTYAVIPLNDECGIIEWVNNTAG,0,-7.119000337,-6.199729571,,,,429982,255,1,1,0,0,0,36,3,257,sp|Q13535|ATR_HUMAN,100.0,36.0,0.0,0.0,1.0,36.0,2350.0,2385.0,2.01e-21,83.6,,,,,"('IRTYAVI', 15, 21)",1,IRTYAVI,15,21,0,...[FWY]..[LVI]
430670,PLRRKLWIFLEEHQDALELIMSKYRKQMLQLMVAKKRC,0,-3.622897768,-3.440592596,,,,431061,113,5,3,0,0,0,35,3,121,sp|Q9BRV8|SIKE1_HUMAN,93.939,33.0,2.0,0.0,1.0,33.0,88.0,120.0,2.56e-15,64.7,,,,,"('RKLWIFL', 3, 9)",1,RKLWIFL,3,9,0,...[FWY]..[LVI]
430892,PLRGKNLEPIITLYNRNNATENSDKTIGDGDIFTHLNSH,0,-4.253929917,-3.334659151,,,,431283,105,3,3,0,0,0,36,3,111,sp|Q5JVG2|ZN484_HUMAN,100.0,36.0,0.0,0.0,1.0,36.0,182.0,217.0,1.55e-19,78.2,,,,,"('GDIFTHL', 29, 35)",1,GDIFTHL,29,35,0,...[FWY]..[LVI]
431948,PLRTSLTWNSVKGKKSCHTAVDRTAGWNIPMGLLFNQTG,0,-3.212109741,-3.877801476,,,,432340,51,3,1,0,0,0,36,3,55,sp|P02788|TRFL_HUMAN,100.0,36.0,0.0,0.0,1.0,36.0,465.0,500.0,3.7e-21,82.8,,,,,"('SLTWNSV', 4, 10)",1,SLTWNSV,4,10,0,...[FWY]..[LVI]
432146,PLRIKQLRSESIGGTPIRGALQIEQSEESDQGKYECVAT,0,-3.534037836,-4.61476707,,,,432538,85,4,1,0,0,0,36,3,90,sp|P23468|PTPRD_HUMAN,100.0,36.0,0.0,0.0,1.0,36.0,175.0,210.0,3.39e-18,74.3,,,,,"('QGKYECV', 30, 36)",1,QGKYECV,30,36,0,...[FWY]..[LVI]
432581,PLRSKSGLKIIKLTDSNFLRILENSIRLGLPVLLEELKE,0,-1.393135736,-3.348334088,,,,432973,106,22,3,0,0,0,36,3,131,sp|Q9C0G6|DYH6_HUMAN,100.0,36.0,0.0,0.0,1.0,36.0,3094.0,3129.0,8.77e-17,70.5,,,,,"('DSNFLRI', 14, 20)",1,DSNFLRI,14,20,0,...[FWY]..[LVI]
433047,PLRLKLEELWLEGNPLCSTFSDQSAYVSAIRDCFPKLLR,0,-2.66690495,-6.069562278,,,,433440,233,20,1,0,0,0,36,3,254,sp|Q9GZY0|NXF2_HUMAN,100.0,36.0,0.0,0.0,1.0,36.0,320.0,355.0,1.34e-19,78.2,,,,,"('RDCFPKL', 30, 36)",1,RDCFPKL,30,36,0,...[FWY]..[LVI]
433149,PLRVKVLEIKNKARKLNIEPLRSNLSKYYVLSQSEICKG,0,-2.104838419,-5.966927366,,,,433542,434,55,2,0,0,0,36,3,491,sp|A8MXE2|B3GT9_HUMAN,100.0,36.0,0.0,0.0,1.0,36.0,46.0,81.0,7.84e-18,73.2,,,,,"('LSKYYVL', 24, 30)",1,LSKYYVL,24,30,0,...[FWY]..[LVI]
433507,PLRSLACYIASLVFLHEFIDVYFIAPCHSCGKSPSSLW,0,-5.516964323,-4.597693557,,,,433900,84,1,1,0,0,0,35,3,86,sp|O75110|ATP9A_HUMAN,100.0,22.0,0.0,0.0,1.0,22.0,987.0,1008.0,1.58e-09,49.7,,,,,"('LHEFIDV', 14, 20)",1,LHEFIDV,14,20,0,...[FWY]..[LVI]
433559,PLRGLAFLNSCLNPILYVLISKKFQARFRSSVAEILKYT,0,-6.233171357,-3.72893809,,,,433952,138,1,3,0,0,0,36,3,142,sp|P46091|GPR1_HUMAN,100.0,36.0,0.0,0.0,1.0,36.0,291.0,326.0,1.3e-18,75.1,,,,,"('PILYVLI', 13, 19)",1,PILYVLI,13,19,0,...[FWY]..[LVI]
433840,PLRMLSQKPKKKHNFLNHGLSLNLVIKPYLALEGSVAFP,0,-5.402631647,-5.220326475,,,,434233,388,5,3,0,0,0,36,3,396,sp|Q16048|MCHL1_HUMAN,100.0,36.0,0.0,0.0,1.0,36.0,1.0,36.0,6.630000000000001e-21,76.3,,,,,"('IKPYLAL', 25, 31)",1,IKPYLAL,25,31,0,...[FWY]..[LVI]
434339,PLRWLDKNKDYINFIQEKAKVVTFDCGNDIFEEGDEPKG,0,-0.653899968,-1.23986451,,,,434732,254,88,31,0,0,0,36,3,373,sp|Q4G0N8|SL9C1_HUMAN,100.0,36.0,0.0,0.0,1.0,36.0,871.0,906.0,3.3100000000000003e-22,85.9,,,,,"('NKDYINF', 7, 13)",1,NKDYINF,7,13,0,...[FWY]..[WFY]
434498,PLRSLEAIQAVMAKNKVCLVDVEPEALKQLRTSEFKPYI,0,-0.613224864,-0.138738941,,,,434891,275,98,72,0,0,0,36,3,445,sp|Q13368|MPP3_HUMAN,100.0,36.0,0.0,0.0,1.0,36.0,465.0,500.0,1.67e-18,75.1,,,,,"('TSEFKPY', 31, 37)",1,TSEFKPY,31,37,0,...[FWY]..[WFY]
435098,PLRVLFSWDNFVKEKTGFSVSSKDSKGLEIKSVFLRNKF,0,-1.051225831,-4.165378066,,,,435493,498,131,8,0,0,0,36,3,637,sp|Q9NPE6|SPAG4_HUMAN,52.632,19.0,9.0,0.0,7.0,25.0,19.0,37.0,0.27,26.6,,,,,"('LFSWDNF', 4, 10)",1,LFSWDNF,4,10,0,...[FWY]..[WFY]
435176,PLRSLGCPSFTSMATYDSFLEKSPSDKADTSSHFSVDT,0,-6.212109741,-5.877801476,,,,435571,408,3,2,0,0,0,35,3,413,sp|Q6T4R5|NHS_HUMAN,100.0,35.0,0.0,0.0,1.0,35.0,747.0,781.0,7.34e-18,73.2,,,,,"('MATYDSF', 12, 18)",1,MATYDSF,12,18,0,...[FWY]..[WFY]
435192,PLRWLGDTLGRIKAMLVANILSLVGALLMGFSKLGPSHI,0,-3.817137865,-3.12025952,,,,435587,181,7,6,0,0,0,36,3,194,sp|P11168|GTR2_HUMAN,100.0,36.0,0.0,0.0,1.0,36.0,117.0,152.0,5.07e-18,73.9,,,,,"('LMGFSKL', 27, 33)",1,LMGFSKL,27,33,0,...[FWY]..[LVI]
435221,PLRRLGESLKRGEVDKVGKFGLGFNSVYHITDIPIIMSR,0,-5.161736219,-5.827427953,,,,435616,197,3,1,0,0,0,36,3,201,sp|Q9NZJ4|SACS_HUMAN,100.0,36.0,0.0,0.0,1.0,36.0,1540.0,1575.0,4.16e-20,79.7,,,,,"('GLGFNSV', 20, 26)",1,GLGFNSV,20,26,0,...[FWY]..[LVI]
435681,PLRRLHEKGVLLEIEDLQVNQFKNVIFEISPTEEVGDFE,0,-0.757486028,-7.186943416,,,,436076,1011,326,2,0,0,0,36,3,1339,sp|P46940|IQGA1_HUMAN,100.0,36.0,0.0,0.0,1.0,36.0,1567.0,1602.0,1.65e-17,72.4,,,,,"('VNQFKNV', 18, 24)",1,VNQFKNV,18,24,0,...[FWY]..[LVI]
435691,PLRVLHGIGNTFQGGANCIMFVLCTRAVRTRLFSLVAA,0,-2.294571902,-2.597693557,,,,436086,63,7,3,0,0,0,35,3,73,sp|Q5UAW9|GP157_HUMAN,100.0,32.0,0.0,0.0,1.0,32.0,262.0,293.0,6.74e-18,73.2,,,,,"('TRLFSLV', 29, 35)",1,TRLFSLV,29,35,0,...[FWY]..[LVI]
436152,PLRRLITGGRPPGRGRWASLCGLGCGQPVPSSWVRKHIH,0,-4.285638777,-4.951330511,,,,436547,322,9,3,0,0,0,36,3,334,sp|Q8TD30|ALAT2_HUMAN,55.0,20.0,9.0,0.0,13.0,32.0,3.0,22.0,0.86,25.0,,,,,"('RGRWASL', 13, 19)",1,RGRWASL,13,19,0,...[FWY]..[LVI]
437034,PLRPADLRYFEGEFTGLPPALTPPAPHSLLTARQQAAFR,0,-0.672134695,-4.453303647,,,,437429,76,26,1,0,0,0,36,3,103,sp|Q6P5Z2|PKN3_HUMAN,100.0,36.0,0.0,0.0,1.0,36.0,842.0,877.0,1.69e-18,75.1,,,,,"('EGEFTGL', 10, 16)",1,EGEFTGL,10,16,0,...[FWY]..[LVI]
437113,PLRVLPSDKFKDYLETMAPELLEGQGAVPQTDIWAIGVT,0,-3.106499553,-4.509156882,,,,437508,79,5,1,0,0,0,36,3,85,sp|Q5VST9|OBSCN_HUMAN,100.0,36.0,0.0,0.0,1.0,36.0,7821.0,7856.0,2.78e-19,77.4,,,,,"('SDKFKDY', 6, 12)",1,SDKFKDY,6,12,0,...[FWY]..[WFY]
437541,PLRVLQVENENHCDFVNSVICFFVPIWKI,0,-2.565219492,-4.453303647,,,,437936,76,7,1,0,0,0,26,3,84,sp|Q6ZU15|SEP14_HUMAN,100.0,13.0,0.0,0.0,1.0,13.0,270.0,282.0,0.000416,33.9,,,,,"('ICFFVPI', 19, 25)",1,ICFFVPI,19,25,0,...[FWY]..[LVI]
437697,PLRGQLRCIGTVQHLKSKFGKGYFLEIKLKDWIENLEVD,0,-4.616499996,-3.69722923,,,,438092,90,2,2,0,0,0,36,3,94,sp|Q8WWZ7|ABCA5_HUMAN,100.0,36.0,0.0,0.0,1.0,36.0,1509.0,1544.0,8.06e-21,81.6,,,,,"('KGYFLEI', 20, 26)",1,KGYFLEI,20,26,0,...[FWY]..[LVI]
438269,PLRGLPATQYPQLLEIKKQLNLLQKIYTCTTVSLKL,0,-3.957536914,-4.038266148,,,,438664,57,2,1,0,0,0,33,3,60,sp|Q8TE73|DYH5_HUMAN,100.0,25.0,0.0,0.0,1.0,25.0,1393.0,1417.0,6.48e-11,53.5,,,,,"('ATQYPQL', 6, 12)",1,ATQYPQL,6,12,0,...[FWY]..[LVI]
439264,PLRSLSVLVLLLTIIAVRMIALYATYDDGICKSSDCIKS,0,-4.820033391,-3.453303647,,,,439661,570,11,15,0,0,0,36,3,596,sp|P08473|NEP_HUMAN,97.222,36.0,1.0,0.0,1.0,36.0,30.0,65.0,1.6e-17,72.4,,,,,"('IALYATY', 19, 25)",1,IALYATY,19,25,0,...[FWY]..[WFY]
439474,PLRRLTQSSGFFGNLSMVTNLDDSNWAAAFSSQRSGLFT,0,-0.048698047,-4.829866999,,,,439871,296,156,3,0,0,0,36,3,455,sp|P57740|NU107_HUMAN,100.0,36.0,0.0,0.0,1.0,36.0,88.0,123.0,9.72e-20,78.6,,,,,"('SGFFGNL', 8, 14)",1,SGFFGNL,8,14,0,...[FWY]..[LVI]
439514,PLRSLTSRLPKTGETIHGHKFFIGFGGKGANQCVQAARL,0,-0.531822282,-6.136113471,,,,439911,244,92,1,0,0,0,36,3,337,sp|Q9H477|RBSK_HUMAN,100.0,36.0,0.0,0.0,1.0,36.0,30.0,65.0,1.05e-20,80.5,,,,,"('HKFFIGF', 18, 24)",1,HKFFIGF,18,24,0,...[FWY]..[WFY]
439758,PLRVLVLRNLTKVYRGQRMPAVDRLCLGIPPGECFGLLG,0,-5.482198905,-6.147890639,,,,440155,738,9,3,0,0,0,36,3,750,sp|Q8IZY2|ABCA7_HUMAN,100.0,36.0,0.0,0.0,1.0,36.0,1792.0,1827.0,4.24e-19,77.0,,,,,"('GECFGLL', 31, 37)",1,GECFGLL,31,37,0,...[FWY]..[LVI]
440134,PLRGLYKALEAAHGPGQANQEIVAMIDTEFAKQTSLDAV,0,-1.446574995,-3.849232324,,,,440533,50,10,1,0,0,0,36,3,61,sp|Q15750|TAB1_HUMAN,97.222,36.0,1.0,0.0,1.0,36.0,291.0,326.0,8.83e-17,70.5,,,,,"('RGLYKAL', 2, 8)",1,RGLYKAL,2,8,0,...[FWY]..[LVI]
440536,PLRRMFQIYQTSPDGDPVAESVWELDCEGEISLDKITPF,0,-3.63244154,-2.391242679,,,,440935,182,8,10,0,0,0,36,3,200,sp|P21918|DRD5_HUMAN,100.0,36.0,0.0,0.0,1.0,36.0,436.0,471.0,8.92e-21,81.6,,,,,"('RRMFQIY', 2, 8)",1,RRMFQIY,2,8,0,...[FWY]..[WFY]
440644,PLRRMGRLVGQSSHCFWAKTCFLNLFSLHSSIILMPLF,0,-3.245662301,-3.063357129,,,,441043,87,5,3,0,0,0,35,3,95,sp|Q9BXL6|CAR14_HUMAN,63.636,11.0,4.0,0.0,9.0,19.0,801.0,811.0,2.0,24.3,,,,,"('KTCFLNL', 18, 24)",1,KTCFLNL,18,24,0,...[FWY]..[LVI]
440804,PLRVMKNWKRRYFQLDENTIGYFKSELEKEPLRVIPLKE,0,-1.450576926,-1.571948144,,,,441203,361,72,35,0,0,0,36,3,468,sp|Q9HB21|PKHA1_HUMAN,100.0,36.0,0.0,0.0,1.0,36.0,204.0,239.0,9.53e-20,78.6,,,,,"('KRRYFQL', 8, 14)",1,KRRYFQL,8,14,0,...[FWY]..[LVI]
440867,PLRVMLETPEYRSRFTNEETVSFCLRVMVGVIILYDHVN,0,-3.49388071,-5.159572444,,,,441266,124,6,1,0,0,0,36,3,131,sp|Q9NUQ9|CYRIB_HUMAN,97.222,36.0,1.0,0.0,1.0,36.0,233.0,268.0,5.02e-19,75.9,,,,,"('IILYDHV', 31, 37)",1,IILYDHV,31,37,0,...[FWY]..[LVI]
441066,PLRMMPGCGAGPLWPSWLCTWVAASGAGAGAAAVVFPEA,0,-1.769110413,-3.512804659,,,,441465,594,95,15,0,0,0,36,3,704,sp|P16050|LOX15_HUMAN,45.455,22.0,11.0,1.0,13.0,34.0,75.0,95.0,0.57,25.8,,,,,"('GPLWPSW', 10, 16)",1,GPLWPSW,10,16,0,...[FWY]..[WFY]
441256,PLRWMSAPIQVGLVGFCLVFATPLCCALFPQKSSMPVTS,0,-0.759362436,-4.088019183,,,,441656,59,19,1,0,0,0,36,3,79,sp|Q9H9B4|SFXN1_HUMAN,97.222,36.0,1.0,0.0,1.0,36.0,262.0,297.0,1.03e-18,75.1,,,,,"('LVGFCLV', 12, 18)",1,LVGFCLV,12,18,0,...[FWY]..[LVI]
441327,PLRGMSSSLNQQGVIVHCLLLVLLPIICSLFLTLVSWS,0,-1.756915116,-2.42260685,,,,441727,93,15,5,0,0,0,35,3,113,sp|O95497|VNN1_HUMAN,48.0,25.0,11.0,1.0,3.0,27.0,489.0,511.0,0.83,25.0,,,,,"('CSLFLTL', 27, 33)",1,CSLFLTL,27,33,0,...[FWY]..[LVI]
441961,PLRKCSHQDPIESSDSYGDLSDASDLKTPEKQSANGSFS,0,-0.515106377,-2.220326475,,,,442361,97,37,6,0,0,0,36,3,140,sp|Q9HBE1|PATZ1_HUMAN,100.0,36.0,0.0,0.0,1.0,36.0,552.0,587.0,3.46e-18,74.3,,,,,"('SDSYGDL', 13, 19)",1,SDSYGDL,13,19,0,...[FWY]..[LVI]
442905,PLRRKLNRDVMLENFRNLLSVGHQPFHQDTCHFLREEKF,0,-2.749137765,-4.414829499,,,,443306,74,6,1,0,0,0,36,3,81,sp|Q12901|ZN155_HUMAN,97.222,36.0,1.0,0.0,1.0,36.0,30.0,65.0,1.08e-18,75.9,,,,,"('LENFRNL', 11, 17)",1,LENFRNL,11,17,0,...[FWY]..[LVI]
443030,PLRGNTQNFMLLCPRLKHRWFFTSARPGDLHVVLDMAKV,0,-5.782858383,-5.863587617,,,,443431,202,2,1,0,0,0,36,3,205,sp|Q2NL82|TSR1_HUMAN,100.0,36.0,0.0,0.0,1.0,36.0,117.0,152.0,5.63e-22,85.1,,,,,"('TQNFMLL', 5, 11)",1,TQNFMLL,5,11,0,...[FWY]..[LVI]
443044,PLRSNNSIARIHRKGWSFCQKLHELVLSFNNLTRLDEES,0,-3.506541918,-6.206180985,,,,443445,1793,86,7,0,0,0,36,3,1886,sp|Q96JA1|LRIG1_HUMAN,100.0,36.0,0.0,0.0,1.0,36.0,291.0,326.0,3.16e-20,80.1,,,,,"('VLSFNNL', 25, 31)",1,VLSFNNL,25,31,0,...[FWY]..[LVI]
443090,PLRGNPQITVYPYKEILYLIHVRPWKRGILKGTITFSTT,0,-4.963850688,-5.044579922,,,,443491,229,4,2,0,0,0,36,3,235,sp|Q6ZTR5|CFA47_HUMAN,100.0,36.0,0.0,0.0,1.0,36.0,2454.0,2489.0,1.22e-19,78.6,,,,,"('VYPYKEI', 9, 15)",1,VYPYKEI,9,15,0,...[FWY]..[LVI]
443396,PLRGNSLASKIMTFCFKVYGATYLQKLLDPLLRIVITSS,0,-2.499686331,-4.580415565,,,,443797,83,8,1,0,0,0,36,3,92,sp|P21359|NF1_HUMAN,100.0,36.0,0.0,0.0,1.0,36.0,1277.0,1312.0,1.16e-18,75.5,,,,,"('TFCFKVY', 12, 18)",1,TFCFKVY,12,18,0,...[FWY]..[WFY]
443853,PLRSNYIDGHTPEGSKADSAVSSFYLDIQPSPDQSGLDI,0,-5.190736091,-5.856427825,,,,444255,201,3,1,0,0,0,36,3,205,sp|P35398|RORA_HUMAN,100.0,36.0,0.0,0.0,1.0,36.0,201.0,236.0,4.05e-19,77.0,,,,,"('SSFYLDI', 21, 27)",1,SSFYLDI,21,27,0,...[FWY]..[LVI]
444894,PLRSPESLRYALMPEFYALSPVPPEEQAEIESTAHPATP,0,-2.616499996,-3.69722923,,,,445297,90,8,2,0,0,0,36,3,100,sp|Q86X51|EZHIP_HUMAN,100.0,36.0,0.0,0.0,1.0,36.0,465.0,500.0,4.68e-18,73.9,,,,,"('MPEFYAL', 12, 18)",1,MPEFYAL,12,18,0,...[FWY]..[LVI]
444962,PLRIITPILNPIIYTLRNKEMKISMKKLWRAFVNSREDT,0,-2.191761096,-2.079845252,,,,445365,176,21,12,0,0,0,36,3,209,sp|Q8NGC6|OR4KH_HUMAN,100.0,36.0,0.0,0.0,1.0,36.0,280.0,315.0,1.43e-18,74.7,,,,,"('KKLWRAF', 25, 31)",1,KKLWRAF,25,31,0,...[FWY]..[WFY]
446254,PLRSPLIYTCVIQRCVMLLKNSWVKS,0,-3.897236404,-4.562928138,,,,446658,82,3,1,0,0,0,23,3,86,sp|Q8NH18|OR5J2_HUMAN,43.478,23.0,11.0,1.0,1.0,21.0,128.0,150.0,1.6,23.5,,,,,"('PLIYTCV', 4, 10)",1,PLIYTCV,4,10,0,...[FWY]..[LVI]
446868,PLRGPPGCGKTMLAKAVAHHTTAAFIRVVGSEFVQKYLG,0,-2.183540589,-2.264269823,,,,447273,50,6,3,0,0,0,36,3,59,sp|P43686|PRS6B_HUMAN,100.0,36.0,0.0,0.0,1.0,36.0,206.0,241.0,7.56e-21,81.6,,,,,"('TAAFIRV', 21, 27)",1,TAAFIRV,21,27,0,...[FWY]..[LVI]
447116,PLRGQPPVTYPGQPPVPLPGQQQPVPSYPGYPGSGTVTP,0,-5.600380331,-3.681109565,,,,447521,89,1,2,0,0,0,36,3,92,sp|P50995|ANX11_HUMAN,100.0,36.0,0.0,0.0,1.0,36.0,146.0,181.0,1.65e-16,69.7,,,,,"('VPSYPGY', 24, 30)",1,VPSYPGY,24,30,0,...[FWY]..[WFY]
447413,PLRSPQRPRYWRGVKFNNPVFRSTVDAVQGGRDVLRLYG,0,-2.187656698,-5.075740853,,,,447818,117,14,1,0,0,0,36,3,132,sp|Q96EP0|RNF31_HUMAN,100.0,36.0,0.0,0.0,1.0,36.0,88.0,123.0,4.420000000000001e-21,82.4,,,,,"('PRYWRGV', 7, 13)",1,PRYWRGV,7,13,0,...[FWY]..[LVI]
447442,PLRLLYKFERPQYAEILADHPDAPMSQVYGAPHLLRLFV,0,-5.973269841,-4.246644152,,,,447847,461,4,7,0,0,0,36,3,472,sp|Q9UBU8|MO4L1_HUMAN,100.0,36.0,0.0,0.0,1.0,36.0,272.0,307.0,9.14e-20,78.2,,,,,"('RPQYAEI', 9, 15)",1,RPQYAEI,9,15,0,...[FWY]..[LVI]
447757,PLRVPRVKLCRWWMKNCLACLATFLALLKRK,0,-7.976395942,-6.472162675,,,,448163,924,2,3,0,0,0,28,3,929,sp|Q8NDM7|CFA43_HUMAN,38.462,26.0,9.0,1.0,5.0,23.0,411.0,436.0,1.4,23.9,,,,,"('LATFLAL', 20, 26)",1,LATFLAL,20,26,0,...[FWY]..[LVI]
448197,PLRGPTAYPTAPYLPDLPFTALPPGASDGRGRPAFPFSC,0,-3.797072242,-3.877801476,,,,448603,51,2,1,0,0,0,36,3,54,sp|O75084|FZD7_HUMAN,100.0,36.0,0.0,0.0,1.0,36.0,175.0,210.0,1.61e-18,75.1,,,,,"('DLPFTAL', 15, 21)",1,DLPFTAL,15,21,0,...[FWY]..[LVI]
449053,PLRMQCIQTVEIREKTMKMAGGKRYVKYSNKESQRVSLF,0,-2.627147241,-4.877801476,,,,449459,102,9,1,0,0,0,36,3,112,sp|Q8IV76|PASD1_HUMAN,57.895,19.0,8.0,0.0,14.0,32.0,1.0,19.0,9.0,22.3,,,,,"('GKRYVKY', 21, 27)",1,GKRYVKY,21,27,0,...[FWY]..[WFY]
449285,PLRRQEKKFVIDCEIERLQNILEQIVSVGKHVKGYHYII,0,-1.070281197,-4.744534945,,,,449691,651,169,7,0,0,0,36,3,827,sp|P48058|GRIA4_HUMAN,100.0,36.0,0.0,0.0,1.0,36.0,204.0,239.0,2.3e-20,80.5,,,,,"('VKGYHYI', 31, 37)",1,VKGYHYI,31,37,0,...[FWY]..[LVI]
449456,PLRGRLKKAFCLWRESAQRTERTGRVRAAEFHMAQLL,0,-4.284518237,-5.365247471,,,,449862,143,4,1,0,0,0,34,3,148,sp|A8K8P3|SFI1_HUMAN,94.444,36.0,0.0,1.0,1.0,34.0,583.0,618.0,2.49e-15,66.2,,,,,"('KKAFCLW', 6, 12)",1,KKAFCLW,6,12,0,...[FWY]..[WFY]
449593,PLRGQMGSFIRLKQFLEKCLQHKDIPVPKGFLTSSFWRS,0,-0.579841526,-4.61476707,,,,449999,85,31,1,0,0,0,36,3,117,sp|Q53GS7|GLE1_HUMAN,100.0,36.0,0.0,0.0,1.0,36.0,663.0,698.0,3.12e-20,80.1,,,,,"('MGSFIRL', 5, 11)",1,MGSFIRL,5,11,0,...[FWY]..[LVI]
449656,PLRRQNASLIRHRRYYHTGEKPFDCIDCGKAFTDHIGLI,0,-0.372108502,-0.461715887,,,,450062,387,163,81,0,0,0,36,3,631,sp|Q6ECI4|ZN470_HUMAN,100.0,36.0,0.0,0.0,1.0,36.0,378.0,413.0,1.71e-20,80.9,,,,,"('EKPFDCI', 19, 25)",1,EKPFDCI,19,25,0,...[FWY]..[LVI]
449672,PLRGQYHGDAGDSLSWHNDKPFSTVDRDRDSYSGNCALY,0,-4.410049119,-4.490778353,,,,450078,78,2,1,0,0,0,36,3,81,sp|Q8NI99|ANGL6_HUMAN,100.0,36.0,0.0,0.0,1.0,36.0,378.0,413.0,2.69e-20,80.1,,,,,"('DKPFSTV', 18, 24)",1,DKPFSTV,18,24,0,...[FWY]..[LVI]
451108,PLRVQSEWRLYCVRGEVPVEGNLLEVACHCSSLRSRTSM,0,-2.245662301,-2.326391535,,,,451514,87,10,5,0,0,0,36,3,102,sp|O95425|SVIL_HUMAN,100.0,36.0,0.0,0.0,1.0,36.0,1877.0,1912.0,4.47e-20,79.7,,,,,"('QSEWRLY', 4, 10)",1,QSEWRLY,4,10,0,...[FWY]..[WFY]
453125,PLRVRGYIIGYGVGSPYAETVRVDSKQRYYSIERLESS,0,-0.692331409,-1.995453064,,,,453531,83,28,6,0,0,0,35,3,117,sp|P43146|DCC_HUMAN,100.0,35.0,0.0,0.0,1.0,35.0,755.0,789.0,8.67e-18,73.2,,,,,"('KQRYYSI', 25, 31)",1,KQRYYSI,25,31,0,...[FWY]..[LVI]
453469,PLRRRITDLERKIQDLNLSRQQKLINCVFWKIKLLPLK,0,-4.240124118,-2.905815852,,,,453875,104,3,4,0,0,0,35,3,111,sp|A4D0S4|LAMB4_HUMAN,95.0,20.0,1.0,0.0,1.0,20.0,1712.0,1731.0,4.35e-07,42.7,,,,,"('NCVFWKI', 25, 31)",1,NCVFWKI,25,31,0,...[FWY]..[LVI]
453508,PLRWRIWSRSELKTVPQRMWSLSGKYQRRVFLCSGR,0,-3.694502508,-2.775231742,,,,453914,95,4,4,0,0,0,33,3,103,sp|Q9NZS9|BFAR_HUMAN,100.0,18.0,0.0,0.0,1.0,18.0,378.0,395.0,1.5e-06,41.2,,,,,"('PLRWRIW', 0, 6)",1,PLRWRIW,0,6,0,...[FWY]..[WFY]
453579,PLRQRKDSHVSLATGVPWGYEETKTLLAILSSSQFYGKL,0,-2.813946061,-4.216603389,,,,453985,129,10,2,0,0,0,36,3,141,sp|Q9NX65|ZSC32_HUMAN,100.0,36.0,0.0,0.0,1.0,36.0,242.0,277.0,3.05e-19,77.4,,,,,"('SQFYGKL', 32, 38)",1,SQFYGKL,32,38,0,...[FWY]..[LVI]
453779,PLRRRKRFDVLLAEHKNKTREKELIRHPDSQQPPQPLRD,0,-6.07106586,-5.736757594,,,,454185,370,3,2,0,0,0,36,3,375,sp|O15265|ATX7_HUMAN,100.0,36.0,0.0,0.0,1.0,36.0,378.0,413.0,3.8e-19,77.0,,,,,"('RKRFDVL', 4, 10)",1,RKRFDVL,4,10,0,...[FWY]..[LVI]
453904,PLRHRLASAGVDTNVRIWKVKRVQMVKPSWNFCPILLV,0,-1.091252554,-4.852990975,,,,454310,2306,590,23,0,0,0,35,3,2919,sp|Q13112|CAF1B_HUMAN,89.474,19.0,2.0,0.0,1.0,19.0,30.0,48.0,1.95e-06,40.8,,,,,"('SWNFCPI', 28, 34)",1,SWNFCPI,28,34,0,...[FWY]..[LVI]
454023,PLRRRLGLSRQTAKSSWSRSRDRTVAAVGLGGFWFLPP,0,-3.891812732,-5.088019183,,,,454429,354,13,3,0,0,0,35,3,370,sp|Q9Y5X5|NPFF2_HUMAN,68.571,35.0,9.0,1.0,1.0,35.0,59.0,91.0,2.22e-08,46.6,,,,,"('LGGFWFL', 29, 35)",1,LGGFWFL,29,35,0,...[FWY]..[LVI]
454135,PLRRRLLSSHCTLVIHPTEHSPTYLLIGTKHEKDTWLYH,0,-4.658625472,-3.324317207,,,,454541,139,3,4,0,0,0,36,3,146,sp|Q9ULM0|PKHH1_HUMAN,100.0,36.0,0.0,0.0,1.0,36.0,755.0,790.0,5.89e-20,79.3,,,,,"('SPTYLLI', 20, 26)",1,SPTYLLI,20,26,0,...[FWY]..[LVI]
454503,PLRVRNIPNGLQEFLDPLCQRGFCRLIPHTVHQVLGQF,0,-3.060106648,-4.462763977,,,,454911,153,10,2,0,0,0,35,3,165,sp|P55196|AFAD_HUMAN,100.0,27.0,0.0,0.0,1.0,27.0,945.0,971.0,9.17e-16,67.4,,,,,"('QRGFCRL', 19, 25)",1,QRGFCRL,19,25,0,...[FWY]..[LVI]
455124,PLRRQTQVFQIPPRKLLSGSSTRTLQDTQWFSFENHRKM,0,-6.135874156,-5.216603389,,,,455532,129,1,1,0,0,0,36,3,131,sp|O95136|S1PR2_HUMAN,57.895,19.0,8.0,0.0,13.0,31.0,91.0,109.0,1.4,24.6,,,,,"('DTQWFSF', 26, 32)",1,DTQWFSF,26,32,0,...[FWY]..[WFY]
455483,PLRSRRSIRSSQNVAMIFFRVHEPGNGFTLTIKTDPNLF,0,-2.852567355,-3.348334088,,,,455891,106,8,3,0,0,0,36,3,117,sp|P24387|CRHBP_HUMAN,100.0,36.0,0.0,0.0,1.0,36.0,146.0,181.0,2.82e-19,76.6,,,,,"('AMIFFRV', 14, 20)",1,AMIFFRV,14,20,0,...[FWY]..[LVI]
456457,PLRGSCNPSLYNTFASKQAPLKEVEDTSFDKQKSPLETP,0,-4.932001822,-4.012731056,,,,456865,56,1,1,0,0,0,36,3,58,sp|Q9BVV6|TALD3_HUMAN,100.0,36.0,0.0,0.0,1.0,36.0,291.0,326.0,2.88e-19,77.4,,,,,"('PSLYNTF', 7, 13)",1,PSLYNTF,7,13,0,...[FWY]..[WFY]
456565,PLRSRSPLAEHRPDAYQDVSIHGTLPRKKKGPPPIRSCD,0,-1.1246469,-1.035451132,,,,456973,64,16,9,0,0,0,36,3,89,sp|O75815|BCAR3_HUMAN,100.0,36.0,0.0,0.0,1.0,36.0,30.0,65.0,1.04e-19,78.6,,,,,"('PDAYQDV', 12, 18)",1,PDAYQDV,12,18,0,...[FWY]..[LVI]
457544,PLRIYQLPGGHFYLLDPANEKLIKNYIIKCLEVSSISNF,0,-1.032200651,-7.292838975,,,,457952,544,145,1,0,0,0,36,3,690,sp|Q9NV23|SAST_HUMAN,100.0,36.0,0.0,0.0,1.0,36.0,230.0,265.0,1.16e-19,77.0,,,,,"('GGHFYLL', 8, 14)",1,GGHFYLL,8,14,0,...[FWY]..[LVI]
457789,PLRSSYCFHCLHLPLSRSLFAQGTPPRESQRQEPSVAMA,0,-0.174399935,-3.088019183,,,,458197,118,57,4,0,0,0,36,3,179,sp|Q9UBC5|MYO1A_HUMAN,45.455,22.0,12.0,0.0,11.0,32.0,541.0,562.0,0.19,26.9,,,,,"('SYCFHCL', 4, 10)",1,SYCFHCL,4,10,0,...[FWY]..[LVI]
457976,PLRGSYSISQFQSRMIRWTKLRINMLPATIICEPISECF,0,-0.207902404,-3.139488198,,,,458384,214,101,7,0,0,0,36,3,322,sp|Q16739|CEGT_HUMAN,100.0,36.0,0.0,0.0,1.0,36.0,262.0,297.0,9.3e-21,81.3,,,,,"('MIRWTKL', 14, 20)",1,MIRWTKL,14,20,0,...[FWY]..[LVI]
458120,PLRLSGGELFMQLEREGIFMEDTACFYLAEISMALGHLH,0,-4.514319602,-4.973560459,,,,458528,545,13,5,0,0,0,36,3,563,sp|P23443|KS6B1_HUMAN,100.0,36.0,0.0,0.0,1.0,36.0,175.0,210.0,2e-20,80.5,,,,,"('GELFMQL', 6, 12)",1,GELFMQL,6,12,0,...[FWY]..[LVI]
458644,PLRGSIDSGPPGLLRGAIPSSIWVVSIIMFRLILLILSV,0,-0.941339687,-3.159572444,,,,459052,155,44,5,0,0,0,36,3,204,sp|Q9UKF2|ADA30_HUMAN,100.0,36.0,0.0,0.0,1.0,36.0,668.0,703.0,3.29e-19,77.0,,,,,"('IIMFRLI', 26, 32)",1,IIMFRLI,26,32,0,...[FWY]..[LVI]
458834,PLRVSLVTGDYLYNFSYSNDNDITAVTDSNGKPFVFVG,0,-3.75885292,-4.424544654,,,,459242,149,6,2,0,0,0,35,3,157,sp|Q9P273|TEN3_HUMAN,100.0,28.0,0.0,0.0,1.0,28.0,1534.0,1561.0,2.44e-13,60.5,,,,,"('GKPFVFV', 30, 36)",1,GKPFVFV,30,36,0,...[FWY]..[LVI]
459003,PLRRSNKFKFLKPIIPNFLPQSTGSEVEENPPFQNNLGF,0,-5.366232887,-5.031924621,,,,459411,227,3,2,0,0,0,36,3,232,sp|Q9Y5F1|PCDBC_HUMAN,100.0,36.0,0.0,0.0,1.0,36.0,760.0,795.0,4.33e-19,77.0,,,,,"('SNKFKFL', 4, 10)",1,SNKFKFL,4,10,0,...[FWY]..[LVI]
459371,PLRSSPPGTAFPLKNAEDLDIGQNNIENYIISPNSYFRV,0,-1.077432262,-6.202555615,,,,459779,511,132,2,0,0,0,36,3,645,sp|Q9UN66|PCDB8_HUMAN,100.0,36.0,0.0,0.0,1.0,36.0,146.0,181.0,2.32e-19,77.8,,,,,"('PNSYFRV', 32, 38)",1,PNSYFRV,32,38,0,...[FWY]..[LVI]
459379,PLRRSPPLQLSEAELLNQLQREVEALDSAGYGHICGCCG,0,-1.113382074,-3.837967498,,,,459787,893,225,18,0,0,0,36,3,1136,sp|O15015|ZN646_HUMAN,100.0,36.0,0.0,0.0,1.0,36.0,929.0,964.0,6.21e-19,76.3,,,,,"('SAGYGHI', 27, 33)",1,SAGYGHI,27,33,0,...[FWY]..[LVI]
459709,PLRVSKNSAMKEAFKAQETGQNVILRITNAIVKWKRIF,0,-4.347039321,-3.427768555,,,,460117,112,3,3,0,0,0,35,3,118,sp|Q8WXH0|SYNE2_HUMAN,100.0,16.0,0.0,0.0,1.0,16.0,3337.0,3352.0,0.002,32.7,,,,,"('IVKWKRI', 30, 36)",1,IVKWKRI,30,36,0,...[FWY]..[LVI]
459732,PLRMSTRESFNPESYELDKSFRLTRFTELKGTGCKVPQE,0,-3.852567355,-2.348334088,,,,460140,53,2,3,0,0,0,36,3,58,sp|P49903|SPS1_HUMAN,97.222,36.0,1.0,0.0,1.0,36.0,1.0,36.0,1.38e-20,80.9,,,,,"('LTRFTEL', 22, 28)",1,LTRFTEL,22,28,0,...[FWY]..[LVI]
459746,PLRMSKRYLQKATKGKLLIIIFIVTLWGKVVSSANHHKA,0,-5.55370487,-4.634434103,,,,460154,517,6,6,0,0,0,36,3,529,sp|Q8N3H0|TAFA2_HUMAN,100.0,36.0,0.0,0.0,1.0,36.0,1.0,36.0,8.97e-20,74.7,,,,,"('VTLWGKV', 23, 29)",1,VTLWGKV,23,29,0,...[FWY]..[LVI]
460399,PLRRSQHYDLVLNGNEIGGGSIRIHNAELQRYILATLLK,0,-0.295605721,-1.00860317,,,,460807,349,155,50,0,0,0,36,3,554,sp|Q6PI48|SYDM_HUMAN,100.0,36.0,0.0,0.0,1.0,36.0,523.0,558.0,6.56e-20,79.3,,,,,"('SQHYDLV', 4, 10)",1,SQHYDLV,4,10,0,...[FWY]..[LVI]
460632,PLRSSRFNRDHPPEHPIQDDSVWYIDDSEKVFSNINIIT,0,-0.21869039,-5.30691416,,,,461040,412,193,3,0,0,0,36,3,608,sp|Q9NU02|ANKE1_HUMAN,100.0,36.0,0.0,0.0,1.0,36.0,465.0,500.0,1.49e-21,84.0,,,,,"('EKVFSNI', 28, 34)",1,EKVFSNI,28,34,0,...[FWY]..[LVI]
460906,PLRWSRVNKSLLNALKANVDGLLEGLTYVFRVCAENAAG,0,-3.662081031,-4.327772765,,,,461314,209,9,3,0,0,0,36,3,221,sp|Q8WZ42|TITIN_HUMAN,100.0,36.0,0.0,0.0,1.0,36.0,15875.0,15910.0,8.62e-20,79.0,,,,,"('PLRWSRV', 0, 6)",1,PLRWSRV,0,6,0,...[FWY]..[LVI]
461462,PLRGSSSSGVLMVGPNFRVGKKIGCGNFGELRLGKNLYT,0,-3.267604854,-2.933296588,,,,461870,53,3,2,0,0,0,36,3,58,sp|Q9Y6M4|KC1G3_HUMAN,100.0,36.0,0.0,0.0,1.0,36.0,30.0,65.0,1.49e-20,80.9,,,,,"('CGNFGEL', 24, 30)",1,CGNFGEL,24,30,0,...[FWY]..[LVI]
462040,PLRVSVLDINDNPPVFEYREYGATVSEDILVGTEVLQVY,0,-3.982627895,-2.063357129,,,,462449,58,2,4,0,0,0,36,3,64,sp|Q14517|FAT1_HUMAN,100.0,36.0,0.0,0.0,1.0,36.0,3218.0,3253.0,2.22e-18,74.7,,,,,"('VFEYREY', 14, 20)",1,VFEYREY,14,20,0,...[FWY]..[WFY]
462094,PLRSSVPGPQSYPIVTGRDLASTTLPGYPPHVPPAGQGS,0,-3.813946061,-4.216603389,,,,462503,129,5,2,0,0,0,36,3,136,sp|Q02548|PAX5_HUMAN,100.0,36.0,0.0,0.0,1.0,36.0,291.0,326.0,8.47e-18,73.2,,,,,"('PQSYPIV', 8, 14)",1,PQSYPIV,8,14,0,...[FWY]..[LVI]
463625,PLRSTIKCRDLSALMHELSNDGARRQFEFYLEEMILPLM,0,-6.838892418,-5.919621652,,,,464036,210,1,1,0,0,0,36,3,212,sp|Q9BSF8|BTBDA_HUMAN,100.0,36.0,0.0,0.0,1.0,36.0,262.0,297.0,6.67e-20,79.0,,,,,"('RRQFEFY', 23, 29)",1,RRQFEFY,23,29,0,...[FWY]..[WFY]
463765,PLRSTKKDFEIDFEDDIDFDVYFRKTKAATILTKSTLEN,0,-0.446574995,-3.375301135,,,,464176,180,72,5,0,0,0,36,3,257,sp|Q15003|CND2_HUMAN,100.0,36.0,0.0,0.0,1.0,36.0,465.0,500.0,1.42e-16,69.7,,,,,"('DIDFDVY', 15, 21)",1,DIDFDVY,15,21,0,...[FWY]..[WFY]
463866,PLRRTLDQSPELRSTAMDTLSSLVFQLGKKYQIFIPMVN,0,-0.040377983,-5.260658569,,,,464277,266,141,2,0,0,0,36,3,409,sp|P42345|MTOR_HUMAN,100.0,36.0,0.0,0.0,1.0,36.0,1161.0,1196.0,5.52e-19,76.6,,,,,"('GKKYQIF', 27, 33)",1,GKKYQIF,27,33,0,...[FWY]..[WFY]
463880,PLRVTLELGGKSPCYIDKDCDLDIVCRRITWGKYMNCGQ,0,-6.119000337,-4.61476707,,,,464291,255,2,3,0,0,0,36,3,260,sp|P51648|AL3A2_HUMAN,100.0,36.0,0.0,0.0,1.0,36.0,204.0,239.0,2.3e-23,89.0,,,,,"('RITWGKY', 27, 33)",1,RITWGKY,27,33,0,...[FWY]..[WFY]
463901,PLRRTLEYKPSPLVRGTFDWNLQFKWDNVFSYEMDGPEG,0,-4.396109928,-3.476839162,,,,464312,309,8,8,0,0,0,36,3,325,sp|Q7Z4T8|GLTL5_HUMAN,100.0,36.0,0.0,0.0,1.0,36.0,262.0,297.0,6.840000000000001e-21,82.0,,,,,"('QFKWDNV', 22, 28)",1,QFKWDNV,22,28,0,...[FWY]..[LVI]
464192,PLRSTNGLFRPIGTQPPQQQQQQPSTNLQSNSFYGSSSL,0,-3.147014713,-4.227743947,,,,464603,65,4,1,0,0,0,36,3,70,sp|Q8TB72|PUM2_HUMAN,100.0,36.0,0.0,0.0,1.0,36.0,494.0,529.0,1.43e-17,72.4,,,,,"('NGLFRPI', 5, 11)",1,NGLFRPI,5,11,0,...[FWY]..[LVI]
464930,PLRRTSTPFGSGRVREKRMSNELENYFKPSMLEDPWAGL,0,-6.775698591,-5.856427825,,,,465341,201,1,1,0,0,0,36,3,203,sp|Q8TAP9|MPLKI_HUMAN,100.0,36.0,0.0,0.0,1.0,36.0,117.0,152.0,7.33e-21,78.6,,,,,"('EDPWAGL', 32, 38)",1,EDPWAGL,32,38,0,...[FWY]..[LVI]
465015,PLRVTTHFLYLAMWACGALAVSQRWLPRVVCSCLYGGPC,0,-2.51291749,-3.681109565,,,,465426,178,17,4,0,0,0,36,3,199,sp|Q96PE1|AGRA2_HUMAN,100.0,33.0,0.0,0.0,1.0,33.0,1023.0,1055.0,1.54e-17,72.4,,,,,"('TTHFLYL', 4, 10)",1,TTHFLYL,4,10,0,...[FWY]..[LVI]
465539,PLRRVADEMDVMLGQEVGYSIRFEDCSSAKTFFMYMTDG,0,-3.679235752,-2.759964986,,,,465950,141,6,6,0,0,0,36,3,153,sp|O43143|DHX15_HUMAN,91.667,36.0,3.0,0.0,1.0,36.0,204.0,239.0,3.32e-18,74.3,,,,,"('AKTFFMY', 28, 34)",1,AKTFFMY,28,34,0,...[FWY]..[WFY]
465656,PLRGVDPCSRRSIWDVISKNKTARTIILSTHHLDEAEVL,0,-1.607039667,-2.360194243,,,,466067,285,51,16,0,0,0,36,3,352,sp|Q86UK0|ABCAC_HUMAN,100.0,36.0,0.0,0.0,1.0,36.0,1508.0,1543.0,1.8e-20,80.9,,,,,"('RSIWDVI', 10, 16)",1,RSIWDVI,10,16,0,...[FWY]..[LVI]
466055,PLRNFDIKHDLDLMVDTYIKLYTSKSELPTDNSETVENT,0,-6.117113227,-4.782804962,,,,466466,382,3,4,0,0,0,36,3,389,sp|O43422|P52K_HUMAN,100.0,36.0,0.0,0.0,1.0,36.0,726.0,761.0,1.69e-18,75.1,,,,,"('VDTYIKL', 14, 20)",1,VDTYIKL,14,20,0,...[FWY]..[LVI]
466224,PLRRMEVVSVTNGSIVVEFHLLIIADVDVQEVSAAFLTA,0,-2.892831225,-3.973560459,,,,466635,109,8,2,0,0,0,36,3,119,sp|Q5DID0|UROL1_HUMAN,100.0,36.0,0.0,0.0,1.0,36.0,844.0,879.0,7.55e-18,73.2,,,,,"('VVEFHLL', 15, 21)",1,VVEFHLL,15,21,0,...[FWY]..[LVI]
466271,PLRRVEKGQLLEYILTDLRVPHSYEVRLTPYTTFGAGDM,0,-2.157068378,-3.69722923,,,,466682,90,11,2,0,0,0,36,3,103,sp|Q8NFP4|MDGA1_HUMAN,100.0,36.0,0.0,0.0,1.0,36.0,697.0,732.0,7.18e-20,79.0,,,,,"('LTPYTTF', 27, 33)",1,LTPYTTF,27,33,0,...[FWY]..[WFY]
467096,PLRRVILLDVARGIAIRMWKGYRDAQIGWIQTVEDLHER,0,-2.310513445,-3.128208273,,,,467508,91,10,3,0,0,0,36,3,104,sp|Q9H2M9|RBGPR_HUMAN,100.0,36.0,0.0,0.0,1.0,36.0,407.0,442.0,4.120000000000001e-21,82.4,,,,,"('IRMWKGY', 15, 21)",1,IRMWKGY,15,21,0,...[FWY]..[WFY]
468182,PLRVVPGINLPVNQLTYFFTAVLISGVVHEIGHGIAAIR,0,-2.832006032,-3.105380344,,,,468595,209,16,7,0,0,0,36,3,232,sp|O43462|MBTP2_HUMAN,100.0,36.0,0.0,0.0,1.0,36.0,146.0,181.0,2.99e-18,74.3,,,,,"('TYFFTAV', 15, 21)",1,TYFFTAV,15,21,0,...[FWY]..[LVI]
468840,PLRSVSGICISVSWILPLTYSGAVFYTGVNDDGLEELVS,0,-6.382034743,-4.462763977,,,,469255,153,1,2,0,0,0,36,3,156,sp|Q969N4|TAAR8_HUMAN,100.0,36.0,0.0,0.0,1.0,36.0,146.0,181.0,2.34e-18,74.3,,,,,"('AVFYTGV', 22, 28)",1,AVFYTGV,22,28,0,...[FWY]..[LVI]
469590,PLRMLWFQGAIPAAIATAKRSGAVFVVFVAGDDEQSTQM,0,-3.154394244,-2.820085978,,,,470005,196,12,8,0,0,0,36,3,216,sp|Q92575|UBXN4_HUMAN,100.0,36.0,0.0,0.0,1.0,36.0,1.0,36.0,8.07e-19,76.3,,,,,"('GAVFVVF', 21, 27)",1,GAVFVVF,21,27,0,...[FWY]..[WFY]
469755,PLRRWARVEGTPSDPNPNDPRARMDSESLFKDGKLLPAI,0,-4.75885292,-3.839582154,,,,470170,149,3,3,0,0,0,36,3,155,sp|Q96IJ6|GMPPA_HUMAN,100.0,36.0,0.0,0.0,1.0,36.0,349.0,384.0,4.04e-20,79.7,,,,,"('LRRWARV', 1, 7)",1,LRRWARV,1,7,0,...[FWY]..[LVI]
469898,PLRGWFSYSPSLATLGAVKALGPEDLPRQPYPAHTHSS,0,-3.191597144,-3.331220067,,,,470313,419,25,12,0,0,0,35,3,456,sp|Q9GZT4|SRR_HUMAN,46.154,26.0,14.0,0.0,10.0,35.0,59.0,84.0,0.54,25.8,,,,,"('LRGWFSY', 1, 7)",1,LRGWFSY,1,7,0,...[FWY]..[WFY]
470479,PLRRWTRSAPGGYSDLSSRKAGSWTPRAAVRRRPVSSQR,0,-4.27439402,-4.940085754,,,,470894,213,6,2,0,0,0,36,3,221,sp|Q96MT7|CFA44_HUMAN,44.444,27.0,15.0,0.0,8.0,34.0,1304.0,1330.0,0.38,26.2,,,,,"('PGGYSDL', 9, 15)",1,PGGYSDL,9,15,0,...[FWY]..[LVI]
470708,PLRVYCKKVDRKSLYAARQYFVQWCADRNFTKPQDGDVI,0,-0.298294988,-1.390251477,,,,471123,291,129,32,0,0,0,36,3,452,sp|Q9Y3Z3|SAMH1_HUMAN,100.0,36.0,0.0,0.0,1.0,36.0,552.0,587.0,2.79e-21,83.2,,,,,"('RQYFVQW', 17, 23)",1,RQYFVQW,17,23,0,...[FWY]..[WFY]
471148,PLRVYIGDGGNDVCPVTFLKNDDVAMPRKGYTFRKLFP,0,-4.709609401,-3.205376134,,,,471563,96,2,3,0,0,0,35,3,101,sp|Q8TCD6|PHOP2_HUMAN,93.75,32.0,2.0,0.0,1.0,32.0,175.0,206.0,3.52e-16,67.4,,,,,"('GYTFRKL', 29, 35)",1,GYTFRKL,29,35,0,...[FWY]..[LVI]
471190,PLRRYIQESKERAAEMVKAEVLRERQETARKMRKYYLIC,0,-3.550093104,-6.181019421,,,,471605,1762,82,7,0,0,0,36,3,1851,sp|O94986|CE152_HUMAN,100.0,36.0,0.0,0.0,1.0,36.0,1283.0,1318.0,3.92e-18,73.9,,,,,"('MRKYYLI', 31, 37)",1,MRKYYLI,31,37,0,...[FWY]..[LVI]
471606,PLRGYPNPENFSWTEYLEATQTNAVPAKVFKMRLPHGFL,0,-0.271488288,-0.744534945,,,,472021,93,42,16,0,0,0,36,3,151,sp|Q8NA19|LMBL4_HUMAN,100.0,36.0,0.0,0.0,1.0,36.0,262.0,297.0,3.78e-21,82.8,,,,,"('NFSWTEY', 9, 15)",1,NFSWTEY,9,15,0,...[FWY]..[WFY]
471724,PLRWYRGPWYQEPGTRHSPVAEARLRRTVEWGLLRDGLL,0,-4.314471459,-5.395200693,,,,472139,146,4,1,0,0,0,36,3,151,sp|Q9C0D3|ZY11B_HUMAN,48.148,27.0,14.0,0.0,8.0,34.0,45.0,71.0,0.97,25.0,,,,,"('TVEWGLL', 27, 33)",1,TVEWGLL,27,33,0,...[FWY]..[LVI]
471858,PLRNYSTIFAEGNISQPVLMDINAVLCCPPIALRNLIII,0,-6.9255468,-6.006276034,,,,472273,223,1,1,0,0,0,36,3,225,sp|Q6Q8B3|MO2R2_HUMAN,100.0,36.0,0.0,0.0,1.0,36.0,30.0,65.0,3.34e-19,75.9,,,,,"('LRNYSTI', 1, 7)",1,LRNYSTI,1,7,0,...[FWY]..[LVI]
472158,PLRLAADFEIGHFLRSVLSHVQCYILLVKLLKMMMMIM,0,-3.437529855,-2.933296588,,,,472573,159,8,6,0,0,0,35,3,173,sp|P55209|NP1L1_HUMAN,100.0,12.0,0.0,0.0,1.0,12.0,320.0,331.0,0.013,30.0,,,,,"('VQCYILL', 20, 26)",1,VQCYILL,20,26,0,...[FWY]..[LVI]
472260,PLRHSAQSNKQKQVIEESSVYNQVSLPLVKSLMLKPFES,0,-3.297774334,-7.022359757,,,,472675,451,25,1,0,0,0,36,3,477,sp|Q6PJP8|DCR1A_HUMAN,100.0,36.0,0.0,0.0,1.0,36.0,436.0,471.0,1.57e-17,72.4,,,,,"('SSVYNQV', 17, 23)",1,SSVYNQV,17,23,0,...[FWY]..[LVI]
472485,PLRRAEDLPVQARRLVDLMKNDTRIHFQEDWKIITLFIG,0,-4.698294088,-2.872132726,,,,472901,381,8,15,0,0,0,36,3,404,sp|Q6P1J6|PLB1_HUMAN,100.0,36.0,0.0,0.0,1.0,36.0,476.0,511.0,7.76e-21,81.6,,,,,"('QEDWKII', 27, 33)",1,QEDWKII,27,33,0,...[FWY]..[LVI]
472523,PLRHAEHHDHVVFLTRQDFGPSGYAPVTGMCHPLRSCAL,0,-3.797072242,-1.877801476,,,,472939,51,2,4,0,0,0,36,3,57,sp|Q8WXS8|ATS14_HUMAN,100.0,36.0,0.0,0.0,1.0,36.0,349.0,384.0,3.66e-20,79.7,,,,,"('PSGYAPV', 20, 26)",1,PSGYAPV,20,26,0,...[FWY]..[LVI]
472929,PLRHEILIGYLEYVKKLGYVTGHIWACPPSEGDDYIFHC,0,-4.539684399,-5.205376134,,,,473347,256,6,2,0,0,0,36,3,264,sp|Q92793|CBP_HUMAN,100.0,36.0,0.0,0.0,1.0,36.0,1451.0,1486.0,1.3899999999999998e-23,89.7,,,,,"('LIGYLEY', 6, 12)",1,LIGYLEY,6,12,0,...[FWY]..[WFY]
473084,PLRWPVLENNGLALKGPVGSGSSGINIQCSTIGQMPNNQ,0,-1.049545445,-5.238799135,,,,473502,262,69,2,0,0,0,36,3,333,sp|Q8NDV7|TNR6A_HUMAN,100.0,36.0,0.0,0.0,1.0,36.0,370.0,405.0,1.33e-18,75.5,,,,,"('PLRWPVL', 0, 6)",1,PLRWPVL,0,6,0,...[FWY]..[LVI]
473363,PLRHAPFRADHWMLYECESPWAGGSRGLVHGRLWRQDGV,0,-5.75885292,-4.839582154,,,,473782,298,3,3,0,0,0,36,3,304,sp|O14734|ACOT8_HUMAN,100.0,36.0,0.0,0.0,1.0,36.0,262.0,297.0,2.7200000000000002e-21,82.0,,,,,"('ADHWMLY', 8, 14)",1,ADHWMLY,8,14,0,...[FWY]..[WFY]
473578,PLRQARDIYYLPFKDQLKLLYSIGANVSAEKVSQLLSFA,0,-0.741817982,-3.334659151,,,,473997,770,251,22,0,0,0,36,3,1043,sp|A3KMH1|VWA8_HUMAN,100.0,36.0,0.0,0.0,1.0,36.0,262.0,297.0,1.48e-18,75.5,,,,,"('DIYYLPF', 6, 12)",1,DIYYLPF,6,12,0,...[FWY]..[WFY]
474924,PLRRCYLMKQVLNFTLEEVLFPQSDRFQPYMQEVVPFLA,0,-5.372574414,-3.868341147,,,,475344,152,2,3,0,0,0,36,3,157,sp|Q9GZX6|IL22_HUMAN,100.0,36.0,0.0,0.0,1.0,36.0,88.0,123.0,3.2700000000000004e-21,79.3,,,,,"('SDRFQPY', 23, 29)",1,SDRFQPY,23,29,0,...[FWY]..[WFY]
475724,PLRHDVDHIPESDRNYYGCGQMPRHFATKLDKYMYLLPY,0,-2.791403492,-5.194060821,,,,476145,127,10,1,0,0,0,36,3,138,sp|O43286|B4GT5_HUMAN,100.0,36.0,0.0,0.0,1.0,36.0,233.0,268.0,4.610000000000001e-21,82.0,,,,,"('LDKYMYL', 29, 35)",1,LDKYMYL,29,35,0,...[FWY]..[LVI]
476118,PLRLEEKEDNEEGVYDYENTGRMTQKWIQSGHIATYYTI,0,-4.944825863,-3.703627001,,,,476539,226,4,5,0,0,0,36,3,235,sp|P20930|FILA_HUMAN,100.0,36.0,0.0,0.0,1.0,36.0,204.0,239.0,2.62e-16,68.9,,,,,"('IATYYTI', 32, 38)",1,IATYYTI,32,38,0,...[FWY]..[LVI]
476337,PLRHEGYSLLADGVSCTPTVEYPCGKIPILEKRNASKPQ,0,-4.834305148,-5.499996883,,,,476758,157,3,1,0,0,0,36,3,161,sp|P08709|FA7_HUMAN,100.0,36.0,0.0,0.0,1.0,36.0,175.0,210.0,1.3e-19,78.2,,,,,"('HEGYSLL', 3, 9)",1,HEGYSLL,3,9,0,...[FWY]..[LVI]
476465,PLRQEKELQEEKKRKKHFPEFPATRAYADSYYYEDGGMK,0,-5.648208856,-4.313900591,,,,476886,276,3,4,0,0,0,36,3,283,sp|Q8IVM0|CCD50_HUMAN,100.0,36.0,0.0,0.0,1.0,36.0,117.0,152.0,1.22e-19,77.4,,,,,"('KKHFPEF', 14, 20)",1,KKHFPEF,14,20,0,...[FWY]..[WFY]
476757,PLRHGQQFFGPLGAGQPLFLHPGQFTMGPGAFSAKGMGH,0,-1.256352579,-1.780688465,,,,477178,298,68,25,0,0,0,36,3,391,sp|Q13207|TBX2_HUMAN,97.222,36.0,1.0,0.0,1.0,36.0,475.0,510.0,9.71e-18,73.2,,,,,"('QQFFGPL', 5, 11)",1,QQFFGPL,5,11,0,...[FWY]..[LVI]
476994,PLRRKGLIDYNFHCFRKAIHEVFEVRMKVVKSRKVQNRL,0,-4.299572583,-3.572946894,,,,477415,289,8,7,0,0,0,36,3,304,sp|Q9NQL2|RRAGD_HUMAN,100.0,36.0,0.0,0.0,1.0,36.0,349.0,384.0,3.33e-20,79.7,,,,,"('DYNFHCF', 8, 14)",1,DYNFHCF,8,14,0,...[FWY]..[WFY]
477396,PLRHFIKDIRHLPVNSKEFLAKEESQIQWMKCFSTVII,0,-3.866113887,-3.36188062,,,,477817,107,4,3,0,0,0,35,3,114,sp|Q03701|CEBPZ_HUMAN,100.0,24.0,0.0,0.0,1.0,24.0,784.0,807.0,1.36e-10,52.8,,,,,"('MKCFSTV', 29, 35)",1,MKCFSTV,29,35,0,...[FWY]..[LVI]
478158,PLRHFSQTPLMSTYYLAWAICNFTYRETTTKSGVVVRLY,0,-1.204711289,-5.809002479,,,,478579,778,184,4,0,0,0,36,3,966,sp|Q9UKU6|TRHDE_HUMAN,100.0,36.0,0.0,0.0,1.0,36.0,320.0,355.0,3.52e-20,80.1,,,,,"('STYYLAW', 11, 17)",1,STYYLAW,11,17,0,...[FWY]..[WFY]
478218,PLRHFTQISLDFEGTENFKGHTLNFVAPFPLPFGPACR,0,-4.235492669,-7.486146904,,,,478639,622,18,1,0,0,0,35,3,641,sp|Q6BDS2|URFB1_HUMAN,100.0,28.0,0.0,0.0,1.0,28.0,697.0,724.0,9.94e-15,64.3,,,,,"('LRHFTQI', 1, 7)",1,LRHFTQI,1,7,0,...[FWY]..[LVI]
478653,PLRHGENGANRHFTKAISGGISLIFSQVYFIKEHNVVAP,0,-3.697536569,-4.100193897,,,,479074,119,5,2,0,0,0,36,3,126,sp|Q92636|FAN_HUMAN,97.222,36.0,1.0,0.0,1.0,36.0,88.0,123.0,1.25e-19,78.6,,,,,"('SLIFSQV', 21, 27)",1,SLIFSQV,21,27,0,...[FWY]..[LVI]
479181,PLRQGLVIGSKPVIYPVLHWLLQRTNELKKRAYLARFLI,0,-5.196109263,-3.189375655,,,,479604,538,8,17,0,0,0,36,3,563,sp|Q8WYA0|IFT81_HUMAN,100.0,36.0,0.0,0.0,1.0,36.0,88.0,123.0,2.88e-19,77.4,,,,,"('PVIYPVL', 11, 17)",1,PVIYPVL,11,17,0,...[FWY]..[LVI]
479213,PLRHGNEKPFLFPDYRVGLGEGAGPSPFLSGKPFKCPEC,0,-1.078843211,-1.159572444,,,,479636,62,16,8,0,0,0,36,3,86,sp|Q9UEG4|ZN629_HUMAN,97.222,36.0,1.0,0.0,1.0,36.0,684.0,719.0,1.63e-19,78.2,,,,,"('PFLFPDY', 8, 14)",1,PFLFPDY,8,14,0,...[FWY]..[WFY]
479233,PLRLGNIRQLFFYNNYIENFPSDLECLGNLEILSLGKNK,0,-2.209654925,-6.725012387,,,,479656,1468,173,4,0,0,0,36,3,1645,sp|A4D1F6|LRRD1_HUMAN,100.0,36.0,0.0,0.0,1.0,36.0,233.0,268.0,7.31e-19,76.3,,,,,"('LFFYNNY', 9, 15)",1,LFFYNNY,9,15,0,...[FWY]..[WFY]
479323,PLRHGPRTLHRTQRVTLKNAVYLHLFLFDRRQLLVTLGT,0,-6.158069902,-5.238799135,,,,479746,131,1,1,0,0,0,36,3,133,sp|Q96AK3|ABC3D_HUMAN,41.176,34.0,17.0,1.0,5.0,35.0,192.0,225.0,0.16,27.3,,,,,"('NAVYLHL', 18, 24)",1,NAVYLHL,18,24,0,...[FWY]..[LVI]
480048,PLRHHLDHKMEIKQWKKSFLCSLVFGIPVMALMIYMLIP,0,-1.446574995,-4.227743947,,,,480471,65,13,1,0,0,0,36,3,79,sp|P35670|ATP7B_HUMAN,100.0,36.0,0.0,0.0,1.0,36.0,639.0,674.0,7.49e-22,84.7,,,,,"('LMIYMLI', 31, 37)",1,LMIYMLI,31,37,0,...[FWY]..[LVI]
480285,PLRLHIGSVITLAAMIYKKSAVQLFEKHPCLYILTFGFV,0,-1.584078519,-6.041777211,,,,480709,2057,374,9,0,0,0,36,3,2440,sp|Q9Y6K0|CEPT1_HUMAN,100.0,36.0,0.0,0.0,1.0,36.0,291.0,326.0,2.26e-18,74.7,,,,,"('ILTFGFV', 32, 38)",1,ILTFGFV,32,38,0,...[FWY]..[LVI]
480371,PLRLHLAAQNNFENVARLLVSRQADPNLHEAEGKTPLQA,0,-1.362859259,-1.662757013,,,,480795,703,149,64,0,0,0,36,3,916,sp|Q8NFD2|ANKK1_HUMAN,100.0,34.0,0.0,0.0,1.0,34.0,465.0,498.0,2.52e-17,72.0,,,,,"('QNNFENV', 8, 14)",1,QNNFENV,8,14,0,...[FWY]..[LVI]
480445,PLRLHLRKLRHDVVQTAVPDGPLQEVPLRYLLGMLYINF,0,-6.044701955,-8.447359284,,,,480869,1211,10,1,0,0,0,36,3,1222,sp|O75691|UTP20_HUMAN,100.0,36.0,0.0,0.0,1.0,36.0,697.0,732.0,1.27e-19,78.2,,,,,"('GMLYINF', 32, 38)",1,GMLYINF,32,38,0,...[FWY]..[WFY]
480645,PLRHQQPHFPGLTRGLVAVLLYWDGKRCIANSLKALIQS,0,-3.59225245,-3.672981684,,,,481069,177,8,4,0,0,0,36,3,189,sp|Q92621|NU205_HUMAN,100.0,36.0,0.0,0.0,1.0,36.0,117.0,152.0,1.01e-20,81.6,,,,,"('QPHFPGL', 5, 11)",1,QPHFPGL,5,11,0,...[FWY]..[LVI]
481003,PLRHHVNVRTAYPSLHLLHAVRGYWLTNKVHIKRPTTGL,0,-3.797072242,-4.877801476,,,,481427,102,4,1,0,0,0,36,3,107,sp|Q92186|SIA8B_HUMAN,97.222,36.0,1.0,0.0,1.0,36.0,262.0,297.0,1e-18,75.5,,,,,"('RTAYPSL', 8, 14)",1,RTAYPSL,8,14,0,...[FWY]..[LVI]
481310,PLRLIEKGSQSVQKFVTLSNVLKHFDQTRLQRQIADIHV,0,-5.150181992,-7.038266148,,,,481734,456,7,1,0,0,0,36,3,464,sp|Q8NF91|SYNE1_HUMAN,100.0,36.0,0.0,0.0,1.0,36.0,871.0,906.0,1.67e-18,75.1,,,,,"('VQKFVTL', 11, 17)",1,VQKFVTL,11,17,0,...[FWY]..[LVI]
481681,PLRQIKFFEEVLLFEDELHDHGVSSLSVKIRVMPSSFFL,0,-3.944825863,-4.025555096,,,,482105,113,4,2,0,0,0,36,3,119,sp|O75663|TIPRL_HUMAN,100.0,36.0,0.0,0.0,1.0,36.0,146.0,181.0,2.68e-18,73.6,,,,,"('IKFFEEV', 4, 10)",1,IKFFEEV,4,10,0,...[FWY]..[LVI]
481838,PLRLILMNARGSSSRELVEPKLAELNRNFEKVSQHIKSA,0,-0.016867807,-0.95347447,,,,482263,477,257,71,0,0,0,36,3,805,sp|P46939|UTRN_HUMAN,100.0,36.0,0.0,0.0,1.0,36.0,1712.0,1747.0,3.15e-18,74.3,,,,,"('NRNFEKV', 25, 31)",1,NRNFEKV,25,31,0,...[FWY]..[LVI]
481965,PLRQINHNVLSTSTLSSPAVNLGGFAPVVSDGFGVGYAV,0,-1.152391891,-3.112266729,,,,482390,420,103,14,0,0,0,36,3,537,sp|P23786|CPT2_HUMAN,100.0,36.0,0.0,0.0,1.0,36.0,581.0,616.0,2.69e-19,77.4,,,,,"('LGGFAPV', 21, 27)",1,LGGFAPV,21,27,0,...[FWY]..[LVI]
482167,PLRQIQVWLYEQVNMQIEGCIIV,0,-4.055384238,-3.136113471,,,,482592,61,2,2,0,0,0,20,3,65,sp|P62304|RUXE_HUMAN,89.474,19.0,2.0,0.0,1.0,19.0,30.0,48.0,9.79e-07,39.7,,,,,"('VWLYEQV', 6, 12)",1,VWLYEQV,6,12,0,...[FWY]..[LVI]
482508,PLRQIVYPENTGLYVIVESYGPKILQESHEISFEAAFGY,0,-4.147014713,-5.227743947,,,,482933,130,4,1,0,0,0,36,3,135,sp|Q5SY80|CTSRE_HUMAN,100.0,36.0,0.0,0.0,1.0,36.0,610.0,645.0,4.19e-19,77.0,,,,,"('TGLYVIV', 10, 16)",1,TGLYVIV,10,16,0,...[FWY]..[LVI]
482604,PLRLKAIGSGESETPPSTPTAQEPSSSGGFEFFRNRSIS,0,-2.610073727,-2.427768555,,,,483029,56,5,3,0,0,0,36,3,64,sp|Q4ADV7|RIC1_HUMAN,100.0,36.0,0.0,0.0,1.0,36.0,982.0,1017.0,3.08e-18,74.3,,,,,"('SGGFEFF', 26, 32)",1,SGGFEFF,26,32,0,...[FWY]..[WFY]
482854,PLRRTDLEKLEKEITARNEQLDWPYEYLKPSCIENSVTI,0,-0.578822793,-0.303408217,,,,483279,137,50,32,0,0,0,36,3,219,sp|P18054|LOX12_HUMAN,100.0,36.0,0.0,0.0,1.0,36.0,628.0,663.0,1.86e-19,77.8,,,,,"('DWPYEYL', 21, 27)",1,DWPYEYL,21,27,0,...[FWY]..[LVI]
482876,PLRLKEPNEALKNFNRALELNPKHKLALFNSVIVMQESG,0,-7.437529855,-6.518259089,,,,483301,318,1,1,0,0,0,36,3,320,sp|Q6ZXV5|TMTC3_HUMAN,94.595,37.0,1.0,1.0,1.0,36.0,610.0,646.0,4.83e-16,68.2,,,,,"('LALFNSV', 25, 31)",1,LALFNSV,25,31,0,...[FWY]..[LVI]
483022,PLRHNGVAPSRRGDLEILGYCMIQWLTGHLPWEDNLKDP,0,-0.524002777,-6.136113471,,,,483447,488,185,2,0,0,0,36,3,675,sp|Q99986|VRK1_HUMAN,100.0,36.0,0.0,0.0,1.0,36.0,233.0,268.0,3.9099999999999994e-23,87.8,,,,,"('ILGYCMI', 16, 22)",1,ILGYCMI,16,22,0,...[FWY]..[LVI]
483057,PLRRKHIYRAQAVRYNCIRIDKQPVYNVEVKNAEFPRGV,0,-2.648208856,-2.313900591,,,,483482,69,6,4,0,0,0,36,3,79,sp|Q9BQI6|SLF1_HUMAN,100.0,36.0,0.0,0.0,1.0,36.0,378.0,413.0,1.3900000000000001e-21,84.0,,,,,"('AVRYNCI', 11, 17)",1,AVRYNCI,11,17,0,...[FWY]..[LVI]
483138,PLRLKIKELQLADNKLEVISHKIENFRELRILILDKNLL,0,-0.391800772,-2.015672331,,,,483563,491,204,35,0,0,0,36,3,730,sp|A4D1F6|LRRD1_HUMAN,100.0,36.0,0.0,0.0,1.0,36.0,349.0,384.0,2.52e-16,68.9,,,,,"('IENFREL', 22, 28)",1,IENFREL,22,28,0,...[FWY]..[LVI]
483140,PLRRKIKNVTNQIALLKLGKLPLLYKLSSLEKAGFGGVL,0,-4.218623048,-4.999792,,,,483565,444,13,4,0,0,0,36,3,461,sp|Q58DX5|NADL2_HUMAN,100.0,36.0,0.0,0.0,1.0,36.0,291.0,326.0,2.98e-18,74.3,,,,,"('KAGFGGV', 31, 37)",1,KAGFGGV,31,37,0,...[FWY]..[LVI]
483311,PLRHKLEVQRTDGVLSQLSPLPHLYSVSYYQLSEELARV,0,-4.879534402,-3.960263636,,,,483736,54,1,1,0,0,0,36,3,56,sp|O94915|FRYL_HUMAN,97.222,36.0,1.0,0.0,1.0,36.0,1243.0,1278.0,7.89e-18,73.2,,,,,"('SVSYYQL', 25, 31)",1,SVSYYQL,25,31,0,...[FWY]..[LVI]
483388,PLRLKLSRKSGISPKKSKYMTPMQQKLNEVYEAVKNYTD,0,-0.038195799,-2.807635458,,,,483813,923,490,38,0,0,0,36,3,1451,sp|Q86U86|PB1_HUMAN,100.0,36.0,0.0,0.0,1.0,36.0,639.0,674.0,2.76e-18,74.7,,,,,"('NEVYEAV', 27, 33)",1,NEVYEAV,27,33,0,...[FWY]..[LVI]
483428,PLRPGQLLQALENNLFRAPVYLHKMPETDFLIIRTRQGY,0,-5.078843211,-5.159572444,,,,483853,124,2,1,0,0,0,36,3,127,sp|Q8IZX4|TAF1L_HUMAN,100.0,36.0,0.0,0.0,1.0,36.0,755.0,790.0,2.8e-20,80.1,,,,,"('ETDFLII', 26, 32)",1,ETDFLII,26,32,0,...[FWY]..[LVI]
483529,PLRHKPVSLQPRGLINKGNWCYINATLQALVACPPMYHL,0,-3.57090313,-4.973560459,,,,483954,109,5,1,0,0,0,36,3,115,sp|Q14694|UBP10_HUMAN,100.0,36.0,0.0,0.0,1.0,36.0,407.0,442.0,2.69e-22,85.9,,,,,"('KGNWCYI', 16, 22)",1,KGNWCYI,16,22,0,...[FWY]..[LVI]
483608,PLRQKRCIDKFKATLEIKDPVVQIKTYQLLHSIFQYPNP,0,-4.825086618,-5.905815852,,,,484033,208,4,1,0,0,0,36,3,213,sp|Q86XA9|HTR5A_HUMAN,100.0,36.0,0.0,0.0,1.0,36.0,1850.0,1885.0,3.2200000000000007e-21,82.8,,,,,"('IKTYQLL', 23, 29)",1,IKTYQLL,23,29,0,...[FWY]..[LVI]
484015,PLRLLAENCSPGPRYNVNPKILRTGKDLGPAYSILGRYQ,0,-0.039177558,-2.480654135,,,,484440,213,113,11,0,0,0,36,3,337,sp|Q96PU9|ODF3A_HUMAN,100.0,36.0,0.0,0.0,1.0,36.0,59.0,94.0,9.15e-18,72.0,,,,,"('GPAYSIL', 28, 34)",1,GPAYSIL,28,34,0,...[FWY]..[LVI]
484090,PLRNLALLEKIQSSLLVYSMEDSSPHVTPEDYSEIIAAI,0,-1.446574995,-5.385285224,,,,484515,145,29,1,0,0,0,36,3,175,sp|Q9UKG9|OCTC_HUMAN,100.0,36.0,0.0,0.0,1.0,36.0,262.0,297.0,4.13e-18,73.9,,,,,"('PEDYSEI', 28, 34)",1,PEDYSEI,28,34,0,...[FWY]..[LVI]
484745,PLRKLAAQLDKKRDDFCKQNQEASSDRCSALLQVIFSPL,0,-2.191214517,-2.178834346,,,,485170,377,45,24,0,0,0,36,3,446,sp|Q9H0R5|GBP3_HUMAN,100.0,36.0,0.0,0.0,1.0,36.0,381.0,416.0,1e-18,75.9,,,,,"('QVIFSPL', 32, 38)",1,QVIFSPL,32,38,0,...[FWY]..[LVI]
485270,PLRHLKENKYLIVVTDGHPLEGYKEPCGGLEDAVNEAKH,0,-2.584078519,-0.927842158,,,,485695,66,6,10,0,0,0,36,3,82,sp|P12109|CO6A1_HUMAN,100.0,36.0,0.0,0.0,1.0,36.0,146.0,181.0,1.38e-19,78.2,,,,,"('ENKYLIV', 6, 12)",1,ENKYLIV,6,12,0,...[FWY]..[LVI]
485306,PLRHRKKLFPNGCSAFKKITPNIDEEGAIKEDAGMMDVH,0,-0.090431185,-5.171160419,,,,485731,125,64,1,0,0,0,36,3,190,sp|Q5JSL3|DOC11_HUMAN,97.222,36.0,1.0,0.0,1.0,36.0,1654.0,1689.0,1.42e-20,81.3,,,,,"('CSAFKKI', 12, 18)",1,CSAFKKI,12,18,0,...[FWY]..[LVI]
485476,PLRHMLGVRELRIAFREFDRDRDGRITVAELREAVPALR,0,-4.797072242,-4.877801476,,,,485901,102,2,1,0,0,0,36,3,105,sp|P57796|CABP4_HUMAN,100.0,35.0,0.0,0.0,1.0,35.0,204.0,238.0,1.53e-17,71.6,,,,,"('RIAFREF', 11, 17)",1,RIAFREF,11,17,0,...[FWY]..[WFY]
485512,PLRHPLIYGLWNKTVRKELLGMCFGDRYYREPFVQRQRT,0,-2.262150424,-3.664807752,,,,485937,176,20,4,0,0,0,36,3,200,sp|Q8N6U8|GP161_HUMAN,100.0,36.0,0.0,0.0,1.0,36.0,320.0,355.0,3.61e-23,88.6,,,,,"('PLIYGLW', 4, 10)",1,PLIYGLW,4,10,0,...[FWY]..[WFY]
485666,PLRHLPSHLIPPSIWKENCKIVYVARNPKDCLVSYYHFH,0,-0.313989355,-1.664807752,,,,486093,374,164,34,0,0,0,36,3,572,sp|Q6IMI6|ST1C3_HUMAN,100.0,36.0,0.0,0.0,1.0,36.0,117.0,152.0,4.52e-21,81.3,,,,,"('LVSYYHF', 31, 37)",1,LVSYYHF,31,37,0,...[FWY]..[WFY]
485779,PLRPLMWELIHKKVFSPQDQDVQDNPRGRSAKLRAAIKL,0,-4.113331587,-2.872132726,,,,486206,127,4,5,0,0,0,36,3,136,sp|A6NJ78|MET15_HUMAN,97.222,36.0,1.0,0.0,1.0,36.0,372.0,407.0,5.87e-19,76.3,,,,,"('PLMWELI', 3, 9)",1,PLMWELI,3,9,0,...[FWY]..[LVI]
486166,PLRLLQFQCRNRLLLTGTPIQNTMAELWALLHFIMPTLF,0,-1.498297758,-5.296017886,,,,486594,1363,263,10,0,0,0,36,3,1636,sp|Q9ULG1|INO80_HUMAN,100.0,36.0,0.0,0.0,1.0,36.0,668.0,703.0,2.1800000000000007e-21,83.6,,,,,"('AELWALL', 24, 30)",1,AELWALL,24,30,0,...[FWY]..[LVI]
486647,PLRLLSPILAGPSFWTLSHQQLSSTSFKDEDKTAKLHHS,0,-7.652123906,-5.73285314,,,,487075,369,1,2,0,0,0,36,3,372,sp|Q8IYW4|ENTD1_HUMAN,100.0,36.0,0.0,0.0,1.0,36.0,436.0,471.0,1.16e-18,75.5,,,,,"('GPSFWTL', 10, 16)",1,GPSFWTL,10,16,0,...[FWY]..[LVI]
487485,PLRHVLSMDGFLSYLCSKDGDIFNPACLPIYQDMAQPLD,0,-2.908918209,-3.159572444,,,,487914,124,9,4,0,0,0,36,3,137,sp|Q9BRC7|PLCD4_HUMAN,94.444,36.0,2.0,0.0,1.0,36.0,262.0,297.0,1.35e-20,81.3,,,,,"('MDGFLSY', 7, 13)",1,MDGFLSY,7,13,0,...[FWY]..[WFY]
488164,PLRNPDLWFLHDQNSSAFKFYRKKVFELCPSICFTSSPH,0,-2.627147241,-1.914327352,,,,488593,170,15,13,0,0,0,36,3,198,sp|Q8IX01|SUGP2_HUMAN,100.0,36.0,0.0,0.0,1.0,36.0,813.0,848.0,2.29e-22,86.3,,,,,"('SSAFKFY', 14, 20)",1,SSAFKFY,14,20,0,...[FWY]..[WFY]
488505,PLRHYAKMALDGQNIYNACCTLRIDFSKLTSLNVKYNND,0,-0.784954526,-1.599290342,,,,488934,452,143,43,0,0,0,36,3,638,sp|O95758|PTBP3_HUMAN,100.0,36.0,0.0,0.0,1.0,36.0,233.0,268.0,2.4700000000000002e-21,83.2,,,,,"('RIDFSKL', 22, 28)",1,RIDFSKL,22,28,0,...[FWY]..[LVI]
488629,PLRLNEMVEYITHSRDVVTEAIYPEAVTMFSVNLFRTLP,0,-4.825086618,-3.490778353,,,,489058,156,3,4,0,0,0,36,3,163,sp|Q14738|2A5D_HUMAN,100.0,36.0,0.0,0.0,1.0,36.0,149.0,184.0,4.6e-18,73.9,,,,,"('VNLFRTL', 31, 37)",1,VNLFRTL,31,37,0,...[FWY]..[LVI]
488643,PLRQNETTAMKKQQELMDENFDLSKRLVRTKLFVMLCS,0,-4.400771305,-2.896538038,,,,489072,155,4,6,0,0,0,35,3,165,sp|Q13137|CACO2_HUMAN,80.0,30.0,6.0,0.0,1.0,30.0,291.0,320.0,6.75e-10,50.8,,,,,"('TKLFVML', 29, 35)",1,TKLFVML,29,35,0,...[FWY]..[LVI]
488990,PLRLNLIGKYSQHPDSGMSDSVKDKFSIAFSIVGMFASH,0,-6.428427648,-5.509156882,,,,489419,158,1,1,0,0,0,36,3,160,sp|A1A5C7|S22AN_HUMAN,100.0,36.0,0.0,0.0,1.0,36.0,514.0,549.0,4.31e-20,79.7,,,,,"('SIAFSIV', 26, 32)",1,SIAFSIV,26,32,0,...[FWY]..[LVI]
489056,PLRHNLVHLLLLAAGRTHRSSFSVLLQGLSLLTSCLAW,0,-3.428427648,-2.509156882,,,,489486,79,4,4,0,0,0,35,3,87,sp|Q9Y4P3|TBL2_HUMAN,40.909,22.0,13.0,0.0,1.0,22.0,75.0,96.0,3.6,23.5,,,,,"('RSSFSVL', 18, 24)",1,RSSFSVL,18,24,0,...[FWY]..[LVI]
489434,PLRLPHDAKDTVACILKGLNKPQRQAMKKVLLSKDYTLI,0,-2.908918209,-6.159572444,,,,489864,248,18,1,0,0,0,36,3,267,sp|P51530|DNA2_HUMAN,100.0,36.0,0.0,0.0,1.0,36.0,611.0,646.0,1.4e-18,75.5,,,,,"('SKDYTLI', 32, 38)",1,SKDYTLI,32,38,0,...[FWY]..[LVI]
489743,PLRQPLLALLPDTPGPEPELWLQKVSDSVLLLSYTWAQV,0,-0.861612494,-1.849232324,,,,490174,50,15,4,0,0,0,36,3,69,sp|Q14146|URB2_HUMAN,100.0,36.0,0.0,0.0,1.0,36.0,581.0,616.0,1.8e-18,75.1,,,,,"('SYTWAQV', 32, 38)",1,SYTWAQV,32,38,0,...[FWY]..[LVI]
489914,PLRHPNATVWRKNFLRVGHLVLIGGPDDGVITPWQSSFF,0,-2.372574414,-4.038266148,,,,490346,114,12,2,0,0,0,36,3,128,sp|Q9UMR5|PPT2_HUMAN,100.0,36.0,0.0,0.0,1.0,36.0,204.0,239.0,2.03e-20,79.7,,,,,"('RKNFLRV', 10, 16)",1,RKNFLRV,10,16,0,...[FWY]..[LVI]
490425,PLRLPSGSQKYLDYMQQGHNLLIFVKSWSPDVFSLPLRI,0,-5.199323586,-4.28005282,,,,490857,337,5,5,0,0,0,36,3,347,sp|P0C7P3|SLN14_HUMAN,100.0,36.0,0.0,0.0,1.0,36.0,88.0,123.0,6.670000000000001e-21,82.0,,,,,"('SQKYLDY', 7, 13)",1,SQKYLDY,7,13,0,...[FWY]..[WFY]
490836,PLRLQASLSKYCDQLPPRSDFYPAIGDICCAQFSEDDQ,0,-3.689431519,-1.547768331,,,,491269,71,3,7,0,0,0,35,3,81,sp|Q9BXT4|TDRD1_HUMAN,100.0,35.0,0.0,0.0,1.0,35.0,523.0,557.0,3.14e-20,80.1,,,,,"('SDFYPAI', 18, 24)",1,SDFYPAI,18,24,0,...[FWY]..[LVI]
490998,PLRQQEEFDVFTKAPFSKKVNVQECHAVGPETHPKSIDI,0,-5.043510137,-5.124239371,,,,491431,121,2,1,0,0,0,36,3,124,sp|Q5H9B9|BM2KL_HUMAN,100.0,36.0,0.0,0.0,1.0,36.0,146.0,181.0,1.42e-19,78.2,,,,,"('QEEFDVF', 4, 10)",1,QEEFDVF,4,10,0,...[FWY]..[WFY]
491016,PLRNQEGVAMMFIINFEYVTDNENAATPERVNPILPIKT,0,-2.653899968,-3.194060821,,,,491449,127,11,4,0,0,0,36,3,142,sp|Q9NS40|KCNH7_HUMAN,100.0,36.0,0.0,0.0,1.0,36.0,117.0,152.0,4.76e-20,79.7,,,,,"('IINFEYV', 12, 18)",1,IINFEYV,12,18,0,...[FWY]..[LVI]
491030,PLRQQEILGVETRFSSVNWQYQCGLTCEHKADLLPISAS,0,-0.404169429,-5.664807752,,,,491463,352,145,2,0,0,0,36,3,499,sp|Q96GX1|TECT2_HUMAN,100.0,36.0,0.0,0.0,1.0,36.0,581.0,616.0,9.95e-20,78.6,,,,,"('ETRFSSV', 10, 16)",1,ETRFSSV,10,16,0,...[FWY]..[LVI]
491205,PLRLQHGANVNGSHSMCGWNSLHQASFQENAEIIKLLLR,0,-1.157068378,-0.617502038,,,,491638,495,121,93,0,0,0,36,3,709,sp|Q9Y575|ASB3_HUMAN,100.0,36.0,0.0,0.0,1.0,36.0,132.0,167.0,2.43e-19,77.4,,,,,"('MCGWNSL', 15, 21)",1,MCGWNSL,15,21,0,...[FWY]..[LVI]
491280,PLRLQIVRTLDHKNIIQVYEMLESADGKICLVMELAERG,0,-4.797072242,-6.380301816,,,,491713,867,17,3,0,0,0,36,3,887,sp|Q96PN8|TSSK3_HUMAN,97.222,36.0,1.0,0.0,1.0,36.0,59.0,94.0,3.28e-18,73.2,,,,,"('IQVYEML', 15, 21)",1,IQVYEML,15,21,0,...[FWY]..[LVI]
491489,PLRHQMMCTPSNTPATPPNFPDALAMFSKLRASEGLQSS,0,-0.090158524,-4.574609944,,,,491923,248,127,3,0,0,0,36,3,378,sp|Q8IYN6|UBAD2_HUMAN,100.0,36.0,0.0,0.0,1.0,36.0,59.0,94.0,5.95e-20,75.9,,,,,"('LAMFSKL', 23, 29)",1,LAMFSKL,23,29,0,...[FWY]..[LVI]
491838,PLRLQSQAAVIVTVLDENDNSPKFTHNHFQFFVSENLPQ,0,-3.80647094,-2.302237673,,,,492272,154,6,9,0,0,0,36,3,169,sp|Q9HC56|PCDH9_HUMAN,97.222,36.0,1.0,0.0,1.0,36.0,552.0,587.0,1.59e-18,75.1,,,,,"('HNHFQFF', 25, 31)",1,HNHFQFF,25,31,0,...[FWY]..[WFY]
491925,PLRQQTPLHLAAEHAWQDIADMLLIAGVDLNLRDKQGKT,0,-4.843465148,-3.187228787,,,,492359,158,3,5,0,0,0,36,3,166,sp|Q495B1|AKD1A_HUMAN,100.0,36.0,0.0,0.0,1.0,36.0,324.0,359.0,1.13e-18,75.9,,,,,"('EHAWQDI', 12, 18)",1,EHAWQDI,12,18,0,...[FWY]..[LVI]
492148,PLRLRAKHTQENCETWGVNGETGTLVDMKELGIWEPLAV,0,-1.019949521,-1.937180023,,,,492582,93,25,7,0,0,0,36,3,125,sp|P49368|TCPG_HUMAN,100.0,36.0,0.0,0.0,1.0,36.0,466.0,501.0,7.650000000000001e-21,82.0,,,,,"('LGIWEPL', 30, 36)",1,LGIWEPL,30,36,0,...[FWY]..[LVI]
492196,PLRYRARPVITVNAGLEVYPSILNQDNKTCSLPGTALKV,0,-2.648208856,-5.313900591,,,,492630,138,12,1,0,0,0,36,3,151,sp|P06756|ITAV_HUMAN,100.0,36.0,0.0,0.0,1.0,36.0,465.0,500.0,1.16e-19,78.6,,,,,"('LEVYPSI', 15, 21)",1,LEVYPSI,15,21,0,...[FWY]..[LVI]
493178,PLRQRPDLLLFQRFTLEKMEWPNHYACEKLLVLLTHYD,0,-1.610073727,-1.427768555,,,,493613,56,10,6,0,0,0,35,3,72,sp|Q17RS7|GEN_HUMAN,100.0,35.0,0.0,0.0,1.0,35.0,349.0,383.0,3e-20,80.1,,,,,"('LLLFQRF', 7, 13)",1,LLLFQRF,7,13,0,...[FWY]..[WFY]
493605,PLRLRSLRRNTKKPKPKPRPSITKATWESNYFGVPLTTV,0,-3.267604854,-2.933296588,,,,494040,159,9,6,0,0,0,36,3,174,sp|Q9NRY4|RHG35_HUMAN,100.0,36.0,0.0,0.0,1.0,36.0,1219.0,1254.0,8.58e-19,75.9,,,,,"('ESNYFGV', 27, 33)",1,ESNYFGV,27,33,0,...[FWY]..[LVI]
494424,PLRRSFRTGIKRRILLLIPKWLYEDIPNMKNSNVVKMLQ,0,-6.511227953,-4.591957187,,,,494859,502,3,6,0,0,0,36,3,511,sp|Q5VWK5|IL23R_HUMAN,100.0,36.0,0.0,0.0,1.0,36.0,378.0,413.0,4.83e-19,76.6,,,,,"('KWLYEDI', 19, 25)",1,KWLYEDI,19,25,0,...[FWY]..[LVI]
494429,PLRHSFSLHWSLPSGHVERYQVDLVPDSGFVTIRDLVV,0,-4.562052212,-3.227743947,,,,494864,130,3,4,0,0,0,35,3,137,sp|Q9UMZ3|PTPRQ_HUMAN,100.0,33.0,0.0,0.0,1.0,33.0,22.0,54.0,1.09e-18,75.5,,,,,"('DSGFVTI', 26, 32)",1,DSGFVTI,26,32,0,...[FWY]..[LVI]
494726,PLRRSHYVPHELIPTESCKPLNIAFKSSVPFDDVPCTL,0,-2.063246355,-2.72893809,,,,495161,69,9,3,0,0,0,35,3,81,sp|Q658L1|SAXO2_HUMAN,100.0,31.0,0.0,0.0,1.0,31.0,320.0,350.0,1.16e-15,67.0,,,,,"('SVPFDDV', 27, 33)",1,SVPFDDV,27,33,0,...[FWY]..[LVI]
495576,PLRRSQNPVQPIGPQTPKACDSKLTFNAITTIRGEVMFF,0,-4.490969114,-3.571698348,,,,496012,165,4,4,0,0,0,36,3,173,sp|P03956|MMP1_HUMAN,97.222,36.0,1.0,0.0,1.0,36.0,262.0,297.0,1.73e-19,77.8,,,,,"('KLTFNAI', 22, 28)",1,KLTFNAI,22,28,0,...[FWY]..[LVI]
495686,PLRHSWNGLTRPARINDNLPPAAAGSREQRGRVDSQPGT,0,-2.294571902,-3.375301135,,,,496123,108,12,3,0,0,0,36,3,123,sp|Q9Y2C5|S17A4_HUMAN,36.0,25.0,16.0,0.0,9.0,33.0,62.0,86.0,0.49,25.8,,,,,"('RHSWNGL', 2, 8)",1,RHSWNGL,2,8,0,...[FWY]..[LVI]
495864,PLRQHSSKSEKGLVSCQSDIPISQDGSLSFLQQFLPLHD,0,-1.168097156,-1.010215458,,,,496301,573,139,82,0,0,0,36,3,794,sp|Q9C0D2|CE295_HUMAN,100.0,36.0,0.0,0.0,1.0,36.0,1020.0,1055.0,9.25e-19,75.9,,,,,"('LQQFLPL', 30, 36)",1,LQQFLPL,30,36,0,...[FWY]..[LVI]
496200,PLRLSVLLSLGMGAVAVLDFIHYCRATVCWELKGNMVVL,0,-5.090431185,-5.171160419,,,,496638,125,2,1,0,0,0,36,3,128,sp|Q0PNE2|ELP6_HUMAN,100.0,36.0,0.0,0.0,1.0,36.0,146.0,181.0,2.74e-19,76.3,,,,,"('VLDFIHY', 16, 22)",1,VLDFIHY,16,22,0,...[FWY]..[WFY]
496388,PLRNTAIELKLVRFPEDLENDIRTFFPEYTHQLFGDDET,0,-2.031537496,-4.69722923,,,,496826,90,12,1,0,0,0,36,3,103,sp|O14929|HAT1_HUMAN,100.0,36.0,0.0,0.0,1.0,36.0,30.0,65.0,2.18e-19,77.4,,,,,"('RTFFPEY', 22, 28)",1,RTFFPEY,22,28,0,...[FWY]..[WFY]
496847,PLRHTGFLDTCLKDCMLTNPELLKVFSKLMSVCVMFTNC,0,-3.76850309,-2.486662244,,,,497287,175,7,9,0,0,0,36,3,191,sp|Q9BSJ2|GCP2_HUMAN,100.0,36.0,0.0,0.0,1.0,36.0,726.0,761.0,7.24e-22,84.7,,,,,"('LKVFSKL', 22, 28)",1,LKVFSKL,22,28,0,...[FWY]..[LVI]
497038,PLRHTIRCYNVKSRECVEQLQLEDRVLCLHSRWRILYAG,0,-5.782858383,-3.863587617,,,,497478,101,1,2,0,0,0,36,3,104,sp|Q9H2Y7|ZN106_HUMAN,100.0,36.0,0.0,0.0,1.0,36.0,1596.0,1631.0,3.8900000000000003e-22,85.5,,,,,"('HSRWRIL', 29, 35)",1,HSRWRIL,29,35,0,...[FWY]..[LVI]
497116,PLRHTKSIASAYFSPLTGNRVVTTCADCNLRIFDSSCIS,0,-3.425380773,-5.091072507,,,,497557,473,24,4,0,0,0,36,3,501,sp|Q9H967|WDR76_HUMAN,100.0,36.0,0.0,0.0,1.0,36.0,494.0,529.0,1.81e-19,77.8,,,,,"('SAYFSPL', 9, 15)",1,SAYFSPL,9,15,0,...[FWY]..[LVI]
497476,PLRLTQAEIQGNINKVNTFSALANIDLALEQGDALVLFH,0,-4.724559742,-3.805288976,,,,497917,97,2,2,0,0,0,36,3,101,sp|P46940|IQGA1_HUMAN,94.444,36.0,2.0,0.0,1.0,36.0,291.0,326.0,1.51e-16,69.7,,,,,"('VNTFSAL', 15, 21)",1,VNTFSAL,15,21,0,...[FWY]..[LVI]
497944,PLRQTWKLLREDSCNAGPEDIQSRIGPLHVIPLKKSLLI,0,-2.361686097,-3.249770253,,,,498385,66,7,2,0,0,0,36,3,75,sp|Q9UL63|MKLN1_HUMAN,100.0,23.0,0.0,0.0,1.0,23.0,436.0,458.0,2.58e-11,54.7,,,,,"('RQTWKLL', 2, 8)",1,RQTWKLL,2,8,0,...[FWY]..[LVI]
497998,PLRQVAAAKDHTVVLTEDGCVYTFGLNIFHQLGIIPPPS,0,-0.011294276,-1.143975589,,,,498439,575,311,75,0,0,0,36,3,961,sp|Q9P2D0|IBTK_HUMAN,100.0,36.0,0.0,0.0,1.0,36.0,233.0,268.0,4.16e-21,82.4,,,,,"('LNIFHQL', 25, 31)",1,LNIFHQL,25,31,0,...[FWY]..[LVI]
498328,PLRHVFPETAFIAVTSYQNHKITQLKIENNPFAKGFRGS,0,-3.999116018,-3.079845252,,,,498769,88,3,3,0,0,0,36,3,94,sp|Q99593|TBX5_HUMAN,100.0,36.0,0.0,0.0,1.0,36.0,204.0,239.0,1.57e-18,75.1,,,,,"('ETAFIAV', 7, 13)",1,ETAFIAV,7,13,0,...[FWY]..[LVI]
498732,PLRLVLSDTMKTGLKREFDEVFTKKMIESMSRPSMELVL,0,-1.846271948,-6.6274409,,,,499174,343,52,1,0,0,0,36,3,396,sp|Q8IWD4|CC117_HUMAN,100.0,36.0,0.0,0.0,1.0,36.0,175.0,210.0,3.04e-18,73.6,,,,,"('KREFDEV', 14, 20)",1,KREFDEV,14,20,0,...[FWY]..[LVI]
499238,PLRLVVSLFYISLSLTYFRPKSNNSPEGKKLLSLSYTVM,0,-3.226184927,-2.891876661,,,,499680,103,6,4,0,0,0,36,3,113,sp|Q9H208|O10A2_HUMAN,100.0,36.0,0.0,0.0,1.0,36.0,233.0,268.0,1.31e-17,72.0,,,,,"('SLFYISL', 6, 12)",1,SLFYISL,6,12,0,...[FWY]..[LVI]
499472,PLRRWLPPVYEDGFSQPRGWNPGFLYNGFPLPPVREVTR,0,-0.272077264,-3.656587246,,,,499914,350,158,8,0,0,0,36,3,516,sp|P07202|PERT_HUMAN,100.0,36.0,0.0,0.0,1.0,36.0,175.0,210.0,1.28e-20,81.3,,,,,"('GFLYNGF', 22, 28)",1,GFLYNGF,22,28,0,...[FWY]..[WFY]
499972,PLRLYIHFSEDLTLFDEMPLIPRTILEEGQTCVELIRLR,0,-1.388640226,-8.023958311,,,,500414,903,188,1,0,0,0,36,3,1092,sp|Q9NZJ4|SACS_HUMAN,100.0,36.0,0.0,0.0,1.0,36.0,786.0,821.0,1.58e-19,78.2,,,,,"('LRLYIHF', 1, 7)",1,LRLYIHF,1,7,0,...[FWY]..[WFY]
500161,PLRHYPLNLPSVTVTNLDTFGHLKDSNSWPPSNKLMLI,0,-4.608462677,-2.229760292,,,,500603,179,4,11,0,0,0,35,3,194,sp|Q9ULJ8|NEB1_HUMAN,100.0,31.0,0.0,0.0,1.0,31.0,233.0,263.0,1.34e-18,75.5,,,,,"('LDTFGHL', 16, 22)",1,LDTFGHL,16,22,0,...[FWY]..[LVI]
500170,PLRLYPPNPRQEPREFPFAVGGSPGYNKEGFLAIQYAVD,0,-5.482198905,-5.562928138,,,,500612,164,2,1,0,0,0,36,3,167,sp|Q99758|ABCA3_HUMAN,55.556,36.0,16.0,0.0,1.0,36.0,184.0,219.0,2.79e-07,43.5,,,,,"('KEGFLAI', 27, 33)",1,KEGFLAI,27,33,0,...[FWY]..[LVI]
500671,PLRIDALADAINEFEGGMMLVSHDFRLIQQVAQEIWVCE,0,-0.709609401,-1.716338053,,,,501113,171,57,15,0,0,0,36,3,243,sp|Q9UG63|ABCF2_HUMAN,100.0,36.0,0.0,0.0,1.0,36.0,552.0,587.0,1.92e-20,80.9,,,,,"('SHDFRLI', 21, 27)",1,SHDFRLI,21,27,0,...[FWY]..[LVI]
500795,PLRMAARLLGRVNPANTVRAGLRLGCCAAFPGLRLGFPH,0,-5.731977214,-3.812706448,,,,501239,195,2,4,0,0,0,36,3,201,sp|Q5T7N8|F27D1_HUMAN,70.588,34.0,10.0,0.0,1.0,34.0,175.0,208.0,1.16e-08,47.0,,,,,"('CAAFPGL', 26, 32)",1,CAAFPGL,26,32,0,...[FWY]..[LVI]
501644,PLRITFSTRNNLTTYKSEIKYSCQEPYYKMLNNNTGIYT,0,-0.34595418,-0.930449832,,,,502088,443,190,67,0,0,0,36,3,700,sp|P48740|MASP1_HUMAN,100.0,36.0,0.0,0.0,1.0,36.0,378.0,413.0,8.01e-19,76.3,,,,,"('EPYYKML', 24, 30)",1,EPYYKML,24,30,0,...[FWY]..[LVI]
502044,PLRMAHYKAADSKREQFRRYLEKSGMLDTLTKVLVPYM,0,-2.175272973,-3.063357129,,,,502488,58,7,2,0,0,0,35,3,67,sp|Q99417|MYCBP_HUMAN,96.875,32.0,1.0,0.0,1.0,32.0,1.0,32.0,5.63e-17,66.6,,,,,"('REQFRRY', 13, 19)",1,REQFRRY,13,19,0,...[FWY]..[WFY]
502239,PLRLAKDLASRDVVSRWMTLEIRDTSTCT,0,-2.879534402,-3.182656057,,,,502683,189,14,6,0,0,0,26,3,209,sp|P31040|SDHA_HUMAN,76.0,25.0,6.0,0.0,1.0,25.0,333.0,357.0,1.23e-06,40.8,,,,,"('VSRWMTL', 13, 19)",1,VSRWMTL,13,19,0,...[FWY]..[LVI]
502461,PLRKIGLFFWPKITRLDFKKNKLTLVVVEDDDQGKEQEH,0,-6.101926824,-5.182656057,,,,502905,126,1,1,0,0,0,36,3,128,sp|Q9HCM4|E41L5_HUMAN,100.0,36.0,0.0,0.0,1.0,36.0,262.0,297.0,4.34e-20,79.7,,,,,"('LFFWPKI', 6, 12)",1,LFFWPKI,6,12,0,...[FWY]..[LVI]
502507,PLRIVLHKSRKKSKEQNVSDDPESTGFLYPYNDLLVWAA,0,-1.992543364,-3.395200693,,,,502951,73,10,2,0,0,0,36,3,85,sp|Q9BX84|TRPM6_HUMAN,97.222,36.0,1.0,0.0,1.0,36.0,581.0,616.0,5.21e-19,76.6,,,,,"('LYPYNDL', 27, 33)",1,LYPYNDL,27,33,0,...[FWY]..[LVI]
502695,PLRIALSEPQLCEVLQVAGPDRFVVLETGGEAGITRSVV,0,-5.190736091,-4.271465324,,,,503139,67,1,1,0,0,0,36,3,69,sp|Q7Z2W4|ZCCHV_HUMAN,100.0,36.0,0.0,0.0,1.0,36.0,30.0,65.0,2.76e-19,77.4,,,,,"('PDRFVVL', 19, 25)",1,PDRFVVL,19,25,0,...[FWY]..[LVI]
503121,PLRNAPQFLKSKYFTPVTKNVKVGTKLIRVTAIDDKDFG,0,-4.436704751,-4.654937508,,,,503565,437,11,5,0,0,0,36,3,453,sp|Q6V0I7|FAT4_HUMAN,100.0,36.0,0.0,0.0,1.0,36.0,2979.0,3014.0,1.05e-18,75.9,,,,,"('SKYFTPV', 10, 16)",1,SKYFTPV,10,16,0,...[FWY]..[LVI]
503419,PLRIERGAFNKQVLILNDNLISFLPDNIFRFASLT,0,-2.756915116,-2.159572444,,,,503863,124,10,8,0,0,0,32,3,142,sp|Q8IW52|SLIK4_HUMAN,86.111,36.0,1.0,1.0,1.0,32.0,146.0,181.0,7.02e-13,58.9,,,,,"('IFRFASL', 27, 33)",1,IFRFASL,27,33,0,...[FWY]..[LVI]
503679,PLRMASMNKPAFQAIRSHSPAKPVLIFVSSRRQTRLTAL,0,-5.212109741,-5.877801476,,,,504123,204,3,1,0,0,0,36,3,208,sp|Q8N3C0|ASCC3_HUMAN,100.0,36.0,0.0,0.0,1.0,36.0,1538.0,1573.0,1.33e-18,75.5,,,,,"('KPAFQAI', 8, 14)",1,KPAFQAI,8,14,0,...[FWY]..[LVI]
503967,PLRMATSMGLLLLLLLLLTQPGAGTVLTRRRWSAWGPP,0,-2.655716393,-3.210376815,,,,504411,289,25,9,0,0,0,35,3,323,sp|Q5T4D3|TMTC4_HUMAN,46.667,30.0,16.0,0.0,6.0,35.0,267.0,296.0,0.36,26.2,,,,,"('RRRWSAW', 28, 34)",1,RRRWSAW,28,34,0,...[FWY]..[WFY]
504060,PLRIAVCKFKMLSCQLCKESEERVPDSEQHQVVHHLFS,0,-1.932001822,-2.597693557,,,,504504,63,9,3,0,0,0,35,3,75,sp|Q8WUU8|TM174_HUMAN,100.0,26.0,0.0,0.0,1.0,26.0,88.0,113.0,8.61e-14,61.2,,,,,"('VCKFKML', 5, 11)",1,VCKFKML,5,11,0,...[FWY]..[LVI]
504322,PLRMAYFNGKRFYSSYFASQIFSESLIFFFTGTIPIISI,0,-3.852567355,-3.933296588,,,,504766,53,2,1,0,0,0,36,3,56,sp|Q53H47|SETMR_HUMAN,34.211,38.0,20.0,1.0,3.0,35.0,633.0,670.0,8.1,22.3,,,,,"('KRFYSSY', 9, 15)",1,KRFYSSY,9,15,0,...[FWY]..[WFY]
505413,PLRKCTEYWPEEQVAYDGVEITVQKVIHTEDYRAASHLP,0,-3.928316775,-3.816400931,,,,505860,391,14,8,0,0,0,36,3,413,sp|P54829|PTN5_HUMAN,100.0,30.0,0.0,0.0,1.0,30.0,407.0,436.0,1.54e-15,66.6,,,,,"('QVAYDGV', 12, 18)",1,QVAYDGV,12,18,0,...[FWY]..[LVI]
505558,PLRIDAAFRMLMAMPTSCAAASTGSLTL,0,-2.906006614,-2.401773347,,,,506005,55,4,3,0,0,0,25,3,62,sp|Q9UL01|DSE_HUMAN,64.286,14.0,5.0,0.0,12.0,25.0,207.0,220.0,5.4,22.3,,,,,"('DAAFRML', 4, 10)",1,DAAFRML,4,10,0,...[FWY]..[LVI]
505630,PLRMDAPRQVVNFGPGPAKLPHSVLLEIQKELLDYKGVG,0,-0.312273903,-6.147890639,,,,506077,246,108,1,0,0,0,36,3,355,sp|Q9Y617|SERC_HUMAN,100.0,36.0,0.0,0.0,1.0,36.0,1.0,36.0,1.82e-19,77.4,,,,,"('LLDYKGV', 31, 37)",1,LLDYKGV,31,37,0,...[FWY]..[LVI]
505796,PLRIDDPETKRFPYPLNELLIWACLMKRQVMARFLWQHG,0,-5.624492787,-5.705222021,,,,506243,181,2,1,0,0,0,36,3,184,sp|Q96QT4|TRPM7_HUMAN,100.0,36.0,0.0,0.0,1.0,36.0,610.0,645.0,1.9300000000000001e-22,86.3,,,,,"('LLIWACL', 18, 24)",1,LLIWACL,18,24,0,...[FWY]..[LVI]
505869,PLRMDEHSCPLEFSSYGYPREEIVYQWKRSSVEVGDTRS,0,-1.446574995,-3.919621652,,,,506316,105,21,2,0,0,0,36,3,128,sp|P18507|GBRG2_HUMAN,100.0,36.0,0.0,0.0,1.0,36.0,199.0,234.0,4.6e-20,79.7,,,,,"('PLEFSSY', 9, 15)",1,PLEFSSY,9,15,0,...[FWY]..[WFY]
507730,PLRYFLEGSNDALLCGNSSDAGHCPKGYECIKTGRNPNY,0,-2.906006614,-2.401773347,,,,508178,165,12,9,0,0,0,36,3,186,sp|P35499|SCN4A_HUMAN,97.222,36.0,1.0,0.0,1.0,36.0,349.0,384.0,1.23e-22,87.0,,,,,"('PKGYECI', 24, 30)",1,PKGYECI,24,30,0,...[FWY]..[LVI]
508388,PLRIEHRIMLRMAPDYDHLTLMQKVEVFEHAVNNTAGDD,0,-2.539684399,-4.205376134,,,,508838,64,6,1,0,0,0,36,3,71,sp|P42345|MTOR_HUMAN,100.0,36.0,0.0,0.0,1.0,36.0,2263.0,2298.0,7.05e-20,79.0,,,,,"('APDYDHL', 12, 18)",1,APDYDHL,12,18,0,...[FWY]..[LVI]
508411,PLRIEIDFETLKASTLRELEKYVSACLRKRPLKPPAKKI,0,-3.53063926,-3.933296588,,,,508861,106,5,2,0,0,0,36,3,113,sp|Q58F21|BRDT_HUMAN,100.0,36.0,0.0,0.0,1.0,36.0,552.0,587.0,1.53e-15,66.6,,,,,"('EIDFETL', 4, 10)",1,EIDFETL,4,10,0,...[FWY]..[LVI]
509082,PLRMENQEKASIAGHMFDVVVIGGGISGLSAAKLLTEYG,0,-3.307868724,-1.27312074,,,,509533,109,6,13,0,0,0,36,3,128,sp|P21397|AOFA_HUMAN,100.0,36.0,0.0,0.0,1.0,36.0,1.0,36.0,5.02e-19,76.6,,,,,"('GHMFDVV', 13, 19)",1,GHMFDVV,13,19,0,...[FWY]..[LVI]
509224,PLRMEPQVTLNVTFKNEIQSFLVSDPENTTWADIEAMVK,0,-6.377312333,-5.458041566,,,,509675,305,2,2,0,0,0,36,3,309,sp|Q14596|NBR1_HUMAN,100.0,36.0,0.0,0.0,1.0,36.0,1.0,36.0,3.41e-19,77.0,,,,,"('NTTWADI', 27, 33)",1,NTTWADI,27,33,0,...[FWY]..[LVI]
509498,PLRIKSITVSPIPFFNKQRNGCRPYCDVLIGETKIYSTC,0,-0.996964347,-3.008430918,,,,509950,670,183,24,0,0,0,36,3,877,sp|O75061|AUXI_HUMAN,100.0,36.0,0.0,0.0,1.0,36.0,233.0,268.0,3.0900000000000007e-21,82.8,,,,,"('CRPYCDV', 21, 27)",1,CRPYCDV,21,27,0,...[FWY]..[LVI]
509511,PLRIESLDPDTETRRLSPVAIMGNGYVDLINGPQDHGWC,0,-3.314471459,-2.395200693,,,,509963,73,4,4,0,0,0,36,3,81,sp|Q86WI1|PKHL1_HUMAN,100.0,36.0,0.0,0.0,1.0,36.0,3771.0,3806.0,1.38e-20,81.3,,,,,"('GNGYVDL', 22, 28)",1,GNGYVDL,22,28,0,...[FWY]..[LVI]
509636,PLRMETLCLRASFWLALVGCVISDNPERYSTNLSNHVDD,0,-6.448827447,-7.52955668,,,,510088,641,4,1,0,0,0,36,3,646,sp|P25101|EDNRA_HUMAN,100.0,36.0,0.0,0.0,1.0,36.0,1.0,36.0,8.66e-20,78.6,,,,,"('ASFWLAL', 10, 16)",1,ASFWLAL,10,16,0,...[FWY]..[LVI]
510154,PLRLDFLRGGDLFTRLSKEVMFTEEDVKFYLAELALALD,0,-0.761742205,-1.381337525,,,,510606,479,154,53,0,0,0,36,3,686,sp|P51812|KS6A3_HUMAN,100.0,36.0,0.0,0.0,1.0,36.0,147.0,182.0,1.63e-18,75.1,,,,,"('GDLFTRL', 9, 15)",1,GDLFTRL,9,15,0,...[FWY]..[LVI]
510383,PLRIFLHLKRRVKSVVLVILLGPLLFLVCHLFVINMNQI,0,-7.382034743,-6.462763977,,,,510835,306,1,1,0,0,0,36,3,308,sp|P59540|T2R46_HUMAN,100.0,36.0,0.0,0.0,1.0,36.0,117.0,152.0,2.35e-17,71.2,,,,,"('LRIFLHL', 1, 7)",1,LRIFLHL,1,7,0,...[FWY]..[LVI]
510809,PLRILKGMIDQISMKEAGYPNYLIRKFMFGFPENWKEHI,0,-0.547503904,-1.829866999,,,,511261,555,207,45,0,0,0,36,3,807,sp|Q6P0N0|M18BP_HUMAN,100.0,36.0,0.0,0.0,1.0,36.0,436.0,471.0,7.58e-22,84.7,,,,,"('EAGYPNY', 15, 21)",1,EAGYPNY,15,21,0,...[FWY]..[WFY]
511048,PLRIFLPNVGLWSLYKDKHLVKSAEPGEQQEFNFGLKYI,0,-0.811859459,-3.775231742,,,,511501,190,59,4,0,0,0,36,3,253,sp|Q49A17|GLTL6_HUMAN,90.909,33.0,3.0,0.0,1.0,33.0,20.0,52.0,2.06e-15,66.2,,,,,"('VGLWSLY', 8, 14)",1,VGLWSLY,8,14,0,...[FWY]..[WFY]
511219,PLRILNRGFPILEADKEKRAAVDISTSFPIKGTHFSDSF,0,-7.135874156,-5.216603389,,,,511672,258,1,2,0,0,0,36,3,261,sp|Q9HC77|CENPJ_HUMAN,100.0,36.0,0.0,0.0,1.0,36.0,30.0,65.0,2.19e-18,74.7,,,,,"('NRGFPIL', 5, 11)",1,NRGFPIL,5,11,0,...[FWY]..[LVI]
511660,PLRIFTKVLSDDDLLQTVQSTSGLAIILFIKTMFHPSEK,0,-5.227934709,-4.723701442,,,,512113,275,4,3,0,0,0,36,3,282,sp|Q6YHU6|THADA_HUMAN,100.0,36.0,0.0,0.0,1.0,36.0,233.0,268.0,4.04e-18,73.9,,,,,"('LRIFTKV', 1, 7)",1,LRIFTKV,1,7,0,...[FWY]..[LVI]
512451,PLRMGEIEGTYRVLQTAGMRLGAQTPVGVSTLEPGQTLL,0,-2.484542845,-2.15023458,,,,512907,154,15,10,0,0,0,36,3,179,sp|O94887|FARP2_HUMAN,100.0,36.0,0.0,0.0,1.0,36.0,1.0,36.0,1.04e-18,75.9,,,,,"('EGTYRVL', 7, 13)",1,EGTYRVL,7,13,0,...[FWY]..[LVI]
512885,PLRMGIKSLKIVKKMMDTHGSWMKDAVYNSPKVYLLIGS,0,-0.607651065,-3.263692629,,,,513341,833,298,25,0,0,0,36,3,1156,sp|Q6UWY5|OLFL1_HUMAN,100.0,36.0,0.0,0.0,1.0,36.0,146.0,181.0,4.22e-20,79.3,,,,,"('PKVYLLI', 30, 36)",1,PKVYLLI,30,36,0,...[FWY]..[LVI]
513152,PLRMGLAWGLGVLFLMHVCGTNRIPESGGDNSVFDIFEL,0,-2.525526336,-1.021293069,,,,513608,169,16,24,0,0,0,36,3,209,sp|P07996|TSP1_HUMAN,100.0,36.0,0.0,0.0,1.0,36.0,1.0,36.0,1.3100000000000003e-21,84.0,,,,,"('NSVFDIF', 30, 36)",1,NSVFDIF,30,36,0,...[FWY]..[WFY]
513372,PLRPICPVFKGFSSSSKDQIAIPEDTPENTETASVCTK,0,-2.897236404,-4.562928138,,,,513828,82,6,1,0,0,0,35,3,89,sp|Q9UHI7|S23A1_HUMAN,100.0,35.0,0.0,0.0,1.0,35.0,563.0,597.0,4.85e-19,76.6,,,,,"('CPVFKGF', 5, 11)",1,CPVFKGF,5,11,0,...[FWY]..[WFY]
513806,PLRMGRRWCEWTETIRVEEEVAPRQEDLVPCASLDHYSR,0,-0.136669428,-1.336905757,,,,514262,482,239,55,0,0,0,36,3,776,sp|A2VEC9|SSPO_HUMAN,100.0,33.0,0.0,0.0,4.0,36.0,18.0,50.0,2.75e-17,71.6,,,,,"('GRRWCEW', 4, 10)",1,GRRWCEW,4,10,0,...[FWY]..[WFY]
514883,PLRMHIYALHRNSAVWPDPEVFDSLRFSTENASKRHPSA,0,-2.562052212,-0.768312328,,,,515339,65,6,11,0,0,0,36,3,82,sp|P13584|CP4B1_HUMAN,97.222,36.0,1.0,0.0,1.0,36.0,407.0,442.0,3.1e-19,77.4,,,,,"('PEVFDSL', 18, 24)",1,PEVFDSL,18,24,0,...[FWY]..[LVI]
514964,PLRIHKRLAPDDADFVDVLHTYTRSFGLSIGIQMPVGHI,0,-6.446574995,-5.527304229,,,,515420,160,1,1,0,0,0,36,3,162,sp|Q9Y5X9|LIPE_HUMAN,97.222,36.0,1.0,0.0,1.0,36.0,204.0,239.0,1.09e-20,81.3,,,,,"('DADFVDV', 11, 17)",1,DADFVDV,11,17,0,...[FWY]..[LVI]
515061,PLRMHLLKVGTWRNNTASSWLMKFSVLWLVSQNCCRASV,0,-3.576187733,-1.943221152,,,,515517,547,25,41,0,0,0,36,3,613,sp|Q8WVZ7|RN133_HUMAN,100.0,36.0,0.0,0.0,1.0,36.0,1.0,36.0,3.52e-20,79.7,,,,,"('LMKFSVL', 20, 26)",1,LMKFSVL,20,26,0,...[FWY]..[LVI]
515189,PLRPTFCDNCAGFLWGVIKQGYRCKDCGMNCHKQCKDLV,0,-0.502531401,-3.591434566,,,,515645,460,177,11,0,0,0,36,3,648,sp|O95267|GRP1_HUMAN,100.0,36.0,0.0,0.0,1.0,36.0,552.0,587.0,2.98e-25,94.4,,,,,"('GFLWGVI', 11, 17)",1,GFLWGVI,11,17,0,...[FWY]..[LVI]
515418,PLRIHRKSPLPRSRKTATNDEESPLSVSSPEGTGTWLHY,0,-2.601460597,-1.888640708,,,,515874,167,15,13,0,0,0,36,3,195,sp|O43314|VIP2_HUMAN,100.0,36.0,0.0,0.0,1.0,36.0,958.0,993.0,1.9e-19,77.8,,,,,"('TGTWLHY', 32, 38)",1,TGTWLHY,32,38,0,...[FWY]..[WFY]
515589,PLRIQSLHKQKCDDLQRNKCYQEVAKLLRENRRKEIEII,0,-0.093485969,-4.459617421,,,,516045,229,117,3,0,0,0,36,3,349,sp|Q96DN5|TBC31_HUMAN,100.0,36.0,0.0,0.0,1.0,36.0,900.0,935.0,1.46e-18,75.5,,,,,"('NKCYQEV', 17, 23)",1,NKCYQEV,17,23,0,...[FWY]..[LVI]
516297,PLRIIDSHENLKEFKGDLIKVLVWILVQYCS,0,-3.825086618,-4.490778353,,,,516753,78,3,1,0,0,0,28,3,82,sp|Q63HM2|PCX4_HUMAN,100.0,28.0,0.0,0.0,1.0,28.0,746.0,773.0,4.47e-14,62.0,,,,,"('VLVWILV', 20, 26)",1,VLVWILV,20,26,0,...[FWY]..[LVI]
517466,PLRIITVSYEEFLKSHKENKVEEIPDSTMSICVPSETVD,0,-3.852567355,-2.933296588,,,,517924,106,4,4,0,0,0,36,3,114,sp|Q96QE3|ATAD5_HUMAN,100.0,36.0,0.0,0.0,1.0,36.0,262.0,297.0,1.54e-18,75.1,,,,,"('TVSYEEF', 5, 11)",1,TVSYEEF,5,11,0,...[FWY]..[WFY]
517587,PLRNNHQFQFHMFNDEDSVSLLQKNPCLSTFNDPSGQIS,0,-2.584078519,-4.249770253,,,,518045,66,6,1,0,0,0,36,3,73,sp|Q5QGS0|NEXMI_HUMAN,100.0,36.0,0.0,0.0,1.0,36.0,1132.0,1167.0,5.94e-20,79.3,,,,,"('QFQFHMF', 6, 12)",1,QFQFHMF,6,12,0,...[FWY]..[WFY]
517895,PLRLISGSNHLKVNDDSQVSFSEGKCNHVHWYQQLTIT,0,-0.337421319,-1.107449713,,,,518353,299,129,40,0,0,0,35,3,468,sp|Q9Y458|TBX22_HUMAN,96.552,29.0,1.0,0.0,1.0,29.0,485.0,513.0,1.82e-15,66.6,,,,,"('VHWYQQL', 28, 34)",1,VHWYQQL,28,34,0,...[FWY]..[LVI]
518248,PLRMIVLKMVDLNGDDLGLISWFAIHPVSMNNSNHLVNS,0,-6.89943396,-4.980163193,,,,518706,219,1,2,0,0,0,36,3,222,sp|Q9NR71|ASAH2_HUMAN,100.0,36.0,0.0,0.0,1.0,36.0,281.0,316.0,1.35e-20,81.3,,,,,"('LISWFAI', 18, 24)",1,LISWFAI,18,24,0,...[FWY]..[LVI]
518310,PLRIKWNPFIDNIIASCSEDTSVRIWEIPRAG,0,-1.852567355,-2.933296588,,,,518768,53,8,2,0,0,0,29,3,63,sp|Q9UQ03|COR2B_HUMAN,93.103,29.0,2.0,0.0,1.0,29.0,93.0,121.0,9.18e-15,64.3,,,,,"('RIKWNPF', 2, 8)",1,RIKWNPF,2,8,0,...[FWY]..[WFY]
518608,PLRMKCPLDRAYLIKLSGLNKETYQSCLKSFECLLGLNS,0,-5.343815421,-6.424544654,,,,519066,596,8,2,0,0,0,36,3,606,sp|Q9Y5N6|ORC6_HUMAN,100.0,36.0,0.0,0.0,1.0,36.0,59.0,94.0,6.13e-20,77.4,,,,,"('LKSFECL', 27, 33)",1,LKSFECL,27,33,0,...[FWY]..[LVI]
518730,PLRIKELDSLSKVKNDQLRSFCPIELNINGSPGAESDLA,0,-0.668967416,-4.919621652,,,,519188,210,72,2,0,0,0,36,3,284,sp|Q9BYW2|SETD2_HUMAN,100.0,36.0,0.0,0.0,1.0,36.0,649.0,684.0,1.18e-18,75.5,,,,,"('LRSFCPI', 17, 23)",1,LRSFCPI,17,23,0,...[FWY]..[LVI]
519267,PLRMQGQGRRRGTCKDIFCSKMASYLYGVLFAVGLCAPI,0,-0.371006499,-3.555531145,,,,519725,2529,1066,62,0,0,0,36,3,3657,sp|Q86WD7|SPA9_HUMAN,100.0,18.0,0.0,0.0,19.0,36.0,1.0,18.0,5.18e-07,42.7,,,,,"('SYLYGVL', 23, 29)",1,SYLYGVL,23,29,0,...[FWY]..[LVI]
519889,PLRMKLFYYDEVTPPDYQPPGFKDGDCEGVIFEGEPMYL,0,-0.549952735,-2.175002485,,,,520351,846,315,54,0,0,0,36,3,1215,sp|Q86X24|HORM1_HUMAN,100.0,36.0,0.0,0.0,1.0,36.0,175.0,210.0,6.350000000000001e-21,81.6,,,,,"('LFYYDEV', 5, 11)",1,LFYYDEV,5,11,0,...[FWY]..[LVI]
520083,PLRINLSRLNLTKYSQKPKLAKALFEYIFHHENDVKTAL,0,-0.040034672,-2.839582154,,,,520545,298,158,12,0,0,0,36,3,468,sp|Q8TAM2|TTC8_HUMAN,100.0,34.0,0.0,0.0,1.0,34.0,175.0,208.0,1.18e-17,72.8,,,,,"('KALFEYI', 21, 27)",1,KALFEYI,21,27,0,...[FWY]..[LVI]
520135,PLRMKMGERWSSLFPFPVSPSCCFLLTQSARGVIECLKI,0,-5.477793726,-4.973560459,,,,520597,327,4,3,0,0,0,36,3,334,sp|O43837|IDH3B_HUMAN,91.667,12.0,1.0,0.0,25.0,36.0,177.0,188.0,0.13,27.3,,,,,"('GERWSSL', 6, 12)",1,GERWSSL,6,12,0,...[FWY]..[LVI]
520232,PLRIKNKIHRLPVLTLSVGMHFIFLPTNVSSSSSSFLC,0,-4.99501162,-5.075740853,,,,520694,117,2,1,0,0,0,35,3,120,sp|Q9UGI9|AAKG3_HUMAN,90.909,11.0,1.0,0.0,1.0,11.0,301.0,311.0,0.38,26.2,,,,,"('GMHFIFL', 18, 24)",1,GMHFIFL,18,24,0,...[FWY]..[LVI]
520285,PLRIKNSKLEVSCCAPWFQDILHLESPESGNHSTSVQSW,0,-3.383381169,-4.271465324,,,,520747,134,7,2,0,0,0,36,3,143,sp|Q96JI7|SPTCS_HUMAN,100.0,36.0,0.0,0.0,1.0,36.0,349.0,384.0,5.27e-20,79.3,,,,,"('APWFQDI', 14, 20)",1,APWFQDI,14,20,0,...[FWY]..[LVI]
520426,PLRMKPLRLRPLSEPSLYICTFLCKEVLGLKPWFSNWVP,0,-3.04747904,-1.543245773,,,,520888,91,6,9,0,0,0,36,3,106,sp|Q93098|WNT8B_HUMAN,69.231,13.0,4.0,0.0,9.0,21.0,3.0,15.0,0.37,26.2,,,,,"('KPWFSNW', 30, 36)",1,KPWFSNW,30,36,0,...[FWY]..[WFY]
520559,PLRMYYSFTFMKQVNLKLEDDFHSSRFYIGCDLCTNCYY,0,-7.729508958,-5.225275691,,,,521021,1168,3,9,0,0,0,36,3,1180,sp|Q12830|BPTF_HUMAN,55.556,18.0,8.0,0.0,19.0,36.0,2876.0,2893.0,0.01,30.4,,,,,"('LRMYYSF', 1, 7)",1,LRMYYSF,1,7,0,...[FWY]..[WFY]
521091,PLRITTSPITVRKNKKDEERRESRIQSYSPQAFKFFMEQ,0,-0.009169683,-6.69722923,,,,521553,360,195,1,0,0,0,36,3,556,sp|O95835|LATS1_HUMAN,100.0,36.0,0.0,0.0,1.0,36.0,610.0,645.0,1.14e-18,75.5,,,,,"('PQAFKFF', 29, 35)",1,PQAFKFF,29,35,0,...[FWY]..[WFY]
521156,PLRLKVGLAQIAAMDISRGNHRDNKAMIRYLPWLYHPPS,0,-4.763686074,-5.429377808,,,,521618,299,6,2,0,0,0,36,3,307,sp|Q9P2D8|UNC79_HUMAN,97.222,36.0,1.0,0.0,1.0,36.0,2361.0,2396.0,1.46e-20,80.9,,,,,"('MIRYLPW', 26, 32)",1,MIRYLPW,26,32,0,...[FWY]..[WFY]
521376,PLRMKYTKQNFMMSVLGIIIYVTDLIVDIWVSVRFFHEG,0,-5.332149359,-5.149844187,,,,521838,739,10,6,0,0,0,36,3,755,sp|Q5GH70|XKR9_HUMAN,100.0,36.0,0.0,0.0,1.0,36.0,1.0,36.0,5.61e-19,76.3,,,,,"('VDIWVSV', 26, 32)",1,VDIWVSV,26,32,0,...[FWY]..[LVI]
521832,PLRILFNKGETHSAVVDFEALNVIVRLIEQAPIQMGEEA,0,-3.640346738,-5.721075972,,,,522295,183,8,1,0,0,0,36,3,192,sp|Q5UIP0|RIF1_HUMAN,100.0,36.0,0.0,0.0,1.0,36.0,146.0,181.0,8.21e-18,73.2,,,,,"('VVDFEAL', 14, 20)",1,VVDFEAL,14,20,0,...[FWY]..[LVI]
521943,PLRILDISFNLLRNIEGVDKLTRLKKLFLVNNKISKIEN,0,-0.078843211,-6.159572444,,,,522407,248,128,1,0,0,0,36,3,377,sp|Q15435|PP1R7_HUMAN,100.0,36.0,0.0,0.0,1.0,36.0,146.0,181.0,1.07e-16,69.7,,,,,"('DISFNLL', 5, 11)",1,DISFNLL,5,11,0,...[FWY]..[LVI]
522728,PLRILVSLLSQLMVPNPPYSLYPRSGTGQTTKMQTENLG,0,-2.516964323,-3.182656057,,,,523193,63,6,2,0,0,0,36,3,71,sp|Q8TBM8|DJB14_HUMAN,94.444,36.0,2.0,0.0,1.0,36.0,260.0,295.0,3.8e-18,73.9,,,,,"('NPPYSLY', 15, 21)",1,NPPYSLY,15,21,0,...[FWY]..[WFY]
522815,PLRILHILQEVDEEIKRGWQQVSH,0,-5.101926824,-3.182656057,,,,523280,63,1,2,0,0,0,21,3,66,sp|Q8IZ02|LRC34_HUMAN,93.333,15.0,1.0,0.0,1.0,15.0,72.0,86.0,0.000516,33.1,,,,,"('KRGWQQV', 15, 21)",1,KRGWQQV,15,21,0,...[FWY]..[LVI]
522890,PLRILKAIFDTPDEDPNYNPLPEERPGGFAWGEGQRLGG,0,-0.749137765,-1.414829499,,,,523355,185,60,20,0,0,0,36,3,265,sp|Q9GZP9|DERL2_HUMAN,100.0,36.0,0.0,0.0,1.0,36.0,204.0,239.0,8.83e-21,79.7,,,,,"('DPNYNPL', 14, 20)",1,DPNYNPL,14,20,0,...[FWY]..[LVI]
523064,PLRLLISKPKNAIRGITMTFALKGKVLDFKAIVRHYKMR,0,-2.879534402,-1.638335541,,,,523529,54,4,5,0,0,0,36,3,63,sp|Q6ZTR5|CFA47_HUMAN,96.552,29.0,1.0,0.0,1.0,29.0,1951.0,1979.0,2.36e-13,60.5,,,,,"('VLDFKAI', 25, 31)",1,VLDFKAI,25,31,0,...[FWY]..[LVI]
524202,PLRILSRSPGLVLCHGGIFVPFLRAGSEVLPRPAPSSC,0,-3.879534402,-0.822760112,,,,524671,135,5,22,0,0,0,35,3,162,sp|Q2T9J0|TYSD1_HUMAN,100.0,27.0,0.0,0.0,1.0,27.0,38.0,64.0,9.93e-12,55.8,,,,,"('GGIFVPF', 15, 21)",1,GGIFVPF,15,21,0,...[FWY]..[WFY]
524446,PLRMLPQIPFLLLVSLNLVHGVFYAERYQMPTGIKGPLP,0,-1.644021059,-3.046678388,,,,524915,86,15,3,0,0,0,36,3,104,sp|Q03692|COAA1_HUMAN,100.0,36.0,0.0,0.0,1.0,36.0,1.0,36.0,4.97e-19,76.6,,,,,"('QIPFLLL', 6, 12)",1,QIPFLLL,6,12,0,...[FWY]..[LVI]
524815,PLRILRKAAPCVEVVAANILAELSSQPSHFCWKDLREYG,0,-1.003510463,-2.843976598,,,,525284,548,149,22,0,0,0,36,3,719,sp|P04114|APOB_HUMAN,40.0,25.0,15.0,0.0,11.0,35.0,4427.0,4451.0,0.8,25.4,,,,,"('HFCWKDL', 28, 34)",1,HFCWKDL,28,34,0,...[FWY]..[LVI]
524979,PLRLLRVLLHWDLLRWPRGHSTLQGTVKSSKDTDVEKEE,0,-4.08271622,-5.163445453,,,,525448,373,12,3,0,0,0,36,3,388,sp|Q86UQ4|ABCAD_HUMAN,100.0,36.0,0.0,0.0,1.0,36.0,4670.0,4705.0,6.26e-20,79.3,,,,,"('LLHWDLL', 7, 13)",1,LLHWDLL,7,13,0,...[FWY]..[LVI]
526248,PLRLMERFMEQVVFKYLRAEPEDHYFLMTEPPLNTPENR,0,-0.760612304,-7.300773157,,,,526720,547,176,1,0,0,0,36,3,724,sp|Q9P1U1|ARP3B_HUMAN,100.0,36.0,0.0,0.0,1.0,36.0,88.0,123.0,4.9e-20,79.3,,,,,"('QVVFKYL', 10, 16)",1,QVVFKYL,10,16,0,...[FWY]..[LVI]
526426,PLRLMKRLEEEIKFNLYMVTEKFPKELENKKKELHFLQK,0,-5.705847482,-5.786576716,,,,526898,383,4,2,0,0,0,36,3,389,sp|Q8WYA0|IFT81_HUMAN,100.0,36.0,0.0,0.0,1.0,36.0,262.0,297.0,1.63e-17,72.4,,,,,"('EIKFNLY', 10, 16)",1,EIKFNLY,10,16,0,...[FWY]..[WFY]
526529,PLRIMMIIIAALFTASAVISLVMFKKVHGLYRTTGASFE,0,-2.63244154,-3.713170774,,,,527001,91,8,2,0,0,0,36,3,101,sp|O15126|SCAM1_HUMAN,100.0,36.0,0.0,0.0,1.0,36.0,262.0,297.0,1.76e-18,74.7,,,,,"('LVMFKKV', 20, 26)",1,LVMFKKV,20,26,0,...[FWY]..[LVI]
526656,PLRLMQSKQTIPHYYLSIDVNMGEVLLVRKELNKILEGR,0,-0.35159185,-7.252500046,,,,527128,529,226,1,0,0,0,36,3,756,sp|P10515|ODP2_HUMAN,100.0,36.0,0.0,0.0,1.0,36.0,436.0,471.0,1.3e-19,78.2,,,,,"('PHYYLSI', 11, 17)",1,PHYYLSI,11,17,0,...[FWY]..[LVI]
526669,PLRMMREWVLLMSVLLCGLAGPTHLFQPSLVLDMAKVLL,0,-3.735144493,-2.815873727,,,,527141,171,7,7,0,0,0,36,3,185,sp|P10745|RET3_HUMAN,100.0,36.0,0.0,0.0,1.0,36.0,1.0,36.0,2.69e-18,74.7,,,,,"('MREWVLL', 4, 10)",1,MREWVLL,4,10,0,...[FWY]..[LVI]
527119,PLRLNEGNKGAGAGDPGSLVSPLNPGGGLSASGAPWYPI,0,-1.648208856,-1.991972496,,,,527592,69,12,5,0,0,0,36,3,86,sp|P31275|HXC12_HUMAN,100.0,36.0,0.0,0.0,1.0,36.0,175.0,210.0,2.2e-17,71.2,,,,,"('GAPWYPI', 32, 38)",1,GAPWYPI,32,38,0,...[FWY]..[LVI]
527293,PLRINGFCEQLNEDFEGPPLATRLLAHKIQSPQEWEAIQ,0,-2.584078519,-1.472162675,,,,527766,77,7,8,0,0,0,36,3,92,sp|Q9UJY5|GGA1_HUMAN,100.0,36.0,0.0,0.0,1.0,36.0,30.0,65.0,9.94e-19,75.9,,,,,"('PQEWEAI', 31, 37)",1,PQEWEAI,31,37,0,...[FWY]..[LVI]
527356,PLRMNGTRLGMDYKLGSTVTYYCDAGYVLQGYSTLTCIM,0,-5.391433441,-5.472162675,,,,527829,154,2,1,0,0,0,36,3,157,sp|Q7Z407|CSMD3_HUMAN,100.0,36.0,0.0,0.0,1.0,36.0,1708.0,1743.0,3.53e-20,80.1,,,,,"('LQGYSTL', 28, 34)",1,LQGYSTL,28,34,0,...[FWY]..[LVI]
527664,PLRINMAGASIPAMSSRDLYATITHSVREEKMESGKPQT,0,-4.550911655,-5.216603389,,,,528137,129,3,1,0,0,0,36,3,133,sp|Q9NXZ1|SAGE1_HUMAN,100.0,36.0,0.0,0.0,1.0,36.0,465.0,500.0,7.67e-19,76.3,,,,,"('RDLYATI', 16, 22)",1,RDLYATI,16,22,0,...[FWY]..[LVI]
527838,PLRMNLWTERFCALEEKCENIQKPLSSVQENIQQKSKDI,0,-0.24365408,-5.619004063,,,,528311,341,157,2,0,0,0,36,3,500,sp|P52732|KIF11_HUMAN,100.0,36.0,0.0,0.0,1.0,36.0,726.0,761.0,9.24e-20,79.0,,,,,"('TERFCAL', 7, 13)",1,TERFCAL,7,13,0,...[FWY]..[LVI]
528067,PLRMNPVYSPVQPGAPYGNPKNMAYTVTRQPIQQLPLP,0,-0.36661969,-0.385948379,,,,528540,272,115,60,0,0,0,35,3,447,sp|Q92567|F168A_HUMAN,100.0,23.0,0.0,0.0,1.0,23.0,1.0,23.0,1.02e-09,50.1,,,,,"('NPVYSPV', 4, 10)",1,NPVYSPV,4,10,0,...[FWY]..[LVI]
528186,PLRMNRRRKFLLASVLALQNSSFIYPSCQKCFSRIILVS,0,-4.346453693,-5.886614546,,,,528659,821,22,4,0,0,0,36,3,847,sp|Q8IXT1|DDIAS_HUMAN,100.0,36.0,0.0,0.0,1.0,36.0,1.0,36.0,1.49e-18,75.5,,,,,"('QKCFSRI', 28, 34)",1,QKCFSRI,28,34,0,...[FWY]..[LVI]
528498,PLRLNTYRVEAAWKLSQWDLVENYLAADGKSTTWSVRLG,0,-4.253929917,-5.334659151,,,,528971,140,4,1,0,0,0,36,3,145,sp|Q13535|ATR_HUMAN,100.0,36.0,0.0,0.0,1.0,36.0,1770.0,1805.0,6.480000000000001e-21,82.0,,,,,"('LSQWDLV', 14, 20)",1,LSQWDLV,14,20,0,...[FWY]..[LVI]
528520,PLRMNVFENYEQARLTVVLMSTFGGNHLQQVMFL,0,-4.815808805,-3.159572444,,,,528993,155,3,5,0,0,0,31,3,163,sp|Q02224|CENPE_HUMAN,45.0,20.0,11.0,0.0,4.0,23.0,280.0,299.0,1.9,23.9,,,,,"('MNVFENY', 3, 9)",1,MNVFENY,3,9,0,...[FWY]..[WFY]
528805,PLRIPVMYQGNTYNIPIRFWILDSHPFAPPICFLKPTAN,0,-0.644021059,-2.93120117,,,,529279,344,120,13,0,0,0,36,3,477,sp|Q8IX04|UEVLD_HUMAN,100.0,36.0,0.0,0.0,1.0,36.0,59.0,94.0,8.43e-24,90.1,,,,,"('PIRFWIL', 15, 21)",1,PIRFWIL,15,21,0,...[FWY]..[LVI]
529248,PLRIPEKSQNFSALKKDILLPFQGQLDSIPVSNPSCPMI,0,-5.116168746,-4.389543058,,,,529722,509,8,7,0,0,0,36,3,524,sp|P14384|CBPM_HUMAN,100.0,36.0,0.0,0.0,1.0,36.0,378.0,413.0,9.89e-19,75.9,,,,,"('SQNFSAL', 7, 13)",1,SQNFSAL,7,13,0,...[FWY]..[LVI]
529654,PLRIPHNFEVWTATTPTYCYECEGLLWGIARQGMKCLEC,0,-3.75400352,-5.834732754,,,,530129,198,8,1,0,0,0,36,3,207,sp|Q8NB66|UN13C_HUMAN,100.0,36.0,0.0,0.0,1.0,36.0,1096.0,1131.0,1.5399999999999999e-24,92.4,,,,,"('PHNFEVW', 4, 10)",1,PHNFEVW,4,10,0,...[FWY]..[WFY]
529912,PLRQAAAPASVPAQAPKGAQSPYKGFRVEISVCQREDRL,0,-4.982627895,-4.063357129,,,,530387,174,3,3,0,0,0,36,3,180,sp|P47914|RL29_HUMAN,77.273,22.0,5.0,0.0,1.0,22.0,136.0,157.0,0.000778,33.5,,,,,"('QSPYKGF', 19, 25)",1,QSPYKGF,19,25,0,...[FWY]..[WFY]
529966,PLRIPLEIFTFTELEEVHLENNQIEEIPQEIQRLKNIRV,0,-0.309071471,-2.389800705,,,,530441,200,88,11,0,0,0,36,3,299,sp|A6NIV6|LRIQ4_HUMAN,100.0,36.0,0.0,0.0,1.0,36.0,40.0,75.0,2.79e-17,71.6,,,,,"('IFTFTEL', 7, 13)",1,IFTFTEL,7,13,0,...[FWY]..[LVI]
530171,PLRMPLVEETSLLEDSSVTFPVVIIGNGPSGICLSYMLS,0,-0.084004916,-8.504584152,,,,530646,1260,648,1,0,0,0,36,3,1909,sp|Q9Y236|OSGI2_HUMAN,100.0,36.0,0.0,0.0,1.0,36.0,1.0,36.0,4.59e-18,73.9,,,,,"('SVTFPVV', 16, 22)",1,SVTFPVV,16,22,0,...[FWY]..[LVI]
530456,PLRIQPKDSLTLLPPVTNFMGLFKATKKTKDSHNIFSFS,0,-4.721582043,-7.124239371,,,,530932,484,10,1,0,0,0,36,3,495,sp|Q7Z5J8|ANKAR_HUMAN,100.0,36.0,0.0,0.0,1.0,36.0,1364.0,1399.0,2.51e-19,77.4,,,,,"('VTNFMGL', 15, 21)",1,VTNFMGL,15,21,0,...[FWY]..[LVI]
530462,PLRLPPKQSKKNSWNQIHYSHSQQDLESHINETFDIPSS,0,-0.774629193,-3.240022277,,,,530938,295,94,9,0,0,0,36,3,398,sp|P29074|PTN4_HUMAN,100.0,36.0,0.0,0.0,1.0,36.0,465.0,500.0,2.53e-19,77.4,,,,,"('KNSWNQI', 10, 16)",1,KNSWNQI,10,16,0,...[FWY]..[LVI]
530680,PLRMPREDRATWKSNYFLKIIQLLDDYPKCFIVGADNVG,0,-3.967625732,-4.78532056,,,,531156,287,10,3,0,0,0,36,3,300,sp|Q8NHW5|RLA0L_HUMAN,100.0,36.0,0.0,0.0,1.0,36.0,1.0,36.0,1.7000000000000002e-22,85.5,,,,,"('SNYFLKI', 13, 19)",1,SNYFLKI,13,19,0,...[FWY]..[LVI]
530930,PLRMPSLPTTNCVHSLQMIPPLSPAPNQELVLGLCYMSY,0,-0.845231353,-9.050081898,,,,531406,1839,558,1,0,0,0,36,3,2398,sp|P48382|RFX5_HUMAN,37.838,37.0,21.0,1.0,1.0,35.0,172.0,208.0,0.84,25.0,,,,,"('GLCYMSY', 32, 38)",1,GLCYMSY,32,38,0,...[FWY]..[WFY]
531657,PLRMQDAVLSWEHLLELKNNHCEQLTVNIKQMENMVGVL,0,-1.477392587,-8.017553439,,,,532133,899,176,1,0,0,0,36,3,1076,sp|Q6S8J7|POTEA_HUMAN,75.0,36.0,9.0,0.0,1.0,36.0,461.0,496.0,2.97e-11,54.7,,,,,"('VLSWEHL', 7, 13)",1,VLSWEHL,7,13,0,...[FWY]..[LVI]
532017,PLRMQGGILFVYDNKKMLEHQEPHSLPYPDLEPYTVDMS,0,-1.935432728,-6.923052557,,,,532493,421,60,1,0,0,0,36,3,482,sp|Q01432|AMPD3_HUMAN,97.222,36.0,1.0,0.0,1.0,36.0,224.0,259.0,6.27e-19,76.3,,,,,"('SLPYPDL', 24, 30)",1,SLPYPDL,24,30,0,...[FWY]..[LVI]
532087,PLRMQGPWVLLLLGLRLQLSLGIIPVEEENPDFWNRQAA,0,-4.434502163,-3.778265802,,,,532563,238,6,5,0,0,0,36,3,249,sp|P10696|PPBN_HUMAN,100.0,36.0,0.0,0.0,1.0,36.0,1.0,36.0,6.09e-21,82.0,,,,,"('QGPWVLL', 4, 10)",1,QGPWVLL,4,10,0,...[FWY]..[LVI]
532724,PLRIQNPSAADLVHFLFTPLNMVVQATGGPELASSVLSP,0,-2.594132183,-2.375301135,,,,533201,144,13,8,0,0,0,36,3,165,sp|Q12929|EPS8_HUMAN,100.0,36.0,0.0,0.0,1.0,36.0,349.0,384.0,1.48e-18,75.5,,,,,"('HFLFTPL', 13, 19)",1,HFLFTPL,13,19,0,...[FWY]..[LVI]
533281,PLRIRFAEYSSSLQKPVASPGKASSQRKTEGDLQGDHQK,0,-4.982627895,-5.64831963,,,,533758,174,3,1,0,0,0,36,3,178,sp|Q9Y375|CIA30_HUMAN,100.0,36.0,0.0,0.0,1.0,36.0,30.0,65.0,1.24e-18,75.1,,,,,"('RIRFAEY', 2, 8)",1,RIRFAEY,2,8,0,...[FWY]..[WFY]
533304,PLRLRFKKYKQAGSHSNSFRLSNGRTEDVEPQGVPLLAR,0,-5.327586959,-4.993278693,,,,533781,221,3,2,0,0,0,36,3,226,sp|P18433|PTPRA_HUMAN,97.222,36.0,1.0,0.0,1.0,36.0,175.0,210.0,6.26e-19,76.3,,,,,"('RLRFKKY', 2, 8)",1,RLRFKKY,2,8,0,...[FWY]..[WFY]
533595,PLRLRIKYWDRRRRAAPHSYSAQRGRIRYGPWYFEPKLG,0,-6.559275128,-5.640004361,,,,534072,519,3,3,0,0,0,36,3,525,sp|Q8NA70|FA47B_HUMAN,100.0,36.0,0.0,0.0,1.0,36.0,523.0,558.0,4.44e-20,79.7,,,,,"('RIRYGPW', 25, 31)",1,RIRYGPW,25,31,0,...[FWY]..[WFY]
534213,PLRMQYHGCRSNIKDRSKVTELEDKFDLLVDANDVILEH,0,-0.013001544,-2.64831963,,,,534692,609,329,28,0,0,0,36,3,966,sp|Q01780|EXOSX_HUMAN,100.0,35.0,0.0,0.0,1.0,35.0,88.0,122.0,5.46e-19,76.6,,,,,"('EDKFDLL', 22, 28)",1,EDKFDLL,22,28,0,...[FWY]..[LVI]
534692,PLRMRLLWKLVILLPLINSSAGDGLLSRPIFTQEPHDVI,0,-5.416201346,-2.175002485,,,,535171,235,3,15,0,0,0,36,3,253,sp|Q9UQ52|CNTN6_HUMAN,100.0,36.0,0.0,0.0,1.0,36.0,1.0,36.0,1.16e-19,78.6,,,,,"('RLLWKLV', 4, 10)",1,RLLWKLV,4,10,0,...[FWY]..[LVI]
535547,PLRIRTGTNPEFNETLKYTSAIPSWKHVLCSSQSGTMI,0,-2.749137765,-2.829866999,,,,536026,74,6,3,0,0,0,35,3,83,sp|Q8TDW5|SYTL5_HUMAN,100.0,16.0,0.0,0.0,1.0,16.0,465.0,480.0,2.58e-05,37.7,,,,,"('IPSWKHV', 21, 27)",1,IPSWKHV,21,27,0,...[FWY]..[LVI]
535977,PLRMSAFGHDEAWMEAGGFGLEAAERTEYQSLCKSKLLF,0,-4.87188083,-5.175002485,,,,536456,376,7,3,0,0,0,36,3,386,sp|Q5JT25|RAB41_HUMAN,100.0,36.0,0.0,0.0,1.0,36.0,1.0,36.0,1.84e-20,78.6,,,,,"('RTEYQSL', 25, 31)",1,RTEYQSL,25,31,0,...[FWY]..[LVI]
535983,PLRISASYPPYQATGPPNTSYMPGMPGGISPYPSGYPPN,0,-3.482198905,-1.755573216,,,,536462,82,4,7,0,0,0,36,3,93,sp|Q99816|TS101_HUMAN,100.0,36.0,0.0,0.0,1.0,36.0,146.0,181.0,2.75e-18,74.3,,,,,"('SASYPPY', 4, 10)",1,SASYPPY,4,10,0,...[FWY]..[WFY]
536454,PLRMSDVTIVKEGWVQKRGEYIKNWRPRYFLLKTDGSFI,0,-0.526745344,-2.05225942,,,,536934,259,98,18,0,0,0,36,3,375,sp|Q9Y243|AKT3_HUMAN,100.0,36.0,0.0,0.0,1.0,36.0,1.0,36.0,6.01e-20,79.3,,,,,"('RPRYFLL', 25, 31)",1,RPRYFLL,25,31,0,...[FWY]..[LVI]
537278,PLRISISQTSVYSEYCSTEIRWICQKELTPVRNKVYPDS,0,-4.294571902,-2.375301135,,,,537758,72,2,4,0,0,0,36,3,78,sp|Q12918|KLRB1_HUMAN,100.0,36.0,0.0,0.0,1.0,36.0,190.0,225.0,1.54e-19,76.3,,,,,"('TSVYSEY', 8, 14)",1,TSVYSEY,8,14,0,...[FWY]..[WFY]
537387,PLRLLTFLIVITLYVISKHRARNYYTDTSQKEAFHLEAR,0,-4.334100266,-4.414829499,,,,537867,148,4,2,0,0,0,36,3,154,sp|P20023|CR2_HUMAN,100.0,36.0,0.0,0.0,1.0,36.0,986.0,1021.0,1.34e-19,78.2,,,,,"('LLTFLIV', 3, 9)",1,LLTFLIV,3,9,0,...[FWY]..[LVI]
539047,PLRMSTADALDDENTFKILVATDIHLGFMEKDAVRGNDT,0,-6.400771305,-5.481500539,,,,539532,310,2,2,0,0,0,36,3,314,sp|P49959|MRE11_HUMAN,100.0,36.0,0.0,0.0,1.0,36.0,1.0,36.0,1.69e-17,72.4,,,,,"('ENTFKIL', 12, 18)",1,ENTFKIL,12,18,0,...[FWY]..[LVI]
539364,PLRITFLANHTLNGEILRNAESGAIDVKFFVLSEKGVII,0,-5.550911655,-5.631640889,,,,539849,344,4,2,0,0,0,36,3,350,sp|Q96LT7|CI072_HUMAN,100.0,36.0,0.0,0.0,1.0,36.0,59.0,94.0,9.44e-19,75.9,,,,,"('DVKFFVL', 25, 31)",1,DVKFFVL,25,31,0,...[FWY]..[LVI]
539816,PLRLTKGSVYATDFSNASTTGLFDPYKMCWSGMITSLIS,0,-0.641147522,-4.94684312,,,,540302,535,187,5,0,0,0,36,3,727,sp|Q6ZS86|GLPK5_HUMAN,100.0,36.0,0.0,0.0,1.0,36.0,204.0,239.0,4.6e-19,76.6,,,,,"('TGLFDPY', 19, 25)",1,TGLFDPY,19,25,0,...[FWY]..[WFY]
539903,PLRLTKSYLSNRTNSRVQSIGGVPFYPGITLQAWQQGIT,0,-3.634201998,-4.299893733,,,,540389,205,9,3,0,0,0,36,3,217,sp|Q2M385|MPEG1_HUMAN,100.0,36.0,0.0,0.0,1.0,36.0,262.0,297.0,4.01e-19,77.0,,,,,"('VPFYPGI', 22, 28)",1,VPFYPGI,22,28,0,...[FWY]..[LVI]
539999,PLRLTLHSSEASLGGHSVATSFSLLTSLFSAMTFRHSC,0,-0.19415141,-3.331711867,,,,540485,978,466,28,0,0,0,35,3,1472,sp|P0C874|S31D3_HUMAN,94.118,17.0,1.0,0.0,1.0,17.0,378.0,394.0,0.000585,33.9,,,,,"('ATSFSLL', 18, 24)",1,ATSFSLL,18,24,0,...[FWY]..[LVI]
540172,PLRVSVVRALRHAVPAGILCLGLTVAWTLIFGGSSLGR,0,-2.224182574,-1.304911807,,,,540660,60,7,7,0,0,0,35,3,74,sp|Q9BV10|ALG12_HUMAN,100.0,23.0,0.0,0.0,1.0,23.0,204.0,226.0,2.68e-08,46.2,,,,,"('TVAWTLI', 23, 29)",1,TVAWTLI,23,29,0,...[FWY]..[LVI]
540190,PLRLSVYSDGQRRHFIIQYVDNMYRFEGTGFSNIPQLID,0,-3.132141437,-3.475905076,,,,540678,193,12,5,0,0,0,36,3,210,sp|P16591|FER_HUMAN,100.0,36.0,0.0,0.0,1.0,36.0,494.0,529.0,1.7100000000000006e-21,83.6,,,,,"('GTGFSNI', 27, 33)",1,GTGFSNI,27,33,0,...[FWY]..[LVI]
540191,PLRISVYSGPLRSGRNIERVSFYLGFSIEGPLAYDIEVI,0,-4.892831225,-2.973560459,,,,540679,109,2,4,0,0,0,36,3,115,sp|Q8IVG5|SAM9L_HUMAN,100.0,36.0,0.0,0.0,1.0,36.0,1549.0,1584.0,6.11e-20,79.3,,,,,"('VSFYLGF', 19, 25)",1,VSFYLGF,19,25,0,...[FWY]..[WFY]
542430,PLRMVESMKKVAGMDVELTDEERNLLSVAYENVIGARRT,0,-3.546711666,-3.820085978,,,,542921,343,16,7,0,0,0,36,3,366,sp|P62258|1433E_HUMAN,94.286,35.0,2.0,0.0,1.0,35.0,23.0,57.0,1.7e-15,65.9,,,,,"('SVAYENV', 26, 32)",1,SVAYENV,26,32,0,...[FWY]..[LVI]
542541,PLRKQPDKKSKKSLIGGNHSKIVVEQRKSEYFELKAKLQ,0,-2.641222426,-2.891876661,,,,543032,206,18,8,0,0,0,36,3,232,sp|Q8IW52|SLIK4_HUMAN,100.0,36.0,0.0,0.0,1.0,36.0,784.0,819.0,1.02e-17,72.8,,,,,"('KSEYFEL', 27, 33)",1,KSEYFEL,27,33,0,...[FWY]..[LVI]
542855,PLRMVKLANPLYTEWILEAIQKIKKQKQRPSEERICHAV,0,-3.183540589,-1.849232324,,,,543346,100,6,8,0,0,0,36,3,114,sp|Q8WYB5|KAT6B_HUMAN,100.0,36.0,0.0,0.0,1.0,36.0,1.0,36.0,5.3e-18,73.9,,,,,"('NPLYTEW', 8, 14)",1,NPLYTEW,8,14,0,...[FWY]..[WFY]
543902,PLRMRGKERDSLFFVVKMVKLGRSISLTAKMKI,0,-2.271488288,-2.574609944,,,,544398,62,7,3,0,0,0,30,3,72,sp|Q9NRM7|LATS2_HUMAN,33.333,27.0,18.0,0.0,4.0,30.0,736.0,762.0,0.94,24.6,,,,,"('DSLFFVV', 9, 15)",1,DSLFFVV,9,15,0,...[FWY]..[LVI]
544036,PLRIWDDKTVDYFTSKVHNKTVYCEFLKKHDQKWEVNMI,0,-1.01275402,-3.352217522,,,,544534,248,67,7,0,0,0,36,3,322,sp|B5MCY1|TDR15_HUMAN,100.0,36.0,0.0,0.0,1.0,36.0,1421.0,1456.0,1.95e-20,80.5,,,,,"('KTVYCEF', 19, 25)",1,KTVYCEF,19,25,0,...[FWY]..[WFY]
545358,PLRKADEKRIRRLKYELLEIKRKGAKRGSQHYSDRTCAL,0,-2.436233051,-3.324317207,,,,545857,139,14,4,0,0,0,36,3,157,sp|Q96C24|SYTL4_HUMAN,97.143,35.0,1.0,0.0,1.0,35.0,30.0,64.0,1.43e-16,69.7,,,,,"('RLKYELL', 11, 17)",1,RLKYELL,11,17,0,...[FWY]..[LVI]
545863,PLRKAFNCPSSFQYHERTHSGEKPYECTQCRKAFRSVKY,0,-0.831354673,-5.640004361,,,,546362,173,53,1,0,0,0,36,3,227,sp|C9JN71|ZN878_HUMAN,100.0,36.0,0.0,0.0,1.0,36.0,262.0,297.0,1.93e-19,77.8,,,,,"('RKAFRSV', 30, 36)",1,RKAFRSV,30,36,0,...[FWY]..[LVI]
546050,PLRIYRVAKLIIQQCQQLHCLRVLPFFKTLNDDSVVEIA,0,-3.177758237,-3.580415565,,,,546549,83,5,2,0,0,0,36,3,90,sp|Q13075|BIRC1_HUMAN,97.222,36.0,1.0,0.0,1.0,36.0,1248.0,1283.0,5.64e-18,73.6,,,,,"('LPFFKTL', 23, 29)",1,LPFFKTL,23,29,0,...[FWY]..[LVI]
547321,PLRKAKESQQYYHSLAVRQSLAVHFNIQQDCGHFLAEVP,0,-2.992543364,-5.980163193,,,,547821,219,15,1,0,0,0,36,3,235,sp|Q9H792|PEAK1_HUMAN,100.0,36.0,0.0,0.0,1.0,36.0,1364.0,1399.0,6.6e-20,79.3,,,,,"('QQYYHSL', 8, 14)",1,QQYYHSL,8,14,0,...[FWY]..[LVI]
547401,PLRKAKKTFLGQNKSFWGPLELVEKLVPEAAEITASVKD,0,-5.007289949,-4.088019183,,,,547901,59,1,1,0,0,0,36,3,61,sp|Q7L099|RUFY3_HUMAN,100.0,36.0,0.0,0.0,1.0,36.0,117.0,152.0,7.93e-19,76.3,,,,,"('KSFWGPL', 13, 19)",1,KSFWGPL,13,19,0,...[FWY]..[LVI]
547757,PLRKELPANSVLLIYLSATGVFPTGRSDSEGPYDFGGVL,0,-3.069505346,-1.887200174,,,,548257,154,10,12,0,0,0,36,3,176,sp|Q8N9R8|SCAI_HUMAN,100.0,36.0,0.0,0.0,1.0,36.0,355.0,390.0,4.11e-20,79.7,,,,,"('PYDFGGV', 31, 37)",1,PYDFGGV,31,37,0,...[FWY]..[LVI]
547851,PLRMHHGKGFGSGHYTAYCYNTEGGACALLCGVGDTERG,0,-3.942270158,-4.344927486,,,,548351,141,5,2,0,0,0,36,3,148,sp|Q70CQ1|UBP49_HUMAN,100.0,22.0,0.0,0.0,1.0,22.0,605.0,626.0,1.56e-12,58.2,,,,,"('SGHYTAY', 11, 17)",1,SGHYTAY,11,17,0,...[FWY]..[WFY]
549038,PLRKDPIVNVWYSVNGERLGTYMGHTGAVWCVDADWDTK,0,-4.105194537,-4.408316193,,,,549544,221,7,3,0,0,0,36,3,231,sp|Q13347|EIF3I_HUMAN,100.0,36.0,0.0,0.0,1.0,36.0,30.0,65.0,1.02e-22,85.9,,,,,"('VNVWYSV', 7, 13)",1,VNVWYSV,7,13,0,...[FWY]..[LVI]
549723,PLRKDSLRPKLSEEQQRIIAILLDAHHKTYDPTYSDFCQ,0,-3.312950431,-2.924194381,,,,550230,237,13,9,0,0,0,36,3,259,sp|P11473|VDR_HUMAN,100.0,36.0,0.0,0.0,1.0,36.0,117.0,152.0,1.38e-19,78.2,,,,,"('DPTYSDF', 30, 36)",1,DPTYSDF,30,36,0,...[FWY]..[WFY]
549922,PLRKGGGNLLGIIVGGPGGLDARPGSFTLLLRNRKGFV,0,-7.217404041,-3.713170774,,,,550429,273,1,6,0,0,0,35,3,280,sp|Q3SYC2|MOGT2_HUMAN,88.889,36.0,3.0,1.0,1.0,35.0,175.0,210.0,2.67e-14,63.2,,,,,"('PGSFTLL', 23, 29)",1,PGSFTLL,23,29,0,...[FWY]..[LVI]
550974,PLRKEDRSPSAIFSAELSKTSVVDLLYWRDIKKTGVVFG,0,-0.086172752,-4.736757594,,,,551481,185,95,2,0,0,0,36,3,282,sp|Q9NQC3|RTN4_HUMAN,100.0,36.0,0.0,0.0,1.0,36.0,987.0,1022.0,2.38e-19,77.4,,,,,"('LLYWRDI', 24, 30)",1,LLYWRDI,24,30,0,...[FWY]..[LVI]
551047,PLRKDEDNIKNSIGYKAIHEYLQKLRVLRLTLTVNS,0,-2.276649994,-4.527304229,,,,551554,80,9,1,0,0,0,33,3,90,sp|Q8NF91|SYNE1_HUMAN,77.778,27.0,6.0,0.0,1.0,27.0,6932.0,6958.0,3.8e-09,48.5,,,,,"('SIGYKAI', 11, 17)",1,SIGYKAI,11,17,0,...[FWY]..[LVI]
551155,PLRKEETLPAEAPVHGEKEEINFLIGTIYIRWMVSSVLP,0,-5.735671697,-4.009046009,,,,551662,391,4,7,0,0,0,36,3,402,sp|Q8IWN7|RP1L1_HUMAN,60.0,15.0,6.0,0.0,1.0,15.0,1395.0,1409.0,9.0,22.3,,,,,"('GTIYIRW', 25, 31)",1,GTIYIRW,25,31,0,...[FWY]..[WFY]
551879,PLRKDRFLVLGSCCSLCSRLVCVGPMFLEGSPGEGTVLS,0,-4.906006614,-3.986735847,,,,552387,55,1,1,0,0,0,36,3,57,sp|Q6NVV7|CDPF1_HUMAN,100.0,22.0,0.0,0.0,1.0,22.0,54.0,75.0,2.47e-09,47.8,,,,,"('KDRFLVL', 3, 9)",1,KDRFLVL,3,9,0,...[FWY]..[LVI]
552640,PLRKDLCEKGTIQQMIGIFKNIISKPNEKEEAIVLEIQS,0,-6.988833045,-6.069562278,,,,553150,233,1,1,0,0,0,36,3,235,sp|A5D8W1|CFA69_HUMAN,100.0,36.0,0.0,0.0,1.0,36.0,500.0,535.0,7.29e-18,73.6,,,,,"('IGIFKNI', 15, 21)",1,IGIFKNI,15,21,0,...[FWY]..[LVI]
552868,PLRMDSTIPVLGTELTPINGREETPCYKQTLSFTGLTCI,0,-0.1246469,-2.438036891,,,,553379,94,47,5,0,0,0,36,3,146,sp|Q96LB0|MRGX3_HUMAN,100.0,36.0,0.0,0.0,1.0,36.0,1.0,36.0,5.7e-20,78.6,,,,,"('TLSFTGL', 29, 35)",1,TLSFTGL,29,35,0,...[FWY]..[LVI]
553218,PLRKDYERLSCIGSPIVSPRIVQLETESKRLHNKENQHV,0,-3.982627895,-2.063357129,,,,553730,58,2,4,0,0,0,36,3,64,sp|Q9UKT4|FBX5_HUMAN,100.0,36.0,0.0,0.0,1.0,36.0,88.0,123.0,2.88e-19,77.4,,,,,"('RKDYERL', 2, 8)",1,RKDYERL,2,8,0,...[FWY]..[LVI]
553256,PLRMDYLLMIFSLLFVACQVLQKQQS,0,-1.6606998,-0.256002207,,,,553768,58,10,14,0,0,0,23,3,82,sp|P05305|EDN1_HUMAN,100.0,16.0,0.0,0.0,1.0,16.0,1.0,16.0,9.27e-06,38.1,,,,,"('LMIFSLL', 7, 13)",1,LMIFSLL,7,13,0,...[FWY]..[LVI]
554571,PLRKEQESLIKLEYQFVSSECPSMNLDSTLQVISLQVNN,0,-5.984699245,-4.480465978,,,,555087,697,6,9,0,0,0,36,3,712,sp|Q5THJ4|VP13D_HUMAN,100.0,36.0,0.0,0.0,1.0,36.0,1074.0,1109.0,4.66e-18,73.9,,,,,"('KLEYQFV', 10, 16)",1,KLEYQFV,10,16,0,...[FWY]..[LVI]
554644,PLRKKIAVKRALKSEDLSINLISSEFVGLDIQQKLTVFY,0,-4.245662301,-5.063357129,,,,555160,348,10,3,0,0,0,36,3,361,sp|A2PYH4|HFM1_HUMAN,100.0,36.0,0.0,0.0,1.0,36.0,1059.0,1094.0,1.82e-17,72.4,,,,,"('SSEFVGL', 22, 28)",1,SSEFVGL,22,28,0,...[FWY]..[LVI]
554768,PLRMEIPFTPALPSPRQGDVSVEENTPIMLGFVFINHFP,0,-4.919062766,-4.999792,,,,555284,222,4,2,0,0,0,36,3,228,sp|P49419|AL7A1_HUMAN,35.484,31.0,19.0,1.0,7.0,36.0,167.0,197.0,0.6,25.4,,,,,"('MLGFVFI', 28, 34)",1,MLGFVFI,28,34,0,...[FWY]..[LVI]
554858,PLRKVIYINSPLPQKKMTMRERNQIFHEVPLKFMMSKNT,0,-4.709609401,-4.375301135,,,,555374,144,3,2,0,0,0,36,3,149,sp|Q659A1|ICE2_HUMAN,100.0,36.0,0.0,0.0,1.0,36.0,320.0,355.0,2.02e-19,77.8,,,,,"('NQIFHEV', 22, 28)",1,NQIFHEV,22,28,0,...[FWY]..[LVI]
555059,PLRKEKLTLMFEIQGLKEQCENLQQEKQEAILNYESLRE,0,-8.297074409,-4.792841142,,,,555575,577,1,6,0,0,0,36,3,584,sp|Q8IWJ2|GCC2_HUMAN,100.0,36.0,0.0,0.0,1.0,36.0,450.0,485.0,1.89e-17,72.0,,,,,"('ILNYESL', 30, 36)",1,ILNYESL,30,36,0,...[FWY]..[LVI]
556033,PLRKEQELFFFHDLSPGSCFFLPRGASFIIRLQISFVR,0,-1.920506183,-2.849232324,,,,556549,125,18,5,0,0,0,35,3,148,sp|A2RTX5|SYTC2_HUMAN,77.143,35.0,7.0,1.0,1.0,35.0,407.0,440.0,8.42e-13,58.9,,,,,"('LFFFHDL', 7, 13)",1,LFFFHDL,7,13,0,...[FWY]..[LVI]
556657,PLRKETSGDFSSVDLSFLPDEVPGK,0,-2.76850309,-1.264269823,,,,557173,50,4,6,0,0,0,22,3,60,sp|Q6SJ96|TBPL2_HUMAN,100.0,19.0,0.0,0.0,1.0,19.0,88.0,106.0,1.56e-06,40.4,,,,,"('SGDFSSV', 6, 12)",1,SGDFSSV,6,12,0,...[FWY]..[LVI]
557212,PLRMFPLRACGWSGRFWVWPVHARSRAPAWTSTLTSSR,0,-1.118414946,-1.969662334,,,,557729,231,58,17,0,0,0,35,3,306,sp|Q8IW03|SIAH3_HUMAN,45.455,22.0,12.0,0.0,1.0,22.0,108.0,129.0,3.0,23.5,,,,,"('SGRFWVW', 12, 18)",1,SGRFWVW,12,18,0,...[FWY]..[WFY]
557253,PLRKNFPYERRPTSAACIPFGQGDFYYGNLMVGGTPHNI,0,-0.589769631,-5.779023321,,,,557770,381,138,2,0,0,0,36,3,521,sp|Q7Z4J2|GL6D1_HUMAN,100.0,36.0,0.0,0.0,1.0,36.0,204.0,239.0,1.3800000000000001e-22,85.1,,,,,"('DFYYGNL', 23, 29)",1,DFYYGNL,23,29,0,...[FWY]..[LVI]
557291,PLRKSQLLLVNSTQDNNYGCVPLLEDSETRKNNLTLDQP,0,-6.709609401,-5.790338635,,,,557808,192,1,1,0,0,0,36,3,194,sp|Q92844|TANK_HUMAN,100.0,36.0,0.0,0.0,1.0,36.0,59.0,94.0,1.79e-18,75.1,,,,,"('DNNYGCV', 14, 20)",1,DNNYGCV,14,20,0,...[FWY]..[LVI]
557360,PLRMFRITNIEFLPEYRQKESREFLSVSRTVQQVINLVY,0,-0.604256401,-1.986735847,,,,557877,990,355,72,0,0,0,36,3,1417,sp|Q7RTY8|TMPS7_HUMAN,100.0,36.0,0.0,0.0,1.0,36.0,113.0,148.0,8.57e-20,79.0,,,,,"('SREFLSV', 20, 26)",1,SREFLSV,20,26,0,...[FWY]..[LVI]
557540,PLRQFSTLVSTSLLCVCVVWVFANQKLFIQTGTF,0,-2.80021195,-3.465903684,,,,558057,115,9,3,0,0,0,31,3,127,sp|Q6PHW0|IYD1_HUMAN,45.0,20.0,11.0,0.0,2.0,21.0,3.0,22.0,0.15,26.9,,,,,"('LRQFSTL', 1, 7)",1,LRQFSTL,1,7,0,...[FWY]..[LVI]
557573,PLRMFTIKLLLFIVPLVISSRIDQDNSSFDSLSPEPKSR,0,-5.067161405,-3.410925045,,,,558090,369,6,10,0,0,0,36,3,385,sp|Q9Y5C1|ANGL3_HUMAN,100.0,36.0,0.0,0.0,1.0,36.0,1.0,36.0,5.71e-18,73.6,,,,,"('NSSFDSL', 25, 31)",1,NSSFDSL,25,31,0,...[FWY]..[LVI]
557921,PLRMFCDTEKFWKLKKKLDAQINLSPEDTAFRNEDTAFP,0,-0.207539908,-3.827427953,,,,558438,591,279,12,0,0,0,36,3,882,sp|P42702|LIFR_HUMAN,35.484,31.0,20.0,0.0,3.0,33.0,511.0,541.0,1.1,25.0,,,,,"('TEKFWKL', 7, 13)",1,TEKFWKL,7,13,0,...[FWY]..[LVI]
558034,PLRKVDVLNQVDWNAWLYSPGLPPIKPNYDMTLTNACIA,0,-1.709609401,-4.960263636,,,,558551,108,18,1,0,0,0,36,3,127,sp|P09960|LKHA4_HUMAN,100.0,36.0,0.0,0.0,1.0,36.0,436.0,471.0,3.33e-21,82.8,,,,,"('QVDWNAW', 9, 15)",1,QVDWNAW,9,15,0,...[FWY]..[WFY]
558122,PLRKFIGIIECGGINLKLEELEWKLAEVGAIQTDLEKT,0,-5.679235752,-4.759964986,,,,558639,94,1,1,0,0,0,35,3,96,sp|Q8N4E4|PDCL2_HUMAN,94.286,35.0,2.0,0.0,1.0,35.0,175.0,209.0,1.05e-16,68.9,,,,,"('LRKFIGI', 1, 7)",1,LRKFIGI,1,7,0,...[FWY]..[LVI]
558448,PLRKLKALHPLPGLILEWRRITNAITKVVFPLQREKCLN,0,-4.097339554,-4.499996883,,,,558965,157,5,2,0,0,0,36,3,164,sp|O75417|DPOLQ_HUMAN,100.0,36.0,0.0,0.0,1.0,36.0,2186.0,2221.0,1.47e-20,80.9,,,,,"('ILEWRRI', 14, 20)",1,ILEWRRI,14,20,0,...[FWY]..[LVI]
559145,PLRKGFGFKNSIFHRVIPDFVCQGGDITKHDGTGGQSIY,0,-4.310513445,-4.128208273,,,,559666,182,5,3,0,0,0,36,3,190,sp|P49792|RBP2_HUMAN,100.0,36.0,0.0,0.0,1.0,36.0,3104.0,3139.0,2.6e-22,85.9,,,,,"('NSIFHRV', 9, 15)",1,NSIFHRV,9,15,0,...[FWY]..[LVI]
559436,PLRQGHWADWLQAYRARLDKDLEGAGDAAAWRLSTCA,0,-3.133635683,-4.536293012,,,,559957,483,30,6,0,0,0,34,3,519,sp|Q9BVL4|SELO_HUMAN,96.552,29.0,1.0,0.0,1.0,29.0,552.0,580.0,5.28e-14,62.4,,,,,"('QGHWADW', 3, 9)",1,QGHWADW,3,9,0,...[FWY]..[WFY]
559621,PLRKGKEPWKILRDETRGPCPDMQLRCQTKKLLPKNGI,0,-2.602694197,-3.490778353,,,,560143,78,7,2,0,0,0,35,3,87,sp|Q6PG37|ZN790_HUMAN,97.143,35.0,1.0,0.0,1.0,35.0,59.0,93.0,4.36e-19,76.6,,,,,"('KEPWKIL', 5, 11)",1,KEPWKIL,5,11,0,...[FWY]..[LVI]
559753,PLRMGKRQHQKDKMYITCAEYTHFYGGKKPDLPQTNFRR,0,-2.101926824,-4.182656057,,,,560275,126,16,2,0,0,0,36,3,144,sp|Q13356|PPIL2_HUMAN,100.0,36.0,0.0,0.0,1.0,36.0,1.0,36.0,6.360000000000001e-21,82.0,,,,,"('CAEYTHF', 17, 23)",1,CAEYTHF,17,23,0,...[FWY]..[WFY]
560581,PLRKGSQLQERWHRVIAQLEIRQSELESIQEVLGDYRAC,0,-1.900750888,-2.718445716,,,,561103,137,20,6,0,0,0,36,3,163,sp|Q9UPN3|MACF1_HUMAN,100.0,36.0,0.0,0.0,1.0,36.0,1248.0,1283.0,4.7e-19,76.6,,,,,"('QERWHRV', 8, 14)",1,QERWHRV,8,14,0,...[FWY]..[LVI]
561727,PLRKNLIRRLQKYPVRVTREEQSHPARLYTGCHSYDEIC,0,-1.206440991,-3.024135819,,,,562250,254,60,9,0,0,0,36,3,323,sp|Q8WTW4|NPRL2_HUMAN,100.0,36.0,0.0,0.0,1.0,36.0,320.0,355.0,3.78e-20,79.7,,,,,"('CHSYDEI', 31, 37)",1,CHSYDEI,31,37,0,...[FWY]..[LVI]
561778,PLRKQLNLLFAKVREMLKMRDSNGARMLTLITEQFMADP,0,-1.63087273,-4.219396604,,,,562301,517,91,8,0,0,0,36,3,616,sp|Q9HCJ5|ZSWM6_HUMAN,100.0,36.0,0.0,0.0,1.0,36.0,386.0,421.0,1.92e-19,77.8,,,,,"('NLLFAKV', 6, 12)",1,NLLFAKV,6,12,0,...[FWY]..[LVI]
562236,PLRNHSSSNSFGRNLPPKRRCRDYDERGFCVLGDLCQFD,0,-4.616499996,-3.434194824,,,,562759,225,5,6,0,0,0,36,3,236,sp|Q9P2N5|RBM27_HUMAN,100.0,36.0,0.0,0.0,1.0,36.0,262.0,297.0,6.88e-22,84.7,,,,,"('ERGFCVL', 25, 31)",1,ERGFCVL,25,31,0,...[FWY]..[LVI]
562314,PLRQHVDPEEAVRIHTDVQTKKSMAIHWGTFALANEHYL,0,-0.356377186,-2.574609944,,,,562837,310,132,15,0,0,0,36,3,457,sp|Q6IQ20|NAPEP_HUMAN,100.0,36.0,0.0,0.0,1.0,36.0,320.0,355.0,2.57e-20,80.1,,,,,"('AIHWGTF', 24, 30)",1,AIHWGTF,24,30,0,...[FWY]..[WFY]
562812,PLRMIDTAARDTARVLIASALTLLVGIIQLIFGGLQIGF,0,-0.233581272,-0.899273006,,,,563335,330,153,51,0,0,0,36,3,534,sp|O43511|S26A4_HUMAN,100.0,36.0,0.0,0.0,1.0,36.0,175.0,210.0,7.16e-17,70.5,,,,,"('QLIFGGL', 28, 34)",1,QLIFGGL,28,34,0,...[FWY]..[LVI]
562983,PLRTIEYIHQETATVLGTEIVAFKEKEVRAKVQHYMAYW,0,-2.975503461,-1.056232695,,,,563506,101,7,14,0,0,0,36,3,122,sp|Q9H790|EXO5_HUMAN,100.0,35.0,0.0,0.0,2.0,36.0,292.0,326.0,4.83e-18,73.6,,,,,"('VQHYMAY', 31, 37)",1,VQHYMAY,31,37,0,...[FWY]..[WFY]
563183,PLRKIMSLLSRTVADYAVVPLLGCEVEATVGEVVTNTWL,0,-3.007289949,-2.387579465,,,,563707,236,16,13,0,0,0,36,3,265,sp|Q92547|TOPB1_HUMAN,100.0,36.0,0.0,0.0,1.0,36.0,581.0,616.0,2.88e-19,77.4,,,,,"('VADYAVV', 12, 18)",1,VADYAVV,12,18,0,...[FWY]..[LVI]
563546,PLRKMREEQLRRWKERETWEALAQDEGLRPPKTKVQRV,0,-3.550911655,-4.631640889,,,,564070,86,4,1,0,0,0,35,3,91,sp|Q5SQS7|SH24B_HUMAN,100.0,31.0,0.0,0.0,1.0,31.0,30.0,60.0,1.02e-14,64.3,,,,,"('RETWEAL', 15, 21)",1,RETWEAL,15,21,0,...[FWY]..[LVI]
564200,PLRKLYEEVRISYSDQCHSALRKSQFISKT,0,-5.233171357,-5.313900591,,,,564725,138,2,1,0,0,0,27,3,141,sp|Q8N3C0|ASCC3_HUMAN,83.333,12.0,2.0,0.0,1.0,12.0,436.0,447.0,0.8,24.6,,,,,"('RKLYEEV', 2, 8)",1,RKLYEEV,2,8,0,...[FWY]..[LVI]
564234,PLRKNYNKLKNTLRNLNLHTVCEEARCPNIGECWGGGEY,0,-0.325665671,-4.271465324,,,,564759,469,204,7,0,0,0,36,3,680,sp|O43766|LIAS_HUMAN,100.0,36.0,0.0,0.0,1.0,36.0,88.0,123.0,1.18e-20,80.9,,,,,"('RKNYNKL', 2, 8)",1,RKNYNKL,2,8,0,...[FWY]..[LVI]
565092,PLRYIKKKKKKYEAIITVVKPSTRILSIMYYAREPGKIN,0,-1.684734732,-4.465903684,,,,565617,460,78,6,0,0,0,36,3,544,sp|Q9UJA5|TRM6_HUMAN,100.0,36.0,0.0,0.0,1.0,36.0,146.0,181.0,1.78e-17,72.4,,,,,"('KKKYEAI', 8, 14)",1,KKKYEAI,8,14,0,...[FWY]..[LVI]
565301,PLRKILGGVPAPERKWPWQVSVHYAGLHVCGGSILNEYW,0,-3.007289949,-2.503056682,,,,565826,59,4,3,0,0,0,36,3,66,sp|A1L453|PRS38_HUMAN,100.0,36.0,0.0,0.0,1.0,36.0,59.0,94.0,3.25e-20,79.3,,,,,"('SVHYAGL', 20, 26)",1,SVHYAGL,20,26,0,...[FWY]..[LVI]
565340,PLRMILIPRMLLVLFLLLPILSSAKAQVNPAICRYPLGM,0,-1.812702894,-0.362917411,,,,565865,58,9,13,0,0,0,36,3,80,sp|Q16832|DDR2_HUMAN,100.0,36.0,0.0,0.0,1.0,36.0,1.0,36.0,1.78e-19,77.8,,,,,"('LVLFLLL', 11, 17)",1,LVLFLLL,11,17,0,...[FWY]..[LVI]
565461,PLRKKCEKAFNNLSSFQIHERMHRGGKYHACKGSGNTYR,0,-4.714610082,-4.380301816,,,,565986,289,6,4,0,0,0,36,3,299,sp|Q9H0M5|ZN700_HUMAN,62.857,35.0,13.0,0.0,1.0,35.0,651.0,685.0,6.44e-08,45.1,,,,,"('EKAFNNL', 6, 12)",1,EKAFNNL,6,12,0,...[FWY]..[LVI]
565470,PLRLKLTQGNRKLAQLEKLQDEELDPEFVQQVADFCSYI,0,-4.67411072,-3.880370835,,,,565995,562,12,11,0,0,0,36,3,585,sp|P32455|GBP1_HUMAN,100.0,29.0,0.0,0.0,8.0,36.0,245.0,273.0,5.32e-14,62.4,,,,,"('VADFCSY', 31, 37)",1,VADFCSY,31,37,0,...[FWY]..[WFY]
565523,PLRQKCQLSYELNCSGKYFAFKEQLKHAVVKIVRDKYLK,0,-0.884261233,-3.94684312,,,,566048,535,158,10,0,0,0,36,3,703,sp|Q5T0N1|CFA70_HUMAN,100.0,36.0,0.0,0.0,1.0,36.0,552.0,587.0,2.03e-19,77.8,,,,,"('SGKYFAF', 14, 20)",1,SGKYFAF,14,20,0,...[FWY]..[WFY]
565841,PLRKKEKLSPDIMKDAYVQKLVKVCNGHDCWSLISLSNN,0,-1.02045805,-4.44696212,,,,566366,227,61,3,0,0,0,36,3,291,sp|Q8NEK8|TET5D_HUMAN,100.0,36.0,0.0,0.0,1.0,36.0,117.0,152.0,1.19e-19,78.2,,,,,"('HDCWSLI', 27, 33)",1,HDCWSLI,27,33,0,...[FWY]..[LVI]
566579,PLRKKLNIGGKRVNLAIWDTAGQERFHALGPIYYRDSNG,0,-1.1299412,-2.128208273,,,,567105,273,68,18,0,0,0,36,3,359,sp|Q9UL25|RAB21_HUMAN,100.0,36.0,0.0,0.0,1.0,36.0,59.0,94.0,3.94e-21,80.1,,,,,"('QERFHAL', 22, 28)",1,QERFHAL,22,28,0,...[FWY]..[LVI]
567235,PLRMKIAVIGQSLFGQEVYCHLRKEGHEVVGVFTVPDKD,0,-0.976713471,-4.355123253,,,,567762,213,59,3,0,0,0,36,3,275,sp|O75891|AL1L1_HUMAN,100.0,36.0,0.0,0.0,1.0,36.0,1.0,36.0,1.37e-19,78.2,,,,,"('QEVYCHL', 15, 21)",1,QEVYCHL,15,21,0,...[FWY]..[LVI]
567391,PLRKKIQEAASQGLKFVGVIPQYHSSVNSAGSSAPVSTA,0,-1.633660548,-1.414829499,,,,567918,74,13,8,0,0,0,36,3,95,sp|Q14699|RFTN1_HUMAN,100.0,36.0,0.0,0.0,1.0,36.0,146.0,181.0,1.54e-17,72.4,,,,,"('GLKFVGV', 12, 18)",1,GLKFVGV,12,18,0,...[FWY]..[LVI]
567849,PLRKKTKTEQELPRPHLRPIWIAWTGGALMMMAAATLV,0,-2.446574995,-3.642781446,,,,568378,130,13,3,0,0,0,35,3,146,sp|P54259|ATN1_HUMAN,92.308,13.0,1.0,0.0,1.0,13.0,88.0,100.0,0.18,26.9,,,,,"('RPIWIAW', 17, 23)",1,RPIWIAW,17,23,0,...[FWY]..[WFY]
568175,PLRKKRSLWDTIKKKKISASTSHNRRVSNIQNVNKTFSV,0,-5.499686331,-6.165378066,,,,568704,249,3,1,0,0,0,36,3,253,sp|Q8IZT6|ASPM_HUMAN,100.0,36.0,0.0,0.0,1.0,36.0,146.0,181.0,1.43e-17,72.4,,,,,"('RSLWDTI', 5, 11)",1,RSLWDTI,5,11,0,...[FWY]..[LVI]
568555,PLRKKSYQIDADRVVYSTKEKNLTLKELFAKLKMHPYDL,0,-4.53063926,-5.933296588,,,,569084,212,5,1,0,0,0,36,3,218,sp|P23109|AMPD1_HUMAN,100.0,36.0,0.0,0.0,1.0,36.0,353.0,388.0,2.31e-18,74.7,,,,,"('KELFAKL', 25, 31)",1,KELFAKL,25,31,0,...[FWY]..[LVI]
569018,PLRKKYMHKVMNDLPSCPCSYPPEVAYSTADIFDRIKRK,0,-3.031537496,-4.434194824,,,,569547,75,5,1,0,0,0,36,3,81,sp|B1AKI9|ISM1_HUMAN,97.222,36.0,1.0,0.0,1.0,36.0,309.0,344.0,6.06e-19,76.3,,,,,"('ADIFDRI', 29, 35)",1,ADIFDRI,29,35,0,...[FWY]..[LVI]
569848,PLRKLETLGIGQRTPFRIGIKESLWPFLIDKRWRQTVFH,0,-5.135874156,-6.216603389,,,,570377,258,4,1,0,0,0,36,3,263,sp|Q9NZL9|MAT2B_HUMAN,100.0,36.0,0.0,0.0,1.0,36.0,299.0,334.0,6.17e-22,84.0,,,,,"('ESLWPFL', 21, 27)",1,ESLWPFL,21,27,0,...[FWY]..[LVI]
570102,PLRKLKPAFIKPYGTVTAANSSFLTDGASAMLIMAEEKA,0,-1.205566896,-1.986735847,,,,570632,55,13,4,0,0,0,36,3,72,sp|P55084|ECHB_HUMAN,100.0,36.0,0.0,0.0,1.0,36.0,291.0,326.0,5.58e-18,73.6,,,,,"('IKPYGTV', 9, 15)",1,IKPYGTV,9,15,0,...[FWY]..[LVI]
570108,PLRKLQPSLSVGSTESVKVSSALSPSKFYCQLIKWTPEL,0,-0.004737436,-0.264269823,,,,570638,300,163,72,0,0,0,36,3,535,sp|B5MCY1|TDR15_HUMAN,100.0,36.0,0.0,0.0,1.0,36.0,232.0,267.0,6.14e-18,73.6,,,,,"('SKFYCQL', 25, 31)",1,SKFYCQL,25,31,0,...[FWY]..[LVI]
570304,PLRNLLGAMEKFKTPWRKFLHPCQSMQLLLQTSP,0,-4.422327449,-3.503056682,,,,570835,118,3,3,0,0,0,31,3,124,sp|Q9P2U8|VGLU2_HUMAN,94.118,17.0,1.0,0.0,1.0,17.0,291.0,307.0,1.33e-06,41.2,,,,,"('KTPWRKF', 12, 18)",1,KTPWRKF,12,18,0,...[FWY]..[WFY]
571092,PLRKLHHPSQGFRFGTVRESSAEDYVRQSFPEMHEYMRR,0,-4.07106586,-4.151795094,,,,571624,185,6,3,0,0,0,36,3,194,sp|Q8TCU5|NMD3A_HUMAN,100.0,36.0,0.0,0.0,1.0,36.0,784.0,819.0,3.39e-20,80.1,,,,,"('GFRFGTV', 10, 16)",1,GFRFGTV,10,16,0,...[FWY]..[LVI]
571143,PLRKLPPGFSGRSSRTTRRSWLSSPFHNFRTHPGLHQT,0,-3.870601278,-3.536293012,,,,571675,161,6,4,0,0,0,35,3,171,sp|Q8NHY2|COP1_HUMAN,41.935,31.0,17.0,1.0,3.0,33.0,334.0,363.0,0.2,26.9,,,,,"('SSPFHNF', 22, 28)",1,SSPFHNF,22,28,0,...[FWY]..[WFY]
571270,PLRKLSNIPTIKRFLEPGSKKKPPPDEIYVRTVYNIFRP,0,-2.840853934,-4.72893809,,,,571803,92,7,1,0,0,0,36,3,100,sp|O15217|GSTA4_HUMAN,100.0,36.0,0.0,0.0,1.0,36.0,187.0,222.0,9.69e-20,76.6,,,,,"('RTVYNIF', 30, 36)",1,RTVYNIF,30,36,0,...[FWY]..[WFY]
571540,PLRKLTKLGYPELINYTEPINGLSALHLASVSNDIDMVS,0,-0.178418157,-4.562928138,,,,572077,328,158,4,0,0,0,36,3,490,sp|Q9NU02|ANKE1_HUMAN,100.0,36.0,0.0,0.0,1.0,36.0,30.0,65.0,5.26e-19,76.6,,,,,"('KLGYPEL', 6, 12)",1,KLGYPEL,6,12,0,...[FWY]..[LVI]
573232,PLRKMDRNQDGVVTIEEFLEACQKDENIMSSMQLFENVI,0,-2.879534402,-2.960263636,,,,573775,54,4,2,0,0,0,36,3,60,sp|Q9Y2W7|CSEN_HUMAN,100.0,36.0,0.0,0.0,1.0,36.0,221.0,256.0,1.95e-19,76.3,,,,,"('MQLFENV', 31, 37)",1,MQLFENV,31,37,0,...[FWY]..[LVI]
573633,PLRKMLFEEQNHFSEIETELQAELVRMEQQHQEKVLYLV,0,-0.619972188,-1.031346734,,,,574177,234,83,33,0,0,0,36,3,350,sp|Q2VIQ3|KIF4B_HUMAN,100.0,36.0,0.0,0.0,1.0,36.0,900.0,935.0,5.02e-18,73.9,,,,,"('QNHFSEI', 9, 15)",1,QNHFSEI,9,15,0,...[FWY]..[LVI]
573697,PLRKNMLLAKFSFYFHEALSRQTTASEMKTLTAKANPDF,0,-4.410049119,-3.490778353,,,,574241,78,2,2,0,0,0,36,3,82,sp|Q96MD2|KICS2_HUMAN,100.0,36.0,0.0,0.0,1.0,36.0,262.0,297.0,1.28e-18,75.5,,,,,"('LAKFSFY', 7, 13)",1,LAKFSFY,7,13,0,...[FWY]..[WFY]
573803,PLRKNERTSVAGTVRKCWPNRVAKEQISRRLDGNQYLFL,0,-1.572105877,-2.889874308,,,,574347,180,33,7,0,0,0,36,3,220,sp|Q96EB6|SIR1_HUMAN,100.0,36.0,0.0,0.0,1.0,36.0,610.0,645.0,6.890000000000001e-21,82.0,,,,,"('GNQYLFL', 32, 38)",1,GNQYLFL,32,38,0,...[FWY]..[LVI]
574173,PLRQNAIQMFHQYSFRGKDLIVQLQPTDALLCITKCRF,0,-5.190736091,-4.271465324,,,,574720,67,1,1,0,0,0,35,3,69,sp|Q9HCJ3|RAVR2_HUMAN,100.0,31.0,0.0,0.0,1.0,31.0,117.0,147.0,1.05e-16,70.1,,,,,"('IQMFHQY', 6, 12)",1,IQMFHQY,6,12,0,...[FWY]..[WFY]
574213,PLRMNARYFLEMSDTKDMNEFETEGFFALHQRRCLPPG,0,-4.286534583,-5.689191911,,,,574760,179,5,1,0,0,0,35,3,185,sp|Q04759|KPCT_HUMAN,100.0,30.0,0.0,0.0,1.0,30.0,117.0,146.0,5.74e-15,65.1,,,,,"('TEGFFAL', 22, 28)",1,TEGFFAL,22,28,0,...[FWY]..[LVI]
574303,PLRNNDITEFEKILKTNHSNIMDDPFIREHIEELLRNIR,0,-1.008453883,-1.159572444,,,,574850,155,42,20,0,0,0,36,3,217,sp|P61201|CSN2_HUMAN,100.0,36.0,0.0,0.0,1.0,36.0,320.0,355.0,9.41e-19,75.9,,,,,"('ITEFEKI', 6, 12)",1,ITEFEKI,6,12,0,...[FWY]..[LVI]
574430,PLRNNFEFCEAHIPFYNRGPITHLEYKTSFGQLEVFREK,0,-8.01e-05,-2.846344044,,,,574977,499,272,20,0,0,0,36,3,791,sp|Q9H0R1|AP5M1_HUMAN,100.0,36.0,0.0,0.0,1.0,36.0,349.0,384.0,8.82e-22,84.3,,,,,"('KTSFGQL', 26, 32)",1,KTSFGQL,26,32,0,...[FWY]..[LVI]
574963,PLRKNKRRLRCVFTPSGGVPAFLQVQNTRSEDTTSLSYT,0,-1.251404042,-1.94684312,,,,575511,214,49,16,0,0,0,36,3,279,sp|P43146|DCC_HUMAN,90.909,11.0,1.0,0.0,26.0,36.0,896.0,906.0,3.0,23.5,,,,,"('VPAFLQV', 18, 24)",1,VPAFLQV,18,24,0,...[FWY]..[LVI]
575209,PLRRGKLYSLGNGRWMLTLAKNMEVRAIFTGYYGKDKPL,0,-4.115601761,-4.518259089,,,,575757,159,5,2,0,0,0,36,3,166,sp|P09543|CN37_HUMAN,94.444,36.0,2.0,0.0,1.0,36.0,369.0,404.0,1.43e-18,75.5,,,,,"('RAIFTGY', 25, 31)",1,RAIFTGY,25,31,0,...[FWY]..[WFY]
575314,PLRQNPDFKLGSHCKQLDITDSTEPRLNKMEFTEYISSH,0,-3.825086618,-3.268385931,,,,575862,234,9,7,0,0,0,36,3,250,sp|A4FU69|EFCB5_HUMAN,100.0,36.0,0.0,0.0,1.0,36.0,318.0,353.0,2.14e-20,80.5,,,,,"('KMEFTEY', 28, 34)",1,KMEFTEY,28,34,0,...[FWY]..[WFY]
575807,PLRMNVGTAHSEVNPNTRVMNSRGIWLSYVLAIGLLHIV,0,-0.655161617,-0.683423431,,,,576355,78,27,14,0,0,0,36,3,119,sp|Q8N138|ORML3_HUMAN,100.0,36.0,0.0,0.0,1.0,36.0,1.0,36.0,6.17e-20,75.5,,,,,"('RGIWLSY', 22, 28)",1,RGIWLSY,22,28,0,...[FWY]..[WFY]
576995,PLRKTLAWNNITKLQLHEHYKIHKEAVTGITVSRNGSSV,0,-2.183540589,-2.486662244,,,,577546,175,21,9,0,0,0,36,3,205,sp|Q92636|FAN_HUMAN,100.0,36.0,0.0,0.0,1.0,36.0,610.0,645.0,4.9e-19,76.6,,,,,"('TLAWNNI', 4, 10)",1,TLAWNNI,4,10,0,...[FWY]..[LVI]
577133,PLRMPLRKLSFHGGSRWMPVNTGPACRELEGGLLAAPRP,0,-4.240124118,-3.905815852,,,,577684,208,6,4,0,0,0,36,3,218,sp|P98164|LRP2_HUMAN,46.667,15.0,8.0,0.0,15.0,29.0,4373.0,4387.0,5.2,23.1,,,,,"('GSRWMPV', 13, 19)",1,GSRWMPV,13,19,0,...[FWY]..[LVI]
577218,PLRQPMQLIIVNLERRWEAIVMQAVQWQTRLQKKMGKES,0,-2.353465591,-5.434194824,,,,577769,150,16,1,0,0,0,36,3,167,sp|Q13023|AKAP6_HUMAN,100.0,36.0,0.0,0.0,1.0,36.0,1161.0,1196.0,1.57e-19,78.2,,,,,"('ERRWEAI', 13, 19)",1,ERRWEAI,13,19,0,...[FWY]..[LVI]
577349,PLRKPPNDGGITGNRQLTHQQIFHTLQMAVIVKPKAVW,0,-3.317291978,-4.205376134,,,,577900,128,7,2,0,0,0,35,3,137,sp|Q9C0D4|Z518B_HUMAN,95.0,20.0,1.0,0.0,1.0,20.0,726.0,745.0,2.51e-08,46.2,,,,,"('QQIFHTL', 19, 25)",1,QQIFHTL,19,25,0,...[FWY]..[LVI]
577552,PLRKTQRNTLNPVWNEDLTYSGITDDDITHKVLRIAVCD,0,-0.165987696,-0.672981684,,,,578103,177,86,32,0,0,0,36,3,295,sp|Q14183|DOC2A_HUMAN,100.0,36.0,0.0,0.0,1.0,36.0,146.0,181.0,2.19e-21,83.2,,,,,"('DLTYSGI', 16, 22)",1,DLTYSGI,16,22,0,...[FWY]..[LVI]
577896,PLRKPTESWRETLLDSRVMELFFTVHRKIREDSDMAQDS,0,-1.957536914,-2.716338053,,,,578447,114,16,5,0,0,0,36,3,135,sp|Q9C0E2|XPO4_HUMAN,100.0,36.0,0.0,0.0,1.0,36.0,260.0,295.0,1.56e-19,78.2,,,,,"('MELFFTV', 18, 24)",1,MELFFTV,18,24,0,...[FWY]..[LVI]
578200,PLRKPYKMDINLKTLTSFTCIQRSLLDTNLEMVRHSFIF,0,-3.169041019,-3.249770253,,,,578751,66,4,2,0,0,0,36,3,72,sp|O60237|MYPT2_HUMAN,34.615,26.0,17.0,0.0,6.0,31.0,83.0,108.0,1.4,24.6,,,,,"('LTSFTCI', 14, 20)",1,LTSFTCI,14,20,0,...[FWY]..[LVI]
579048,PLRKQQSLETCEKTVYESSQMTEHHKVSDHIQWFNKLSL,0,-2.811147427,-3.891876661,,,,579599,103,8,2,0,0,0,36,3,113,sp|Q6P4F7|RHGBA_HUMAN,94.444,36.0,2.0,0.0,1.0,36.0,784.0,819.0,1.07e-17,72.8,,,,,"('IQWFNKL', 30, 36)",1,IQWFNKL,30,36,0,...[FWY]..[LVI]
580290,PLRRCTYYETCATYGLNVERVFQDVAQKIVATRKKQQLS,0,-2.190736091,-0.686502824,,,,580843,67,8,12,0,0,0,36,3,87,sp|Q9UPQ3|AGAP1_HUMAN,100.0,36.0,0.0,0.0,1.0,36.0,204.0,239.0,1.41e-19,78.2,,,,,"('ERVFQDV', 18, 24)",1,ERVFQDV,18,24,0,...[FWY]..[LVI]
582444,PLRKSCLARRVILIFHSVALCLASLNSCLDPVIYYFSTN,0,-0.946146005,-1.562928138,,,,583002,205,58,20,0,0,0,36,3,283,sp|Q9BXC1|GP174_HUMAN,100.0,36.0,0.0,0.0,1.0,36.0,262.0,297.0,2.95e-18,73.9,,,,,"('ILIFHSV', 11, 17)",1,ILIFHSV,11,17,0,...[FWY]..[LVI]
582494,PLRKSDAGMYTCVGTNMVGERDSDPAELTVFERPTFLRR,0,-1.825086618,-2.168850258,,,,583052,78,12,5,0,0,0,36,3,95,sp|Q9HCK4|ROBO2_HUMAN,100.0,36.0,0.0,0.0,1.0,36.0,195.0,230.0,1.97e-19,77.8,,,,,"('AGMYTCV', 6, 12)",1,AGMYTCV,6,12,0,...[FWY]..[LVI]
582548,PLRMSDNGVCVLAFKCPGLLRYTAYRCKQLSDTSIIAVA,0,-2.439622234,-6.635828686,,,,583106,1035,104,3,0,0,0,36,3,1142,sp|Q9UF56|FXL17_HUMAN,100.0,36.0,0.0,0.0,1.0,36.0,399.0,434.0,1.23e-18,75.5,,,,,"('LLRYTAY', 18, 24)",1,LLRYTAY,18,24,0,...[FWY]..[WFY]
583222,PLRKSIGLYLRSQKIPLYEECRFWCVKVLIFSVNSMAN,0,-7.17449545,-6.255224683,,,,583780,265,1,1,0,0,0,35,3,267,sp|Q86YA3|ZGRF1_HUMAN,90.0,20.0,2.0,0.0,1.0,20.0,1411.0,1430.0,2.21e-07,43.5,,,,,"('ECRFWCV', 19, 25)",1,ECRFWCV,19,25,0,...[FWY]..[LVI]
583567,PLRMSLACLRTFLGVDVLQDLAACHLSWT,0,-0.009449248,-0.907633993,,,,584125,397,215,61,0,0,0,26,3,673,,,,,,,,,,,,,,,,"('LRTFLGV', 8, 14)",1,LRTFLGV,8,14,0,...[FWY]..[LVI]
584864,PLRKSSRNFEKPVSPLVKKMRYVSQLWLNLKISKNLMA,0,-2.797072242,-2.877801476,,,,585422,51,4,2,0,0,0,35,3,57,sp|Q8IWK6|AGRA3_HUMAN,81.25,16.0,3.0,0.0,1.0,16.0,1248.0,1263.0,0.056,28.5,,,,,"('SQLWLNL', 23, 29)",1,SQLWLNL,23,29,0,...[FWY]..[LVI]
585785,PLRQTLRNEMKVLLILSKWLEQVYPSSVEEEAKLFLWWH,0,-3.387681306,-2.205376134,,,,586344,96,5,6,0,0,0,36,3,107,sp|Q9HCE0|EPG5_HUMAN,100.0,36.0,0.0,0.0,1.0,36.0,2387.0,2422.0,6.9e-19,76.3,,,,,"('AKLFLWW', 31, 37)",1,AKLFLWW,31,37,0,...[FWY]..[WFY]
586278,PLRKTSLLMVFADGAFPESYTPTVFERYMVNLQVKGKPV,0,-4.49388071,-3.574609944,,,,586838,124,3,3,0,0,0,36,3,130,sp|O00212|RHOD_HUMAN,100.0,36.0,0.0,0.0,1.0,36.0,30.0,65.0,4.57e-20,77.0,,,,,"('PTVFERY', 21, 27)",1,PTVFERY,21,27,0,...[FWY]..[WFY]
586424,PLRKTFECNICEKIFKQLIHLTEHMRIHTGEKPFRCKEC,0,-5.055384238,-2.551150971,,,,586984,61,1,3,0,0,0,36,3,65,sp|Q9UJL9|ZF69B_HUMAN,100.0,36.0,0.0,0.0,1.0,36.0,277.0,312.0,1.35e-19,78.2,,,,,"('EKIFKQL', 11, 17)",1,EKIFKQL,11,17,0,...[FWY]..[LVI]
586695,PLRKTYMAKFVKVKRTDQVLVKKEISILNIARHRNIYT,0,-3.668967416,-2.334659151,,,,587256,70,3,4,0,0,0,35,3,77,sp|Q8WZ42|TITIN_HUMAN,96.97,33.0,1.0,0.0,1.0,33.0,32202.0,32234.0,7.01e-15,64.7,,,,,"('MAKFVKV', 6, 12)",1,MAKFVKV,6,12,0,...[FWY]..[LVI]
587636,PLRQCGKAFNRSSTLNTHTRIHAGYKPFVCEFCGKGFHQ,0,-5.247043531,-5.327772765,,,,588198,418,6,3,0,0,0,36,3,427,sp|A0PJY2|FEZF1_HUMAN,100.0,36.0,0.0,0.0,1.0,36.0,320.0,355.0,1.32e-20,81.3,,,,,"('HAGYKPF', 21, 27)",1,HAGYKPF,21,27,0,...[FWY]..[WFY]
588235,PLRQGKYDEAIDCTQKAWMPIHIIRCCQRTVRQHIFV,0,-3.45684333,-5.344927486,,,,588797,141,7,1,0,0,0,34,3,149,sp|Q9H6T3|RPAP3_HUMAN,78.571,14.0,3.0,0.0,1.0,14.0,146.0,159.0,0.041,28.9,,,,,"('QKAWMPI', 14, 20)",1,QKAWMPI,14,20,0,...[FWY]..[LVI]
588345,PLRMVPLVAVVSGPRAQLFACLLRLGTQQVGPLQLHTGA,0,-5.75400352,-5.834732754,,,,588907,198,2,1,0,0,0,36,3,201,sp|Q9Y6N5|SQOR_HUMAN,100.0,36.0,0.0,0.0,1.0,36.0,1.0,36.0,2.07e-19,77.8,,,,,"('AQLFACL', 15, 21)",1,AQLFACL,15,21,0,...[FWY]..[LVI]
588604,PLRNVENTLFINTSNHGVFTYQVFGVGVPNPYRLRPFLG,0,-3.191597144,-6.916182568,,,,589166,419,25,1,0,0,0,36,3,445,sp|Q92545|TM131_HUMAN,100.0,36.0,0.0,0.0,1.0,36.0,182.0,217.0,1.69e-20,80.9,,,,,"('VFTYQVF', 17, 23)",1,VFTYQVF,17,23,0,...[FWY]..[WFY]
589330,PLRKVSEIQGMLQELIGTTMFSTLENNAIKYISSTIVNL,0,-3.919062766,-4.999792,,,,589892,111,4,1,0,0,0,36,3,116,sp|A6NE01|F186A_HUMAN,100.0,36.0,0.0,0.0,1.0,36.0,233.0,268.0,1.73e-18,75.1,,,,,"('TTMFSTL', 17, 23)",1,TTMFSTL,17,23,0,...[FWY]..[LVI]
589646,PLRNVVFKRAEEGVPVEFLVLHDVDLIISHVENNMHIEE,0,-0.179705918,-4.86199962,,,,590209,908,437,9,0,0,0,36,3,1354,sp|Q9P2K2|TXD16_HUMAN,100.0,36.0,0.0,0.0,1.0,36.0,320.0,355.0,1.2e-18,75.5,,,,,"('PVEFLVL', 14, 20)",1,PVEFLVL,14,20,0,...[FWY]..[LVI]
590770,PLRKYIHLVQIVETEKIAANQLRHQLEDQDTEIERLKSK,0,-3.635608819,-4.038266148,,,,591335,114,5,2,0,0,0,36,3,121,sp|O14827|RGRF2_HUMAN,100.0,35.0,0.0,0.0,1.0,35.0,146.0,180.0,1.95e-17,72.0,,,,,"('LRKYIHL', 1, 7)",1,LRKYIHL,1,7,0,...[FWY]..[LVI]
591548,PLRLEAAATSLQALSPQKQSFVLEVLSGCLEYRKLLTVV,0,-0.18398104,-4.713170774,,,,592116,273,131,3,0,0,0,36,3,407,sp|P25092|GUC2C_HUMAN,40.0,25.0,15.0,0.0,11.0,35.0,314.0,338.0,3.7,23.5,,,,,"('CLEYRKL', 28, 34)",1,CLEYRKL,28,34,0,...[FWY]..[LVI]
591613,PLRMAADLGPWNDTINGTWDGDELGYRCRFNEDFKYVLR,0,-2.467039098,-3.355123253,,,,592181,71,7,2,0,0,0,36,3,80,sp|P41231|P2RY2_HUMAN,100.0,35.0,0.0,0.0,1.0,35.0,1.0,35.0,6.400000000000001e-23,87.0,,,,,"('NEDFKYV', 30, 36)",1,NEDFKYV,30,36,0,...[FWY]..[LVI]
591666,PLRSSRLYSRFGFSSCTLQVEQYQPEMAQCLRCQEPPQA,0,-3.278452236,-2.35918147,,,,592234,89,5,5,0,0,0,36,3,99,sp|Q99726|ZNT3_HUMAN,100.0,36.0,0.0,0.0,1.0,36.0,353.0,388.0,9.84e-20,78.6,,,,,"('SRLYSRF', 4, 10)",1,SRLYSRF,4,10,0,...[FWY]..[WFY]
591820,PLRMAAFQCKVSLRPSFPKLKGRVIKLCFYLKRCF,0,-4.906006614,-3.249770253,,,,592388,165,3,5,0,0,0,32,3,173,sp|O14617|AP3D1_HUMAN,61.538,13.0,5.0,0.0,9.0,21.0,180.0,192.0,1.7,24.3,,,,,"('RPSFPKL', 13, 19)",1,RPSFPKL,13,19,0,...[FWY]..[LVI]
592012,PLRLADKHGFRQEYLDTLYRYAKFQYECGNYSGAAEYLY,0,-3.573107401,-4.653836635,,,,592580,262,12,3,0,0,0,36,3,277,sp|P60228|EIF3E_HUMAN,100.0,36.0,0.0,0.0,1.0,36.0,117.0,152.0,2.14e-20,80.5,,,,,"('LYRYAKF', 17, 23)",1,LYRYAKF,17,23,0,...[FWY]..[WFY]
592483,PLRMAASVEQREGTIQVQGQALFFREALPGSGQARFSVL,0,-4.175272973,-6.063357129,,,,593051,232,7,1,0,0,0,36,3,240,sp|Q96IU4|ABHEB_HUMAN,100.0,36.0,0.0,0.0,1.0,36.0,1.0,36.0,1.73e-18,73.2,,,,,"('QARFSVL', 32, 38)",1,QARFSVL,32,38,0,...[FWY]..[LVI]
592572,PLRMAAVPQNNLQEQLERHSARTLNNKLSLSKPKFSGFT,0,-2.639220073,-2.942341728,,,,593140,160,14,6,0,0,0,36,3,180,sp|P54132|BLM_HUMAN,100.0,36.0,0.0,0.0,1.0,36.0,1.0,36.0,6.1e-19,76.3,,,,,"('KPKFSGF', 31, 37)",1,KPKFSGF,31,37,0,...[FWY]..[WFY]
592669,PLRLVCEMSSLFHAMYSGSRTPHIPYKLLHLIWIHAEHL,0,-6.932001822,-7.012731056,,,,593238,448,2,1,0,0,0,36,3,451,sp|Q70EK9|UBP51_HUMAN,100.0,36.0,0.0,0.0,1.0,36.0,407.0,442.0,9.510000000000002e-21,81.6,,,,,"('HIPYKLL', 22, 28)",1,HIPYKLL,22,28,0,...[FWY]..[LVI]
592708,PLRQPQKHVQQRACYNIQPKLYRSVIEDVIEGVRNLFAE,0,-2.181230429,-3.320853351,,,,593277,208,25,6,0,0,0,36,3,239,sp|Q9UNN4|TF2AY_HUMAN,88.889,27.0,3.0,0.0,10.0,36.0,2.0,28.0,1.52e-09,49.7,,,,,"('PKLYRSV', 18, 24)",1,PKLYRSV,18,24,0,...[FWY]..[LVI]
592894,PLRLADFVKLSRTQVWKLENSLLDHRNKTIHNDYRRTS,0,-4.031537496,-2.527304229,,,,593463,60,2,3,0,0,0,35,3,65,sp|P23280|CAH6_HUMAN,100.0,34.0,0.0,0.0,1.0,34.0,233.0,266.0,3.14e-18,73.6,,,,,"('LADFVKL', 3, 9)",1,LADFVKL,3,9,0,...[FWY]..[LVI]
593282,PLRLAEFIQKRCNSLLEEETILHFFVQILLALHHVHTHL,0,-3.906006614,-3.986735847,,,,593851,55,2,1,0,0,0,36,3,58,sp|Q86SG6|NEK8_HUMAN,100.0,36.0,0.0,0.0,1.0,36.0,88.0,123.0,1.85e-20,80.9,,,,,"('LHFFVQI', 21, 27)",1,LHFFVQI,21,27,0,...[FWY]..[LVI]
593290,PLRLAEFTEADEAMAELAIADNVFLFLMESVVVSEYFYQ,0,-1.247503648,-0.427768555,,,,593859,196,45,42,0,0,0,36,3,283,sp|Q92621|NU205_HUMAN,100.0,36.0,0.0,0.0,1.0,36.0,349.0,384.0,1.13e-17,72.8,,,,,"('DNVFLFL', 20, 26)",1,DNVFLFL,20,26,0,...[FWY]..[LVI]
594110,PLRRAGGWVSGEEFYMLTRRVLQLETVLEGVVSQIDAVG,0,-2.809145074,-1.112266729,,,,594679,90,7,12,0,0,0,36,3,109,sp|Q9P0L9|PK2L1_HUMAN,100.0,36.0,0.0,0.0,1.0,36.0,697.0,732.0,4.4e-18,73.9,,,,,"('GEEFYML', 10, 16)",1,GEEFYML,10,16,0,...[FWY]..[LVI]
594910,PLRLPILQHISRNKEQGTYEDFVEGLRVFDKESNGTVMG,0,-0.601460597,-4.267152331,,,,595479,668,240,10,0,0,0,36,3,918,sp|P12829|MYL4_HUMAN,100.0,36.0,0.0,0.0,1.0,36.0,117.0,152.0,1.38e-20,78.2,,,,,"('QGTYEDF', 15, 21)",1,QGTYEDF,15,21,0,...[FWY]..[WFY]
595000,PLRLALSSDCPTWLQVRVRGSWRWKMQLGELIRQVSGNS,0,-2.553490199,-3.334659151,,,,595569,140,13,4,0,0,0,36,3,157,sp|Q9Y6D9|MD1L1_HUMAN,47.619,21.0,11.0,0.0,15.0,35.0,359.0,379.0,6.2,22.7,,,,,"('CPTWLQV', 9, 15)",1,CPTWLQV,9,15,0,...[FWY]..[LVI]
595143,PLRLAKDTEFSTISKGAAPSASSTPTIIASPKATYVQDS,0,-1.879534402,-3.960263636,,,,595712,54,8,1,0,0,0,36,3,63,sp|P34903|GBRA3_HUMAN,100.0,36.0,0.0,0.0,1.0,36.0,407.0,442.0,6.15e-17,70.9,,,,,"('DTEFSTI', 6, 12)",1,DTEFSTI,6,12,0,...[FWY]..[LVI]
595211,PLRLAMGPVTNKTGLDASPLAADTSYYQGVYSRPIMNSS,0,-1.246015081,-5.296370666,,,,595781,409,94,3,0,0,0,36,3,506,sp|Q9Y261|FOXA2_HUMAN,100.0,36.0,0.0,0.0,1.0,36.0,422.0,457.0,1.23e-18,75.5,,,,,"('TSYYQGV', 23, 29)",1,TSYYQGV,23,29,0,...[FWY]..[LVI]
595284,PLRMAKLIVDTMLSLMFPVTGIWLWGGCFSTWTKQGPSS,0,-2.231562104,-5.012731056,,,,595854,112,13,1,0,0,0,36,3,126,sp|O60840|CAC1F_HUMAN,40.0,30.0,18.0,0.0,4.0,33.0,1004.0,1033.0,0.33,26.2,,,,,"('GGCFSTW', 25, 31)",1,GGCFSTW,25,31,0,...[FWY]..[WFY]
595503,PLRMDLAKHLPHAFSKLENPRRVSILLKDISENLYSLRR,0,-3.484267285,-6.65245936,,,,596073,349,17,1,0,0,0,36,3,367,sp|Q14191|WRN_HUMAN,100.0,36.0,0.0,0.0,1.0,36.0,262.0,297.0,8.58e-19,75.9,,,,,"('PHAFSKL', 10, 16)",1,PHAFSKL,10,16,0,...[FWY]..[LVI]
595536,PLRLSLASLNATKLKHPYYPCMAKVSLQLAIQFLFQTYL,0,-6.190736091,-5.271465324,,,,596106,268,2,2,0,0,0,36,3,272,sp|Q9UPU5|UBP24_HUMAN,100.0,36.0,0.0,0.0,1.0,36.0,2143.0,2178.0,4.91e-19,76.6,,,,,"('QFLFQTY', 31, 37)",1,QFLFQTY,31,37,0,...[FWY]..[WFY]
595593,PLRLALVSFTCVGYAVTKAHPALVCAVLHSEVVVALILQ,0,-4.369118855,-5.324317207,,,,596163,417,11,3,0,0,0,36,3,431,sp|Q8N808|S35G3_HUMAN,100.0,36.0,0.0,0.0,1.0,36.0,262.0,297.0,6.72e-17,70.5,,,,,"('LVSFTCV', 5, 11)",1,LVSFTCV,5,11,0,...[FWY]..[LVI]
595950,PLRLALLYMIENGPGEIPVDFSKQYSASWMCLSLLAALA,0,-2.787611913,-4.453303647,,,,596520,76,6,1,0,0,0,36,3,83,sp|Q96HH6|TMM19_HUMAN,100.0,36.0,0.0,0.0,1.0,36.0,146.0,181.0,7.63e-19,75.5,,,,,"('SASWMCL', 25, 31)",1,SASWMCL,25,31,0,...[FWY]..[LVI]
595959,PLRLALMEKFKKKVHQLAMTVVSFHQVDYTFDRNVLSRL,0,-3.60577359,-5.271465324,,,,596529,134,6,1,0,0,0,36,3,141,sp|O95379|TFIP8_HUMAN,100.0,36.0,0.0,0.0,1.0,36.0,96.0,131.0,1.47e-19,75.5,,,,,"('VVSFHQV', 20, 26)",1,VVSFHQV,20,26,0,...[FWY]..[LVI]
596020,PLRMALNVAPVRDTKWLTLEVCRQFQRGTCSRSNEECKF,0,-0.57597522,-4.57044872,,,,596590,577,211,7,0,0,0,36,3,795,sp|Q5VZF2|MBNL2_HUMAN,97.222,36.0,1.0,0.0,1.0,36.0,1.0,36.0,1.92e-19,77.4,,,,,"('DTKWLTL', 12, 18)",1,DTKWLTL,12,18,0,...[FWY]..[LVI]
596060,PLRLALTQGSPHSRSRHQGTGGELWGTLQAYSVNGLAAA,0,-0.249191998,-2.260658569,,,,596630,133,61,8,0,0,0,36,3,202,sp|Q6JVE6|LCN10_HUMAN,45.161,31.0,14.0,1.0,5.0,35.0,88.0,115.0,0.36,26.2,,,,,"('GELWGTL', 21, 27)",1,GELWGTL,21,27,0,...[FWY]..[LVI]
596365,PLRLALWTWVVNRLKGTETTQKAGRGPTSLRLRWDNPRS,0,-3.797072242,-3.877801476,,,,596936,51,2,1,0,0,0,36,3,54,sp|Q14980|NUMA1_HUMAN,30.0,30.0,21.0,0.0,2.0,31.0,34.0,63.0,0.52,25.8,,,,,"('LALWTWV', 3, 9)",1,LALWTWV,3,9,0,...[FWY]..[LVI]
596426,PLRYPFLDAKEEFTHTTLAADVMRPRRNDPPLAVLTQAN,0,-3.668967416,-2.334659151,,,,596997,70,3,4,0,0,0,36,3,77,sp|P51790|CLCN3_HUMAN,97.222,36.0,1.0,0.0,1.0,36.0,639.0,674.0,2.15e-20,80.5,,,,,"('PLRYPFL', 0, 6)",1,PLRYPFL,0,6,0,...[FWY]..[LVI]
596633,PLRMANGTADVRKLFIFTTTQNYFGLMSELWDQPLLCNC,0,-1.516964323,-1.012731056,,,,597204,63,12,9,0,0,0,36,3,84,sp|Q8NCM8|DYHC2_HUMAN,100.0,36.0,0.0,0.0,1.0,36.0,1.0,36.0,3.8e-22,85.5,,,,,"('TQNYFGL', 19, 25)",1,TQNYFGL,19,25,0,...[FWY]..[LVI]
596740,PLRLANSVTPWDILLSLLQLPLMIWIIQVLINLSLLKL,0,-4.267604854,-4.933296588,,,,597311,106,3,1,0,0,0,35,3,110,sp|Q13946|PDE7A_HUMAN,93.333,15.0,1.0,0.0,1.0,15.0,233.0,247.0,0.001,33.5,,,,,"('VTPWDIL', 7, 13)",1,VTPWDIL,7,13,0,...[FWY]..[LVI]
597104,PLRLATQLTGPVMPIRNVYKKEKARVITEEEKNFKAFAS,0,-4.154394244,-4.820085978,,,,597675,196,6,2,0,0,0,36,3,204,sp|P26373|RL13_HUMAN,97.222,36.0,1.0,0.0,1.0,36.0,146.0,181.0,3.64e-19,74.7,,,,,"('EKNFKAF', 30, 36)",1,EKNFKAF,30,36,0,...[FWY]..[WFY]
597173,PLRLAPSSEQEQPEGLWPPLASPLHPLEVQGLICGPCFS,0,-4.648208856,-2.991972496,,,,597744,138,3,5,0,0,0,36,3,146,sp|Q9H252|KCNH6_HUMAN,100.0,36.0,0.0,0.0,1.0,36.0,929.0,964.0,4.48e-19,76.6,,,,,"('EGLWPPL', 13, 19)",1,EGLWPPL,13,19,0,...[FWY]..[LVI]
597507,PLRLEQLDLHSNVLMDIEDGAFEGLPRLTHLNLSRNSLT,0,-0.315945552,-2.375301135,,,,598078,306,134,17,0,0,0,36,3,457,sp|Q14392|LRC32_HUMAN,100.0,36.0,0.0,0.0,1.0,36.0,175.0,210.0,4.29e-18,73.9,,,,,"('DGAFEGL', 18, 24)",1,DGAFEGL,18,24,0,...[FWY]..[LVI]
598113,PLRLENMALENHGFARRIYEDSDADLQLQGFYEEVANPL,0,-3.378888188,-4.459617421,,,,598684,229,12,3,0,0,0,36,3,244,sp|Q06033|ITIH3_HUMAN,100.0,36.0,0.0,0.0,1.0,36.0,436.0,471.0,1.24e-19,78.6,,,,,"('QGFYEEV', 28, 34)",1,QGFYEEV,28,34,0,...[FWY]..[LVI]
598220,PLRMARTPHWALFGASERGFDPKDTRHQRKNKSKAISGC,0,-2.610073727,-5.012731056,,,,598791,112,10,1,0,0,0,36,3,123,sp|Q9NV66|TYW1_HUMAN,100.0,36.0,0.0,0.0,1.0,36.0,697.0,732.0,1.14e-20,81.3,,,,,"('TPHWALF', 6, 12)",1,TPHWALF,6,12,0,...[FWY]..[WFY]
598409,PLRLASFKILSLEGQKVMVAIPLVMTLVLLVSVTINRC,0,-2.347039321,-3.012731056,,,,598980,56,6,2,0,0,0,35,3,64,sp|Q9Y597|KCTD3_HUMAN,100.0,10.0,0.0,0.0,1.0,10.0,465.0,474.0,7.1,22.7,,,,,"('LASFKIL', 3, 9)",1,LASFKIL,3,9,0,...[FWY]..[LVI]
599795,PLRLAVPHNDEWTRFARTLVEIRANRADSEEEGTVELSA,0,-3.147014713,-1.642781446,,,,600366,65,4,6,0,0,0,36,3,75,sp|O14576|DC1I1_HUMAN,100.0,36.0,0.0,0.0,1.0,36.0,610.0,645.0,1.63e-18,75.1,,,,,"('NDEWTRF', 8, 14)",1,NDEWTRF,8,14,0,...[FWY]..[WFY]
599998,PLRQAWEKEFINFVKNYKNPNLTISFTAERSIEDELNRE,0,-1.26091259,-1.847169857,,,,600569,699,159,56,0,0,0,36,3,914,sp|O15118|NPC1_HUMAN,100.0,36.0,0.0,0.0,1.0,36.0,581.0,616.0,7.18e-21,82.0,,,,,"('EKEFINF', 6, 12)",1,EKEFINF,6,12,0,...[FWY]..[WFY]
600041,PLRLGSGYIGRVFGIGRQQVTVDEVLAEGGFAIVFLVRT,0,-1.751429577,-2.112266729,,,,600612,105,17,7,0,0,0,36,3,129,sp|Q2M2I8|AAK1_HUMAN,100.0,36.0,0.0,0.0,1.0,36.0,30.0,65.0,2.7e-19,77.4,,,,,"('EGGFAIV', 27, 33)",1,EGGFAIV,27,33,0,...[FWY]..[LVI]
600046,PLRLDWLQGAGLGDIATEFFRKLSMAVNLLCVPRTSLL,0,-5.334100266,-2.829866999,,,,600617,74,1,3,0,0,0,35,3,78,sp|Q5U651|RAIN_HUMAN,100.0,35.0,0.0,0.0,1.0,35.0,813.0,847.0,2.52e-18,74.7,,,,,"('TEFFRKL', 16, 22)",1,TEFFRKL,16,22,0,...[FWY]..[LVI]
600492,PLRLCSCRMEGFSLFLACCGAGWGSCRQTSWSPAIPCH,0,-4.245662301,-4.063357129,,,,601063,174,5,3,0,0,0,35,3,182,sp|Q8NAE3|CA180_HUMAN,72.727,22.0,6.0,0.0,1.0,22.0,88.0,109.0,0.001,32.3,,,,,"('MEGFSLF', 8, 14)",1,MEGFSLF,8,14,0,...[FWY]..[WFY]
600780,PLRLCEQQPIGRRLFRDFLATVPTFRKAATFLEDVQNW,0,-0.682642353,-3.933296588,,,,601351,53,18,1,0,0,0,35,3,72,sp|Q8WTQ7|GRK7_HUMAN,100.0,35.0,0.0,0.0,1.0,35.0,59.0,93.0,2.31e-19,77.4,,,,,"('RRLFRDF', 11, 17)",1,RRLFRDF,11,17,0,...[FWY]..[WFY]
601102,PLRLCHDLGHGHFLTCLMVVLFHLLARR,0,-2.311347614,-4.640004361,,,,601673,173,19,2,0,0,0,25,3,194,sp|Q9Y3Z3|SAMH1_HUMAN,90.0,10.0,1.0,0.0,1.0,10.0,204.0,213.0,0.16,26.6,,,,,"('VVLFHLL', 18, 24)",1,VVLFHLL,18,24,0,...[FWY]..[LVI]
601151,PLRLCHKTDLNNLEMPIKEDQIADNFQGISGPKEDSTSI,0,-4.99501162,-3.490778353,,,,601722,117,2,3,0,0,0,36,3,122,sp|Q8N573|OXR1_HUMAN,97.222,36.0,1.0,0.0,1.0,36.0,409.0,444.0,1.21e-18,75.5,,,,,"('ADNFQGI', 22, 28)",1,ADNFQGI,22,28,0,...[FWY]..[LVI]
601611,PLRLWLLVKEAQPLEWVSSPLGPPEPWSSHSY,0,-4.007289949,-4.088019183,,,,602182,59,2,1,0,0,0,29,3,62,sp|O60309|L37A3_HUMAN,74.194,31.0,1.0,1.0,5.0,28.0,34.0,64.0,1.28e-07,43.9,,,,,"('LRLWLLV', 1, 7)",1,LRLWLLV,1,7,0,...[FWY]..[LVI]
602241,PLRVYADSMLSFSLTTAMYLVTFGIGASPFTNIEAARIF,0,-4.584078519,-3.664807752,,,,602814,132,3,3,0,0,0,36,3,138,sp|Q96NR3|PTHD1_HUMAN,100.0,36.0,0.0,0.0,1.0,36.0,367.0,402.0,3.34e-18,74.3,,,,,"('ASPFTNI', 26, 32)",1,ASPFTNI,26,32,0,...[FWY]..[LVI]
602285,PLRMCRRACGGHGYSKLSGLPSLVTKLSASCTYEGENTV,0,-2.792071561,-2.152908714,,,,602858,216,17,14,0,0,0,36,3,247,sp|Q99424|ACOX2_HUMAN,100.0,36.0,0.0,0.0,1.0,36.0,407.0,442.0,3.89e-21,82.8,,,,,"('GHGYSKL', 10, 16)",1,GHGYSKL,10,16,0,...[FWY]..[LVI]
603690,PLRLDEARLAGKDCASTRRRKIFLCWLLGSWAICILPT,0,-3.267604854,-3.933296588,,,,604266,106,6,2,0,0,0,35,3,114,sp|P18206|VINC_HUMAN,48.148,27.0,13.0,1.0,1.0,26.0,303.0,329.0,0.88,25.0,,,,,"('RKIFLCW', 19, 25)",1,RKIFLCW,19,25,0,...[FWY]..[WFY]
604250,PLRLDGDGTCECYSAYTGPKCDKPIPECAALLCPENSRS,0,-5.616499996,-3.69722923,,,,604826,90,1,2,0,0,0,36,3,93,sp|Q8WWQ8|STAB2_HUMAN,100.0,35.0,0.0,0.0,1.0,35.0,175.0,209.0,7.83e-19,76.3,,,,,"('CECYSAY', 9, 15)",1,CECYSAY,9,15,0,...[FWY]..[WFY]
604523,PLRLDHFNIQVDNPVSVLTQEMSKQFLQSKNEGDKYKFF,0,-2.333006624,-5.83327475,,,,605099,989,107,5,0,0,0,36,3,1101,sp|Q96SB8|SMC6_HUMAN,100.0,36.0,0.0,0.0,1.0,36.0,175.0,210.0,1.24e-19,78.6,,,,,"('GDKYKFF', 32, 38)",1,GDKYKFF,32,38,0,...[FWY]..[WFY]
604599,PLRLDQRINKHYDDHRKSALYFAVSNSDLSSVKLLLSAG,0,-4.197895882,-4.056232695,,,,605175,404,12,7,0,0,0,36,3,423,sp|A6NK59|ASB14_HUMAN,100.0,36.0,0.0,0.0,1.0,36.0,344.0,379.0,4.21e-18,73.9,,,,,"('SALYFAV', 17, 23)",1,SALYFAV,17,23,0,...[FWY]..[LVI]
604887,PLRRDQRAMMVQTSSQYKFVCEAILRVYEEGLVQMLDPS,0,-3.230846304,-5.481500539,,,,605463,155,9,1,0,0,0,36,3,165,sp|P26045|PTN3_HUMAN,100.0,36.0,0.0,0.0,1.0,36.0,878.0,913.0,3.04e-19,77.4,,,,,"('SSQYKFV', 13, 19)",1,SSQYKFV,13,19,0,...[FWY]..[LVI]
605047,PLRLDKLRKNAFASVILFGTNNSSSISGVWVFRGQELAF,0,-6.938428091,-4.434194824,,,,605623,225,1,3,0,0,0,36,3,229,sp|P26641|EF1G_HUMAN,100.0,36.0,0.0,0.0,1.0,36.0,349.0,384.0,5.88e-19,76.3,,,,,"('KNAFASV', 8, 14)",1,KNAFASV,8,14,0,...[FWY]..[LVI]
605177,PLRLELDKLGTSELLLAKNVGNNSFNDIMEANLPSPSHN,0,-2.475144147,-2.877801476,,,,605754,51,5,2,0,0,0,36,3,58,sp|Q9ULH1|ASAP1_HUMAN,100.0,30.0,0.0,0.0,1.0,30.0,494.0,523.0,1.81e-13,60.8,,,,,"('NNSFNDI', 21, 27)",1,NNSFNDI,21,27,0,...[FWY]..[LVI]
605353,PLRLDVLIQLGIIVTVVLQILWTRPCLSPFVLFILTIA,0,-4.069505346,-3.15023458,,,,605930,154,5,5,0,0,0,35,3,164,sp|Q5THJ4|VP13D_HUMAN,36.667,30.0,19.0,0.0,5.0,34.0,56.0,85.0,1.4,24.6,,,,,"('LSPFVLF', 26, 32)",1,LSPFVLF,26,32,0,...[FWY]..[WFY]
605736,PLRLDTLAAMQDLKMGVASTEEETQAVMKVYSKEDYSVV,0,-0.199414669,-3.834732754,,,,606313,99,47,2,0,0,0,36,3,148,sp|O75592|MYCB2_HUMAN,100.0,36.0,0.0,0.0,1.0,36.0,1199.0,1234.0,9.49e-18,73.2,,,,,"('KEDYSVV', 32, 38)",1,KEDYSVV,32,38,0,...[FWY]..[LVI]
605945,PLRLDRKLLELLWNKYWVNTLSSSSLLTNADYTTGQVFD,0,-0.528225284,-2.742810264,,,,606522,209,79,9,0,0,0,36,3,297,sp|Q92905|CSN5_HUMAN,100.0,36.0,0.0,0.0,1.0,36.0,233.0,268.0,3.81e-19,76.6,,,,,"('ELLWNKY', 9, 15)",1,ELLWNKY,9,15,0,...[FWY]..[WFY]
607106,PLRLDTTEWTTLVSDSQEDKKNSRPRPRAGHCAVAIGTR,0,-3.932001822,-2.012731056,,,,607685,84,3,6,0,0,0,36,3,93,sp|Q9Y5Z7|HCFC2_HUMAN,100.0,36.0,0.0,0.0,1.0,36.0,291.0,326.0,1.53e-19,78.2,,,,,"('TTEWTTL', 5, 11)",1,TTEWTTL,5,11,0,...[FWY]..[LVI]
607207,PLRLDVFSSTYMQIVKLLGLDVPSLCLAELVKTYCSSFK,0,-4.334100266,-4.999792,,,,607786,111,3,1,0,0,0,36,3,115,sp|Q9HAW0|BRF2_HUMAN,100.0,36.0,0.0,0.0,1.0,36.0,146.0,181.0,1.06e-18,75.5,,,,,"('SSTYMQI', 7, 13)",1,SSTYMQI,7,13,0,...[FWY]..[LVI]
607384,PLRMDVVFLIDNSRNIAKDEFKAVKALVSSVIDNFNIAS,0,-3.658625472,-2.516962285,,,,607963,139,6,7,0,0,0,36,3,152,sp|A8TX70|CO6A5_HUMAN,100.0,36.0,0.0,0.0,1.0,36.0,1962.0,1997.0,2.98e-18,74.3,,,,,"('KDEFKAV', 17, 23)",1,KDEFKAV,17,23,0,...[FWY]..[LVI]
608006,PLRPEARASKDYSGFRGNIIPRGAAGKIRE,0,-6.575858012,-5.656587246,,,,608585,175,1,1,0,0,0,27,3,177,sp|Q71RC2|LARP4_HUMAN,100.0,27.0,0.0,0.0,1.0,27.0,668.0,694.0,5.14e-12,56.2,,,,,"('SKDYSGF', 8, 14)",1,SKDYSGF,8,14,0,...[FWY]..[WFY]
608224,PLRVECQRTECIKPVVQEVLTITPFQRLYRIGESIELTC,0,-0.310513445,-2.713170774,,,,608803,182,80,8,0,0,0,36,3,270,sp|P13671|CO6_HUMAN,100.0,36.0,0.0,0.0,1.0,36.0,697.0,732.0,2.13e-18,74.7,,,,,"('ITPFQRL', 21, 27)",1,ITPFQRL,21,27,0,...[FWY]..[LVI]
608351,PLRMEDEMPKTLYVGNLSRDVTEALILQLFSQIGPCKNC,0,-5.679235752,-5.759964986,,,,608930,188,2,1,0,0,0,36,3,191,sp|P31483|TIA1_HUMAN,100.0,36.0,0.0,0.0,1.0,36.0,1.0,36.0,4.170000000000001e-21,82.0,,,,,"('LQLFSQI', 26, 32)",1,LQLFSQI,26,32,0,...[FWY]..[LVI]
609596,PLRLEGEASPPLGARRRFSALLEPSRFSAPQEDEDEARL,0,-3.326280761,-4.72893809,,,,610176,92,5,1,0,0,0,36,3,98,sp|Q9Y2H9|MAST1_HUMAN,100.0,36.0,0.0,0.0,1.0,36.0,784.0,819.0,2.48e-17,72.0,,,,,"('RRRFSAL', 14, 20)",1,RRRFSAL,14,20,0,...[FWY]..[LVI]
610046,PLRLEIALAPYQHLEEDMKSLKQVLEMKNQQIHEQEKKI,0,-5.87283975,-5.953568983,,,,610627,215,2,1,0,0,0,36,3,218,sp|Q5JR59|MTUS2_HUMAN,100.0,36.0,0.0,0.0,1.0,36.0,1225.0,1260.0,3.08e-18,74.3,,,,,"('LAPYQHL', 7, 13)",1,LAPYQHL,7,13,0,...[FWY]..[LVI]
610179,PLRLEILVILKEWTSKLWHRQSIVVSFLLLLAVLIATYY,0,-8.212109741,-7.292838975,,,,610760,544,1,1,0,0,0,36,3,546,sp|Q96GC9|VMP1_HUMAN,100.0,36.0,0.0,0.0,1.0,36.0,59.0,94.0,3.78e-17,71.2,,,,,"('VVSFLLL', 23, 29)",1,VVSFLLL,23,29,0,...[FWY]..[LVI]
610265,PLRLESQGIERLHPMQFDHKKELRKLNMSILINFLDLLD,0,-2.08598528,-5.867154232,,,,610846,405,52,2,0,0,0,36,3,459,sp|O43513|MED7_HUMAN,100.0,36.0,0.0,0.0,1.0,36.0,59.0,94.0,9.09e-19,74.3,,,,,"('LINFLDL', 30, 36)",1,LINFLDL,30,36,0,...[FWY]..[LVI]
610776,PLRMEKRGSCVAGGPGFPSLVTLLPLSSLHTTHPKPCPL,0,-1.908253219,-4.533302969,,,,611359,241,35,3,0,0,0,36,3,279,sp|A8MQ14|ZN850_HUMAN,40.541,37.0,18.0,1.0,2.0,34.0,838.0,874.0,0.26,26.6,,,,,"('GPGFPSL', 13, 19)",1,GPGFPSL,13,19,0,...[FWY]..[LVI]
610953,PLRLEQCNIVQPPPPCKIENSIPNPNGTESGTYFTSFQL,0,-4.369407135,-2.947636028,,,,611536,455,12,17,0,0,0,36,3,484,sp|Q13129|RLF_HUMAN,100.0,36.0,0.0,0.0,1.0,36.0,1683.0,1718.0,4.79e-20,79.7,,,,,"('GTYFTSF', 30, 36)",1,GTYFTSF,30,36,0,...[FWY]..[WFY]
611048,PLRMELFEGRGISEEGLRDSPFVGLGHQVGESGLLVLR,0,-0.214401553,-2.182656057,,,,611631,315,148,20,0,0,0,35,3,483,sp|Q16798|MAON_HUMAN,56.25,16.0,7.0,0.0,10.0,25.0,234.0,249.0,5.1,23.1,,,,,"('DSPFVGL', 18, 24)",1,DSPFVGL,18,24,0,...[FWY]..[LVI]
611613,PLRLKNITRKNIAKMIAGNSTESSKTPVTIEKIYPYYVK,0,-1.97475147,-6.303408217,,,,612196,274,38,1,0,0,0,36,3,313,sp|Q9H5I5|PIEZ2_HUMAN,100.0,36.0,0.0,0.0,1.0,36.0,2557.0,2592.0,1.15e-18,75.5,,,,,"('EKIYPYY', 30, 36)",1,EKIYPYY,30,36,0,...[FWY]..[WFY]
611811,PLRMEPAFGEVNQLGGVFVNGRPLPNAIRLRIVELAQLG,0,-5.253929917,-1.74969665,,,,612395,70,1,6,0,0,0,36,3,77,sp|P55771|PAX9_HUMAN,100.0,36.0,0.0,0.0,1.0,36.0,1.0,36.0,9.95e-19,75.5,,,,,"('EPAFGEV', 4, 10)",1,EPAFGEV,4,10,0,...[FWY]..[LVI]
612002,PLRVEQPIVPRPAPRPTDYLSWGTASPYSAMATYSATCA,0,-4.794712969,-8.460404704,,,,612586,1222,24,1,0,0,0,36,3,1247,sp|P54821|PRRX1_HUMAN,100.0,36.0,0.0,0.0,1.0,36.0,175.0,210.0,8.64e-21,79.7,,,,,"('PTDYLSW', 15, 21)",1,PTDYLSW,15,21,0,...[FWY]..[WFY]
612770,PLRLERREVEQQGFLHLGEHDGSLDLRSRRSVQEGNPRA,0,-0.080447096,-0.771229812,,,,613354,225,116,38,0,0,0,36,3,379,sp|Q6UXY8|TMC5_HUMAN,100.0,36.0,0.0,0.0,1.0,36.0,971.0,1006.0,8.580000000000001e-21,81.6,,,,,"('QQGFLHL', 10, 16)",1,QQGFLHL,10,16,0,...[FWY]..[LVI]
614065,PLRLSAAIRASQPRLLFQIFGTGHSSLESPTNMPSPSPD,0,-3.919062766,-1.999792,,,,614649,111,4,8,0,0,0,36,3,123,sp|Q9UM73|ALK_HUMAN,100.0,36.0,0.0,0.0,1.0,36.0,204.0,239.0,2.61e-18,74.7,,,,,"('RLLFQIF', 13, 19)",1,RLLFQIF,13,19,0,...[FWY]..[WFY]
614256,PLRLFDQPGDPLKRSSFIIYDIMNELMGKRFSPKDPDDD,0,-1.596292877,-2.01460347,,,,614841,771,139,55,0,0,0,36,3,965,sp|Q96EY7|PTCD3_HUMAN,100.0,36.0,0.0,0.0,1.0,36.0,378.0,413.0,1.36e-20,81.3,,,,,"('RSSFIIY', 13, 19)",1,RSSFIIY,13,19,0,...[FWY]..[WFY]
614309,PLRLFAYPGCDAGIRHGAVLRPALHHFWHGFR,0,-4.410049119,-5.490778353,,,,614894,312,8,2,0,0,0,29,3,322,sp|P50851|LRBA_HUMAN,81.25,16.0,3.0,0.0,1.0,16.0,2814.0,2829.0,0.001,32.7,,,,,"('HHFWHGF', 24, 30)",1,HHFWHGF,24,30,0,...[FWY]..[WFY]
614445,PLRMFDFSFPTPASAGTRMGPASCGGRSLHLPQLRFSRV,0,-4.811147427,-2.891876661,,,,615030,103,2,4,0,0,0,36,3,109,sp|A2RUQ5|CQ102_HUMAN,100.0,36.0,0.0,0.0,1.0,36.0,1.0,36.0,5.18e-20,76.3,,,,,"('QLRFSRV', 32, 38)",1,QLRFSRV,32,38,0,...[FWY]..[LVI]
614482,PLRMFDKVLVDAPCSNDRSWLFSSDSQKASCRISQRRNL,0,-4.063246355,-2.143975589,,,,615067,92,3,6,0,0,0,36,3,101,sp|Q9H649|NSUN3_HUMAN,100.0,36.0,0.0,0.0,1.0,36.0,204.0,239.0,2.46e-19,77.0,,,,,"('LRMFDKV', 1, 7)",1,LRMFDKV,1,7,0,...[FWY]..[LVI]
614652,PLRLFVLILILYLLTILGNTTIILVSRLEPKLHMPMYFF,0,-5.640346738,-4.306038473,,,,615237,549,6,8,0,0,0,36,3,563,sp|Q8NGZ5|OR2G2_HUMAN,100.0,36.0,0.0,0.0,1.0,36.0,30.0,65.0,4.48e-17,70.9,,,,,"('LRLFVLI', 1, 7)",1,LRLFVLI,1,7,0,...[FWY]..[LVI]
614702,PLRLLEQQSTNSSEFEAPSLSDSMSSVADSHSSHFSEFS,0,-3.622897768,-3.025555096,,,,615287,113,5,4,0,0,0,36,3,122,sp|Q9NV58|RN19A_HUMAN,97.222,36.0,1.0,0.0,1.0,36.0,697.0,732.0,2.8e-16,68.9,,,,,"('SSHFSEF', 31, 37)",1,SSHFSEF,31,37,0,...[FWY]..[WFY]
615031,PLRLFVLTKTNLSYYVYDKMKRGSRKGPLKLRKSVVWR,0,-0.503934374,-2.657072104,,,,615617,372,143,17,0,0,0,35,3,532,sp|P51813|BMX_HUMAN,80.0,30.0,6.0,0.0,1.0,30.0,30.0,59.0,1.26e-10,52.8,,,,,"('NLSYYVY', 10, 16)",1,NLSYYVY,10,16,0,...[FWY]..[WFY]
615650,PLRLFLAFRSDASVGLSGFAIEFKEKPREACFDPGNIMN,0,-5.608462677,-4.689191911,,,,616238,179,2,2,0,0,0,36,3,183,sp|Q96PZ7|CSMD1_HUMAN,100.0,36.0,0.0,0.0,1.0,36.0,1537.0,1572.0,2.68e-20,80.1,,,,,"('LRLFLAF', 1, 7)",1,LRLFLAF,1,7,0,...[FWY]..[WFY]
615769,PLRLFLGMYLTTVLGNLLIMLLIQLDSHLHTPMYFFLSH,0,-3.972643807,-4.375301135,,,,616357,144,5,2,0,0,0,36,3,151,sp|Q8NGS2|OR1J2_HUMAN,100.0,36.0,0.0,0.0,1.0,36.0,30.0,65.0,1.13e-17,72.4,,,,,"('TPMYFFL', 30, 36)",1,TPMYFFL,30,36,0,...[FWY]..[LVI]
616475,PLRLFTTLTTRPVMEPPCVGNLNNSLDLNRKLIPRENLV,0,-0.702914748,-0.866106142,,,,617063,215,72,34,0,0,0,36,3,321,sp|Q9UPS8|ANR26_HUMAN,100.0,36.0,0.0,0.0,1.0,36.0,1597.0,1632.0,9.38e-20,78.6,,,,,"('LRLFTTL', 1, 7)",1,LRLFTTL,1,7,0,...[FWY]..[LVI]
616863,PLRLFSCADLGLRLLAPLMPFLAEELWQRLPPRPGCPPA,0,-2.475144147,-2.877801476,,,,617452,51,5,2,0,0,0,36,3,58,sp|Q5ST30|SYVM_HUMAN,100.0,36.0,0.0,0.0,1.0,36.0,842.0,877.0,1.81e-18,75.1,,,,,"('EELWQRL', 23, 29)",1,EELWQRL,23,29,0,...[FWY]..[LVI]
617863,PLRLGAIRGTHGDLAGGAAADWQPAPCPTVRPLKFVGFC,0,-6.284518237,-3.78028497,,,,618452,143,1,3,0,0,0,36,3,147,sp|P11047|LAMC1_HUMAN,50.0,20.0,10.0,0.0,6.0,25.0,757.0,776.0,0.027,29.3,,,,,"('PLKFVGF', 31, 37)",1,PLKFVGF,31,37,0,...[FWY]..[WFY]
618104,PLRLGAVCGVVLYCACWHNGMSERNLSALENYNFELVDG,0,-6.067161405,-2.825962544,,,,618693,123,1,5,0,0,0,36,3,129,sp|O14786|NRP1_HUMAN,100.0,36.0,0.0,0.0,1.0,36.0,871.0,906.0,3.29e-22,85.9,,,,,"('NYNFELV', 30, 36)",1,NYNFELV,30,36,0,...[FWY]..[LVI]
618142,PLRMGAYHGKHNFDTFSHQRPCLLKSLKHEGANKLRYPL,0,-3.088121024,-4.490778353,,,,618731,78,5,1,0,0,0,36,3,84,sp|P51648|AL3A2_HUMAN,94.286,35.0,2.0,0.0,1.0,35.0,407.0,441.0,3.1e-20,80.1,,,,,"('KHNFDTF', 9, 15)",1,KHNFDTF,9,15,0,...[FWY]..[WFY]
618339,PLRMGCVFCKKLEPVATAKEDAGLEGDFRSYGAADHYGP,0,-3.349613265,-4.752270594,,,,618928,187,10,2,0,0,0,36,3,199,sp|P09769|FGR_HUMAN,100.0,36.0,0.0,0.0,1.0,36.0,1.0,36.0,4.58e-21,82.4,,,,,"('EGDFRSY', 24, 30)",1,EGDFRSY,24,30,0,...[FWY]..[WFY]
618667,PLRLGETSAPQQTSLGLLDNLAPAVQIILRISFLILLGI,0,-0.131599661,-0.219315325,,,,619256,416,207,103,0,0,0,36,3,726,sp|Q7Z6W1|TMCO2_HUMAN,100.0,36.0,0.0,0.0,1.0,36.0,30.0,65.0,6.87e-18,70.9,,,,,"('RISFLIL', 29, 35)",1,RISFLIL,29,35,0,...[FWY]..[LVI]
618869,PLRLGKNEDGKGRCPFDPAHSYTSVMVDGELYSGTSYNF,0,-0.052296056,-2.486662244,,,,619458,175,92,9,0,0,0,36,3,276,sp|Q92854|SEM4D_HUMAN,100.0,36.0,0.0,0.0,1.0,36.0,146.0,181.0,2.15e-20,80.5,,,,,"('AHSYTSV', 18, 24)",1,AHSYTSV,18,24,0,...[FWY]..[LVI]
620506,PLRLGLAAMPEKRPFERLPADVSPINCSLCLKPDLLDFT,0,-1.932001822,-2.427768555,,,,621097,56,8,3,0,0,0,36,3,67,sp|A6NEC2|PSAL_HUMAN,100.0,36.0,0.0,0.0,1.0,36.0,40.0,75.0,2.32e-19,77.8,,,,,"('KRPFERL', 11, 17)",1,KRPFERL,11,17,0,...[FWY]..[LVI]
620781,PLRLGLIIFSLGVISWRRAGHSSYTPLPGSNYSEGWHIS,0,-2.584078519,-0.816810846,,,,621372,55,5,9,0,0,0,36,3,69,sp|P28068|DMB_HUMAN,100.0,36.0,0.0,0.0,1.0,36.0,228.0,263.0,2.12e-19,76.3,,,,,"('HSSYTPL', 20, 26)",1,HSSYTPL,20,26,0,...[FWY]..[LVI]
620851,PLRLGMLFGGILMKRFVFSLQTIPRIATTIITISMILCV,0,-0.886984284,-6.506872329,,,,621442,631,186,2,0,0,0,36,3,819,sp|Q92959|SO2A1_HUMAN,97.222,36.0,1.0,0.0,1.0,36.0,378.0,413.0,1.49e-16,69.7,,,,,"('GMLFGGI', 4, 10)",1,GMLFGGI,4,10,0,...[FWY]..[LVI]
621190,PLRLGLVAGALALGLWLRLRRGGKDGSPKPGFLASVIPV,0,-0.483727993,-2.503056682,,,,621783,59,23,3,0,0,0,36,3,85,sp|Q14626|I11RA_HUMAN,100.0,36.0,0.0,0.0,1.0,36.0,378.0,413.0,7.17e-17,70.5,,,,,"('LGLWLRL', 12, 18)",1,LGLWLRL,12,18,0,...[FWY]..[LVI]
621283,PLRLGMGFSQASRRWMDLQPTDVLWSLGDAFGGSLSLSA,0,-3.294571902,-2.960263636,,,,621876,54,3,2,0,0,0,36,3,59,sp|Q6P461|ACSM6_HUMAN,100.0,36.0,0.0,0.0,1.0,36.0,243.0,278.0,1.51e-18,75.5,,,,,"('SRRWMDL', 11, 17)",1,SRRWMDL,11,17,0,...[FWY]..[LVI]
621556,PLRMGNSSLHLRWHSWNVPGLGRQPQAPSSAAPEALAVA,0,-3.13747094,-3.440592596,,,,622149,113,7,3,0,0,0,36,3,123,sp|Q9UK55|ZPI_HUMAN,52.632,19.0,9.0,0.0,13.0,31.0,17.0,35.0,0.024,29.6,,,,,"('HLRWHSW', 9, 15)",1,HLRWHSW,9,15,0,...[FWY]..[WFY]
621844,PLRMGPPSLVLCLLSATVFSLLGGSSAFLSHHRLKGRFQ,0,-6.101926824,-3.860727962,,,,622437,252,2,5,0,0,0,36,3,259,sp|Q8IWU5|SULF2_HUMAN,100.0,36.0,0.0,0.0,1.0,36.0,1.0,36.0,4.09e-20,79.7,,,,,"('ATVFSLL', 15, 21)",1,ATVFSLL,15,21,0,...[FWY]..[LVI]
621900,PLRLGPRNELFDAAKYRVLADRFGSPADSWGVRNRPCR,0,-1.101926824,-0.482216339,,,,622493,63,16,13,0,0,0,35,3,92,sp|Q7L2E3|DHX30_HUMAN,100.0,27.0,0.0,0.0,1.0,27.0,127.0,153.0,1.14e-13,61.2,,,,,"('AAKYRVL', 12, 18)",1,AAKYRVL,12,18,0,...[FWY]..[LVI]
621901,PLRLGPSPQRDPQAVKERALSAPWLSLFPPEGNMEDKEM,0,-3.843465148,-2.339231881,,,,622494,158,6,9,0,0,0,36,3,173,sp|O14978|ZN263_HUMAN,100.0,36.0,0.0,0.0,1.0,36.0,175.0,210.0,2.49e-19,77.4,,,,,"('SAPWLSL', 20, 26)",1,SAPWLSL,20,26,0,...[FWY]..[LVI]
622629,PLRLGSAPQLTLQLYISVMQQDVTVGRSLLMTISLLSIV,0,-5.212109741,-3.707876474,,,,623222,136,2,3,0,0,0,36,3,141,sp|P51811|XK_HUMAN,100.0,36.0,0.0,0.0,1.0,36.0,146.0,181.0,1.26e-16,69.7,,,,,"('LQLYISV', 11, 17)",1,LQLYISV,11,17,0,...[FWY]..[LVI]
624546,PLRLHFVNNSSISAGQSKAQISLQKIKPVFDFLVNKFST,0,-1.380986653,-1.129140548,,,,625142,387,81,51,0,0,0,36,3,519,sp|Q96DM1|PGBD4_HUMAN,100.0,36.0,0.0,0.0,1.0,36.0,204.0,239.0,4.55e-18,73.9,,,,,"('KPVFDFL', 26, 32)",1,KPVFDFL,26,32,0,...[FWY]..[LVI]
624634,PLRLPGALFNLFSAAPIHLGLQSPPGSLLRFPPSQPEST,0,-0.542872677,-3.636425951,,,,625230,302,113,7,0,0,0,36,3,422,sp|Q9BZE9|ASPC1_HUMAN,55.0,20.0,9.0,0.0,7.0,26.0,453.0,472.0,1.4,24.6,,,,,"('GALFNLF', 5, 11)",1,GALFNLF,5,11,0,...[FWY]..[WFY]
624980,PLRLHIIAGQMNIEYMNNTDMFYTLTGKSGEIFNSDKDN,0,-3.314471459,-4.395200693,,,,625576,73,4,1,0,0,0,36,3,78,sp|Q8WWQ8|STAB2_HUMAN,100.0,36.0,0.0,0.0,1.0,36.0,436.0,471.0,6.240000000000001e-21,82.0,,,,,"('TDMFYTL', 18, 24)",1,TDMFYTL,18,24,0,...[FWY]..[LVI]
625269,PLRLHLEHNNLEEFPFPLPKSLERLLLGYNEISKLQTNA,0,-3.109540008,-1.605306741,,,,625865,95,6,9,0,0,0,36,3,110,sp|Q99983|OMD_HUMAN,100.0,36.0,0.0,0.0,1.0,36.0,146.0,181.0,6.05e-18,73.6,,,,,"('LLGYNEI', 25, 31)",1,LLGYNEI,25,31,0,...[FWY]..[LVI]
625305,PLRLHLGGESFWVSMISYNSLGKSPVATLRIPAIQEKSF,0,-1.259489442,-2.549672042,,,,625901,325,74,16,0,0,0,36,3,415,sp|Q8NI17|IL31R_HUMAN,100.0,36.0,0.0,0.0,1.0,36.0,291.0,326.0,5.16e-19,76.6,,,,,"('MISYNSL', 14, 20)",1,MISYNSL,14,20,0,...[FWY]..[LVI]
625654,PLRVRDKPGLERFVAMNRGINEGGDLPEELLRNLYDSIH,0,-0.22898356,-4.631640889,,,,626250,86,40,1,0,0,0,36,3,127,sp|Q99418|CYH2_HUMAN,100.0,35.0,0.0,0.0,1.0,35.0,204.0,238.0,4.82e-18,73.9,,,,,"('RNLYDSI', 31, 37)",1,RNLYDSI,31,37,0,...[FWY]..[LVI]
626484,PLRLHSSVKRSCSQNDSEEPTLSLTSSFGTILRKCSRNE,0,-6.135874156,-3.631640889,,,,627082,129,1,3,0,0,0,36,3,133,sp|P51587|BRCA2_HUMAN,100.0,36.0,0.0,0.0,1.0,36.0,639.0,674.0,2.6e-18,74.7,,,,,"('TSSFGTI', 24, 30)",1,TSSFGTI,24,30,0,...[FWY]..[LVI]
626504,PLRLNSVKNKFSDVQVLCSLYGEKAKAALDLERQIQDAD,0,-1.631606889,-0.259823918,,,,627102,108,19,26,0,0,0,36,3,153,sp|Q92817|EVPL_HUMAN,100.0,36.0,0.0,0.0,1.0,36.0,610.0,645.0,7.33e-19,76.3,,,,,"('KNKFSDV', 7, 13)",1,KNKFSDV,7,13,0,...[FWY]..[LVI]
626847,PLRLRYCDRSHQTYWLDPAKTLAEHKELINTGPPYTLYF,0,-4.1246469,-5.205376134,,,,627446,128,4,1,0,0,0,36,3,133,sp|Q9HCS5|E41LA_HUMAN,100.0,36.0,0.0,0.0,1.0,36.0,59.0,94.0,3.3200000000000002e-21,82.8,,,,,"('GPPYTLY', 31, 37)",1,GPPYTLY,31,37,0,...[FWY]..[WFY]
626899,PLRRHYRKHTAPSRSSAGCATAASRALTTWPYI,0,-2.104469018,-2.770160753,,,,627498,71,9,3,0,0,0,30,3,83,sp|Q9H1H9|KI13A_HUMAN,36.364,22.0,14.0,0.0,8.0,29.0,1435.0,1456.0,3.9,23.1,,,,,"('LTTWPYI', 26, 32)",1,LTTWPYI,26,32,0,...[FWY]..[LVI]
627462,PLRLIVQYEVNFQNGIECGGAYVKLLSKTPELNPDQFHD,0,-3.919062766,-3.414829499,,,,628061,111,4,3,0,0,0,36,3,118,sp|P27824|CALX_HUMAN,97.222,36.0,1.0,0.0,1.0,36.0,146.0,181.0,7.01e-19,76.3,,,,,"('GGAYVKL', 18, 24)",1,GGAYVKL,18,24,0,...[FWY]..[LVI]
627611,PLRLIEVQSNSLHKISVDVQRPTGSFSIDFLGGFTSYYD,0,-1.028431585,-6.385285224,,,,628210,580,155,2,0,0,0,36,3,737,sp|Q7Z2K6|ERMP1_HUMAN,100.0,36.0,0.0,0.0,1.0,36.0,146.0,181.0,7.9e-19,76.3,,,,,"('LGGFTSY', 30, 36)",1,LGGFTSY,30,36,0,...[FWY]..[WFY]
627647,PLRLNEQRLSNQFCDVTLLIEGEEYKAHKSVLSANSEYF,0,-5.039530286,-2.20272168,,,,628246,543,9,34,0,0,0,36,3,586,sp|O95625|ZBT11_HUMAN,100.0,36.0,0.0,0.0,1.0,36.0,204.0,239.0,3.99e-19,77.0,,,,,"('SNQFCDV', 9, 15)",1,SNQFCDV,9,15,0,...[FWY]..[LVI]
627705,PLRLIFCTLAALAEERKPLECLDAFGATGIMGLQWAKHL,0,-4.557606307,-5.960263636,,,,628304,216,5,1,0,0,0,36,3,222,sp|Q7Z2T5|TRM1L_HUMAN,100.0,36.0,0.0,0.0,1.0,36.0,262.0,297.0,6.010000000000001e-21,82.0,,,,,"('RLIFCTL', 2, 8)",1,RLIFCTL,2,8,0,...[FWY]..[LVI]
627855,PLRLIISMSRDYASNLGTSYVPIPARSFTQSSPTFPLAS,0,-0.628376636,-1.879030871,,,,628454,587,207,46,0,0,0,36,3,840,sp|Q5T481|RBM20_HUMAN,93.548,31.0,2.0,0.0,6.0,36.0,475.0,505.0,1.24e-12,58.5,,,,,"('GTSYVPI', 16, 22)",1,GTSYVPI,16,22,0,...[FWY]..[LVI]
628042,PLRMIGRIPCGRLGTVEELANLAAFLCSDYASWINGAVI,0,-0.734964975,-6.370283061,,,,628641,287,94,1,0,0,0,36,3,382,sp|Q16698|DECR_HUMAN,100.0,36.0,0.0,0.0,1.0,36.0,262.0,297.0,1.11e-20,80.5,,,,,"('CSDYASW', 26, 32)",1,CSDYASW,26,32,0,...[FWY]..[WFY]
628541,PLRLIKISEGTGFRIHMIHKAAVAAKKFGPKSSKKFDIL,0,-4.550911655,-2.631640889,,,,629141,129,3,6,0,0,0,36,3,138,sp|Q9Y2R4|DDX52_HUMAN,100.0,36.0,0.0,0.0,1.0,36.0,254.0,289.0,3.97e-18,73.9,,,,,"('SKKFDIL', 32, 38)",1,SKKFDIL,32,38,0,...[FWY]..[LVI]
628640,PLRLVQQNVIPPFCNLLSVKDSQVVQVVLDGLKNILIMA,0,-5.1246469,-4.205376134,,,,629240,64,1,1,0,0,0,36,3,66,sp|O00505|IMA4_HUMAN,100.0,36.0,0.0,0.0,1.0,36.0,407.0,442.0,2.69e-17,71.6,,,,,"('IPPFCNL', 9, 15)",1,IPPFCNL,9,15,0,...[FWY]..[LVI]
628948,PLRLILNKDDIRCGWPTTITVQTKDQYGDVVHVPNMKVE,0,-0.1246469,-3.249770253,,,,629548,66,33,2,0,0,0,36,3,101,sp|O75592|MYCB2_HUMAN,100.0,36.0,0.0,0.0,1.0,36.0,2272.0,2307.0,1.0600000000000001e-21,84.3,,,,,"('KDQYGDV', 23, 29)",1,KDQYGDV,23,29,0,...[FWY]..[LVI]
629012,PLRLILSPWGDLTSRSLAADPSHPCLCGPAHLGNTPRNN,0,-2.610073727,-2.690802961,,,,629612,112,10,5,0,0,0,36,3,127,sp|Q5T9A4|ATD3B_HUMAN,77.778,18.0,4.0,0.0,9.0,26.0,593.0,610.0,0.00028,35.0,,,,,"('LSPWGDL', 5, 11)",1,LSPWGDL,5,11,0,...[FWY]..[LVI]
629233,PLRMINIWNVKYNSIHCVANLLAGLVLYQEDVGIHVVDG,0,-3.328089028,-6.10925798,,,,629833,479,26,2,0,0,0,36,3,507,sp|Q9HAU5|RENT2_HUMAN,100.0,36.0,0.0,0.0,1.0,36.0,813.0,848.0,7.04e-21,82.0,,,,,"('NVKYNSI', 8, 14)",1,NVKYNSI,8,14,0,...[FWY]..[LVI]
629247,PLRRTDTASRLKQMVHEGNQRWDNLQRRVTAVLRRLRHF,0,-0.980007195,-5.308663942,,,,629847,275,76,2,0,0,0,36,3,353,sp|Q8WXH0|SYNE2_HUMAN,100.0,36.0,0.0,0.0,1.0,36.0,6208.0,6243.0,4.79e-18,73.9,,,,,"('NQRWDNL', 18, 24)",1,NQRWDNL,18,24,0,...[FWY]..[LVI]
629850,PLRLISLLLTMFEALGDPEKNCSRAATVMINCLLQERGG,0,-5.400771305,-5.896538038,,,,630451,620,8,3,0,0,0,36,3,631,sp|Q8NDA8|MROH1_HUMAN,100.0,36.0,0.0,0.0,1.0,36.0,1051.0,1086.0,4.78e-19,76.6,,,,,"('LTMFEAL', 8, 14)",1,LTMFEAL,8,14,0,...[FWY]..[LVI]
629965,PLRLISEVVRSLLVVSDLSTERNQFELMYVTLTELRRVH,0,-4.212109741,-4.292838975,,,,630566,68,2,1,0,0,0,36,3,71,sp|P42858|HD_HUMAN,97.222,36.0,1.0,0.0,1.0,36.0,2696.0,2731.0,2.13e-16,69.3,,,,,"('ELMYVTL', 25, 31)",1,ELMYVTL,25,31,0,...[FWY]..[LVI]
630226,PLRLITTSYTFIVAALLKIHSAAGRHRAFSTCSSHLTW,0,-1.183540589,-2.849232324,,,,630829,50,12,2,0,0,0,35,3,64,sp|Q8NGF6|O10W1_HUMAN,100.0,34.0,0.0,0.0,1.0,34.0,204.0,237.0,1.9e-16,68.9,,,,,"('TTSYTFI', 5, 11)",1,TTSYTFI,5,11,0,...[FWY]..[LVI]
630292,PLRLITEMRLVNEMYQTSLRQFLGLFDLSLARSVKSPIT,0,-5.1246469,-2.620413633,,,,630895,128,2,6,0,0,0,36,3,136,sp|Q8TE73|DYH5_HUMAN,100.0,36.0,0.0,0.0,1.0,36.0,3829.0,3864.0,3.41e-18,74.3,,,,,"('LRQFLGL', 18, 24)",1,LRQFLGL,18,24,0,...[FWY]..[LVI]
630328,PLRLITNALHHIPDVITYLTRLRNQSVFNFCAIPQVMAI,0,-4.113331587,-4.194060821,,,,630931,127,4,2,0,0,0,36,3,133,sp|P37268|FDFT_HUMAN,97.222,36.0,1.0,0.0,1.0,36.0,262.0,297.0,1.21e-19,78.2,,,,,"('VFNFCAI', 26, 32)",1,VFNFCAI,26,32,0,...[FWY]..[LVI]
631216,PLRMKAMPWNWTCLLSHLLMVGMGSSTLLTRQPAPLSQK,0,-0.359036855,-1.934256998,,,,631821,1127,479,85,0,0,0,36,3,1691,sp|Q9HCM2|PLXA4_HUMAN,100.0,36.0,0.0,0.0,1.0,36.0,1.0,36.0,3.7300000000000006e-21,82.8,,,,,"('PWNWTCL', 7, 13)",1,PWNWTCL,7,13,0,...[FWY]..[LVI]
631888,PLRLTEACIRVAGKILESLDRGVSPCEDFYQFSCGGWIQ,0,-6.147014713,-4.227743947,,,,632493,130,1,2,0,0,0,36,3,133,sp|P0DPD6|ECE2_HUMAN,97.222,36.0,1.0,0.0,1.0,36.0,141.0,176.0,2.8400000000000007e-21,83.2,,,,,"('CEDFYQF', 25, 31)",1,CEDFYQF,25,31,0,...[FWY]..[WFY]
631979,PLRLNEEITKLNPDIKLFEGVAINNTFLPSQNDLRICSL,0,-0.258129906,-3.494137365,,,,632584,860,392,22,0,0,0,36,3,1274,sp|Q9Y620|RA54B_HUMAN,100.0,36.0,0.0,0.0,1.0,36.0,30.0,65.0,1.83e-18,75.1,,,,,"('IKLFEGV', 14, 20)",1,IKLFEGV,14,20,0,...[FWY]..[LVI]
632025,PLRLKEGSSREVPVGIPFFVNVTHNGTYQCQASSSRGKY,0,-3.397665395,-4.063357129,,,,632630,58,3,1,0,0,0,36,3,62,sp|P32942|ICAM3_HUMAN,100.0,36.0,0.0,0.0,1.0,36.0,436.0,471.0,9.03e-20,79.0,,,,,"('IPFFVNV', 15, 21)",1,IPFFVNV,15,21,0,...[FWY]..[LVI]
632055,PLRLKEIQSAFVSVLSENDELSQDVASKGLGLVYELGNE,0,-0.101746498,-2.083697577,,,,632660,250,127,17,0,0,0,36,3,394,sp|Q5VYK3|ECM29_HUMAN,100.0,36.0,0.0,0.0,1.0,36.0,983.0,1018.0,1.24e-17,72.8,,,,,"('QSAFVSV', 7, 13)",1,QSAFVSV,7,13,0,...[FWY]..[LVI]
633016,PLRPKHKTRPSHSEVWGLVPVSDDY,0,-3.620057816,-4.28574955,,,,633622,203,9,3,0,0,0,22,3,215,sp|Q9C0K1|S39A8_HUMAN,100.0,14.0,0.0,0.0,1.0,14.0,117.0,130.0,5.92e-06,38.9,,,,,"('SEVWGLV', 12, 18)",1,SEVWGLV,12,18,0,...[FWY]..[LVI]
633381,PLRLKKAREPGPPREPKEPFRPPPITPHEYMLSLYRTLS,0,-5.243587973,-5.324317207,,,,633987,139,2,1,0,0,0,36,3,142,sp|P43026|GDF5_HUMAN,100.0,36.0,0.0,0.0,1.0,36.0,146.0,181.0,2.06e-18,75.1,,,,,"('LSLYRTL', 31, 37)",1,LSLYRTL,31,37,0,...[FWY]..[LVI]
633663,PLRLKKPETFPKNQRRVFRTPDLKGMLEVFRELTDVRRY,0,-0.481517692,-5.25340883,,,,634270,397,155,3,0,0,0,36,3,555,sp|Q9C035|TRIM5_HUMAN,97.222,36.0,1.0,0.0,1.0,36.0,262.0,297.0,2.37e-19,77.4,,,,,"('LEVFREL', 26, 32)",1,LEVFREL,26,32,0,...[FWY]..[LVI]
633866,PLRLKLDSEKKLEDARARCEGQEMTTEELTKPGKYHFWE,0,-0.745233311,-5.633317466,,,,634473,861,280,5,0,0,0,36,3,1146,sp|Q8NA70|FA47B_HUMAN,100.0,36.0,0.0,0.0,1.0,36.0,349.0,384.0,2.13e-19,77.8,,,,,"('PGKYHFW', 31, 37)",1,PGKYHFW,31,37,0,...[FWY]..[WFY]
634155,PLRLKPPQLATMLLGMPGEGEVVRYRSVWPLTLLALKS,0,-0.258812138,-6.222184422,,,,634762,259,118,1,0,0,0,35,3,378,sp|Q96FB5|RRNAD_HUMAN,100.0,35.0,0.0,0.0,1.0,35.0,59.0,93.0,2.12e-17,72.0,,,,,"('VVRYRSV', 21, 27)",1,VVRYRSV,21,27,0,...[FWY]..[LVI]
634244,PLRLKTTFQENTQSISVRGIKFIPGPPGNKDLCFTWREF,0,-1.338771705,-7.64831963,,,,634851,696,150,1,0,0,0,36,3,847,sp|A6NHR9|SMHD1_HUMAN,100.0,36.0,0.0,0.0,1.0,36.0,1206.0,1241.0,2.13e-20,80.5,,,,,"('CFTWREF', 32, 38)",1,CFTWREF,32,38,0,...[FWY]..[WFY]
635308,PLRLKNNNSTLTISGIGPEDEAIYQCVAENSAGSSQASA,0,-3.359863362,-6.025555096,,,,635918,226,12,1,0,0,0,36,3,239,sp|Q8IVU1|IGDC3_HUMAN,100.0,36.0,0.0,0.0,1.0,36.0,378.0,413.0,4.1e-17,71.2,,,,,"('EAIYQCV', 20, 26)",1,EAIYQCV,20,26,0,...[FWY]..[LVI]
635324,PLRLKNPLGTFIFCHAYLADQDMECLSQYPSLSQLKEL,0,-0.071795018,-6.271465324,,,,635934,268,139,1,0,0,0,35,3,408,sp|Q5VTA0|PRA17_HUMAN,100.0,35.0,0.0,0.0,1.0,35.0,291.0,325.0,1.34e-18,75.5,,,,,"('LSQYPSL', 25, 31)",1,LSQYPSL,25,31,0,...[FWY]..[LVI]
635658,PLRLQSATDTWENLVSDARIKQGLIHQHCQVRIDTLGLL,0,-3.441757979,-6.429377808,,,,636268,299,15,1,0,0,0,36,3,315,sp|Q6YHU6|THADA_HUMAN,100.0,36.0,0.0,0.0,1.0,36.0,610.0,645.0,2.56e-19,77.4,,,,,"('TDTWENL', 7, 13)",1,TDTWENL,7,13,0,...[FWY]..[LVI]
635884,PLRWLKIQESRCEVNLQGASLRSECCATLGAAWGSPCER,0,-2.526745344,-3.414829499,,,,636494,74,7,2,0,0,0,36,3,83,sp|Q75N90|FBN3_HUMAN,100.0,36.0,0.0,0.0,1.0,36.0,813.0,848.0,1.06e-18,75.9,,,,,"('PLRWLKI', 0, 6)",1,PLRWLKI,0,6,0,...[FWY]..[LVI]
636673,PLRLQWVVGTEVEIINQQLADFKMFQKEQVDPLQMKLQQ,0,-5.550911655,-4.631640889,,,,637286,86,1,1,0,0,0,36,3,88,sp|Q9UPN3|MACF1_HUMAN,100.0,36.0,0.0,0.0,1.0,36.0,5258.0,5293.0,1.7e-18,75.1,,,,,"('LADFKMF', 18, 24)",1,LADFKMF,18,24,0,...[FWY]..[WFY]
637032,PLRLLARLTFFQEWIDKGPPVVFWISGFYFTQSFLTGVS,0,-2.23507089,-4.190269241,,,,637645,190,22,3,0,0,0,36,3,215,sp|Q8TD57|DYH3_HUMAN,100.0,36.0,0.0,0.0,1.0,36.0,3945.0,3980.0,2.0900000000000002e-21,83.6,,,,,"('LTFFQEW', 7, 13)",1,LTFFQEW,7,13,0,...[FWY]..[WFY]
637574,PLRLLATAPCLYLALVLAPTTLLPPMCSWALGSCFCPA,0,-3.679235752,-4.759964986,,,,638189,94,4,1,0,0,0,35,3,99,sp|Q6ZMD2|SPNS3_HUMAN,73.333,30.0,8.0,0.0,1.0,30.0,349.0,378.0,1.78e-05,38.1,,,,,"('PCLYLAL', 8, 14)",1,PCLYLAL,8,14,0,...[FWY]..[LVI]
637747,PLRLLCEFSVTQNRLEVNISQSTYKDPNNLAFNEIKILG,0,-4.879534402,-3.545226137,,,,638362,324,6,8,0,0,0,36,3,338,sp|O43451|MGA_HUMAN,100.0,36.0,0.0,0.0,1.0,36.0,871.0,906.0,9.84e-20,78.6,,,,,"('NLAFNEI', 28, 34)",1,NLAFNEI,28,34,0,...[FWY]..[LVI]
637959,PLRLLGTWSDTSSGGPARAYPVGGLCYYLSPPESFGSVL,0,-0.191969925,-4.567319908,,,,638574,658,314,8,0,0,0,36,3,980,sp|P61619|S61A1_HUMAN,100.0,36.0,0.0,0.0,1.0,36.0,320.0,355.0,2.9e-20,80.1,,,,,"('PESFGSV', 31, 37)",1,PESFGSV,31,37,0,...[FWY]..[LVI]
638401,PLRMLDVEAQEPPKGKWSTPPFDPRFPSQNQIRNCYQNF,0,-1.152127637,-1.611368494,,,,639016,53,13,5,0,0,0,36,3,71,sp|Q6YFQ2|CX6B2_HUMAN,100.0,36.0,0.0,0.0,1.0,36.0,1.0,36.0,4.32e-22,79.3,,,,,"('RNCYQNF', 32, 38)",1,RNCYQNF,32,38,0,...[FWY]..[WFY]
638420,PLRLLDVWNKEDTVQVSTLLRPPHCPRMVQDGDFVRYHY,0,-2.793025409,-1.35918147,,,,639035,89,7,10,0,0,0,36,3,106,sp|Q96AY3|FKB10_HUMAN,100.0,36.0,0.0,0.0,1.0,36.0,146.0,181.0,9.07e-21,81.6,,,,,"('DGDFVRY', 30, 36)",1,DGDFVRY,30,36,0,...[FWY]..[WFY]
640348,PLRLLKPCECCGRSLKIIVYTLYFKTHRQMGVVSKPSR,0,-4.895475946,-4.713170774,,,,640965,273,5,3,0,0,0,35,3,281,sp|Q08AG5|ZN844_HUMAN,40.741,27.0,14.0,1.0,3.0,27.0,335.0,361.0,0.36,26.2,,,,,"('IIVYTLY', 16, 22)",1,IIVYTLY,16,22,0,...[FWY]..[WFY]
640680,PLRLLGWGSLLIILKNEGFYSSTCPAESSTNTTQDEQRR,0,-5.139597242,-4.805288976,,,,641297,194,3,2,0,0,0,36,3,199,sp|O75387|LAT3_HUMAN,100.0,36.0,0.0,0.0,1.0,36.0,30.0,65.0,2.52e-19,77.4,,,,,"('LLGWGSL', 3, 9)",1,LLGWGSL,3,9,0,...[FWY]..[LVI]
640935,PLRLLQRRKRENMSDGDTSATESGDEVPVELYTAFQHTP,0,-4.71478221,-5.194060821,,,,641553,1397,29,11,0,0,0,36,3,1437,sp|Q8IZD2|KMT2E_HUMAN,100.0,36.0,0.0,0.0,1.0,36.0,175.0,210.0,1.45e-19,78.2,,,,,"('VELYTAF', 28, 34)",1,VELYTAF,28,34,0,...[FWY]..[WFY]
641451,PLRLSLDQALVKQSWDRVTSRLFDWHIQLDKSLPAPLGT,0,-4.75885292,-4.424544654,,,,642070,149,3,2,0,0,0,36,3,154,sp|Q8NF91|SYNE1_HUMAN,100.0,36.0,0.0,0.0,1.0,36.0,378.0,413.0,1.06e-19,78.6,,,,,"('KQSWDRV', 11, 17)",1,KQSWDRV,11,17,0,...[FWY]..[LVI]
642240,PLRLLLRRPCPGMASGDPCLFLELGLTIPRPFMKALGQE,0,-4.440551207,-6.106242942,,,,642860,239,6,1,0,0,0,36,3,246,sp|Q8IU99|CAHM1_HUMAN,41.176,34.0,20.0,0.0,1.0,34.0,155.0,188.0,0.67,25.4,,,,,"('PCLFLEL', 17, 23)",1,PCLFLEL,17,23,0,...[FWY]..[LVI]
642438,PLRMLLWPLLLLLLLLPTLALLRQQRSQDARLSWLAGLQ,0,-5.442561933,-7.693216168,,,,643059,718,9,1,0,0,0,36,3,728,sp|Q8N2G8|GHDC_HUMAN,100.0,36.0,0.0,0.0,1.0,36.0,1.0,36.0,5.27e-15,65.1,,,,,"('MLLWPLL', 3, 9)",1,MLLWPLL,3,9,0,...[FWY]..[LVI]
642916,PLRLLNSAQSGSAGRPLAEDVFVHVDMSEGVPGDPASPP,0,-3.244386144,-6.025555096,,,,643537,226,13,1,0,0,0,36,3,240,sp|Q5JTD0|TJAP1_HUMAN,100.0,36.0,0.0,0.0,1.0,36.0,243.0,278.0,1.74e-18,75.1,,,,,"('EDVFVHV', 18, 24)",1,EDVFVHV,18,24,0,...[FWY]..[LVI]
643375,PLRLLTPKGEDSEEDEDTEYFDAMEDSTSFITVITRPS,0,-2.372574414,-1.868341147,,,,643996,76,8,6,0,0,0,35,3,90,sp|Q969R2|OSBP2_HUMAN,100.0,32.0,0.0,0.0,1.0,32.0,436.0,467.0,3.31e-07,43.1,,,,,"('STSFITV', 26, 32)",1,STSFITV,26,32,0,...[FWY]..[LVI]
643608,PLRLLPVCEHSGPSSGKIPSDRAELGAGSVCGHIFQKVE,0,-4.382034743,-4.462763977,,,,644229,153,4,2,0,0,0,36,3,159,sp|Q9H583|HEAT1_HUMAN,50.0,18.0,9.0,0.0,1.0,18.0,1259.0,1276.0,0.81,25.4,,,,,"('GHIFQKV', 31, 37)",1,GHIFQKV,31,37,0,...[FWY]..[LVI]
643804,PLRLLQHSHSQVPEAGSTTFQGIIEANRRWLERVKNDPR,0,-3.709609401,-4.112266729,,,,644425,120,5,2,0,0,0,36,3,127,sp|Q9UPV0|CE164_HUMAN,100.0,36.0,0.0,0.0,1.0,36.0,1393.0,1428.0,2.57e-20,80.5,,,,,"('STTFQGI', 16, 22)",1,STTFQGI,16,22,0,...[FWY]..[LVI]
643925,PLRLLQMVLQGWKFNGGSLYYFSSVKKSWHEAEQFCMSQ,0,-0.783609982,-1.527304229,,,,644546,60,19,6,0,0,0,36,3,85,sp|Q8N1N0|CLC4F_HUMAN,97.222,36.0,1.0,0.0,1.0,36.0,465.0,500.0,5.4e-20,79.3,,,,,"('LYYFSSV', 18, 24)",1,LYYFSSV,18,24,0,...[FWY]..[LVI]
644314,PLRVLRGAPHEVAVEILEGESVITWDFDILHGDVVFSL,0,-3.557606307,-2.375301135,,,,644936,108,5,6,0,0,0,35,3,119,sp|O43304|S14L5_HUMAN,97.143,35.0,1.0,0.0,1.0,35.0,517.0,551.0,8.58e-18,73.2,,,,,"('TWDFDIL', 23, 29)",1,TWDFDIL,23,29,0,...[FWY]..[LVI]
645407,PLRLLVLEQYLTIIPEKLKPWVRAKKPENCEKLVTLLEN,0,-1.48721698,-1.375301135,,,,646030,72,14,8,0,0,0,36,3,94,sp|Q9GZU2|PEG3_HUMAN,100.0,36.0,0.0,0.0,1.0,36.0,88.0,123.0,9.39e-20,78.6,,,,,"('LEQYLTI', 6, 12)",1,LEQYLTI,6,12,0,...[FWY]..[LVI]
645410,PLRMLVLFLLGTVFLLCPYWGELHDPIKATELCVMNVK,0,-2.584078519,-2.986735847,,,,646033,55,5,2,0,0,0,35,3,62,sp|Q6UY27|PATE2_HUMAN,96.552,29.0,1.0,0.0,1.0,29.0,1.0,29.0,4.41e-15,62.0,,,,,"('CPYWGEL', 16, 22)",1,CPYWGEL,16,22,0,...[FWY]..[LVI]
645685,PLRMLSKRGCHARIYADFPIRRLISQRSSLETLEDIEEN,0,-3.574679821,-3.877801476,,,,646308,153,7,3,0,0,0,36,3,163,sp|Q8TDN4|CABL1_HUMAN,100.0,19.0,0.0,0.0,18.0,36.0,283.0,301.0,6.97e-06,39.3,,,,,"('ARIYADF', 11, 17)",1,ARIYADF,11,17,0,...[FWY]..[WFY]
645805,PLRLVSNVGGDGEEIERFFKLHQEDQACATCLILACSTA,0,-3.901628173,-4.567319908,,,,646428,329,12,4,0,0,0,36,3,345,sp|O75694|NU155_HUMAN,100.0,36.0,0.0,0.0,1.0,36.0,524.0,559.0,1.01e-20,81.6,,,,,"('IERFFKL', 14, 20)",1,IERFFKL,14,20,0,...[FWY]..[LVI]
647473,PLRTDEGIEEEIPDSPVLKSMIKKRNKRIRKSFVPLKY,0,-1.253929917,-1.74969665,,,,648101,70,16,6,0,0,0,35,3,92,sp|Q8IWW6|RHG12_HUMAN,56.0,25.0,11.0,0.0,1.0,25.0,581.0,605.0,0.003,32.0,,,,,"('RKSFVPL', 29, 35)",1,RKSFVPL,29,35,0,...[FWY]..[LVI]
647493,PLRLMLDNWKLGEVLFKSINSCS,0,-4.307868724,-3.388597958,,,,648121,109,3,3,0,0,0,20,3,115,sp|Q13490|BIRC2_HUMAN,90.0,10.0,1.0,0.0,1.0,10.0,88.0,97.0,0.36,25.0,,,,,"('EVLFKSI', 12, 18)",1,EVLFKSI,12,18,0,...[FWY]..[LVI]
647529,PLRLMLRCTKGREYIKVVMQNGRMMGAVLIGETDLEETF,0,-4.302564692,-4.12025952,,,,648157,181,5,3,0,0,0,36,3,189,sp|Q8WU10|PYRD1_HUMAN,100.0,36.0,0.0,0.0,1.0,36.0,436.0,471.0,9.74e-20,78.6,,,,,"('GREYIKV', 10, 16)",1,GREYIKV,10,16,0,...[FWY]..[LVI]
648048,PLRMMSSRRHPAAFAFLVHLSLYLSRSLTSAGQPF,0,-2.106499553,-2.924194381,,,,648676,79,10,3,0,0,0,32,3,92,sp|Q14571|ITPR2_HUMAN,45.833,24.0,13.0,0.0,5.0,28.0,2214.0,2237.0,7.7,22.3,,,,,"('PAAFAFL', 10, 16)",1,PAAFAFL,10,16,0,...[FWY]..[LVI]
648099,PLRLMTKVNKQKLFEKSTGLPHKASRHLDSYEFLKAILN,0,-4.663805711,-3.744534945,,,,648727,93,2,2,0,0,0,36,3,97,sp|Q13352|CENPR_HUMAN,100.0,36.0,0.0,0.0,1.0,36.0,142.0,177.0,4.03e-20,76.6,,,,,"('LDSYEFL', 27, 33)",1,LDSYEFL,27,33,0,...[FWY]..[LVI]
648410,PLRLNDRVFEERRALLGKWFDKWTDSQRRRILTGLLERC,0,-1.446574995,-2.527304229,,,,649039,80,16,4,0,0,0,36,3,100,sp|Q8IX29|FBX16_HUMAN,100.0,36.0,0.0,0.0,1.0,36.0,30.0,65.0,1.43e-19,77.0,,,,,"('GKWFDKW', 16, 22)",1,GKWFDKW,16,22,0,...[FWY]..[WFY]
648706,PLRLTEFGINVALFILYMAAALSM,0,-1.148493642,-4.136113471,,,,649336,61,15,1,0,0,0,21,3,77,sp|Q8N4S9|MALD2_HUMAN,94.737,19.0,1.0,0.0,1.0,19.0,291.0,309.0,1.45e-06,40.4,,,,,"('VALFILY', 10, 16)",1,VALFILY,10,16,0,...[FWY]..[WFY]
649116,PLRLNGRISYYSTPIAVGTVIRYSCSGTFRLIGEKSLLC,0,-4.863414737,-5.266072066,,,,649747,267,5,2,0,0,0,36,3,274,sp|P20023|CR2_HUMAN,100.0,36.0,0.0,0.0,1.0,36.0,30.0,65.0,2.59e-18,74.7,,,,,"('SGTFRLI', 25, 31)",1,SGTFRLI,25,31,0,...[FWY]..[LVI]
649171,PLRLNLDGFNDIVIGAPLEDDHGGAVYIYHGSGKTIRKE,0,-5.944825863,-6.025555096,,,,649802,226,2,1,0,0,0,36,3,229,sp|P56199|ITA1_HUMAN,100.0,36.0,0.0,0.0,1.0,36.0,581.0,616.0,4.96e-21,82.4,,,,,"('LDGFNDI', 5, 11)",1,LDGFNDI,5,11,0,...[FWY]..[LVI]
649288,PLRLNISEKLTLLPTLYEIHSKTTAYSRLNETHLLTFS,0,-3.397665395,-2.478394628,,,,649919,58,3,3,0,0,0,35,3,64,sp|Q86T96|RN180_HUMAN,85.714,35.0,5.0,0.0,1.0,35.0,233.0,267.0,3.03e-13,60.1,,,,,"('TTAYSRL', 22, 28)",1,TTAYSRL,22,28,0,...[FWY]..[LVI]
649813,PLRLNLVKRMKIKTGKALNLGYALDYAQRYIFVKSAGSR,0,-2.025868746,-2.60909832,,,,650444,127,17,6,0,0,0,36,3,150,sp|P12111|CO6A3_HUMAN,100.0,36.0,0.0,0.0,1.0,36.0,900.0,935.0,4.24e-19,77.0,,,,,"('AQRYIFV', 26, 32)",1,AQRYIFV,26,32,0,...[FWY]..[LVI]
650355,PLRMNRFKNALNSCDPWVQAKCYQLLLSVFQHSNRALST,0,-4.516964323,-4.597693557,,,,650987,252,6,3,0,0,0,36,3,261,sp|Q9P2D3|HTR5B_HUMAN,100.0,36.0,0.0,0.0,1.0,36.0,1886.0,1921.0,1.16e-20,81.3,,,,,"('AKCYQLL', 19, 25)",1,AKCYQLL,19,25,0,...[FWY]..[LVI]
650449,PLRLNRYMEYAISTSPFTSNETNIIEVVASSEVGRYVAK,0,-0.821069831,-3.954910402,,,,651081,538,166,10,0,0,0,36,3,714,sp|Q6Q4G3|AMPQ_HUMAN,100.0,36.0,0.0,0.0,1.0,36.0,871.0,906.0,6.55e-18,73.6,,,,,"('LNRYMEY', 3, 9)",1,LNRYMEY,3,9,0,...[FWY]..[WFY]
650620,PLRLTSQPGKEVVKQLEEGLKDTDLARVRRFQVVEVTKG,0,-3.422327449,-1.503056682,,,,651254,59,3,6,0,0,0,36,3,68,sp|Q8TC57|M1AP_HUMAN,100.0,36.0,0.0,0.0,1.0,36.0,146.0,181.0,1.7e-18,75.1,,,,,"('VRRFQVV', 27, 33)",1,VRRFQVV,27,33,0,...[FWY]..[LVI]
651327,PLRMPDSWDKDVYPEPPRRTPVQPNPIVYMMKAFDLIVD,0,-3.856450789,-4.744534945,,,,651963,186,7,2,0,0,0,36,3,195,sp|O96000|NDUBA_HUMAN,100.0,36.0,0.0,0.0,1.0,36.0,1.0,36.0,3.1600000000000006e-21,79.3,,,,,"('MKAFDLI', 30, 36)",1,MKAFDLI,30,36,0,...[FWY]..[LVI]
651586,PLRLPENPYHSRPRPDPSPEIEGDLQPATHGSRFYFWTK,0,-3.516964323,-4.182656057,,,,652222,63,3,1,0,0,0,36,3,67,sp|P51970|NDUA8_HUMAN,100.0,36.0,0.0,0.0,1.0,36.0,137.0,172.0,1.0600000000000001e-21,80.5,,,,,"('GSRFYFW', 30, 36)",1,GSRFYFW,30,36,0,...[FWY]..[WFY]
651841,PLRLPAAWSTFAYSLRPSRSPLRALIEMVVAREPSASLG,0,-3.946648598,-1.705449737,,,,652477,396,14,35,0,0,0,36,3,445,sp|Q9H665|IGFR1_HUMAN,100.0,36.0,0.0,0.0,1.0,36.0,291.0,326.0,4.37e-17,70.9,,,,,"('PAAWSTF', 4, 10)",1,PAAWSTF,4,10,0,...[FWY]..[WFY]
652194,PLRLPAPQHPKIRLYNAEQVLSWEPVALSNSTRPVVYQV,0,-0.518128256,-2.896538038,,,,652831,155,59,6,0,0,0,36,3,220,sp|P38484|INGR2_HUMAN,100.0,36.0,0.0,0.0,1.0,36.0,30.0,65.0,5.12e-19,76.3,,,,,"('VLSWEPV', 19, 25)",1,VLSWEPV,19,25,0,...[FWY]..[LVI]
652419,PLRLPTVPSDHLPNLYGFSALHAVT,0,-2.317291978,-4.205376134,,,,653056,64,7,1,0,0,0,22,3,72,sp|Q8TAX0|OSR1_HUMAN,100.0,21.0,0.0,0.0,1.0,21.0,30.0,50.0,1.33e-08,46.2,,,,,"('LYGFSAL', 14, 20)",1,LYGFSAL,14,20,0,...[FWY]..[LVI]
653389,PLRLPIHCVCVTKEYSHILVGLEDGKLIVVGVGKPAEMR,0,-3.592795736,-6.580415565,,,,654029,332,15,1,0,0,0,36,3,348,sp|Q6ZS30|NBEL1_HUMAN,100.0,36.0,0.0,0.0,1.0,36.0,2628.0,2663.0,9.85e-21,81.6,,,,,"('TKEYSHI', 11, 17)",1,TKEYSHI,11,17,0,...[FWY]..[LVI]
653664,PLRLTKKHGRNYIVVDERRAVEELLECLDLEKSSCCMGY,0,-5.101926824,-3.767618558,,,,654304,189,3,4,0,0,0,36,3,196,sp|Q92614|MY18A_HUMAN,100.0,35.0,0.0,0.0,1.0,35.0,1132.0,1166.0,4.24e-18,73.9,,,,,"('GRNYIVV', 8, 14)",1,GRNYIVV,8,14,0,...[FWY]..[LVI]
654042,PLRLPLIAEVEQLPEGRASPVAAPVFLSYSEPEGSAGPS,0,-2.340964807,-3.509156882,,,,654682,158,17,4,0,0,0,36,3,179,sp|Q92543|SNX19_HUMAN,100.0,36.0,0.0,0.0,1.0,36.0,291.0,326.0,2.83e-17,71.6,,,,,"('APVFLSY', 22, 28)",1,APVFLSY,22,28,0,...[FWY]..[WFY]
654716,PLRLRYNRLSAIPRSLAKCSALEELNLENNNISTLPESL,0,-5.879534402,-3.960263636,,,,655357,432,4,8,0,0,0,36,3,444,sp|Q9UQ13|SHOC2_HUMAN,100.0,36.0,0.0,0.0,1.0,36.0,291.0,326.0,3.63e-17,71.2,,,,,"('RLRYNRL', 2, 8)",1,RLRYNRL,2,8,0,...[FWY]..[LVI]
654731,PLRQPNSSLEANLVVDTVSHLSRIGEDYFALNKLTAKKT,0,-1.161483668,-1.890740532,,,,655372,476,116,37,0,0,0,36,3,629,,,,,,,,,,,,,,,,"('GEDYFAL', 24, 30)",1,GEDYFAL,24,30,0,...[FWY]..[LVI]
654778,PLRLPPACTRAERREVERVVVDALSGLKGDLAGRYYRLS,0,-2.49388071,-1.044095227,,,,655420,93,9,13,0,0,0,36,3,115,sp|P12532|KCRU_HUMAN,100.0,36.0,0.0,0.0,1.0,36.0,175.0,210.0,3.97e-18,73.9,,,,,"('AGRYYRL', 31, 37)",1,AGRYYRL,31,37,0,...[FWY]..[LVI]
655596,PLRMPQGIYLIISGMAILHSLSPTFGIESNQRCDRGSSD,0,-2.885459236,-4.551150971,,,,656243,244,18,3,0,0,0,36,3,265,sp|Q5TAH2|SL9C2_HUMAN,97.222,36.0,1.0,0.0,1.0,36.0,900.0,935.0,4.76e-20,79.7,,,,,"('QGIYLII', 5, 11)",1,QGIYLII,5,11,0,...[FWY]..[LVI]
656039,PLRLTRLPESFPELQNLTCLSVNDISLQSLPENIGNLYN,0,-1.090813305,-0.70950756,,,,656688,590,151,104,0,0,0,36,3,845,sp|Q9BTT6|LRRC1_HUMAN,100.0,36.0,0.0,0.0,1.0,36.0,117.0,152.0,4.55e-18,73.9,,,,,"('PESFPEL', 7, 13)",1,PESFPEL,7,13,0,...[FWY]..[LVI]
656387,PLRMPSETLWEIAKAEVEKRGINGSEGDGAEIAEKFVFF,0,-4.621833441,-6.287525175,,,,657037,271,6,1,0,0,0,36,3,278,sp|Q8TCX1|DC2L1_HUMAN,100.0,36.0,0.0,0.0,1.0,36.0,1.0,36.0,3.99e-19,76.6,,,,,"('AEKFVFF', 32, 38)",1,AEKFVFF,32,38,0,...[FWY]..[WFY]
656405,PLRRPSFTELREDLENTLKALPPAQEPDEILYVNMDEGG,0,-1.523196277,-2.478394628,,,,657055,58,11,3,0,0,0,36,3,72,sp|P30530|UFO_HUMAN,100.0,36.0,0.0,0.0,1.0,36.0,793.0,828.0,6.38e-19,76.3,,,,,"('RPSFTEL', 3, 9)",1,RPSFTEL,3,9,0,...[FWY]..[LVI]
656840,PLRMPTATGLTLLTSASSAISDPGGEVSAPWGGLRTWTQ,0,-0.392127211,-4.227743947,,,,657490,65,27,1,0,0,0,36,3,93,sp|A6NFN3|RFOX3_HUMAN,40.541,37.0,21.0,1.0,1.0,36.0,39.0,75.0,0.58,25.8,,,,,"('SAPWGGL', 27, 33)",1,SAPWGGL,27,33,0,...[FWY]..[LVI]
657321,PLRLPVPLRAHSTLQDEAESFMHVQLEVMVKHPPAEPSR,0,-1.856450789,-1.937180023,,,,657973,93,14,7,0,0,0,36,3,114,sp|Q8NBJ5|GT251_HUMAN,100.0,36.0,0.0,0.0,1.0,36.0,291.0,326.0,1.11e-18,75.9,,,,,"('AESFMHV', 17, 23)",1,AESFMHV,17,23,0,...[FWY]..[LVI]
657500,PLRMPWSSRGALLRDLVLGVLGTAAFLLDLGTDLWAAVQ,0,-1.957536914,-3.038266148,,,,658153,57,8,2,0,0,0,36,3,67,sp|Q9H6D3|XKR8_HUMAN,100.0,36.0,0.0,0.0,1.0,36.0,1.0,36.0,5.34e-17,70.9,,,,,"('TDLWAAV', 31, 37)",1,TDLWAAV,31,37,0,...[FWY]..[LVI]
657532,PLRMPYASDYGRRLAQTSQVQLWLCVCLHVFFCMPLCVD,0,-1.852567355,-3.933296588,,,,658185,53,8,1,0,0,0,36,3,62,sp|Q9NYW6|TA2R3_HUMAN,35.0,20.0,13.0,0.0,14.0,33.0,92.0,111.0,0.81,25.4,,,,,"('VQLWLCV', 19, 25)",1,VQLWLCV,19,25,0,...[FWY]..[LVI]
657895,PLRLQEPVVPDPDVSIYLPVLKTMKSVVEKMKNISNHL,0,-0.267091165,-2.375301135,,,,658549,234,106,13,0,0,0,35,3,353,sp|O60921|HUS1_HUMAN,100.0,35.0,0.0,0.0,1.0,35.0,146.0,180.0,7.14e-18,72.4,,,,,"('VSIYLPV', 13, 19)",1,VSIYLPV,13,19,0,...[FWY]..[LVI]
658575,PLRPSGPESSVNMDLYSGAQRVCRAFSALVDQIALPNLK,0,-0.709609401,-2.112266729,,,,659229,120,40,8,0,0,0,36,3,168,sp|A2CJ06|DYTN_HUMAN,100.0,36.0,0.0,0.0,1.0,36.0,543.0,578.0,2.49e-19,77.4,,,,,"('CRAFSAL', 22, 28)",1,CRAFSAL,22,28,0,...[FWY]..[LVI]
658768,PLRPQFKSHNTNEVLEKLFQIVPGENPYRFRDPHQCRRC,0,-2.666020132,-3.969141787,,,,659423,163,14,3,0,0,0,36,3,180,sp|Q16842|SIA4B_HUMAN,100.0,36.0,0.0,0.0,1.0,36.0,117.0,152.0,7.76e-23,86.7,,,,,"('EKLFQIV', 15, 21)",1,EKLFQIV,15,21,0,...[FWY]..[LVI]
659497,PLRMQKIMHISVLLSPVLWGLIFGVSSNSIQIGGLFPRG,0,-3.60577359,-5.271465324,,,,660154,134,6,1,0,0,0,36,3,141,sp|P42262|GRIA2_HUMAN,100.0,36.0,0.0,0.0,1.0,36.0,1.0,36.0,6.21e-20,79.3,,,,,"('PVLWGLI', 15, 21)",1,PVLWGLI,15,21,0,...[FWY]..[LVI]
660570,PLRLQQDAFVVIGRDTRPSSEKLSQSVIDGVTVLGGQFH,0,-2.188777238,-4.72893809,,,,661230,184,22,2,0,0,0,36,3,208,sp|O95394|AGM1_HUMAN,100.0,36.0,0.0,0.0,1.0,36.0,117.0,152.0,1.29e-18,75.5,,,,,"('QDAFVVI', 5, 11)",1,QDAFVVI,5,11,0,...[FWY]..[LVI]
660846,PLRLQRCFGHNFRSHLHQRKYLKIMPVHLLMLLLYIWQV,0,-6.233171357,-5.72893809,,,,661506,552,4,3,0,0,0,36,3,559,sp|Q0P6H9|TMM62_HUMAN,100.0,36.0,0.0,0.0,1.0,36.0,552.0,587.0,1.84e-19,77.8,,,,,"('QRKYLKI', 17, 23)",1,QRKYLKI,17,23,0,...[FWY]..[LVI]
660874,PLRLQRENERNLFSRQKAPLASFNHSSALYSNLSGHRGS,0,-2.446574995,-2.527304229,,,,661534,60,6,3,0,0,0,36,3,69,sp|O15061|SYNEM_HUMAN,100.0,36.0,0.0,0.0,1.0,36.0,349.0,384.0,6.47e-19,76.3,,,,,"('SALYSNL', 26, 32)",1,SALYSNL,26,32,0,...[FWY]..[LVI]
661160,PLRPQSHIQQICETILTSGENLARKRNFTAKSPLMYEWY,0,-3.003792505,-2.569948566,,,,661820,103,7,5,0,0,0,36,3,115,sp|O43813|LANC1_HUMAN,100.0,36.0,0.0,0.0,1.0,36.0,175.0,210.0,6.960000000000001e-21,81.6,,,,,"('PLMYEWY', 32, 38)",1,PLMYEWY,32,38,0,...[FWY]..[WFY]
662164,PLRMRAQEDLEGRTQHETTRDPSTPLPTKPKFDMLYKID,0,-2.53063926,-1.125941666,,,,662825,53,5,7,0,0,0,36,3,65,sp|Q9UHI7|S23A1_HUMAN,94.444,36.0,2.0,0.0,1.0,36.0,1.0,36.0,1.24e-20,81.3,,,,,"('KPKFDML', 28, 34)",1,KPKFDML,28,34,0,...[FWY]..[LVI]
662482,PLRMRDEVAEKEKADINVTLVFQGYENTPIMVCVDGIVS,0,-7.604427164,-6.685156398,,,,663143,357,1,1,0,0,0,36,3,359,sp|Q9NSJ1|Z355P_HUMAN,100.0,35.0,0.0,0.0,1.0,35.0,1.0,35.0,1.97e-19,77.8,,,,,"('TLVFQGY', 18, 24)",1,TLVFQGY,18,24,0,...[FWY]..[WFY]
662623,PLRLRNSATGYRQSPDGACSVPSARTMVVCAFVIVVAVS,0,-4.038917026,-6.820085978,,,,663284,392,13,1,0,0,0,36,3,406,sp|Q9UIQ6|LCAP_HUMAN,100.0,36.0,0.0,0.0,1.0,36.0,88.0,123.0,8.47e-20,79.0,,,,,"('VCAFVIV', 28, 34)",1,VCAFVIV,28,34,0,...[FWY]..[LVI]
662714,PLRLRESEESIGTHYEFLQPLQKLLNVSEECSYSDPSES,0,-0.630174933,-5.518259089,,,,663375,318,112,2,0,0,0,36,3,432,sp|Q9P1V8|SAM15_HUMAN,100.0,36.0,0.0,0.0,1.0,36.0,465.0,500.0,1.78e-18,75.1,,,,,"('GTHYEFL', 11, 17)",1,GTHYEFL,11,17,0,...[FWY]..[LVI]
662742,PLRLREDSRLHYSVTLSDGFWTFRTATFSTDGILTSVNH,0,-4.825086618,-2.320853351,,,,663403,52,1,3,0,0,0,36,3,56,sp|Q8WVS4|DC2I1_HUMAN,100.0,36.0,0.0,0.0,1.0,36.0,726.0,761.0,1.21e-19,78.6,,,,,"('SDGFWTF', 16, 22)",1,SDGFWTF,16,22,0,...[FWY]..[WFY]
662978,PLRMRENVPGEKKPQNGIPLPPQIFNEEQYCGDFDSFFS,0,-0.554490334,-4.999792,,,,663639,555,206,5,0,0,0,36,3,766,sp|P55822|SH3BG_HUMAN,100.0,36.0,0.0,0.0,1.0,36.0,112.0,147.0,5.78e-21,80.1,,,,,"('CGDFDSF', 30, 36)",1,CGDFDSF,30,36,0,...[FWY]..[WFY]
663218,PLRMRLPLSHSPEHVEMALLSNILAAYSFVSENPERAAL,0,-3.195036228,-3.597693557,,,,663880,84,5,2,0,0,0,36,3,91,sp|Q9H8M9|EVA1A_HUMAN,100.0,36.0,0.0,0.0,1.0,36.0,1.0,36.0,2.12e-19,73.9,,,,,"('LAAYSFV', 23, 29)",1,LAAYSFV,23,29,0,...[FWY]..[LVI]
664091,PLRMRGLLCWPVLLLLLQPWETQLQLTGPRCHTGPLDLV,0,-2.897236404,-4.562928138,,,,664753,82,6,1,0,0,0,36,3,89,sp|O95460|MATN4_HUMAN,100.0,36.0,0.0,0.0,1.0,36.0,1.0,36.0,3.27e-19,77.0,,,,,"('LLCWPVL', 6, 12)",1,LLCWPVL,6,12,0,...[FWY]..[LVI]
665189,PLRLRLLEHRYPVVMAREAAPSSPAGCALATWRRRPPS,0,-4.240124118,-2.905815852,,,,665852,104,3,4,0,0,0,35,3,111,sp|Q9H3Z7|ABHGB_HUMAN,91.667,12.0,1.0,0.0,5.0,16.0,353.0,364.0,0.14,27.3,,,,,"('EHRYPVV', 7, 13)",1,EHRYPVV,7,13,0,...[FWY]..[LVI]
665236,PLRLRTLLARQLVFFAGALFAALLVLTVYDEDVLWST,0,-2.991380369,-4.574609944,,,,665899,248,17,3,0,0,0,34,3,268,sp|Q674R7|ATG9B_HUMAN,100.0,31.0,0.0,0.0,1.0,31.0,523.0,553.0,2.32e-13,60.5,,,,,"('GALFAAL', 16, 22)",1,GALFAAL,16,22,0,...[FWY]..[LVI]
665355,PLRPSPSCVGFLSISSSESSQLVVTRQLIQSSSRVVAS,0,-2.446574995,-3.849232324,,,,666018,50,5,1,0,0,0,35,3,56,sp|O75473|LGR5_HUMAN,58.824,17.0,7.0,0.0,6.0,22.0,640.0,656.0,5.6,22.7,,,,,"('CVGFLSI', 7, 13)",1,CVGFLSI,7,13,0,...[FWY]..[LVI]
665863,PLRLRRLQSGPTSPGEDRQAGRPFTTLCYTTNSVRVPV,0,-1.797072242,-3.877801476,,,,666526,51,8,1,0,0,0,35,3,60,sp|Q8IZ52|CHSS2_HUMAN,46.154,26.0,14.0,0.0,10.0,35.0,306.0,331.0,8.3,22.3,,,,,"('GRPFTTL', 20, 26)",1,GRPFTTL,20,26,0,...[FWY]..[LVI]
666228,PLRMRSLGANMAAALRAAGVLLRDPLASSSWRVFSHGV,0,-2.802718805,-4.205376134,,,,666891,64,5,1,0,0,0,35,3,70,sp|P22830|HEMH_HUMAN,100.0,30.0,0.0,0.0,1.0,30.0,1.0,30.0,3.54e-07,43.1,,,,,"('SSSWRVF', 27, 33)",1,SSSWRVF,27,33,0,...[FWY]..[WFY]
666774,PLRQMHVLSYSLCPDLMEIALKKKDVQLLQLCLQQFPDI,0,-1.287969167,-5.558522959,,,,667437,654,146,4,0,0,0,36,3,804,sp|Q9H8H0|NOL11_HUMAN,97.222,36.0,1.0,0.0,1.0,36.0,461.0,496.0,6.51e-18,73.6,,,,,"('LQQFPDI', 32, 38)",1,LQQFPDI,32,38,0,...[FWY]..[LVI]
666857,PLRLSEALKSLRSGPKSKNWVYKILGGFAPEHKEPTLPT,0,-2.183540589,-2.849232324,,,,667520,50,6,2,0,0,0,36,3,58,sp|Q13470|TNK1_HUMAN,94.444,36.0,2.0,0.0,1.0,36.0,59.0,94.0,1.94e-17,72.0,,,,,"('NWVYKIL', 18, 24)",1,NWVYKIL,18,24,0,...[FWY]..[LVI]
667094,PLRLSENKEEPVKLAVVCRDGQVHLFDTF,0,-5.482198905,-3.562928138,,,,667757,82,1,2,0,0,0,26,3,85,sp|Q15061|WDR43_HUMAN,95.833,24.0,1.0,0.0,1.0,24.0,277.0,300.0,6.1e-11,53.1,,,,,"('VHLFDTF', 22, 28)",1,VHLFDTF,22,28,0,...[FWY]..[WFY]
667483,PLRLSFYCTGCRLRSTDLIVKHLIVANFLALRCKGVPHT,0,-4.470421737,-5.136113471,,,,668148,122,3,1,0,0,0,36,3,126,sp|Q7Z5H5|VN1R4_HUMAN,97.222,36.0,1.0,0.0,1.0,36.0,30.0,65.0,9.14e-19,75.1,,,,,"('VANFLAL', 24, 30)",1,VANFLAL,24,30,0,...[FWY]..[LVI]
667828,PLRLSGRDAAQLAEEAGFPEVARMVRESHGETRSPENRS,0,-3.634201998,-2.884856233,,,,668493,205,9,8,0,0,0,36,3,222,sp|O95872|GPAN1_HUMAN,100.0,36.0,0.0,0.0,1.0,36.0,175.0,210.0,7.01e-18,73.2,,,,,"('EAGFPEV', 14, 20)",1,EAGFPEV,14,20,0,...[FWY]..[LVI]
667887,PLRMSGSHTPACGPFSALTPSIWPQEILAKYTQKEESAE,0,-2.341877616,-4.744534945,,,,668552,93,10,1,0,0,0,36,3,104,sp|Q96HU1|SGSM3_HUMAN,100.0,36.0,0.0,0.0,1.0,36.0,1.0,36.0,2.03e-20,80.5,,,,,"('CGPFSAL', 11, 17)",1,CGPFSAL,11,17,0,...[FWY]..[LVI]
668098,PLRMRTVCTERPARTRFHATRHLSCSQPCPSWTPLRLRD,0,-5.428427648,-1.808717164,,,,668763,158,2,13,0,0,0,36,3,173,sp|Q9UBH6|XPR1_HUMAN,46.667,15.0,8.0,0.0,20.0,34.0,223.0,237.0,4.4,23.1,,,,,"('CPSWTPL', 28, 34)",1,CPSWTPL,28,34,0,...[FWY]..[LVI]
669274,PLRMSCKKQRSRKHSVNEKCNMKIEHYFSPVSKEQQNNC,0,-5.797072242,-3.877801476,,,,669941,714,7,14,0,0,0,36,3,735,sp|Q96PZ2|F111A_HUMAN,100.0,36.0,0.0,0.0,1.0,36.0,1.0,36.0,1.49e-19,78.2,,,,,"('EHYFSPV', 24, 30)",1,EHYFSPV,24,30,0,...[FWY]..[LVI]
669397,PLRLSGAAELGWGTLQVVGPEQRLAPHLTALPRTPPSSG,0,-0.1246469,-3.829866999,,,,670064,296,148,6,0,0,0,36,3,450,sp|Q8N9R8|SCAI_HUMAN,45.833,24.0,13.0,0.0,10.0,33.0,4.0,27.0,0.9,25.0,,,,,"('ELGWGTL', 8, 14)",1,ELGWGTL,8,14,0,...[FWY]..[LVI]
669447,PLRSSDEDIQFRLVTRFVNEAVMCLQEGILATPAEGDIG,0,-0.506076007,-3.834732754,,,,670115,198,76,4,0,0,0,36,3,278,sp|P40939|ECHA_HUMAN,100.0,36.0,0.0,0.0,1.0,36.0,668.0,703.0,3.26e-19,77.0,,,,,"('DIQFRLV', 7, 13)",1,DIQFRLV,7,13,0,...[FWY]..[LVI]
669506,PLRLSKTMLPEATLLIMIRFTSWQTCKPLLKCPSLVTLL,0,-2.16027081,-2.241000044,,,,670174,82,10,5,0,0,0,36,3,97,sp|Q86W28|NALP8_HUMAN,100.0,35.0,0.0,0.0,1.0,35.0,320.0,354.0,3.43e-17,71.6,,,,,"('MIRFTSW', 16, 22)",1,MIRFTSW,16,22,0,...[FWY]..[WFY]
669876,PLRMSLINPSSSLKAELDGSTKKKYSFAKKKAFALFVKT,0,-4.446574995,-4.849232324,,,,670544,200,5,2,0,0,0,36,3,207,sp|Q5T7W7|TSTD2_HUMAN,100.0,36.0,0.0,0.0,1.0,36.0,28.0,63.0,4.29e-17,71.2,,,,,"('KKAFALF', 29, 35)",1,KKAFALF,29,35,0,...[FWY]..[WFY]
670681,PLRLSMEPTTKRGLFIPFSVSSVTHKGIPMAASNLSVNY,0,-4.069505346,-4.472162675,,,,671352,154,5,2,0,0,0,36,3,161,sp|Q14242|SELPL_HUMAN,100.0,36.0,0.0,0.0,1.0,36.0,272.0,307.0,1.76e-15,66.6,,,,,"('RGLFIPF', 11, 17)",1,RGLFIPF,11,17,0,...[FWY]..[WFY]
670929,PLRPSQSSGIIMTRDENVPPIVEFGPEYFDGLIIKSGES,0,-3.631384234,-6.619004063,,,,671600,341,15,1,0,0,0,36,3,357,sp|Q8WZ42|TITIN_HUMAN,100.0,36.0,0.0,0.0,1.0,36.0,28867.0,28902.0,7.14e-19,76.3,,,,,"('PEYFDGL', 25, 31)",1,PEYFDGL,25,31,0,...[FWY]..[LVI]
670961,PLRLSQVGWLHCSHLSLKVFIPKRYHNLLRLLNLKCSKL,0,-3.700996271,-3.589080426,,,,671632,334,14,8,0,0,0,36,3,356,sp|O43424|GRID2_HUMAN,29.412,34.0,24.0,0.0,1.0,34.0,916.0,949.0,2.0,24.3,,,,,"('PKRYHNL', 21, 27)",1,PKRYHNL,21,27,0,...[FWY]..[LVI]
671156,PLRLSRHYQDVSCLQFTGDSSHFISGGKDCLVLVWSLCI,0,-1.906006614,-2.986735847,,,,671827,55,8,2,0,0,0,36,3,65,sp|Q9BV38|WDR18_HUMAN,100.0,35.0,0.0,0.0,1.0,35.0,117.0,151.0,5.08e-19,76.6,,,,,"('SRHYQDV', 4, 10)",1,SRHYQDV,4,10,0,...[FWY]..[LVI]
671158,PLRLSRKCNEDKDLPNKLYTSVAYGAEDVAKESFRLCLH,0,-3.078843211,-4.744534945,,,,671829,186,12,2,0,0,0,36,3,200,sp|P62899|RL31_HUMAN,76.19,21.0,5.0,0.0,1.0,21.0,88.0,108.0,0.000118,35.4,,,,,"('NKLYTSV', 15, 21)",1,NKLYTSV,15,21,0,...[FWY]..[LVI]
671190,PLRMSRKIEGFLLLLLFGYEATLGLRLPRMKARTRGTK,0,-3.364961229,-3.445690463,,,,671861,189,10,5,0,0,0,35,3,204,sp|O15537|XLRS1_HUMAN,100.0,22.0,0.0,0.0,1.0,22.0,1.0,22.0,1.0,25.0,,,,,"('IEGFLLL', 7, 13)",1,IEGFLLL,7,13,0,...[FWY]..[LVI]
671428,PLRMSRTGLPVCPWAAVSPVARRRGEQNPAASGAAWGWM,0,-1.030538745,-6.701231161,,,,672099,1083,289,3,0,0,0,36,3,1375,sp|Q96KR1|ZFR_HUMAN,33.333,30.0,20.0,0.0,6.0,35.0,2.0,31.0,1.6,24.3,,,,,"('VCPWAAV', 10, 16)",1,VCPWAAV,10,16,0,...[FWY]..[LVI]
671513,PLRLSSAHKVSGMASRLLGPSFESYLLPELTVMTVR,0,-5.007289949,-4.088019183,,,,672184,59,1,1,0,0,0,33,3,61,sp|Q99814|EPAS1_HUMAN,100.0,28.0,0.0,0.0,1.0,28.0,813.0,840.0,2.11e-12,57.8,,,,,"('GPSFESY', 18, 24)",1,GPSFESY,18,24,0,...[FWY]..[WFY]
671824,PLRQSSLLSSLSGSHSGESLPLSSGNQITIRFTSVGPIT,0,-4.885459236,-7.136113471,,,,672495,488,9,1,0,0,0,36,3,498,sp|Q7Z407|CSMD3_HUMAN,100.0,36.0,0.0,0.0,1.0,36.0,1824.0,1859.0,3.34e-16,68.6,,,,,"('TIRFTSV', 28, 34)",1,TIRFTSV,28,34,0,...[FWY]..[LVI]
671903,PLRMSSNSDTGDLQESLKHGLTPIVSQFKMVNYSYDEDL,0,-4.691462054,-5.094119383,,,,672574,237,5,2,0,0,0,36,3,244,sp|O00482|NR5A2_HUMAN,43.902,82.0,0.0,1.0,1.0,36.0,1.0,82.0,2.32e-11,55.1,,,,,"('VSQFKMV', 24, 30)",1,VSQFKMV,24,30,0,...[FWY]..[LVI]
672352,PLRMSTKKSPEELKRIFEKYAAKEGDPDQLSKDELKLLI,0,-2.198356586,-0.478394628,,,,673023,261,31,54,0,0,0,36,3,346,sp|P29377|S100G_HUMAN,100.0,36.0,0.0,0.0,1.0,36.0,1.0,36.0,2.8e-19,72.0,,,,,"('KRIFEKY', 13, 19)",1,KRIFEKY,13,19,0,...[FWY]..[WFY]
672754,PLRLSVKMMPAGCTQGHRTTSTWSRVSRA,0,-1.446574995,-1.264269823,,,,673427,50,10,6,0,0,0,26,3,66,sp|P37287|PIGA_HUMAN,52.941,17.0,8.0,0.0,8.0,24.0,5.0,21.0,3.6,22.7,,,,,"('TSTWSRV', 19, 25)",1,TSTWSRV,19,25,0,...[FWY]..[LVI]
674807,PLRLTKLNLGKNSLTHISPRVFQHLGNLQVLRLYENRP,0,-3.179929336,-5.260658569,,,,675485,133,8,1,0,0,0,35,3,142,sp|Q8TF66|LRC15_HUMAN,100.0,34.0,0.0,0.0,1.0,34.0,175.0,208.0,8.77e-17,70.1,,,,,"('PRVFQHL', 18, 24)",1,PRVFQHL,18,24,0,...[FWY]..[LVI]
674958,PLRLTLEPHGDSTEFMGVNMDVIRALLIFLEKRLHKTHR,0,-2.610073727,-1.842806054,,,,675636,112,10,9,0,0,0,36,3,131,sp|Q9NPQ8|RIC8A_HUMAN,100.0,36.0,0.0,0.0,1.0,36.0,291.0,326.0,2.82e-19,77.4,,,,,"('STEFMGV', 11, 17)",1,STEFMGV,11,17,0,...[FWY]..[LVI]
675270,PLRLTEGHCLIVPLQHHRAATLLDEDIWEEIQMFRKSLV,0,-3.885459236,-2.814185377,,,,675948,244,9,10,0,0,0,36,3,263,sp|Q2TBE0|C19L2_HUMAN,100.0,36.0,0.0,0.0,1.0,36.0,706.0,741.0,1.7e-20,80.9,,,,,"('EDIWEEI', 24, 30)",1,EDIWEEI,24,30,0,...[FWY]..[LVI]
676875,PLRLTSIEEGYERSFIHKIKHKHILAKNYFSQVPVLASF,0,-1.047907457,-1.308342713,,,,677555,421,111,49,0,0,0,36,3,581,sp|Q8NA54|IQUB_HUMAN,100.0,36.0,0.0,0.0,1.0,36.0,726.0,761.0,5.57e-19,76.6,,,,,"('KNYFSQV', 26, 32)",1,KNYFSQV,26,32,0,...[FWY]..[LVI]
676985,PLRLTSRGVCVCISTAFEGNLLDSYFVDLVIQKPLRIHH,0,-3.248029316,-4.136113471,,,,677666,122,7,2,0,0,0,36,3,131,sp|Q9BU64|CENPO_HUMAN,100.0,36.0,0.0,0.0,1.0,36.0,117.0,152.0,3.51e-20,79.0,,,,,"('DSYFVDL', 22, 28)",1,DSYFVDL,22,28,0,...[FWY]..[LVI]
677828,PLRTQISNFDNISKLSEQVVLTSISTLPAANGAGPLQNW,0,-2.539684399,-4.205376134,,,,678510,64,6,1,0,0,0,36,3,71,sp|O43614|OX2R_HUMAN,100.0,36.0,0.0,0.0,1.0,36.0,409.0,444.0,9.06e-19,75.9,,,,,"('ISNFDNI', 5, 11)",1,ISNFDNI,5,11,0,...[FWY]..[LVI]
678181,PLRVTVWELISSEYFTAEQRQELLRQFRTGKVTVEKVIK,0,-0.315871303,-2.684845506,,,,678864,290,127,13,0,0,0,36,3,430,sp|Q15149|PLEC_HUMAN,100.0,36.0,0.0,0.0,1.0,36.0,3388.0,3423.0,2.28e-18,74.7,,,,,"('VTVWELI', 3, 9)",1,VTVWELI,3,9,0,...[FWY]..[LVI]
678380,PLRMVADMLEYVPVKKDLRLTAGTGQITACLFPDHGSL,0,-3.321044113,-0.664807752,,,,679063,55,3,10,0,0,0,35,3,68,sp|Q12769|NU160_HUMAN,95.652,23.0,1.0,0.0,1.0,23.0,320.0,342.0,2.27e-09,49.3,,,,,"('MLEYVPV', 7, 13)",1,MLEYVPV,7,13,0,...[FWY]..[LVI]
679095,PLRMVDSSTLAGLEPGTTPFKVVSPLTEAVLGETLLTVT,0,-4.353465591,-2.434194824,,,,679778,150,4,8,0,0,0,36,3,162,sp|Q6IEE7|T132E_HUMAN,100.0,36.0,0.0,0.0,1.0,36.0,642.0,677.0,1.33e-16,69.7,,,,,"('TTPFKVV', 16, 22)",1,TTPFKVV,16,22,0,...[FWY]..[LVI]
679975,PLRMVLLWPCPCPVPFLVLPCFWPCPVHVLDLTLALDLP,0,-3.397665395,-2.256002207,,,,680659,116,6,7,0,0,0,36,3,129,sp|Q16363|LAMA4_HUMAN,77.778,9.0,2.0,0.0,6.0,14.0,131.0,139.0,0.57,25.8,,,,,"('PVPFLVL', 12, 18)",1,PVPFLVL,12,18,0,...[FWY]..[LVI]
680372,PLRLVNLFQQGGRELDIYNNLRQTPLHLAVITTLPSVVR,0,-3.446574995,-4.112266729,,,,681057,60,3,1,0,0,0,36,3,64,sp|P20749|BCL3_HUMAN,100.0,36.0,0.0,0.0,1.0,36.0,154.0,189.0,5.5e-19,76.6,,,,,"('LDIYNNL', 14, 20)",1,LDIYNNL,14,20,0,...[FWY]..[LVI]
680994,PLRMVKMSREVQVFEITENSAKLHWERAEPPAPYFYDLT,0,-0.077341185,-4.112266729,,,,681679,60,31,1,0,0,0,36,3,92,sp|P12111|CO6A3_HUMAN,97.222,36.0,1.0,0.0,1.0,36.0,2988.0,3023.0,1.01e-20,81.6,,,,,"('APYFYDL', 31, 37)",1,APYFYDL,31,37,0,...[FWY]..[LVI]
681586,PLRLVSSTILVVKIRKNTWASHSSKLYIVIMVTIIIFLI,0,-2.351715809,-0.643949148,,,,682272,103,11,19,0,0,0,36,3,133,sp|P04201|MAS_HUMAN,100.0,36.0,0.0,0.0,1.0,36.0,204.0,239.0,6.8e-16,67.4,,,,,"('SKLYIVI', 23, 29)",1,SKLYIVI,23,29,0,...[FWY]..[LVI]
681707,PLRLVTHLDSFLPICRVNDFETADILCPKAKRTSRFLSG,0,-4.342739184,-4.271465324,,,,682393,335,9,5,0,0,0,36,3,349,sp|Q9BZD4|NUF2_HUMAN,100.0,36.0,0.0,0.0,1.0,36.0,88.0,123.0,5.850000000000001e-21,82.0,,,,,"('LDSFLPI', 7, 13)",1,LDSFLPI,7,13,0,...[FWY]..[LVI]
682466,PLRLVSIISKTVVLGLALRREGPAPLHFLLLTDTPRFAL,0,-2.918196023,-0.776532835,,,,683153,208,15,35,0,0,0,36,3,258,sp|Q75VX8|GARE2_HUMAN,100.0,36.0,0.0,0.0,1.0,36.0,291.0,326.0,3.15e-17,71.6,,,,,"('PLHFLLL', 24, 30)",1,PLHFLLL,24,30,0,...[FWY]..[LVI]
683002,PLRMWLPQLSPSVKMLFLGIQLPCCEKAQGTAETTCGCS,0,-6.025513708,-6.106242942,,,,683690,239,2,1,0,0,0,36,3,242,sp|Q9P2D8|UNC79_HUMAN,47.368,19.0,10.0,0.0,1.0,19.0,2559.0,2577.0,2.0,24.3,,,,,"('KMLFLGI', 13, 19)",1,KMLFLGI,13,19,0,...[FWY]..[LVI]
683134,PLRPLASLQDSHFLTDADMVMSFVNLVEHDKEFFHPRYH,0,-2.932001822,-3.012731056,,,,683823,56,4,2,0,0,0,36,3,62,sp|P18075|BMP7_HUMAN,100.0,36.0,0.0,0.0,1.0,36.0,117.0,152.0,1.23e-19,78.2,,,,,"('VMSFVNL', 19, 25)",1,VMSFVNL,19,25,0,...[FWY]..[LVI]
683152,PLRRWPGTKKTFEGTMTSIFAQIISVALILIFDSGVDLN,0,-3.219804133,-2.952610063,,,,683841,188,11,7,0,0,0,36,3,206,sp|Q9UPQ8|DOLK_HUMAN,100.0,36.0,0.0,0.0,1.0,36.0,465.0,500.0,7e-18,73.6,,,,,"('TSIFAQI', 16, 22)",1,TSIFAQI,16,22,0,...[FWY]..[LVI]
683618,PLRLYASTGDLLDLEKDDLFPHLDDILQHVNGLQEVVDD,0,-2.16027081,-2.977965638,,,,684309,82,10,3,0,0,0,36,3,95,sp|Q9Y3M8|STA13_HUMAN,100.0,36.0,0.0,0.0,1.0,36.0,467.0,502.0,9.51e-20,78.6,,,,,"('DDLFPHL', 16, 22)",1,DDLFPHL,16,22,0,...[FWY]..[LVI]
683814,PLRMYDNVNKLNASLQETSVSISSTKGMFPGSLAHTTTK,0,-5.67411072,-6.339802454,,,,684505,281,3,1,0,0,0,36,3,285,sp|P23471|PTPRZ_HUMAN,100.0,36.0,0.0,0.0,1.0,36.0,1074.0,1109.0,2.14e-18,74.7,,,,,"('LRMYDNV', 1, 7)",1,LRMYDNV,1,7,0,...[FWY]..[LVI]
683916,PLRLYEVYSSSAGPAVRHKCLRAILRIIYFADAELLKDV,0,-4.709609401,-6.597693557,,,,684607,336,7,1,0,0,0,36,3,344,sp|Q14669|TRIPC_HUMAN,100.0,36.0,0.0,0.0,1.0,36.0,842.0,877.0,1.28e-19,78.2,,,,,"('LRLYEVY', 1, 7)",1,LRLYEVY,1,7,0,...[FWY]..[WFY]
684011,PLRLYIIIGALCVAFILMLIILIVGICRISRIEYQGSSR,0,-3.782858383,-1.863587617,,,,684702,101,4,8,0,0,0,36,3,113,sp|Q8NFT8|DNER_HUMAN,100.0,36.0,0.0,0.0,1.0,36.0,639.0,674.0,5.06e-19,76.6,,,,,"('LRLYIII', 1, 7)",1,LRLYIII,1,7,0,...[FWY]..[LVI]
684202,PLRRVVELQLEDNPWNCSCDLLPLKAWLENMPYNIYIGE,0,-0.558220351,-1.037498961,,,,684894,235,87,33,0,0,0,36,3,355,sp|Q8IW52|SLIK4_HUMAN,100.0,36.0,0.0,0.0,1.0,36.0,204.0,239.0,1.7e-20,80.9,,,,,"('NMPYNIY', 29, 35)",1,NMPYNIY,29,35,0,...[FWY]..[WFY]
684713,PLRSWDALSQTKAALRHIENKLEVAPTSTAVCDSVMDTK,0,-3.787611913,-2.453303647,,,,685405,76,3,4,0,0,0,36,3,83,sp|Q5VT06|CE350_HUMAN,100.0,36.0,0.0,0.0,1.0,36.0,30.0,65.0,2.92e-19,77.4,,,,,"('LRSWDAL', 1, 7)",1,LRSWDAL,1,7,0,...[FWY]..[LVI]
685024,PLRMAAALALVAGVLSGAVLPLWSALPQYKKKITDRCFH,0,-4.470421737,-4.136113471,,,,685716,122,3,2,0,0,0,36,3,127,sp|Q6UWE3|COLL2_HUMAN,100.0,36.0,0.0,0.0,1.0,36.0,1.0,36.0,1.85e-20,75.5,,,,,"('LPLWSAL', 19, 25)",1,LPLWSAL,19,25,0,...[FWY]..[LVI]
685307,PLRMAAERQEALREFVAVTGAEEDRARFFLESAGWDLQI,0,-2.248029316,-1.136113471,,,,685999,61,7,8,0,0,0,36,3,76,sp|Q9UNZ2|NSF1C_HUMAN,100.0,36.0,0.0,0.0,1.0,36.0,1.0,36.0,1.81e-18,74.7,,,,,"('LREFVAV', 11, 17)",1,LREFVAV,11,17,0,...[FWY]..[LVI]
685452,PLRMYPTYGNGDPQNFKLSQDDIKGIQKLYGKRSNSRKK,0,-4.183540589,-3.264269823,,,,686144,100,3,3,0,0,0,36,3,106,sp|P09237|MMP7_HUMAN,100.0,36.0,0.0,0.0,1.0,36.0,232.0,267.0,1.04e-19,77.4,,,,,"('LRMYPTY', 1, 7)",1,LRMYPTY,1,7,0,...[FWY]..[WFY]
686023,PLRMYVLYPGAVISSLVSQSLVKVFLCMNNCSNGSFFAE,0,-1.616139728,-7.172602393,,,,686715,1001,178,2,0,0,0,36,3,1181,sp|Q6ZMY9|ZN517_HUMAN,40.909,22.0,13.0,0.0,6.0,27.0,72.0,93.0,3.4,23.5,,,,,"('LRMYVLY', 1, 7)",1,LRMYVLY,1,7,0,...[FWY]..[WFY]
687174,PLRMAANSSFLGSVCSLFVVRVALKGLGDSPFRWMYMFL,0,-2.046644388,-3.790338635,,,,687869,144,19,3,0,0,0,36,3,166,sp|Q8TF40|FNIP1_HUMAN,43.333,30.0,16.0,1.0,6.0,34.0,999.0,1028.0,1.8,24.3,,,,,"('RWMYMFL', 32, 38)",1,RWMYMFL,32,38,0,...[FWY]..[LVI]
687251,PLRMAAPEAPPLDRVFRTTWLSTECDSHPLPPSYRKFLF,0,-0.838892418,-3.334659151,,,,687946,105,32,3,0,0,0,36,3,140,sp|Q9Y448|SKAP_HUMAN,100.0,36.0,0.0,0.0,1.0,36.0,1.0,36.0,8.13e-22,83.6,,,,,"('PPSYRKF', 30, 36)",1,PPSYRKF,30,36,0,...[FWY]..[WFY]
688601,PLRMAEGEEEGGDVLISVGHANVLGYTLREFLQLLQHIT,0,-2.809145074,-1.375301135,,,,689299,90,7,10,0,0,0,36,3,107,sp|Q8IXQ8|PDZD9_HUMAN,85.294,34.0,5.0,0.0,3.0,36.0,65.0,98.0,1.09e-14,63.9,,,,,"('LREFLQL', 27, 33)",1,LREFLQL,27,33,0,...[FWY]..[LVI]
689143,PLRVAFSLACIVLGNDVLQKDLHENEGFEYADVLYLLHS,0,-3.709609401,-4.790338635,,,,689842,96,4,1,0,0,0,36,3,101,sp|Q7Z5J8|ANKAR_HUMAN,100.0,36.0,0.0,0.0,1.0,36.0,1103.0,1138.0,9.12e-20,79.0,,,,,"('GFEYADV', 26, 32)",1,GFEYADV,26,32,0,...[FWY]..[LVI]
689203,PLRMAGAGGGGCPAGGNDFQWCFSQVKGAIDEDVAEADI,0,-0.294571902,-0.506545669,,,,689904,207,92,42,0,0,0,36,3,341,sp|Q66LE6|2ABD_HUMAN,100.0,36.0,0.0,0.0,1.0,36.0,1.0,36.0,2.3000000000000003e-22,85.9,,,,,"('QWCFSQV', 19, 25)",1,QWCFSQV,19,25,0,...[FWY]..[LVI]
689259,PLRMAGEQKPSSNLLEQFILLAKGTSGSALTALISQVLE,0,-2.911243262,-4.313900591,,,,689960,69,5,1,0,0,0,36,3,75,sp|Q9H9Q2|CSN7B_HUMAN,100.0,36.0,0.0,0.0,1.0,36.0,1.0,36.0,1.32e-17,71.6,,,,,"('LEQFILL', 14, 20)",1,LEQFILL,14,20,0,...[FWY]..[LVI]
690017,PLRNVVCLMLKDPPPLTALLGFLPLKRNEHGNPLKGIFK,0,-1.861612494,-4.849232324,,,,690718,100,15,1,0,0,0,36,3,116,sp|Q8N490|PNKD_HUMAN,37.037,27.0,15.0,1.0,8.0,34.0,51.0,75.0,1.9,24.3,,,,,"('LLGFLPL', 18, 24)",1,LLGFLPL,18,24,0,...[FWY]..[LVI]
690573,PLRMALLSTVRGATWGRLVTRHFSHAARHGERPGGEELT,0,-5.372574414,-3.453303647,,,,691274,76,1,2,0,0,0,36,3,79,sp|Q6IN84|MRM1_HUMAN,97.222,36.0,1.0,0.0,1.0,36.0,1.0,36.0,1.24e-18,75.1,,,,,"('GATWGRL', 11, 17)",1,GATWGRL,11,17,0,...[FWY]..[LVI]
690914,PLRMAQTPSVIILIRTVSPELKSYALGVLFLLLRLLGFI,0,-3.265128124,-4.220326475,,,,691615,194,11,3,0,0,0,36,3,208,sp|Q9UIG8|SO3A1_HUMAN,100.0,36.0,0.0,0.0,1.0,36.0,552.0,587.0,8.06e-17,70.5,,,,,"('GVLFLLL', 26, 32)",1,GVLFLLL,26,32,0,...[FWY]..[LVI]
690921,PLRQSCSVPPLVEDEEFSESGMFVTFLMSALESMGLAHL,0,-5.212109741,-3.292838975,,,,691622,68,1,2,0,0,0,36,3,71,sp|P78347|GTF2I_HUMAN,86.957,23.0,3.0,0.0,9.0,31.0,11.0,33.0,1.1e-05,38.9,,,,,"('SGMFVTF', 19, 25)",1,SGMFVTF,19,25,0,...[FWY]..[WFY]
691583,PLRMATLGFVTPEAPFESSKPPIFEGLSPTVYSNPEGFK,0,-4.679235752,-3.759964986,,,,692284,94,2,2,0,0,0,36,3,98,sp|Q4VC39|HIG2B_HUMAN,100.0,36.0,0.0,0.0,1.0,36.0,1.0,36.0,3.46e-20,74.7,,,,,"('PPIFEGL', 20, 26)",1,PPIFEGL,20,26,0,...[FWY]..[LVI]
692215,PLRMASESETLNPSARITTFYPTMEEFRNFSVTLPTLN,0,-1.096632524,-2.292838975,,,,692916,51,13,3,0,0,0,35,3,67,sp|O75164|KDM4A_HUMAN,96.429,28.0,1.0,0.0,1.0,28.0,1.0,28.0,1.73e-12,58.2,,,,,"('MEEFRNF', 23, 29)",1,MEEFRNF,23,29,0,...[FWY]..[WFY]
693696,PLRMALLTPQGVKEVFQLQRPQGRERLRRLLNWEEFNEQ,0,-4.154394244,-2.820085978,,,,694400,98,3,4,0,0,0,36,3,105,sp|Q6P047|CH074_HUMAN,97.222,36.0,1.0,0.0,1.0,36.0,1.0,36.0,1.48e-18,74.3,,,,,"('LLNWEEF', 29, 35)",1,LLNWEEF,29,35,0,...[FWY]..[WFY]
693727,PLRMASSSDSEDDSFMAVDQEETVLEGTMDQDEEPHPVF,0,-4.866113887,-3.36188062,,,,694431,107,2,3,0,0,0,36,3,112,sp|Q6P3S6|FBX42_HUMAN,97.222,36.0,1.0,0.0,1.0,36.0,1.0,36.0,1.52e-17,72.4,,,,,"('DDSFMAV', 11, 17)",1,DDSFMAV,11,17,0,...[FWY]..[LVI]
693991,PLRMAVAHALTEKSKAMTGVEQWPYRAVAQALEVIPRTL,0,-4.078843211,-1.574609944,,,,694695,62,2,6,0,0,0,36,3,70,sp|P49368|TCPG_HUMAN,100.0,36.0,0.0,0.0,1.0,36.0,416.0,451.0,4.43e-19,77.0,,,,,"('QWPYRAV', 21, 27)",1,QWPYRAV,21,27,0,...[FWY]..[LVI]
694250,PLRMAVRWTWAGKRLPAAGVFNSGLYLRGALGLYFSCLR,0,-3.584078519,-4.249770253,,,,694954,66,3,1,0,0,0,36,3,70,sp|Q8N4A0|GALT4_HUMAN,100.0,10.0,0.0,0.0,1.0,10.0,1.0,10.0,0.062,28.5,,,,,"('GLYFSCL', 31, 37)",1,GLYFSCL,31,37,0,...[FWY]..[LVI]
694761,PLRMCVHPPCTGSPCPFCGSLVSSRSAPWCTVPMSMAM,0,-2.391433441,-2.887200174,,,,695467,77,8,3,0,0,0,35,3,88,sp|Q12802|AKP13_HUMAN,47.619,21.0,11.0,0.0,7.0,27.0,1394.0,1414.0,0.083,28.1,,,,,"('SAPWCTV', 25, 31)",1,SAPWCTV,25,31,0,...[FWY]..[LVI]
694901,PLRMGPAGCAFTLLLLLGSCLHSFPKKKELQSVCGQPVY,0,-4.1246469,-5.205376134,,,,695607,128,4,1,0,0,0,36,3,133,sp|Q7RTY5|PRS48_HUMAN,63.889,36.0,1.0,1.0,1.0,36.0,1.0,24.0,4.48e-07,42.7,,,,,"('GCAFTLL', 7, 13)",1,GCAFTLL,7,13,0,...[FWY]..[LVI]
695628,PLRMDEDIEDLDHCEMKEEPTSEKKLEDEGTEKENWAIL,0,-0.982627895,-1.840964708,,,,696334,87,24,7,0,0,0,36,3,118,sp|Q8WVN8|UB2Q2_HUMAN,77.419,31.0,6.0,1.0,7.0,36.0,153.0,183.0,2.47e-06,40.8,,,,,"('KENWAIL', 32, 38)",1,KENWAIL,32,38,0,...[FWY]..[LVI]
696079,PLRMDPMELRNVNIEPDDESSSGESAPDSYIGIGNSEKA,0,-2.321044113,-2.986735847,,,,696785,110,12,4,0,0,0,36,3,126,sp|Q969I6|S38A4_HUMAN,100.0,36.0,0.0,0.0,1.0,36.0,1.0,36.0,1.9e-20,80.9,,,,,"('PDSYIGI', 26, 32)",1,PDSYIGI,26,32,0,...[FWY]..[LVI]
696327,PLRMDRNPSPPPPPGRDKERRRRWPVVTALGARLQQTL,0,-2.516964323,-1.182656057,,,,697035,63,6,8,0,0,0,35,3,77,sp|Q96ER3|SAAL1_HUMAN,93.75,16.0,0.0,1.0,1.0,16.0,1.0,15.0,0.000109,36.2,,,,,"('RRRWPVV', 20, 26)",1,RRRWPVV,20,26,0,...[FWY]..[LVI]
696497,PLRMDGGDDGNLIIKKRFVSEAELDERRKRRQEEWEKVR,0,-3.012172171,-4.414829499,,,,697205,74,5,1,0,0,0,36,3,80,sp|Q9GZU8|PIP30_HUMAN,100.0,36.0,0.0,0.0,1.0,36.0,1.0,36.0,4.09e-19,75.5,,,,,"('QEEWEKV', 31, 37)",1,QEEWEKV,31,37,0,...[FWY]..[LVI]
696574,PLRMDGKQGGMDGSKPAGPRDFPGIRLLSNPLMGDAVSD,0,-4.648208856,-2.72893809,,,,697282,92,2,4,0,0,0,36,3,98,sp|Q96DX5|ASB9_HUMAN,100.0,36.0,0.0,0.0,1.0,36.0,1.0,36.0,6.39e-20,78.2,,,,,"('PRDFPGI', 18, 24)",1,PRDFPGI,18,24,0,...[FWY]..[LVI]
696788,PLRMDISADRVKVEGELQLIQALQNEVVSQASFYSKLLQ,0,-3.022767286,-5.562928138,,,,697498,164,11,1,0,0,0,36,3,176,sp|Q8NF91|SYNE1_HUMAN,100.0,36.0,0.0,0.0,1.0,36.0,1683.0,1718.0,1.31e-17,72.8,,,,,"('ASFYSKL', 30, 36)",1,ASFYSKL,30,36,0,...[FWY]..[LVI]
697377,PLRMDTRNKAQLLVLLTLLSVLFSQTSAWPLYRAPSALR,0,-5.101926824,-5.767618558,,,,698088,189,3,1,0,0,0,36,3,193,sp|P01282|VIP_HUMAN,100.0,36.0,0.0,0.0,1.0,36.0,1.0,36.0,4.15e-19,73.9,,,,,"('TSAWPLY', 25, 31)",1,TSAWPLY,25,31,0,...[FWY]..[WFY]
699121,PLRMEMDYKQWIVDFVNQSLLQLSTCDVESKRYERTEFA,0,-2.068063372,-2.527304229,,,,699835,100,13,5,0,0,0,36,3,118,sp|Q8WXH0|SYNE2_HUMAN,100.0,36.0,0.0,0.0,1.0,36.0,5106.0,5141.0,5.41e-20,79.3,,,,,"('EMDYKQW', 4, 10)",1,EMDYKQW,4,10,0,...[FWY]..[WFY]
699204,PLRMENHKDSNLPSYSQVVLPQLCVAPPGPAPGSAGPA,0,-1.762076821,-3.012731056,,,,699918,56,9,2,0,0,0,35,3,67,sp|Q4V328|GRAP1_HUMAN,43.75,32.0,16.0,1.0,1.0,30.0,807.0,838.0,0.31,26.2,,,,,"('LPSYSQV', 11, 17)",1,LPSYSQV,11,17,0,...[FWY]..[LVI]
701073,PLRMFVPCGESAPDLAGFTLLMPAVSVGNVGQLAMDLII,0,-3.139597242,-3.805288976,,,,701791,97,6,2,0,0,0,36,3,105,sp|Q969U7|PSMG2_HUMAN,100.0,36.0,0.0,0.0,1.0,36.0,1.0,36.0,2.15e-19,76.3,,,,,"('LAGFTLL', 14, 20)",1,LAGFTLL,14,20,0,...[FWY]..[LVI]
701078,PLRMFVPVSLVLDRKDALLMLAMLVEPLWSFSDMHRVGK,0,-3.627147241,-4.292838975,,,,701796,68,3,1,0,0,0,36,3,72,sp|Q9NVD3|SETD4_HUMAN,47.826,23.0,12.0,0.0,5.0,27.0,397.0,419.0,3.4,23.5,,,,,"('LRMFVPV', 1, 7)",1,LRMFVPV,1,7,0,...[FWY]..[LVI]
701755,PLRVFIRLHQDYKGGLCGNFDDNAINDFATRSRSVV,0,-3.428427648,-4.509156882,,,,702474,79,4,1,0,0,0,33,3,84,sp|Q9HC84|MUC5B_HUMAN,91.667,36.0,0.0,1.0,1.0,33.0,1010.0,1045.0,3.99e-17,71.2,,,,,"('LRVFIRL', 1, 7)",1,LRVFIRL,1,7,0,...[FWY]..[LVI]
701775,PLRMLKMMGQLFISTIRKSKLPFLLIPLQLLVMQKPNQ,0,-4.197895882,-4.863587617,,,,702494,101,3,1,0,0,0,35,3,105,sp|P49281|NRAM2_HUMAN,32.0,25.0,17.0,0.0,9.0,33.0,441.0,465.0,7.0,22.7,,,,,"('KLPFLLI', 19, 25)",1,KLPFLLI,19,25,0,...[FWY]..[LVI]
702343,PLRMEEVLIPDEDYSLDEIHTEVSKYLGRVWFPDVMPLW,0,-1.254465141,-3.601980915,,,,703062,337,77,8,0,0,0,36,3,422,sp|Q9UKT6|FXL21_HUMAN,100.0,36.0,0.0,0.0,1.0,36.0,399.0,434.0,2.1800000000000007e-21,83.2,,,,,"('RVWFPDV', 28, 34)",1,RVWFPDV,28,34,0,...[FWY]..[LVI]
702697,PLRMGASPEGPRPSSWACTPGPFQFVSAAVARLRLCR,0,-0.102620594,-0.420389025,,,,703416,65,33,14,0,0,0,34,3,112,sp|A2RUS2|DEND3_HUMAN,57.143,14.0,6.0,0.0,6.0,19.0,9.0,22.0,1.3,24.6,,,,,"('PGPFQFV', 19, 25)",1,PGPFQFV,19,25,0,...[FWY]..[LVI]
703396,PLRMGGKQSTAARSRGPFPGVSTDDSAVPPPGGAPHFGH,0,-5.686889324,-5.767618558,,,,704117,189,2,1,0,0,0,36,3,192,sp|Q8ND25|ZNRF1_HUMAN,100.0,36.0,0.0,0.0,1.0,36.0,1.0,36.0,5.73e-19,74.7,,,,,"('RGPFPGV', 14, 20)",1,RGPFPGV,14,20,0,...[FWY]..[LVI]
703964,PLRMGSLFSLWLSTRPATRTMTFGWHRSETLGALASVVS,0,-5.709609401,-4.790338635,,,,704687,96,1,1,0,0,0,36,3,98,sp|Q99726|ZNT3_HUMAN,100.0,36.0,0.0,0.0,1.0,36.0,117.0,152.0,2.4e-18,74.7,,,,,"('GSLFSLW', 4, 10)",1,GSLFSLW,4,10,0,...[FWY]..[WFY]
704167,PLRMGTAWSTLFQAQGTLPPMQMAAGTKGQHSASLLLAC,0,-3.627147241,-4.292838975,,,,704890,68,3,1,0,0,0,36,3,72,sp|Q9Y5A6|ZSC21_HUMAN,50.0,18.0,9.0,0.0,12.0,29.0,248.0,265.0,4.8,23.1,,,,,"('GTAWSTL', 4, 10)",1,GTAWSTL,4,10,0,...[FWY]..[LVI]
704523,PLRMNCGIRGSEMFAEMDLRAIKPYQTLIKEVGQRHCVD,0,-3.410049119,-4.812706448,,,,705247,195,10,2,0,0,0,36,3,207,sp|Q86SG7|LYG2_HUMAN,100.0,36.0,0.0,0.0,1.0,36.0,59.0,94.0,1.06e-22,84.0,,,,,"('IKPYQTL', 21, 27)",1,IKPYQTL,21,27,0,...[FWY]..[LVI]
705837,PLRMQEVLQRKALLAFQRAHSLSPTDHQAAFYLALQLAI,0,-2.321044113,-2.401773347,,,,706564,55,6,3,0,0,0,36,3,64,sp|Q86TV6|TTC7B_HUMAN,100.0,36.0,0.0,0.0,1.0,36.0,492.0,527.0,7.74e-18,73.2,,,,,"('AAFYLAL', 28, 34)",1,AAFYLAL,28,34,0,...[FWY]..[LVI]
706239,PLRMNPYHNLESGMANLLKPIDDFCTKFFVGTEEGEVIY,0,-1.93990702,-4.136113471,,,,706967,183,26,3,0,0,0,36,3,212,sp|Q8IWG1|DNAI3_HUMAN,100.0,36.0,0.0,0.0,1.0,36.0,610.0,645.0,5.77e-21,82.0,,,,,"('MNPYHNL', 3, 9)",1,MNPYHNL,3,9,0,...[FWY]..[LVI]
707756,PLRMKGERERTREGSEAIQGSAMGSQRTALVLHFTRLA,0,-3.756915116,-2.574609944,,,,708485,124,5,6,0,0,0,35,3,135,sp|Q5H9R4|ARMX4_HUMAN,46.154,26.0,14.0,0.0,8.0,33.0,1687.0,1712.0,3.1,23.5,,,,,"('VLHFTRL', 30, 36)",1,VLHFTRL,30,36,0,...[FWY]..[LVI]
707900,PLRMQHIFAFFCTGFLGAVVGANFPNNIQIGGLFPNQQS,0,-1.693489735,-1.35918147,,,,708629,89,15,10,0,0,0,36,3,114,sp|P42261|GRIA1_HUMAN,100.0,36.0,0.0,0.0,1.0,36.0,1.0,36.0,1.6400000000000004e-21,83.6,,,,,"('QHIFAFF', 4, 10)",1,QHIFAFF,4,10,0,...[FWY]..[WFY]
707968,PLRMKIANNTVVTEFILLGLTQSQWSLC,0,-2.852567355,-3.933296588,,,,708698,53,4,1,0,0,0,25,3,58,sp|A0A096LPK9|ORN4C_HUMAN,100.0,21.0,0.0,0.0,1.0,21.0,1.0,21.0,7.06e-07,41.6,,,,,"('VTEFILL', 11, 17)",1,VTEFILL,11,17,0,...[FWY]..[LVI]
708854,PLRMKQAGFPLGILLLFWVHMLQLFPCFID,0,-3.562052212,-4.227743947,,,,709584,65,3,1,0,0,0,27,3,69,sp|Q08AI6|S38AB_HUMAN,77.273,22.0,5.0,0.0,1.0,22.0,1.0,22.0,0.000106,35.4,,,,,"('LQLFPCF', 21, 27)",1,LQLFPCF,21,27,0,...[FWY]..[WFY]
708892,PLRMKQLPVLEPGDKPRKATWYTLTVPGDSPCARVGHSC,0,-4.699555736,-3.78028497,,,,709622,143,3,3,0,0,0,36,3,149,sp|Q7Z6M1|RABEK_HUMAN,100.0,36.0,0.0,0.0,1.0,36.0,1.0,36.0,3.41e-20,79.7,,,,,"('KATWYTL', 17, 23)",1,KATWYTL,17,23,0,...[FWY]..[LVI]
710000,PLRMLDFFQALVVTGTNNLGTWICCAC,0,-4.045212433,-2.47386497,,,,710730,212,7,11,0,0,0,24,3,230,sp|Q86VP6|CAND1_HUMAN,100.0,17.0,0.0,0.0,1.0,17.0,755.0,771.0,3.51e-06,39.7,,,,,"('LDFFQAL', 4, 10)",1,LDFFQAL,4,10,0,...[FWY]..[LVI]
710167,PLRMLEGSWINRKEDKLGVYSLVHFSPKMLGSVATTLPL,0,-5.147014713,-4.227743947,,,,710897,65,1,1,0,0,0,36,3,67,sp|Q8N9Z9|LMTD1_HUMAN,97.222,36.0,1.0,0.0,1.0,36.0,1.0,36.0,4.03e-19,76.6,,,,,"('LGVYSLV', 16, 22)",1,LGVYSLV,16,22,0,...[FWY]..[LVI]
710585,PLRMLMQIKMDNHPFNFQPILASHSMTRDSTKPKKMTDT,0,-0.157561523,-3.675696069,,,,711315,133,65,3,0,0,0,36,3,201,sp|Q9UL18|AGO1_HUMAN,38.095,21.0,13.0,0.0,10.0,30.0,740.0,760.0,5.8,22.7,,,,,"('PFNFQPI', 13, 19)",1,PFNFQPI,13,19,0,...[FWY]..[LVI]
710713,PLRMIPTLYSIIFVVGFLVTAWW,0,-2.212109741,-1.555873381,,,,711443,102,12,10,0,0,0,20,3,124,sp|P30556|AGTR1_HUMAN,100.0,13.0,0.0,0.0,1.0,13.0,30.0,42.0,0.023,28.5,,,,,"('PTLYSII', 5, 11)",1,PTLYSII,5,11,0,...[FWY]..[LVI]
710968,PLRMISWAVSLVHTLSQLSFTVNLPFCGPNVVDSFFCDL,0,-4.492217661,-5.380301816,,,,711698,289,7,2,0,0,0,36,3,298,sp|Q8NGD3|OR4K5_HUMAN,100.0,36.0,0.0,0.0,1.0,36.0,146.0,181.0,1.32e-19,77.8,,,,,"('DSFFCDL', 32, 38)",1,DSFFCDL,32,38,0,...[FWY]..[LVI]
710995,PLRMITGNMALIQVQATVVGFLASIAAVVFGWIPDGHFS,0,-1.681040249,-2.264269823,,,,711725,100,17,6,0,0,0,36,3,123,sp|Q8IVJ1|S41A1_HUMAN,100.0,36.0,0.0,0.0,1.0,36.0,175.0,210.0,5.47e-18,73.6,,,,,"('AVVFGWI', 26, 32)",1,AVVFGWI,26,32,0,...[FWY]..[LVI]
711163,PLRMLGKGVVGGGGGTKAPKPSFVSYVRPEEIHTNEKEV,0,-3.779998729,-2.182656057,,,,711893,126,5,8,0,0,0,36,3,139,sp|Q9C0I1|MTMRC_HUMAN,100.0,36.0,0.0,0.0,1.0,36.0,1.0,36.0,1.08e-20,81.3,,,,,"('KPSFVSY', 19, 25)",1,KPSFVSY,19,25,0,...[FWY]..[WFY]
711591,PLRMLKGLRPSRLTRNGFTALHLAVYKDNAELITSLLHS,0,-2.446574995,-4.334659151,,,,712321,70,7,1,0,0,0,36,3,78,sp|Q59H18|TNI3K_HUMAN,100.0,36.0,0.0,0.0,1.0,36.0,88.0,123.0,1.17e-18,75.5,,,,,"('RNGFTAL', 14, 20)",1,RNGFTAL,14,20,0,...[FWY]..[LVI]
713817,PLRMNKNTSTEYHRVCLKRILPFR,0,-2.017731696,-0.905815852,,,,714549,52,7,8,0,0,0,21,3,67,sp|P0CG38|POTEI_HUMAN,70.0,10.0,3.0,0.0,4.0,13.0,463.0,472.0,4.1,22.3,,,,,"('STEYHRV', 8, 14)",1,STEYHRV,8,14,0,...[FWY]..[LVI]
714817,PLRMMPCHSTPYYSHVHCPLPMRFLQCPPDLTGKSHYLD,0,-4.294571902,-5.960263636,,,,715551,216,6,1,0,0,0,36,3,223,sp|Q92521|PIGB_HUMAN,100.0,36.0,0.0,0.0,1.0,36.0,436.0,471.0,5.14e-21,82.4,,,,,"('TPYYSHV', 9, 15)",1,TPYYSHV,9,15,0,...[FWY]..[LVI]
715129,PLRMNAEFITSEPCTFPQPTGHQATRLWINLLPVQLLQA,0,-0.523196277,-1.063357129,,,,715864,58,22,8,0,0,0,36,3,88,sp|Q5T197|DCST1_HUMAN,44.0,25.0,13.0,1.0,10.0,34.0,538.0,561.0,1.9,24.3,,,,,"('TRLWINL', 24, 30)",1,TRLWINL,24,30,0,...[FWY]..[LVI]
715708,PLRMPGPWLLLALALTLNLTGVPGGRAQPEAAQQEAVTA,0,-3.147014713,-2.227743947,,,,716443,65,4,4,0,0,0,36,3,73,sp|P20396|TRH_HUMAN,100.0,36.0,0.0,0.0,1.0,36.0,1.0,36.0,4.7e-18,72.4,,,,,"('PGPWLLL', 4, 10)",1,PGPWLLL,4,10,0,...[FWY]..[LVI]
715779,PLRMTDMKVECHHVRLYQRWKTKHCGEEPPL,0,-0.522082083,-2.145338551,,,,716514,353,134,23,0,0,0,28,3,510,sp|P08F94|PKHD1_HUMAN,47.826,23.0,12.0,0.0,1.0,23.0,2911.0,2933.0,0.013,29.6,,,,,"('VRLYQRW', 13, 19)",1,VRLYQRW,13,19,0,...[FWY]..[WFY]
718859,PLRMPTPVIKAFGILKRAAAEVNQDYGLDPKIANAIMKA,0,-5.49388071,-3.837644349,,,,719597,248,3,5,0,0,0,36,3,256,sp|P07954|FUMH_HUMAN,100.0,36.0,0.0,0.0,1.0,36.0,88.0,123.0,1.3e-18,75.5,,,,,"('IKAFGIL', 8, 14)",1,IKAFGIL,8,14,0,...[FWY]..[LVI]
719418,PLRMRGGVLLVLLLCVAAQCRQRGLFPAILNLASNAHIS,0,-2.470421737,-2.551150971,,,,720156,61,6,3,0,0,0,36,3,70,sp|P25391|LAMA1_HUMAN,100.0,36.0,0.0,0.0,1.0,36.0,1.0,36.0,3.22e-19,77.0,,,,,"('RGLFPAI', 22, 28)",1,RGLFPAI,22,28,0,...[FWY]..[LVI]
719493,PLRMRGQFGWVSNWQTRPQKQRSSLIQFR,0,-2.347039321,-4.012731056,,,,720232,56,6,1,0,0,0,26,3,63,sp|Q15846|CLUL1_HUMAN,100.0,9.0,0.0,0.0,1.0,9.0,378.0,386.0,0.68,24.6,,,,,"('RGQFGWV', 4, 10)",1,RGQFGWV,4,10,0,...[FWY]..[LVI]
719864,PLRMQSVQSTSFCLRKQCLCLTFLLLHLLGQVAATQRCP,0,-3.357307657,-5.759964986,,,,720603,188,10,1,0,0,0,36,3,199,sp|P48745|CCN3_HUMAN,100.0,36.0,0.0,0.0,1.0,36.0,1.0,36.0,7.05e-18,73.2,,,,,"('CLTFLLL', 19, 25)",1,CLTFLLL,19,25,0,...[FWY]..[LVI]
720505,PLRMQSREEEWFHQVRRVMTILFLTMVISYFGCMKAAPM,0,-4.1246469,-3.205376134,,,,721245,64,2,2,0,0,0,36,3,68,sp|P23560|BDNF_HUMAN,100.0,21.0,0.0,0.0,16.0,36.0,1.0,21.0,2.73e-09,48.9,,,,,"('EEWFHQV', 8, 14)",1,EEWFHQV,8,14,0,...[FWY]..[LVI]
720617,PLRMQKVTLGLLVFLAGFLSWTPMTWKIKTVLSTMTGT,0,-2.565219492,-2.283378646,,,,721357,152,14,9,0,0,0,35,3,175,sp|Q14802|FXYD3_HUMAN,100.0,15.0,0.0,0.0,1.0,15.0,1.0,15.0,0.001,32.3,,,,,"('LAGFLSW', 14, 20)",1,LAGFLSW,14,20,0,...[FWY]..[WFY]
723595,PLRMSLYPSLEDLKVDKVIQAQTAFSANPANPAILSEAS,0,-4.957536914,-3.038266148,,,,724342,114,2,4,0,0,0,36,3,120,sp|O00560|SDCB1_HUMAN,100.0,36.0,0.0,0.0,1.0,36.0,1.0,36.0,2.11e-18,73.9,,,,,"('MSLYPSL', 3, 9)",1,MSLYPSL,3,9,0,...[FWY]..[LVI]
724356,PLRMSRSLDSARSFLERLEARGGREGAVLAGEFSDIQAC,0,-5.446574995,-4.527304229,,,,725103,80,1,1,0,0,0,36,3,82,sp|Q99952|PTN18_HUMAN,100.0,36.0,0.0,0.0,1.0,36.0,1.0,36.0,6.68e-18,73.6,,,,,"('AGEFSDI', 29, 35)",1,AGEFSDI,29,35,0,...[FWY]..[LVI]
724757,PLRMSHWAPEWKRAEANPRDLGASWMSVAAVAVAGVAL,0,-4.031537496,-1.304911807,,,,725504,120,4,14,0,0,0,35,3,138,sp|Q86TM3|DDX53_HUMAN,100.0,22.0,0.0,0.0,1.0,22.0,1.0,22.0,1.96e-12,57.8,,,,,"('GASWMSV', 21, 27)",1,GASWMSV,21,27,0,...[FWY]..[LVI]
725227,PLRMSSFSYEPYYSTSYKRRYVETPRVHISVRSGYSTAR,0,-1.627147241,-2.707876474,,,,725974,68,12,3,0,0,0,36,3,83,sp|P07196|NFL_HUMAN,97.297,37.0,0.0,1.0,1.0,36.0,1.0,37.0,6.72e-15,65.1,,,,,"('SFSYEPY', 5, 11)",1,SFSYEPY,5,11,0,...[FWY]..[WFY]
725240,PLRMSSGAPQKSSPMASGAEETPGFLDTLLQDFPALLNP,0,-2.957536914,-4.038266148,,,,725987,57,4,1,0,0,0,36,3,62,sp|P49593|PPM1F_HUMAN,100.0,36.0,0.0,0.0,1.0,36.0,1.0,36.0,2.07e-18,74.7,,,,,"('LQDFPAL', 29, 35)",1,LQDFPAL,29,35,0,...[FWY]..[LVI]
726904,PLRMTIALLGFAIFLLHCATCEKPLEGILSSSAWHFTHS,0,-3.482198905,-2.241000044,,,,727654,82,4,5,0,0,0,36,3,91,sp|Q9NYQ8|FAT2_HUMAN,100.0,36.0,0.0,0.0,1.0,36.0,1.0,36.0,3.0000000000000007e-21,82.8,,,,,"('LLGFAIF', 7, 13)",1,LLGFAIF,7,13,0,...[FWY]..[WFY]
727973,PLRMTNKCLLQIALLLCFSTTALSMSYNLLGFLQHSSNF,0,-1.978796034,-4.759964986,,,,728726,94,13,1,0,0,0,36,3,108,sp|P01574|IFNB_HUMAN,97.222,36.0,1.0,0.0,1.0,36.0,1.0,36.0,1.22e-17,70.5,,,,,"('SMSYNLL', 23, 29)",1,SMSYNLL,23,29,0,...[FWY]..[LVI]
728690,PLRMTTRSLNTHDVAAPLSPHSQEVSCYIDYNISMPAQN,0,-0.287585471,-5.891876661,,,,729443,206,92,1,0,0,0,36,3,299,sp|Q9Y6A1|POMT1_HUMAN,100.0,36.0,0.0,0.0,1.0,36.0,407.0,442.0,1.02e-20,81.6,,,,,"('VSCYIDY', 24, 30)",1,VSCYIDY,24,30,0,...[FWY]..[WFY]
729180,PLRMVDMDKLINNLEVQLIQKVAQCRYSSRSLLLFGTV,0,-7.17449545,-4.670262183,,,,729933,265,1,3,0,0,0,35,3,269,sp|O95600|KLF8_HUMAN,100.0,15.0,0.0,0.0,1.0,15.0,1.0,15.0,0.000339,34.7,,,,,"('LLLFGTV', 31, 37)",1,LLLFGTV,31,37,0,...[FWY]..[LVI]
731804,PLRMWLQSLLLLGTVACSISAPARSPSPSTQPWEHVNAI,0,-3.055384238,-3.136113471,,,,732558,61,4,2,0,0,0,36,3,67,sp|P04141|CSF2_HUMAN,100.0,36.0,0.0,0.0,1.0,36.0,1.0,36.0,3.99e-20,75.9,,,,,"('TQPWEHV', 29, 35)",1,TQPWEHV,29,35,0,...[FWY]..[LVI]
732198,PLRNALHLASEREAISRLKDRPPLRAREDYDQFMRQRSF,0,-1.334100266,-2.414829499,,,,732953,74,16,4,0,0,0,36,3,94,sp|Q7Z3G6|PRIC2_HUMAN,100.0,36.0,0.0,0.0,1.0,36.0,697.0,732.0,7.04e-19,76.3,,,,,"('REDYDQF', 26, 32)",1,REDYDQF,26,32,0,...[FWY]..[WFY]
732502,PLRNEQAAEFLFNQCICIHLKSNTEKFYMLCLMTRKLFA,0,-2.258502647,-1.509156882,,,,733257,79,9,8,0,0,0,36,3,96,sp|Q9H9Y6|RPA2_HUMAN,100.0,36.0,0.0,0.0,1.0,36.0,320.0,355.0,3.14e-21,82.8,,,,,"('TEKFYML', 23, 29)",1,TEKFYML,23,29,0,...[FWY]..[LVI]
733052,PLRYDEHISNFHSKLKKENPDIYEENLHYPLLLILTKHG,0,-3.575858012,-2.656587246,,,,733807,175,8,8,0,0,0,36,3,191,sp|Q7Z624|CMKMT_HUMAN,100.0,36.0,0.0,0.0,1.0,36.0,288.0,323.0,4.900000000000001e-22,84.3,,,,,"('NLHYPLL', 25, 31)",1,NLHYPLL,25,31,0,...[FWY]..[LVI]
733181,PLRNDGKNAEQVSFNTIVIESVVECPRNCHGNGESFLV,0,-3.932001822,-5.334659151,,,,733936,140,5,1,0,0,0,35,3,146,sp|Q9P273|TEN3_HUMAN,100.0,31.0,0.0,0.0,1.0,31.0,497.0,527.0,3.25e-17,71.6,,,,,"('QVSFNTI', 10, 16)",1,QVSFNTI,10,16,0,...[FWY]..[LVI]
733755,PLRYCEVDIDECQSSPCVNGGVCKDRVNGFSCTCPSGFS,0,-3.76850309,-5.019157325,,,,734510,225,9,2,0,0,0,36,3,236,sp|Q9UM47|NOTC3_HUMAN,100.0,36.0,0.0,0.0,1.0,36.0,465.0,500.0,6.9e-19,76.3,,,,,"('PLRYCEV', 0, 6)",1,PLRYCEV,0,6,0,...[FWY]..[LVI]
734526,PLRYEDLCTGALKSFALEVFYQTQGRLHPNLRRAIQQIL,0,-5.436996018,-8.605188093,,,,735281,1351,17,1,0,0,0,36,3,1369,sp|Q9HAU8|RNPL1_HUMAN,100.0,36.0,0.0,0.0,1.0,36.0,638.0,673.0,4.14e-20,79.7,,,,,"('PLRYEDL', 0, 6)",1,PLRYEDL,0,6,0,...[FWY]..[LVI]
734679,PLRNEDFIKDCVRIHNKFRSEVKPTASDMLYMTWDPALV,0,-2.219804133,-3.759964986,,,,735434,94,11,2,0,0,0,36,3,107,sp|P48060|GLIP1_HUMAN,100.0,35.0,0.0,0.0,1.0,35.0,30.0,64.0,5.2e-20,78.2,,,,,"('DMLYMTW', 27, 33)",1,DMLYMTW,27,33,0,...[FWY]..[WFY]
734886,PLRNEVLLKHEVDKYRKLFQSKQQTARKSISIKTVSCVE,0,-3.13747094,-5.025555096,,,,735641,113,7,1,0,0,0,36,3,121,sp|Q6AHZ1|Z518A_HUMAN,100.0,36.0,0.0,0.0,1.0,36.0,59.0,94.0,3.43e-18,74.3,,,,,"('VDKYRKL', 11, 17)",1,VDKYRKL,11,17,0,...[FWY]..[LVI]
735061,PLRNESLFDLLSTLPYVGPSVTPMTIVENPQGVFIKGLS,0,-3.567590396,-4.063357129,,,,735816,174,8,3,0,0,0,36,3,185,sp|Q9HAQ2|KIF9_HUMAN,100.0,36.0,0.0,0.0,1.0,36.0,146.0,181.0,6.79e-20,79.3,,,,,"('ESLFDLL', 4, 10)",1,ESLFDLL,4,10,0,...[FWY]..[LVI]
735732,PLRNDAPPGGSKETWGLQETLYGFVQNPSLAFSPNPEEN,0,-0.385692753,-1.925853605,,,,736490,290,121,22,0,0,0,36,3,433,sp|Q8TC90|CCER1_HUMAN,100.0,36.0,0.0,0.0,1.0,36.0,233.0,268.0,5.69e-19,76.3,,,,,"('ETLYGFV', 18, 24)",1,ETLYGFV,18,24,0,...[FWY]..[LVI]
735894,PLRNAEEDAWLRAQVISTEENKIKVCYVDYGFSENVEKS,0,-2.010004334,-0.260658569,,,,736652,133,18,32,0,0,0,36,3,183,sp|Q8NHU6|TDRD7_HUMAN,100.0,36.0,0.0,0.0,1.0,36.0,523.0,558.0,2.11e-19,77.8,,,,,"('KVCYVDY', 23, 29)",1,KVCYVDY,23,29,0,...[FWY]..[WFY]
737335,PLRNYPTLMGNYNGQNTASLSVFIPPYFAEKIILTEMPG,0,-0.312579851,-1.538359417,,,,738094,262,115,26,0,0,0,36,3,403,sp|Q8NDZ0|BEND2_HUMAN,100.0,36.0,0.0,0.0,1.0,36.0,320.0,355.0,5.47e-19,76.6,,,,,"('LRNYPTL', 1, 7)",1,LRNYPTL,1,7,0,...[FWY]..[LVI]
738032,PLRNGEVRYSFEMVQPDFELHAISGEITNTHQFDRESLM,0,-5.247043531,-4.912735266,,,,738792,209,3,2,0,0,0,36,3,214,sp|Q6V0I7|FAT4_HUMAN,100.0,36.0,0.0,0.0,1.0,36.0,1132.0,1167.0,4.67e-20,79.7,,,,,"('RYSFEMV', 7, 13)",1,RYSFEMV,7,13,0,...[FWY]..[LVI]
738109,PLRNGRGNTSGSHIVNHLVRAKYNEVTLHKDGPLGETVL,0,-1.885459236,-4.136113471,,,,738869,61,9,1,0,0,0,36,3,71,sp|Q92900|RENT1_HUMAN,94.444,36.0,2.0,0.0,1.0,36.0,146.0,181.0,2.01e-18,75.1,,,,,"('RAKYNEV', 19, 25)",1,RAKYNEV,19,25,0,...[FWY]..[LVI]
738648,PLRNGPSFQTAFGKTEQTVKVAFSSLNLLLQTQALVASI,0,-5.970136951,-3.465903684,,,,739409,115,1,3,0,0,0,36,3,119,sp|Q709C8|VP13C_HUMAN,100.0,36.0,0.0,0.0,1.0,36.0,1001.0,1036.0,9.87e-18,73.2,,,,,"('KVAFSSL', 19, 25)",1,KVAFSSL,19,25,0,...[FWY]..[LVI]
738873,PLRNGSNYLEEVREPSLQEEQASLEEGEIPWLQYHENDS,0,-5.314471459,-4.395200693,,,,739634,146,2,2,0,0,0,36,3,150,sp|Q8NG27|PJA1_HUMAN,100.0,36.0,0.0,0.0,1.0,36.0,436.0,471.0,1.14e-18,75.5,,,,,"('EIPWLQY', 27, 33)",1,EIPWLQY,27,33,0,...[FWY]..[WFY]
739168,PLRNIVKGDKESIKNLLEIFDGLLEYLTERISETSHEKS,0,-0.195036228,-1.375301135,,,,739929,189,90,21,0,0,0,36,3,300,sp|Q96GE4|CEP95_HUMAN,100.0,36.0,0.0,0.0,1.0,36.0,88.0,123.0,4.95e-18,73.9,,,,,"('LEIFDGL', 16, 22)",1,LEIFDGL,16,22,0,...[FWY]..[LVI]
739173,PLRYIALPLTLLVLLAGYNHDKLIPLLLQLKAGCRVSA,0,-3.161736219,-2.126988235,,,,739934,197,12,13,0,0,0,35,3,222,sp|Q5JPE7|NOMO2_HUMAN,93.103,29.0,2.0,0.0,1.0,29.0,1161.0,1189.0,1.34e-05,38.5,,,,,"('PLRYIAL', 0, 6)",1,PLRYIAL,0,6,0,...[FWY]..[LVI]
740516,PLRNLLKNTPSISEEQIRTFSTLKTKGNMKIKKLLVSV,0,-3.226184927,-4.891876661,,,,741280,103,6,1,0,0,0,35,3,110,sp|Q9H814|PHAX_HUMAN,53.333,30.0,14.0,0.0,1.0,30.0,291.0,320.0,0.004,31.6,,,,,"('IRTFSTL', 16, 22)",1,IRTFSTL,16,22,0,...[FWY]..[LVI]
740605,PLRYIMALREEYFDPSIVGWTVKYYELEEKIVSLIKNLI,0,-0.105663797,-3.273855872,,,,741369,302,153,9,0,0,0,36,3,464,sp|P04114|APOB_HUMAN,97.222,36.0,1.0,0.0,1.0,36.0,4380.0,4415.0,7.82e-19,76.3,,,,,"('TVKYYEL', 20, 26)",1,TVKYYEL,20,26,0,...[FWY]..[LVI]
741004,PLRNITLANVIRQLGSLSKYAEDIFGELFTQANTFASRV,0,-3.91720482,-2.483360881,,,,741768,194,7,10,0,0,0,36,3,211,sp|Q9Y6W5|WASF2_HUMAN,100.0,36.0,0.0,0.0,1.0,36.0,30.0,65.0,7.3e-19,76.3,,,,,"('EDIFGEL', 21, 27)",1,EDIFGEL,21,27,0,...[FWY]..[LVI]
741700,PLRNKVLLRVRMLYYLKQEVIGNECQKVFDGVDASDIDV,0,-5.600380331,-6.266072066,,,,742465,267,3,1,0,0,0,36,3,271,sp|Q3L8U1|CHD9_HUMAN,100.0,36.0,0.0,0.0,1.0,36.0,1625.0,1660.0,6.52e-20,79.3,,,,,"('QKVFDGV', 25, 31)",1,QKVFDGV,25,31,0,...[FWY]..[LVI]
742161,PLRNLEATYGTVRTGNRTLFEDRDSDSQDEVVVESLPTT,0,-4.932001822,-2.427768555,,,,742926,56,1,3,0,0,0,36,3,60,sp|Q9UPS8|ANR26_HUMAN,100.0,36.0,0.0,0.0,1.0,36.0,291.0,326.0,1.2e-15,67.0,,,,,"('EATYGTV', 5, 11)",1,EATYGTV,5,11,0,...[FWY]..[LVI]
742416,PLRYLFVITNNTNQGLQAWKIEDIPANKMSIAWQLPQYA,0,-0.874103438,-0.478394628,,,,743181,232,69,48,0,0,0,36,3,349,sp|Q16348|S15A2_HUMAN,100.0,36.0,0.0,0.0,1.0,36.0,581.0,616.0,7.8e-20,79.0,,,,,"('PLRYLFV', 0, 6)",1,PLRYLFV,0,6,0,...[FWY]..[LVI]
742929,PLRYLLDFKSIDDEVVEQRSGSSTPQRSCSAAGLHRPHS,0,-2.584078519,-4.664807752,,,,743694,88,8,1,0,0,0,36,3,97,sp|P54646|AAPK2_HUMAN,97.222,36.0,1.0,0.0,1.0,36.0,465.0,500.0,3.79e-18,74.3,,,,,"('LLDFKSI', 4, 10)",1,LLDFKSI,4,10,0,...[FWY]..[LVI]
743045,PLRNLLLSVSKDHALRLWNIQTDTLVAIFGGVEGHRDEV,0,-3.562052212,-4.227743947,,,,743811,130,6,2,0,0,0,36,3,138,sp|O75530|EED_HUMAN,100.0,36.0,0.0,0.0,1.0,36.0,204.0,239.0,1.3e-19,78.2,,,,,"('VAIFGGV', 25, 31)",1,VAIFGGV,25,31,0,...[FWY]..[LVI]
743212,PLRNLNKLLENEQVQKLFVKTQLYGFLKEMGSEVSEDSE,0,-1.921659878,-2.154392205,,,,743978,139,20,9,0,0,0,36,3,168,sp|Q8IWJ2|GCC2_HUMAN,100.0,36.0,0.0,0.0,1.0,36.0,740.0,775.0,5.47e-18,73.6,,,,,"('TQLYGFL', 20, 26)",1,TQLYGFL,20,26,0,...[FWY]..[LVI]
743389,PLRYLPSERVFLFGAETSQAQRKWTEAIAKHFVPLFAEN,0,-4.164175264,-6.414829499,,,,744156,296,9,1,0,0,0,36,3,306,sp|Q8WZ64|ARAP2_HUMAN,100.0,36.0,0.0,0.0,1.0,36.0,974.0,1009.0,8.51e-20,79.0,,,,,"('AKHFVPL', 28, 34)",1,AKHFVPL,28,34,0,...[FWY]..[LVI]
743432,PLRYLQAEKCFQRVLRKIPKLQNIITNLV,0,-2.040254713,-3.580415565,,,,744199,83,11,2,0,0,0,26,3,96,sp|Q6PGP7|TTC37_HUMAN,85.714,14.0,2.0,0.0,1.0,14.0,436.0,449.0,0.01,30.0,,,,,"('EKCFQRV', 7, 13)",1,EKCFQRV,7,13,0,...[FWY]..[LVI]
743468,PLRNPQKAQYYLYRAKSRQLLQNIFGARQDVATVLLLNH,0,-3.088121024,-1.320853351,,,,744235,78,5,9,0,0,0,36,3,92,sp|Q8NEE8|TTC16_HUMAN,100.0,35.0,0.0,0.0,1.0,35.0,436.0,470.0,4.8e-18,73.9,,,,,"('KAQYYLY', 6, 12)",1,KAQYYLY,6,12,0,...[FWY]..[WFY]
744125,PLRNLWSTYAHAGAFVEKKGVPSVPVAEESRASTLPYVP,0,-3.212109741,-0.292838975,,,,744894,68,4,16,0,0,0,36,3,88,sp|Q9Y666|S12A7_HUMAN,97.143,35.0,1.0,0.0,1.0,35.0,378.0,412.0,1.56e-17,72.4,,,,,"('RNLWSTY', 2, 8)",1,RNLWSTY,2,8,0,...[FWY]..[WFY]
745060,PLRNNLRLATHPSCNNEHVIVFNGIRSNSPQLEKLCSSV,0,-0.467039098,-4.355123253,,,,745830,142,56,2,0,0,0,36,3,200,sp|O60494|CUBN_HUMAN,100.0,36.0,0.0,0.0,1.0,36.0,2495.0,2530.0,7.82e-19,76.3,,,,,"('VIVFNGI', 18, 24)",1,VIVFNGI,18,24,0,...[FWY]..[LVI]
745175,PLRNKDDYLRASRALLREIIKQTKHEINFQAFCLGLMQE,0,-4.334100266,-3.829866999,,,,745945,148,4,3,0,0,0,36,3,155,sp|Q8N201|INT1_HUMAN,100.0,36.0,0.0,0.0,1.0,36.0,487.0,522.0,1.78e-19,77.8,,,,,"('EINFQAF', 25, 31)",1,EINFQAF,25,31,0,...[FWY]..[WFY]
745841,PLRNNNQTSVTLYHQFYQMRLVLLPWLQQVAW,0,-1.377034062,-4.545226137,,,,746611,81,17,1,0,0,0,29,3,99,sp|Q14573|ITPR3_HUMAN,48.0,25.0,11.0,1.0,4.0,26.0,1492.0,1516.0,6.2,22.3,,,,,"('VTLYHQF', 9, 15)",1,VTLYHQF,9,15,0,...[FWY]..[WFY]
747166,PLRNPRAYTLPISKEESRLSRLATKSHYSSTGPEFNRVL,0,-3.372574414,-3.038266148,,,,747938,171,9,6,0,0,0,36,3,186,sp|Q96M60|F227B_HUMAN,100.0,36.0,0.0,0.0,1.0,36.0,349.0,384.0,8.81e-19,75.9,,,,,"('GPEFNRV', 31, 37)",1,GPEFNRV,31,37,0,...[FWY]..[LVI]
747462,PLRSPYEAFIVENLPGGSRVIQIRASDADSGTNGQVMYS,0,-2.150181992,-0.868341147,,,,748236,57,7,9,0,0,0,36,3,73,sp|Q14517|FAT1_HUMAN,100.0,36.0,0.0,0.0,1.0,36.0,2812.0,2847.0,4.53e-19,76.6,,,,,"('RSPYEAF', 2, 8)",1,RSPYEAF,2,8,0,...[FWY]..[WFY]
747556,PLRNQDPLGKQGYQLRQGDNFEVWERPLSGLAWAVAMIN,0,-1.874668647,-3.414829499,,,,748330,74,11,2,0,0,0,36,3,87,sp|P06280|AGAL_HUMAN,100.0,36.0,0.0,0.0,1.0,36.0,320.0,355.0,1.36e-19,78.2,,,,,"('GDNFEVW', 17, 23)",1,GDNFEVW,17,23,0,...[FWY]..[WFY]
747585,PLRNQCLSATQNKTFQTHKCVKVFGKFSNSNRHKTRHTG,0,-2.284192756,-5.3191183,,,,748359,277,31,2,0,0,0,36,3,310,sp|A6NP11|ZN716_HUMAN,100.0,36.0,0.0,0.0,1.0,36.0,146.0,181.0,1.26e-18,75.5,,,,,"('VKVFGKF', 20, 26)",1,VKVFGKF,20,26,0,...[FWY]..[WFY]
747604,PLRNQEDEEDAHAGIIGRFLGLQSHDHHPPRANSRTKLL,0,-1.133635683,-5.536293012,,,,748378,322,80,2,0,0,0,36,3,404,sp|O76090|BEST1_HUMAN,100.0,36.0,0.0,0.0,1.0,36.0,378.0,413.0,7.61e-21,82.0,,,,,"('IGRFLGL', 15, 21)",1,IGRFLGL,15,21,0,...[FWY]..[LVI]
748071,PLRNQPMEIKVLGPYTFSICDTSNFSDYIRGGIVSQVKV,0,-4.154394244,-3.820085978,,,,748845,98,3,2,0,0,0,36,3,103,sp|P22314|UBA1_HUMAN,100.0,36.0,0.0,0.0,1.0,36.0,262.0,297.0,1.4e-20,81.3,,,,,"('TSNFSDY', 21, 27)",1,TSNFSDY,21,27,0,...[FWY]..[WFY]
748158,PLRNQRLEAVWRGGALSWSSGGGWTRSWAPVPRRCLLQ,0,-0.034449091,-1.252681849,,,,748932,248,132,30,0,0,0,35,3,410,sp|Q70EK9|UBP51_HUMAN,45.0,20.0,11.0,0.0,13.0,32.0,72.0,91.0,1.7,24.3,,,,,"('TRSWAPV', 24, 30)",1,TRSWAPV,24,30,0,...[FWY]..[LVI]
748785,PLRTRKLYVELKSSPQPHLVPFLKKSVVALRQLLPNSQS,0,-1.725550945,-1.905815852,,,,749559,91,15,7,0,0,0,36,3,113,sp|Q92750|TAF4B_HUMAN,100.0,36.0,0.0,0.0,1.0,36.0,304.0,339.0,3.31e-18,74.3,,,,,"('RKLYVEL', 4, 10)",1,RKLYVEL,4,10,0,...[FWY]..[LVI]
748951,PLRNRNVTLTLAEEASQEPEMAPLGPKGLIHLYSELELS,0,-5.892831225,-3.973560459,,,,749725,109,1,2,0,0,0,36,3,112,sp|O00213|APBB1_HUMAN,100.0,36.0,0.0,0.0,1.0,36.0,88.0,123.0,5.52e-18,73.6,,,,,"('IHLYSEL', 29, 35)",1,IHLYSEL,29,35,0,...[FWY]..[LVI]
749638,PLRNSEEESDPPTYKDAFPPLPEKAACLESAQEPAGAWG,0,-2.063246355,-2.72893809,,,,750414,69,9,3,0,0,0,36,3,81,sp|Q00341|VIGLN_HUMAN,97.222,36.0,1.0,0.0,1.0,36.0,30.0,65.0,9.57e-19,75.9,,,,,"('KDAFPPL', 14, 20)",1,KDAFPPL,14,20,0,...[FWY]..[LVI]
749760,PLRNSVAEFDSHSGGSYCKLRSMIQPHGVSDQEKLSLDP,0,-2.314471459,-1.810238192,,,,750536,73,8,6,0,0,0,36,3,87,sp|Q6ZSB9|ZBT49_HUMAN,100.0,36.0,0.0,0.0,1.0,36.0,639.0,674.0,1.85e-19,77.8,,,,,"('GGSYCKL', 13, 19)",1,GGSYCKL,13,19,0,...[FWY]..[LVI]
750474,PLRNSYAGLDPSNQIGSGSSRLGTAATIKGDTDTAKTSD,0,-1.932001822,-2.427768555,,,,751250,56,8,3,0,0,0,36,3,67,sp|Q96RV3|PCX1_HUMAN,100.0,36.0,0.0,0.0,1.0,36.0,146.0,181.0,8.71e-18,73.2,,,,,"('RNSYAGL', 2, 8)",1,RNSYAGL,2,8,0,...[FWY]..[LVI]
750548,PLRYTAINFVATPDEQNRDLDMFINASKNFNLNITWAAS,0,-3.797072242,-2.292838975,,,,751324,51,2,3,0,0,0,36,3,56,sp|O75882|ATRN_HUMAN,100.0,36.0,0.0,0.0,1.0,36.0,1177.0,1212.0,1.67e-20,80.9,,,,,"('PLRYTAI', 0, 6)",1,PLRYTAI,0,6,0,...[FWY]..[LVI]
750762,PLRYTFESDKGLYQLTINSVTTDDDAEYTVVARNKYGED,0,-3.544185792,-4.94684312,,,,751538,107,5,1,0,0,0,36,3,113,sp|Q8WZ42|TITIN_HUMAN,100.0,36.0,0.0,0.0,1.0,36.0,32666.0,32701.0,5.65e-19,76.6,,,,,"('DAEYTVV', 24, 30)",1,DAEYTVV,24,30,0,...[FWY]..[LVI]
750802,PLRNTGGRKVSGTMYNTGRHVSFAWTRSTWSTFLVGR,0,-3.584078519,-3.249770253,,,,751579,66,3,2,0,0,0,34,3,71,sp|Q9NS85|CAH10_HUMAN,95.0,20.0,1.0,0.0,1.0,20.0,88.0,107.0,2.2e-07,43.5,,,,,"('RSTWSTF', 26, 32)",1,RSTWSTF,26,32,0,...[FWY]..[WFY]
750876,PLRNTRDAVKLHFGQITQHVHSFS,0,-2.60577359,-1.949537229,,,,751653,134,12,10,0,0,0,21,3,156,sp|Q5SY80|CTSRE_HUMAN,90.0,10.0,1.0,0.0,1.0,10.0,523.0,532.0,2.1,23.1,,,,,"('KLHFGQI', 9, 15)",1,KLHFGQI,9,15,0,...[FWY]..[LVI]
751156,PLRNTNTCNKYGVSGYPTLKIFRDGEEAGAYDGPRTADG,0,-3.892831225,-3.388597958,,,,751933,218,8,6,0,0,0,36,3,232,sp|P30101|PDIA3_HUMAN,100.0,36.0,0.0,0.0,1.0,36.0,88.0,123.0,5.49e-20,79.3,,,,,"('VSGYPTL', 12, 18)",1,VSGYPTL,12,18,0,...[FWY]..[LVI]
751596,PLRYTWMDATLKELTSLVKEVYPEARKKGTHFNFAIVFT,0,-5.294571902,-3.638335541,,,,752374,216,3,5,0,0,0,36,3,224,sp|O00422|SAP18_HUMAN,100.0,36.0,0.0,0.0,1.0,36.0,59.0,94.0,6.2000000000000004e-21,78.2,,,,,"('HFNFAIV', 30, 36)",1,HFNFAIV,30,36,0,...[FWY]..[LVI]
751913,PLRNVEVSSGNSEVEDRPQDPLARLRHKELQMEQVYHGL,0,-3.657141981,-2.545226137,,,,752693,162,7,8,0,0,0,36,3,177,sp|Q7Z591|AKNA_HUMAN,100.0,36.0,0.0,0.0,1.0,36.0,726.0,761.0,1.67e-19,78.2,,,,,"('EQVYHGL', 32, 38)",1,EQVYHGL,32,38,0,...[FWY]..[LVI]
752277,PLRYVLLEVHYDNPTYEEGLIDNSGLRLFYTMDIRKYDA,0,-5.6745056,-7.455674552,,,,753059,1218,13,2,0,0,0,36,3,1233,sp|Q6UVY6|MOXD1_HUMAN,100.0,36.0,0.0,0.0,1.0,36.0,301.0,336.0,2.2e-20,80.5,,,,,"('PLRYVLL', 0, 6)",1,PLRYVLL,0,6,0,...[FWY]..[LVI]
753377,PLRYVSNGSVYFDTAKFASSEKHSYGKLVPEAVGDQKAL,0,-3.190736091,-0.686502824,,,,754160,134,8,24,0,0,0,36,3,166,sp|P49589|SYCC_HUMAN,100.0,36.0,0.0,0.0,1.0,36.0,262.0,297.0,9.35e-19,75.9,,,,,"('KHSYGKL', 21, 27)",1,KHSYGKL,21,27,0,...[FWY]..[LVI]
754271,PLRYYPDDNGIYNQKFPFKTLAMVTSFLTNICISYLAKY,0,-5.951195387,-6.031924621,,,,755055,227,2,1,0,0,0,36,3,230,sp|Q9GZV3|SC5A7_HUMAN,100.0,36.0,0.0,0.0,1.0,36.0,465.0,500.0,4.44e-20,79.7,,,,,"('KFPFKTL', 14, 20)",1,KFPFKTL,14,20,0,...[FWY]..[LVI]
754941,PLRSVATAPIPGTPWCVVWTGDERVFFYNPTTRLSMWDR,0,-3.709609401,-2.05337304,,,,755725,72,3,5,0,0,0,36,3,80,sp|O14776|TCRG1_HUMAN,100.0,35.0,0.0,0.0,2.0,36.0,524.0,558.0,1.83e-20,80.9,,,,,"('GTPWCVV', 11, 17)",1,GTPWCVV,11,17,0,...[FWY]..[LVI]
756338,PLRPDLAIFQWHLFHHEFLRQSDGATLFQNNHSETFSPN,0,-1.081343116,-6.701231161,,,,757122,361,93,1,0,0,0,36,3,455,sp|P16591|FER_HUMAN,29.412,34.0,24.0,0.0,2.0,35.0,172.0,205.0,0.8,25.4,,,,,"('IFQWHLF', 7, 13)",1,IFQWHLF,7,13,0,...[FWY]..[WFY]
757583,PLRPAQGPQFSGLVSSLPPGVPCPEWSTAWGPCSTTCGL,0,-3.962590142,-2.557892549,,,,758367,143,5,7,0,0,0,36,3,155,sp|O76076|CCN5_HUMAN,100.0,36.0,0.0,0.0,1.0,36.0,175.0,210.0,2.81e-18,73.2,,,,,"('GPQFSGL', 6, 12)",1,GPQFSGL,6,12,0,...[FWY]..[LVI]
757966,PLRPAVEAFFLVHATERESKPPVRDTRESQLAHIKDEPP,0,-2.861612494,-2.527304229,,,,758751,80,6,4,0,0,0,36,3,90,sp|Q7Z6Z7|HUWE1_HUMAN,100.0,36.0,0.0,0.0,1.0,36.0,3881.0,3916.0,3.04e-19,77.4,,,,,"('VEAFFLV', 5, 11)",1,VEAFFLV,5,11,0,...[FWY]..[LVI]
758369,PLRPCNEKLIQDQFVDISFPSQVVNTNMQSVQLNTEDTV,0,-2.014463982,-1.723224439,,,,759155,126,17,11,0,0,0,36,3,154,sp|Q5W0Q7|USPL1_HUMAN,100.0,36.0,0.0,0.0,1.0,36.0,639.0,674.0,1.11e-18,75.9,,,,,"('QDQFVDI', 10, 16)",1,QDQFVDI,10,16,0,...[FWY]..[LVI]
758621,PLRPCKSKSLGDLTSEDIACNFESKYQCISKSFVTTGIR,0,-0.060921303,-1.02206892,,,,759407,155,81,22,0,0,0,36,3,258,sp|Q4KWH8|PLCH1_HUMAN,100.0,36.0,0.0,0.0,1.0,36.0,1489.0,1524.0,2.05e-19,77.8,,,,,"('ESKYQCI', 22, 28)",1,ESKYQCI,22,28,0,...[FWY]..[LVI]
759008,PLRPWRAGTLISASEDRGFKVWDHCTGSLIYSSSVLSAY,0,-7.985733806,-4.481500539,,,,759794,465,1,6,0,0,0,36,3,472,sp|A2RRH5|WDR27_HUMAN,100.0,36.0,0.0,0.0,1.0,36.0,174.0,209.0,1.32e-19,78.2,,,,,"('DRGFKVW', 15, 21)",1,DRGFKVW,15,21,0,...[FWY]..[WFY]
759805,PLRPDGTEVADKAAYLTSLNSADLLKSLCYPRVKVGNEF,0,-2.837364948,-3.088019183,,,,760591,118,9,4,0,0,0,36,3,131,sp|Q9Y623|MYH4_HUMAN,100.0,36.0,0.0,0.0,1.0,36.0,378.0,413.0,1.57e-19,78.2,,,,,"('SLCYPRV', 26, 32)",1,SLCYPRV,26,32,0,...[FWY]..[LVI]
759928,PLRPDIAWYKKGGDLPSDKAKFENFNKALRITNVSEEDS,0,-0.014463982,-1.804144434,,,,760715,315,170,26,0,0,0,36,3,511,sp|O94856|NFASC_HUMAN,100.0,36.0,0.0,0.0,1.0,36.0,276.0,311.0,4.18e-19,77.0,,,,,"('KAKFENF', 18, 24)",1,KAKFENF,18,24,0,...[FWY]..[WFY]
760448,PLRPDPQAMFDIEYFRKDHVHSSSLQRKFILVNSSHLS,0,-5.294571902,-3.375301135,,,,761235,72,1,2,0,0,0,35,3,75,sp|Q96EB6|SIR1_HUMAN,100.0,15.0,0.0,0.0,1.0,15.0,291.0,305.0,1.66e-05,38.1,,,,,"('QRKFILV', 25, 31)",1,QRKFILV,25,31,0,...[FWY]..[LVI]
760884,PLRPDTTISLSQCEKFLGIGNKKAFWGTEKFEDKMGTYS,0,-4.078843211,-1.285103326,,,,761672,93,3,11,0,0,0,36,3,107,sp|Q5K651|SAMD9_HUMAN,100.0,36.0,0.0,0.0,1.0,36.0,929.0,964.0,5.49e-20,79.3,,,,,"('CEKFLGI', 12, 18)",1,CEKFLGI,12,18,0,...[FWY]..[LVI]
761879,PLRPARRERQASFLCLLRGCGPEPHSPGLAHARGALGDR,0,-3.391433441,-2.887200174,,,,762669,77,4,3,0,0,0,36,3,84,sp|Q9H222|ABCG5_HUMAN,47.368,19.0,10.0,0.0,18.0,36.0,32.0,50.0,1.4,24.6,,,,,"('QASFLCL', 9, 15)",1,QASFLCL,9,15,0,...[FWY]..[LVI]
762080,PLRPATEPPQLPGRCPESDHTAWIPFHGHCYYIESSYTR,0,-1.237628105,-6.794090769,,,,762871,385,89,1,0,0,0,36,3,475,sp|P22897|MRC1_HUMAN,100.0,36.0,0.0,0.0,1.0,36.0,1219.0,1254.0,3.88e-21,82.8,,,,,"('HTAWIPF', 19, 25)",1,HTAWIPF,19,25,0,...[FWY]..[WFY]
762674,PLRQEGILSMKVTRKGSVISTLDADWLELTTFYYKQGLS,0,-6.334100266,-5.414829499,,,,763466,296,2,2,0,0,0,36,3,300,sp|Q52LD8|RFTN2_HUMAN,100.0,36.0,0.0,0.0,1.0,36.0,262.0,297.0,9.89e-19,75.9,,,,,"('DADWLEL', 22, 28)",1,DADWLEL,22,28,0,...[FWY]..[LVI]
762910,PLRPESFDLSWMATDGIFETFTIEIIDSNRLLETVEYNI,0,-4.584078519,-3.664807752,,,,763702,220,5,5,0,0,0,36,3,230,sp|P24821|TENA_HUMAN,97.222,36.0,1.0,0.0,1.0,36.0,1451.0,1486.0,1.21e-19,78.6,,,,,"('DGIFETF', 14, 20)",1,DGIFETF,14,20,0,...[FWY]..[WFY]
763532,PLRTENPDNCAEKLGCVLRFLKFLVKLIHWKKNLFTNC,0,-5.970136951,-3.050866185,,,,764325,115,1,4,0,0,0,35,3,120,sp|Q5HYC2|K2026_HUMAN,71.429,21.0,6.0,0.0,1.0,21.0,387.0,407.0,9.33e-05,36.2,,,,,"('VLRFLKF', 16, 22)",1,VLRFLKF,16,22,0,...[FWY]..[WFY]
764351,PLRPQTTEKISPNWESGINVDLAISTRQYHLQQLFYRYG,0,-0.144546458,-3.658235099,,,,765146,219,108,5,0,0,0,36,3,332,sp|Q13433|S39A6_HUMAN,100.0,36.0,0.0,0.0,1.0,36.0,30.0,65.0,1.42e-20,81.3,,,,,"('QQLFYRY', 31, 37)",1,QQLFYRY,31,37,0,...[FWY]..[WFY]
764642,PLRRFAKERRLRIWRDYVAPTANLDQKDKQFVAKVMQVL,0,-8.906006614,-6.986735847,,,,765438,880,1,2,0,0,0,36,3,883,sp|Q7KZF4|SND1_HUMAN,100.0,36.0,0.0,0.0,1.0,36.0,316.0,351.0,6.31e-19,76.3,,,,,"('LRIWRDY', 10, 16)",1,LRIWRDY,10,16,0,...[FWY]..[WFY]
764659,PLRPFTQAEMCLPCCSPQQGSLQLSSSEGGASTMAYMHI,0,-1.1246469,-0.427768555,,,,765455,56,14,12,0,0,0,36,3,82,sp|Q9Y6Y1|CMTA1_HUMAN,97.222,36.0,1.0,0.0,1.0,36.0,813.0,848.0,2.03e-19,77.8,,,,,"('TMAYMHI', 32, 38)",1,TMAYMHI,32,38,0,...[FWY]..[LVI]
765555,PLRPFTRVHPYETKEFIINDILKHFQEELLSQAARILGS,0,-6.954369635,-6.035098869,,,,766351,455,2,2,0,0,0,36,3,459,sp|Q5THJ4|VP13D_HUMAN,100.0,36.0,0.0,0.0,1.0,36.0,4032.0,4067.0,2.16e-19,77.8,,,,,"('LRPFTRV', 1, 7)",1,LRPFTRV,1,7,0,...[FWY]..[LVI]
766307,PLRPGDPALWSLLSRVVAQYAQRNAKGGVVAGNVAHILD,0,-1.418830005,-3.891876661,,,,767103,103,21,2,0,0,0,36,3,126,sp|Q6PGP7|TTC37_HUMAN,100.0,36.0,0.0,0.0,1.0,36.0,1190.0,1225.0,5.94e-20,79.3,,,,,"('PALWSLL', 6, 12)",1,PALWSLL,6,12,0,...[FWY]..[LVI]
767226,PLRPGLLVKRDFITGFTCLHWAAKHGRQELLAMLVNFAN,0,-3.911243262,-4.313900591,,,,768023,138,5,2,0,0,0,36,3,145,sp|Q53LP3|SWAHC_HUMAN,100.0,36.0,0.0,0.0,1.0,36.0,291.0,326.0,1.6400000000000004e-21,83.6,,,,,"('ITGFTCL', 12, 18)",1,ITGFTCL,12,18,0,...[FWY]..[LVI]
767375,PLRPGLVLFQLSAAGDVFYQQLRPQVDSSLRRDAGPPGD,0,-2.361686097,-1.834732754,,,,768172,198,21,16,0,0,0,36,3,235,sp|Q15572|TAF1C_HUMAN,100.0,36.0,0.0,0.0,1.0,36.0,581.0,616.0,3.16e-18,74.3,,,,,"('DVFYQQL', 15, 21)",1,DVFYQQL,15,21,0,...[FWY]..[LVI]
767415,PLRPGMDVLPSHCWISEMVVQLSDSLTDLLDKFSNISEG,0,-2.922603124,-4.462763977,,,,768212,153,11,2,0,0,0,36,3,166,sp|P21583|SCF_HUMAN,100.0,36.0,0.0,0.0,1.0,36.0,59.0,94.0,6.05e-20,77.8,,,,,"('LDKFSNI', 29, 35)",1,LDKFSNI,29,35,0,...[FWY]..[LVI]
767494,PLRQGNLVVSSLWSFTFGHGVFSGLRIFDVRFQGERIAY,0,-4.302564692,-3.705222021,,,,768291,181,5,4,0,0,0,36,3,190,sp|O75106|AOC2_HUMAN,100.0,36.0,0.0,0.0,1.0,36.0,320.0,355.0,4.5e-19,76.6,,,,,"('HGVFSGL', 18, 24)",1,HGVFSGL,18,24,0,...[FWY]..[LVI]
769035,PLRPGYYYRDDSLAVWNALEKYVTEIITYYYPSDAAVEG,0,-0.709609401,-3.326391535,,,,769834,174,58,5,0,0,0,36,3,237,sp|O75342|LX12B_HUMAN,100.0,36.0,0.0,0.0,1.0,36.0,494.0,529.0,7.43e-20,79.0,,,,,"('LAVWNAL', 12, 18)",1,LAVWNAL,12,18,0,...[FWY]..[LVI]
769220,PLRPHCQIQGSQDIGSDVILLCSSEEGIPRPTYLWEKLD,0,-5.944825863,-5.025555096,,,,770019,113,1,1,0,0,0,36,3,115,sp|Q5DX21|IGS11_HUMAN,100.0,36.0,0.0,0.0,1.0,36.0,147.0,182.0,5.08e-21,82.0,,,,,"('TYLWEKL', 31, 37)",1,TYLWEKL,31,37,0,...[FWY]..[LVI]
769518,PLRPHHFMMSLYRSLAGRAPAGAAAVSASGHGRADTITG,0,-0.16027081,-2.977965638,,,,770317,82,40,3,0,0,0,36,3,125,sp|Q7Z4P5|GDF7_HUMAN,100.0,36.0,0.0,0.0,1.0,36.0,88.0,123.0,7.1e-18,73.6,,,,,"('MSLYRSL', 8, 14)",1,MSLYRSL,8,14,0,...[FWY]..[LVI]
769705,PLRPNLFKTPQRKPSYNQLASTPIIFKEQGLTLPLYQSP,0,-0.569829563,-3.690087161,,,,770504,403,148,9,0,0,0,36,3,560,sp|P51587|BRCA2_HUMAN,100.0,36.0,0.0,0.0,1.0,36.0,59.0,94.0,2.04e-19,77.8,,,,,"('KPSYNQL', 12, 18)",1,KPSYNQL,12,18,0,...[FWY]..[LVI]
769795,PLRPGGIVKVYSFKIHEHETALFIIRIFQVLKLKPNLL,0,-3.058758964,-4.94684312,,,,770594,107,7,1,0,0,0,35,3,115,sp|Q9UMZ3|PTPRQ_HUMAN,100.0,17.0,0.0,0.0,1.0,17.0,1311.0,1327.0,9.62e-07,42.0,,,,,"('IRIFQVL', 24, 30)",1,IRIFQVL,24,30,0,...[FWY]..[LVI]
769808,PLRPGGQINPNSGYQYKRLEECLPTGVYECNKRCKCDPN,0,-4.852567355,-1.933296588,,,,770608,53,1,4,0,0,0,36,3,58,sp|Q15047|SETB1_HUMAN,100.0,36.0,0.0,0.0,1.0,36.0,755.0,790.0,8.07e-21,81.6,,,,,"('GYQYKRL', 12, 18)",1,GYQYKRL,12,18,0,...[FWY]..[LVI]
770733,PLRPHQGSGLGPGTYFFKSDLETYVARSVGTRGPYDTFS,0,-3.838892418,-0.83215881,,,,771535,105,4,17,0,0,0,36,3,126,sp|Q3ZCV2|LEXM_HUMAN,100.0,36.0,0.0,0.0,1.0,36.0,204.0,239.0,2.52e-19,77.4,,,,,"('RGPYDTF', 31, 37)",1,RGPYDTF,31,37,0,...[FWY]..[WFY]
771356,PLRTICLSWKLSEGGFEKFQISYCMPSRQEKLIKVIVYG,0,-4.739356744,-4.820085978,,,,772159,98,2,1,0,0,0,36,3,101,sp|P22105|TENX_HUMAN,34.375,32.0,21.0,0.0,1.0,32.0,1896.0,1927.0,0.015,30.0,,,,,"('EGGFEKF', 12, 18)",1,EGGFEKF,12,18,0,...[FWY]..[WFY]
772923,PLRPKDQEEWKRRTGLLLYENYGQSETGLICATYWGMKI,0,-2.32976133,-1.410490564,,,,773728,83,9,9,0,0,0,36,3,101,sp|Q08AH1|ACSM1_HUMAN,100.0,36.0,0.0,0.0,1.0,36.0,349.0,384.0,9.16e-21,81.6,,,,,"('LLLYENY', 15, 21)",1,LLLYENY,15,21,0,...[FWY]..[WFY]
773537,PLRPKIQSIYLERFPIFKACFSANGEEVLATSTHSKVLY,0,-5.007289949,-4.088019183,,,,774342,118,2,2,0,0,0,36,3,122,sp|Q9Y5J1|UTP18_HUMAN,100.0,36.0,0.0,0.0,1.0,36.0,286.0,321.0,6.37e-20,79.3,,,,,"('LERFPIF', 10, 16)",1,LERFPIF,10,16,0,...[FWY]..[WFY]
773625,PLRPKKKTGYGELNGNAGEREISLKNLSSDEATNPISRV,0,-0.04159116,-6.282191731,,,,774430,270,143,1,0,0,0,36,3,414,sp|Q7Z417|NUFP2_HUMAN,100.0,36.0,0.0,0.0,1.0,36.0,88.0,123.0,1.21e-18,75.5,,,,,"('KTGYGEL', 6, 12)",1,KTGYGEL,6,12,0,...[FWY]..[LVI]
773843,PLRSKLQTNAMDGLVNLTMLDLCYNYLHDSLLKDKIFAK,0,-0.659684176,-5.355123253,,,,774648,142,49,1,0,0,0,36,3,192,sp|Q99983|OMD_HUMAN,100.0,36.0,0.0,0.0,1.0,36.0,175.0,210.0,1.45e-18,75.1,,,,,"('DLCYNYL', 20, 26)",1,DLCYNYL,20,26,0,...[FWY]..[LVI]
774496,PLRSKSPWLRKNGVKKIDPDLYEKFISHRFGEEILYRID,0,-3.861612494,-4.527304229,,,,775301,320,12,4,0,0,0,36,3,336,sp|Q9P0M2|AKA7G_HUMAN,100.0,36.0,0.0,0.0,1.0,36.0,226.0,261.0,3.23e-20,79.3,,,,,"('PDLYEKF', 18, 24)",1,PDLYEKF,18,24,0,...[FWY]..[WFY]
775664,PLRPLKTTTCLEDGIRNGSCSSDGLLDLVYADLGTLSRL,0,-6.482198905,-4.562928138,,,,776469,328,2,4,0,0,0,36,3,334,sp|Q86XA9|HTR5A_HUMAN,100.0,36.0,0.0,0.0,1.0,36.0,1415.0,1450.0,1.54e-18,75.1,,,,,"('DLVYADL', 26, 32)",1,DLVYADL,26,32,0,...[FWY]..[LVI]
775708,PLRPSKVLFKKLLNKIRSQKSLWTIKSMSEDESEMITTV,0,-0.088383356,-3.138738941,,,,776513,275,141,9,0,0,0,36,3,425,sp|Q9C0D2|CE295_HUMAN,100.0,36.0,0.0,0.0,1.0,36.0,382.0,417.0,4.57e-18,73.9,,,,,"('KVLFKKL', 5, 11)",1,KVLFKKL,5,11,0,...[FWY]..[LVI]
775989,PLRPLLNAIQQGCRAPPYLGRVGVADEGRTDTAYRVVAD,0,-6.363051639,-4.443780873,,,,776794,151,1,2,0,0,0,36,3,154,sp|Q5JTZ9|SYAM_HUMAN,100.0,36.0,0.0,0.0,1.0,36.0,291.0,326.0,2.86e-19,77.4,,,,,"('DTAYRVV', 30, 36)",1,DTAYRVV,30,36,0,...[FWY]..[LVI]
776461,PLRPLPESPVGLDYSNPWHSSYVQARNQIFSNLHIIHLT,0,-3.861612494,-3.527304229,,,,777266,80,3,2,0,0,0,36,3,85,sp|Q6ZR08|DYH12_HUMAN,97.222,36.0,1.0,0.0,1.0,36.0,175.0,210.0,1.4e-20,81.3,,,,,"('NQIFSNL', 26, 32)",1,NQIFSNL,26,32,0,...[FWY]..[LVI]
776980,PLRPLQSRVWQTKSHALKVIAATWCLSFTIMTPYPIYSN,0,-0.390237011,-1.703627001,,,,777785,113,47,10,0,0,0,36,3,170,sp|P32238|CCKAR_HUMAN,100.0,36.0,0.0,0.0,1.0,36.0,146.0,181.0,5.84e-20,79.3,,,,,"('MTPYPIY', 30, 36)",1,MTPYPIY,30,36,0,...[FWY]..[WFY]
777507,PLRRLSQQGSAQSTAGGSFLQAAAPLVTLIIGGHFTFLG,0,-0.529488632,-3.175002485,,,,778313,188,71,6,0,0,0,36,3,265,sp|Q6ZU65|UBN2_HUMAN,52.381,21.0,10.0,0.0,6.0,26.0,1220.0,1240.0,1.2,24.6,,,,,"('GGHFTFL', 31, 37)",1,GGHFTFL,31,37,0,...[FWY]..[LVI]
778934,PLRTNEVGEVETSSKLLLQATPQFHPGYPLKEKYYGAVG,0,-4.694502508,-3.190269241,,,,779741,95,2,3,0,0,0,36,3,100,sp|Q8WZ42|TITIN_HUMAN,100.0,36.0,0.0,0.0,1.0,36.0,31535.0,31570.0,2.91e-19,77.4,,,,,"('EKYYGAV', 31, 37)",1,EKYYGAV,31,37,0,...[FWY]..[LVI]
779005,PLRPNGIVSTGYSNTAYSAWDRPSYDSSLKPGKIDHLS,0,-3.031537496,-2.434194824,,,,779812,75,5,4,0,0,0,35,3,84,sp|Q5TC82|RC3H1_HUMAN,71.053,38.0,6.0,2.0,1.0,35.0,494.0,529.0,2.07e-07,43.5,,,,,"('NTAYSAW', 13, 19)",1,NTAYSAW,13,19,0,...[FWY]..[WFY]
779097,PLRPNHKVLHYGDLEESPQGEVPHDSLQDKLPVADIKAV,0,-3.017731696,-4.905815852,,,,779904,104,7,1,0,0,0,36,3,112,sp|Q92556|ELMO1_HUMAN,100.0,36.0,0.0,0.0,1.0,36.0,581.0,616.0,2.15e-19,77.8,,,,,"('VLHYGDL', 7, 13)",1,VLHYGDL,7,13,0,...[FWY]..[LVI]
779428,PLRSLELCVLQKLTFLDLRNNFLNSLPEEMESLVRLQTI,0,-3.694502508,-4.775231742,,,,780235,95,4,1,0,0,0,36,3,100,sp|Q9H9A6|LRC40_HUMAN,100.0,36.0,0.0,0.0,1.0,36.0,465.0,500.0,3.08e-17,71.6,,,,,"('KLTFLDL', 11, 17)",1,KLTFLDL,11,17,0,...[FWY]..[LVI]
779814,PLRPNIIMSDADMDWAVEQAHFALFFNQGQCCCAGSRTF,0,-1.267604854,-3.933296588,,,,780622,53,12,1,0,0,0,36,3,66,sp|P05091|ALDH2_HUMAN,100.0,36.0,0.0,0.0,1.0,36.0,291.0,326.0,5.2299999999999995e-23,87.8,,,,,"('QAHFALF', 18, 24)",1,QAHFALF,18,24,0,...[FWY]..[WFY]
780522,PLRPYVIIYGTPGVPLIQLVRRPVEVLQDPTLRLMLLT,0,-2.1246469,-3.205376134,,,,781330,64,8,2,0,0,0,35,3,74,sp|O60673|REV3L_HUMAN,100.0,31.0,0.0,0.0,1.0,31.0,2950.0,2980.0,1.35e-16,69.7,,,,,"('LRPYVII', 1, 7)",1,LRPYVII,1,7,0,...[FWY]..[LVI]
781015,PLRPSAVNQAAPHQQNRIWEREPAPLLSAQYETLSDSDD,0,-2.098651692,-1.986735847,,,,781823,55,7,4,0,0,0,36,3,66,sp|O75376|NCOR1_HUMAN,100.0,36.0,0.0,0.0,1.0,36.0,2405.0,2440.0,2.32e-19,77.8,,,,,"('SAQYETL', 27, 33)",1,SAQYETL,27,33,0,...[FWY]..[LVI]
782725,PLRPPLSTPNQTTAFSGIGGLSSQLPVGGLGTGSLTGIG,0,-2.840853934,-4.72893809,,,,783534,92,7,1,0,0,0,36,3,100,sp|A5YKK6|CNOT1_HUMAN,100.0,36.0,0.0,0.0,1.0,36.0,755.0,790.0,1.05e-19,78.6,,,,,"('TTAFSGI', 11, 17)",1,TTAFSGI,11,17,0,...[FWY]..[LVI]
783265,PLRSDAPSILDLLVSVFYSVAPPTLNPVIYCLKNKDIKS,0,-6.078843211,-5.159572444,,,,784076,124,1,1,0,0,0,36,3,126,sp|Q8NGZ2|O14K1_HUMAN,100.0,36.0,0.0,0.0,1.0,36.0,262.0,297.0,1.19e-18,75.1,,,,,"('VSVFYSV', 13, 19)",1,VSVFYSV,13,19,0,...[FWY]..[LVI]
783577,PLRPPRRQNEEVSISLDFTYPSLEESIPSKPAAQTPPAS,0,-5.250982633,-6.139066789,,,,784389,489,7,2,0,0,0,36,3,498,sp|P40818|UBP8_HUMAN,100.0,36.0,0.0,0.0,1.0,36.0,320.0,355.0,3.34e-18,74.3,,,,,"('DFTYPSL', 16, 22)",1,DFTYPSL,16,22,0,...[FWY]..[LVI]
784699,PLRPQCTPPSVLPSDITIYHLIQSLSPFDPSRLFGWQSA,0,-0.371084795,-1.193502034,,,,785511,484,204,61,0,0,0,36,3,749,sp|Q96JI7|SPTCS_HUMAN,100.0,36.0,0.0,0.0,1.0,36.0,1132.0,1167.0,6.4e-20,79.3,,,,,"('ITIYHLI', 15, 21)",1,ITIYHLI,15,21,0,...[FWY]..[LVI]
785194,PLRPTSPTEYQMALSPPASRGKLPGDFDVLPTGIPGRAV,0,-3.415324061,-5.303408217,,,,786007,137,7,1,0,0,0,36,3,145,sp|Q8N5Q1|F71E2_HUMAN,100.0,36.0,0.0,0.0,1.0,36.0,541.0,576.0,9.23e-19,75.9,,,,,"('PGDFDVL', 23, 29)",1,PGDFDVL,23,29,0,...[FWY]..[LVI]
786014,PLRPQKIAVNSMVLSCWSSLWLLSCSMG,0,-1.513466879,-0.748918707,,,,786829,309,59,53,0,0,0,25,3,421,sp|Q9UQ49|NEUR3_HUMAN,54.545,11.0,5.0,0.0,12.0,22.0,355.0,365.0,8.4,21.6,,,,,"('LSCWSSL', 13, 19)",1,LSCWSSL,13,19,0,...[FWY]..[LVI]
786023,PLRPQKLKEVISLEKLNVGNERYVFEAVIRWIAHDTEIR,0,-5.169041019,-4.249770253,,,,786838,132,2,2,0,0,0,36,3,136,sp|Q9H2C0|GAN_HUMAN,100.0,36.0,0.0,0.0,1.0,36.0,175.0,210.0,8.88e-20,79.0,,,,,"('RYVFEAV', 21, 27)",1,RYVFEAV,21,27,0,...[FWY]..[LVI]
786306,PLRPQMQLNLTLYTLDFLDILRNQTTTSAEHFTGKKNRP,0,-3.503158523,-4.905815852,,,,787121,104,5,1,0,0,0,36,3,110,sp|Q9QC07|POK18_HUMAN,83.333,36.0,6.0,0.0,1.0,36.0,771.0,806.0,7.23e-15,64.7,,,,,"('TLDFLDI', 13, 19)",1,TLDFLDI,13,19,0,...[FWY]..[LVI]
786358,PLRPQTLNLTAVNEAVLIENWKFFVRMALILLSMKMLQ,0,-3.446574995,-1.864339216,,,,787173,240,12,19,0,0,0,35,3,271,sp|P54278|PMS2_HUMAN,85.714,21.0,3.0,0.0,1.0,21.0,726.0,746.0,3.82e-06,40.0,,,,,"('IENWKFF', 17, 23)",1,IENWKFF,17,23,0,...[FWY]..[WFY]
787548,PLRPWDSIKLTFEATGPSHMSFYVRAHKGSTLSQWSLGN,0,-4.88885503,-7.291512359,,,,788364,1087,20,2,0,0,0,36,3,1109,sp|Q7Z2K6|ERMP1_HUMAN,100.0,36.0,0.0,0.0,1.0,36.0,784.0,819.0,4.87e-20,79.7,,,,,"('LRPWDSI', 1, 7)",1,LRPWDSI,1,7,0,...[FWY]..[LVI]
787781,PLRPSFQSPVKISEIMRSNGFCLANTETIVLTTVFQMV,0,-5.976395942,-5.057125175,,,,788598,231,2,2,0,0,0,35,3,235,sp|Q5TGL8|PXDC1_HUMAN,96.429,28.0,1.0,0.0,1.0,28.0,146.0,173.0,5.4e-14,61.6,,,,,"('TTVFQMV', 31, 37)",1,TTVFQMV,31,37,0,...[FWY]..[LVI]
788690,PLRPRPDFAVETYSAISQEDLLMRLLECDVIIYNITESS,0,-5.482198905,-5.562928138,,,,789507,164,2,1,0,0,0,36,3,167,sp|Q96M32|KAD7_HUMAN,97.222,36.0,1.0,0.0,1.0,36.0,88.0,123.0,2.16e-18,74.7,,,,,"('VETYSAI', 9, 15)",1,VETYSAI,9,15,0,...[FWY]..[LVI]
788871,PLRQRPPVDEVLREGHINLSGLSCVHTLCSQQKVFLWV,0,-2.060106648,-2.655409054,,,,789688,153,20,7,0,0,0,35,3,180,sp|Q2LD37|K1109_HUMAN,100.0,19.0,0.0,0.0,1.0,19.0,872.0,890.0,6.46e-08,45.1,,,,,"('QKVFLWV', 31, 37)",1,QKVFLWV,31,37,0,...[FWY]..[LVI]
789948,PLRPSAVKVDCLNINCNPVKTVIDDLIQKLFDLLVLSLK,0,-2.709609401,-4.375301135,,,,790766,72,6,1,0,0,0,36,3,79,sp|Q8NCM8|DYHC2_HUMAN,100.0,36.0,0.0,0.0,1.0,36.0,900.0,935.0,3.13e-19,77.4,,,,,"('QKLFDLL', 27, 33)",1,QKLFDLL,27,33,0,...[FWY]..[LVI]
790363,PLRPSDVKARQAIVLLGVKKSLGGVMRFLHFSY,0,-2.633196285,-3.784314847,,,,791181,239,21,5,0,0,0,30,3,265,sp|O75752|B3GL1_HUMAN,72.727,22.0,5.0,1.0,1.0,21.0,88.0,109.0,0.067,27.7,,,,,"('VMRFLHF', 24, 30)",1,VMRFLHF,24,30,0,...[FWY]..[WFY]
790985,PLRRASAPCCSRAALGHGQPHPIAPWPHVVRTMRKRAL,0,-2.422327449,-1.766091088,,,,791805,59,6,5,0,0,0,35,3,70,sp|Q86SF2|GALT7_HUMAN,50.0,16.0,8.0,0.0,11.0,26.0,60.0,75.0,2.3,23.9,,,,,"('IAPWPHV', 22, 28)",1,IAPWPHV,22,28,0,...[FWY]..[LVI]
791596,PLRRQEEVIDHKLTEREWAEEWKHLNNLLNCIMDMVEKT,0,-1.347039321,-1.597693557,,,,792416,84,18,8,0,0,0,36,3,110,sp|O75081|MTG16_HUMAN,100.0,36.0,0.0,0.0,1.0,36.0,378.0,413.0,4.88e-22,85.1,,,,,"('AEEWKHL', 18, 24)",1,AEEWKHL,18,24,0,...[FWY]..[LVI]
793389,PLRSKCPWKEYKSDSGKPYYYNSQTKESRWAKPKELEDL,0,-1.213456167,-2.184002483,,,,794213,268,63,17,0,0,0,36,3,348,sp|O75400|PR40A_HUMAN,100.0,36.0,0.0,0.0,1.0,36.0,183.0,218.0,4.16e-20,79.7,,,,,"('KCPWKEY', 4, 10)",1,KCPWKEY,4,10,0,...[FWY]..[WFY]
793603,PLRSSYSTCVLVSEENKDAIITAKEKRGKYVVCFDPLDG,0,-2.422327449,-1.503056682,,,,794427,59,6,6,0,0,0,36,3,71,sp|O00757|F16P2_HUMAN,100.0,36.0,0.0,0.0,1.0,36.0,88.0,123.0,1.86e-19,77.4,,,,,"('VVCFDPL', 30, 36)",1,VVCFDPL,30,36,0,...[FWY]..[LVI]
793896,PLRPTDGSTICKVSYASLADVDKAVAAAKDAFENGEWGR,0,-2.503158523,-3.905815852,,,,794720,104,10,2,0,0,0,36,3,116,sp|Q3SY69|AL1L2_HUMAN,100.0,36.0,0.0,0.0,1.0,36.0,465.0,500.0,4.85e-19,76.6,,,,,"('KVSYASL', 11, 17)",1,KVSYASL,11,17,0,...[FWY]..[LVI]
794378,PLRPTNENPRPLSFQSELTASASVDYEEQKNSFHNYLK,0,-0.471297424,-1.033895666,,,,795202,206,81,29,0,0,0,35,3,316,sp|Q6UXQ4|CB066_HUMAN,97.143,35.0,1.0,0.0,1.0,35.0,82.0,116.0,5.74e-19,72.0,,,,,"('KNSFHNY', 29, 35)",1,KNSFHNY,29,35,0,...[FWY]..[WFY]
795385,PLRPTVDISQILLGPSVLLCWHRLKKYFFKSHT,0,-2.756915116,-4.159572444,,,,796209,62,5,1,0,0,0,30,3,68,sp|Q9GZU1|MCLN1_HUMAN,37.5,32.0,18.0,1.0,1.0,30.0,381.0,412.0,2.1,23.9,,,,,"('LLCWHRL', 17, 23)",1,LLCWHRL,17,23,0,...[FWY]..[LVI]
795544,PLRVAFAVKTNVSYCGALDEDVPVPSTAISFDAKDFLHI,0,-2.731304472,-2.101540323,,,,796368,134,11,9,0,0,0,36,3,154,sp|O00305|CACB4_HUMAN,100.0,36.0,0.0,0.0,1.0,36.0,93.0,128.0,4.16e-20,79.7,,,,,"('AKDFLHI', 32, 38)",1,AKDFLHI,32,38,0,...[FWY]..[LVI]
797508,PLRPVIEVKNKHPVEVVYLSEAQKDSFESILRLIFEIHH,0,-5.458547637,-5.124239371,,,,798332,242,3,2,0,0,0,36,3,247,sp|Q7L7V1|DHX32_HUMAN,100.0,36.0,0.0,0.0,1.0,36.0,233.0,268.0,2.23e-18,74.7,,,,,"('KDSFESI', 23, 29)",1,KDSFESI,23,29,0,...[FWY]..[LVI]
797903,PLRSVLRILQKPEFVSVRHLELAGENPSSDINCTKVLQG,0,-2.731304472,-2.101540323,,,,798728,134,11,9,0,0,0,36,3,154,sp|Q02742|GCNT1_HUMAN,97.222,36.0,1.0,0.0,1.0,36.0,30.0,65.0,1.21e-18,75.5,,,,,"('KPEFVSV', 10, 16)",1,KPEFVSV,10,16,0,...[FWY]..[LVI]
797990,PLRPWFKSVEEFMDSSVEDSKKESSSDKKVLSAIINKTI,0,-0.370224109,-6.050866185,,,,798815,230,97,1,0,0,0,36,3,328,sp|P16383|GCFC2_HUMAN,100.0,36.0,0.0,0.0,1.0,36.0,523.0,558.0,2.78e-17,71.6,,,,,"('RPWFKSV', 2, 8)",1,RPWFKSV,2,8,0,...[FWY]..[LVI]
798413,PLRPYASLFQSHSCKTKTSPCVLSDRGKAPDPQAGNFVL,0,-3.041123545,-2.636425951,,,,799238,151,10,7,0,0,0,36,3,168,sp|Q9BWV7|TTLL2_HUMAN,100.0,36.0,0.0,0.0,1.0,36.0,523.0,558.0,5.95e-20,79.3,,,,,"('LRPYASL', 1, 7)",1,LRPYASL,1,7,0,...[FWY]..[LVI]
798624,PLRPYGGALLNKDKILESIRQCGVALCIVLGFSILSASI,0,-2.005065284,-2.545226137,,,,799449,81,11,4,0,0,0,36,3,96,sp|Q86UQ4|ABCAD_HUMAN,100.0,36.0,0.0,0.0,1.0,36.0,4438.0,4473.0,2.5e-19,77.4,,,,,"('VLGFSIL', 28, 34)",1,VLGFSIL,28,34,0,...[FWY]..[LVI]
800483,PLRQALCLQPDGSCTGVGSQSEKSYWKVHKISSGICMFE,0,-0.425816435,-2.576934996,,,,801308,414,168,20,0,0,0,36,3,602,sp|Q6PI26|SHQ1_HUMAN,36.364,22.0,14.0,0.0,15.0,36.0,291.0,312.0,1.8,24.3,,,,,"('EKSYWKV', 21, 27)",1,EKSYWKV,21,27,0,...[FWY]..[LVI]
800521,PLRQELEASVQEGKLDRSSPYIQVLEEDWRQALRGPPGV,0,-1.195036228,-2.919621652,,,,801346,105,25,4,0,0,0,36,3,134,sp|Q9H257|CARD9_HUMAN,100.0,31.0,0.0,0.0,1.0,31.0,262.0,292.0,9.94e-15,64.3,,,,,"('SSPYIQV', 17, 23)",1,SSPYIQV,17,23,0,...[FWY]..[LVI]
800969,PLRQAPIDIPPDNPRHYGQSGFFASLCWQDQKSEKSFCE,0,-6.797072242,-5.877801476,,,,801794,204,1,1,0,0,0,36,3,206,sp|O75061|AUXI_HUMAN,100.0,36.0,0.0,0.0,1.0,36.0,407.0,442.0,6.610000000000001e-21,82.0,,,,,"('SGFFASL', 19, 25)",1,SGFFASL,19,25,0,...[FWY]..[LVI]
801489,PLRQASLFAQMGFDGFFLGALIIKISGYGCRSWRWSRC,0,-1.814962401,-4.355123253,,,,802316,71,11,1,0,0,0,35,3,83,sp|O00754|MA2B1_HUMAN,88.889,18.0,2.0,0.0,1.0,18.0,204.0,221.0,1.77e-05,38.1,,,,,"('QMGFDGF', 9, 15)",1,QMGFDGF,9,15,0,...[FWY]..[WFY]
802036,PLRQCVPVHHRRFLSRSKVCVTTFSSYSASEQVRSALC,0,-8.460037255,-8.540766489,,,,802863,1292,2,1,0,0,0,35,3,1295,sp|Q5TBA9|FRY_HUMAN,100.0,11.0,0.0,0.0,1.0,11.0,1103.0,1113.0,0.011,30.4,,,,,"('VTTFSSY', 20, 26)",1,VTTFSSY,20,26,0,...[FWY]..[WFY]
802649,PLRQEKPKPTHKPTLTIKQKVIAWSRARYIVLVPVEGGE,0,-3.321044113,-4.986735847,,,,803476,110,6,1,0,0,0,36,3,117,sp|Q6P1M9|ARMX5_HUMAN,100.0,36.0,0.0,0.0,1.0,36.0,204.0,239.0,5.13e-19,76.6,,,,,"('RARYIVL', 25, 31)",1,RARYIVL,25,31,0,...[FWY]..[LVI]
803527,PLRQEALDYFSDKESGKQKFNDSEGDDTEETEDYRQFRK,0,-4.402631647,-4.220326475,,,,804354,194,5,3,0,0,0,36,3,202,sp|Q9NYF8|BCLF1_HUMAN,100.0,36.0,0.0,0.0,1.0,36.0,378.0,413.0,1.88e-18,75.1,,,,,"('TEDYRQF', 30, 36)",1,TEDYRQF,30,36,0,...[FWY]..[WFY]
803634,PLRQEAVPKSLGASESSYTSVNRGPPLDRAEVYSSKLQD,0,-4.539684399,-3.205376134,,,,804461,128,3,4,0,0,0,36,3,135,sp|O75631|UPK3A_HUMAN,100.0,36.0,0.0,0.0,1.0,36.0,252.0,287.0,1.35e-18,74.3,,,,,"('ESSYTSV', 14, 20)",1,ESSYTSV,14,20,0,...[FWY]..[LVI]
804318,PLRQEFYDPMTPVNARYEFGQALFTGWAAASLCLLGGAL,0,-1.861612494,-0.304911807,,,,805145,60,9,14,0,0,0,36,3,83,sp|O95832|CLD1_HUMAN,100.0,36.0,0.0,0.0,1.0,36.0,146.0,181.0,1.69e-20,78.2,,,,,"('QALFTGW', 20, 26)",1,QALFTGW,20,26,0,...[FWY]..[WFY]
804859,PLRQEGLKDSDLENSEGLSRVYSKLYKEAEKIKKWKVST,0,-3.199935027,-2.503056682,,,,805687,118,7,6,0,0,0,36,3,131,sp|Q15431|SYCP1_HUMAN,100.0,36.0,0.0,0.0,1.0,36.0,88.0,123.0,3.54e-18,74.3,,,,,"('SRVYSKL', 18, 24)",1,SRVYSKL,18,24,0,...[FWY]..[LVI]
804928,PLRQEHSRSILYYESLNKTLSKLKEVHEQLLSTEQVSDH,0,-2.602694197,-4.490778353,,,,805756,78,7,1,0,0,0,36,3,86,sp|Q13201|MMRN1_HUMAN,97.222,36.0,1.0,0.0,1.0,36.0,494.0,529.0,6.72e-17,70.5,,,,,"('ILYYESL', 9, 15)",1,ILYYESL,9,15,0,...[FWY]..[LVI]
804956,PLRQEMFQISKEDFVQFTKAAKQSVLDGTSKWSAKITIT,0,-4.67154136,-5.752270594,,,,805784,187,4,1,0,0,0,36,3,192,sp|Q8NB66|UN13C_HUMAN,100.0,36.0,0.0,0.0,1.0,36.0,1190.0,1225.0,2.95e-18,74.3,,,,,"('KEDFVQF', 10, 16)",1,KEDFVQF,10,16,0,...[FWY]..[WFY]
805374,PLRQELPDSGALMLVPNRQLTADYFEKTWLSLKVAHQQL,0,-1.91720482,-3.805288976,,,,806203,97,14,2,0,0,0,36,3,113,sp|Q9Y6B7|AP4B1_HUMAN,97.222,36.0,1.0,0.0,1.0,36.0,610.0,645.0,5.01e-19,76.6,,,,,"('EKTWLSL', 25, 31)",1,EKTWLSL,25,31,0,...[FWY]..[LVI]
805546,PLRQENFVLKILFCKQSDRGLYTCTASNLVGQTYSSVLA,0,-2.410049119,-3.490778353,,,,806375,78,8,2,0,0,0,36,3,88,sp|Q5VST9|OBSCN_HUMAN,100.0,35.0,0.0,0.0,1.0,35.0,291.0,325.0,2.4e-19,77.4,,,,,"('GQTYSSV', 30, 36)",1,GQTYSSV,30,36,0,...[FWY]..[LVI]
806317,PLRQEYLFERIKELSQGGCMSSFRWNRGGDFKGRKWDTD,0,-1.553490199,-1.527304229,,,,807147,70,13,7,0,0,0,36,3,90,sp|Q96SK2|TM209_HUMAN,100.0,36.0,0.0,0.0,1.0,36.0,407.0,442.0,4.14e-23,88.2,,,,,"('EYLFERI', 4, 10)",1,EYLFERI,4,10,0,...[FWY]..[LVI]
806724,PLRQFQVLGQAFHKHLSSLTLVGAMRESFIQGCTVRNSF,0,-2.9506175,-2.320853351,,,,807554,156,11,9,0,0,0,36,3,176,sp|P08F94|PKHD1_HUMAN,100.0,36.0,0.0,0.0,1.0,36.0,2205.0,2240.0,3.45e-19,77.0,,,,,"('LRQFQVL', 1, 7)",1,LRQFQVL,1,7,0,...[FWY]..[LVI]
806855,PLRQFVYTASIPALLCNLGVTPIDGAPHRSYSECYPVLL,0,-7.206795941,-6.287525175,,,,807686,271,1,1,0,0,0,36,3,273,sp|Q9H9Y6|RPA2_HUMAN,100.0,36.0,0.0,0.0,1.0,36.0,523.0,558.0,1.37e-20,81.3,,,,,"('SECYPVL', 31, 37)",1,SECYPVL,31,37,0,...[FWY]..[LVI]
807254,PLRQGAEAFEIQHSGLANGIFMKFLKDRLLEDKKITVLL,0,-5.367820884,-4.448550117,,,,808087,303,4,4,0,0,0,36,3,311,sp|Q9UDY8|MALT1_HUMAN,100.0,36.0,0.0,0.0,1.0,36.0,494.0,529.0,3.29e-19,77.0,,,,,"('NGIFMKF', 17, 23)",1,NGIFMKF,17,23,0,...[FWY]..[WFY]
807401,PLRQRCGGGLPGVKTLFLFPNQTGFPNKHSRFNVYCFRD,0,-0.980911423,-2.112266729,,,,808234,210,58,14,0,0,0,36,3,282,sp|Q96GW7|PGCB_HUMAN,100.0,36.0,0.0,0.0,1.0,36.0,320.0,355.0,1.65e-22,86.7,,,,,"('HSRFNVY', 28, 34)",1,HSRFNVY,28,34,0,...[FWY]..[WFY]
808581,PLRQGRPLWHYASSEVVIPRKETHHGKGLQFPGWLSHSL,0,-5.679235752,-4.175002485,,,,809415,188,2,3,0,0,0,36,3,193,sp|O43506|ADA20_HUMAN,52.778,36.0,17.0,0.0,1.0,36.0,30.0,65.0,3.1e-07,43.1,,,,,"('GLQFPGW', 27, 33)",1,GLQFPGW,27,33,0,...[FWY]..[WFY]
808746,PLRQGSSTSSSPAPVEKPYFPICMRLLRVVSVLIKQFYS,0,-2.1246469,-0.620413633,,,,809580,96,12,18,0,0,0,36,3,126,sp|Q7Z3U7|MON2_HUMAN,100.0,36.0,0.0,0.0,1.0,36.0,291.0,326.0,7.7e-19,76.3,,,,,"('EKPYFPI', 15, 21)",1,EKPYFPI,15,21,0,...[FWY]..[LVI]
808839,PLRQGTYLLVDPNEREERVMDGLLVIAMNKHREICTIQS,0,-2.887147586,-3.775231742,,,,809673,95,7,2,0,0,0,36,3,104,sp|Q06265|EXOS9_HUMAN,100.0,36.0,0.0,0.0,1.0,36.0,201.0,236.0,1.4e-19,78.2,,,,,"('QGTYLLV', 3, 9)",1,QGTYLLV,3,9,0,...[FWY]..[LVI]
808883,PLRQGVIVCPFCRFETCLPDDEVSSLPDDNNILVNLTCG,0,-4.648208856,-2.591434566,,,,809717,230,5,11,0,0,0,36,3,246,sp|Q8N6D2|RN182_HUMAN,100.0,36.0,0.0,0.0,1.0,36.0,59.0,94.0,6.97e-20,77.4,,,,,"('VCPFCRF', 7, 13)",1,VCPFCRF,7,13,0,...[FWY]..[WFY]
809507,PLRQIEVEKTMFEKGPTFIKVRVVKDNHNFMIHLNDPK,0,-2.639220073,-4.527304229,,,,810341,80,7,1,0,0,0,35,3,88,sp|Q6Q759|SPG17_HUMAN,100.0,35.0,0.0,0.0,1.0,35.0,1045.0,1079.0,6.16e-19,76.3,,,,,"('GPTFIKV', 14, 20)",1,GPTFIKV,14,20,0,...[FWY]..[LVI]
810275,PLRQLRAAPGGCSASSPPGRGRTAQPEKFRQHFLPLVPF,0,-0.933550609,-2.821634765,,,,811111,466,133,19,0,0,0,36,3,618,sp|Q9C0G6|DYH6_HUMAN,47.619,21.0,11.0,0.0,10.0,30.0,2210.0,2230.0,0.37,26.2,,,,,"('RQHFLPL', 29, 35)",1,RQHFLPL,29,35,0,...[FWY]..[LVI]
810285,PLRQIREEGLKWQKTKWADLPPIKKNFYKESTATSAMSK,0,-3.201462497,-4.282191731,,,,811121,135,8,2,0,0,0,36,3,145,sp|Q9NXZ2|DDX43_HUMAN,100.0,36.0,0.0,0.0,1.0,36.0,175.0,210.0,2.59e-19,77.4,,,,,"('KTKWADL', 13, 19)",1,KTKWADL,13,19,0,...[FWY]..[LVI]
810835,PLRQHLHITGNKVDILPKQLFKCIKLRTLNLGQNCITSF,0,-2.902254479,-3.790338635,,,,811673,96,7,2,0,0,0,36,3,105,sp|Q7L1W4|LRC8D_HUMAN,97.222,36.0,1.0,0.0,1.0,36.0,755.0,790.0,1.52e-18,75.5,,,,,"('KQLFKCI', 17, 23)",1,KQLFKCI,17,23,0,...[FWY]..[LVI]
810948,PLRQLNGLPATSKASRRVSSTRCPPPPFLGLSMSSSNTF,0,-5.353465591,-4.434194824,,,,811786,75,1,1,0,0,0,36,3,77,sp|Q86YR5|GPSM1_HUMAN,40.741,27.0,14.0,1.0,12.0,36.0,608.0,634.0,5.1,23.1,,,,,"('PPPFLGL', 24, 30)",1,PPPFLGL,24,30,0,...[FWY]..[LVI]
811350,PLRQIYPDESHYFTSSSLKQHLYRSIINFFVECFRIQDK,0,-3.616499996,-4.69722923,,,,812189,90,4,1,0,0,0,36,3,95,sp|P42658|DPP6_HUMAN,100.0,36.0,0.0,0.0,1.0,36.0,817.0,852.0,5.53e-20,79.3,,,,,"('QHLYRSI', 19, 25)",1,QHLYRSI,19,25,0,...[FWY]..[LVI]
811800,PLRQKFEKISESAKQELIDFKTRRVAAFRKNLVELAELE,0,-2.212109741,-2.292838975,,,,812640,51,6,3,0,0,0,36,3,60,sp|Q9UNH7|SNX6_HUMAN,100.0,36.0,0.0,0.0,1.0,36.0,349.0,384.0,5.49e-17,70.9,,,,,"('RQKFEKI', 2, 8)",1,RQKFEKI,2,8,0,...[FWY]..[LVI]
812352,PLRQKRITKKNPKKAEKLERKKVYRAEYINFLENLKILE,0,-0.242930918,-2.539978059,,,,813194,343,158,17,0,0,0,36,3,518,sp|Q5H9U9|DDX6L_HUMAN,100.0,36.0,0.0,0.0,1.0,36.0,1161.0,1196.0,3.04e-17,71.6,,,,,"('RAEYINF', 24, 30)",1,RAEYINF,24,30,0,...[FWY]..[WFY]
813076,PLRQTVEKLSNIIFLFRLNSRIPTWFIF,0,-4.300724129,-5.49693058,,,,813918,470,13,3,0,0,0,25,3,486,sp|P52333|JAK3_HUMAN,36.364,22.0,14.0,0.0,2.0,23.0,89.0,110.0,1.9,23.5,,,,,"('IPTWFIF', 21, 27)",1,IPTWFIF,21,27,0,...[FWY]..[WFY]
813575,PLRQLDHLFDCFKASWTNASKKQREKLLELIRRLAEDDK,0,-3.222678983,-4.303408217,,,,814418,274,16,4,0,0,0,36,3,294,sp|Q93008|USP9X_HUMAN,100.0,36.0,0.0,0.0,1.0,36.0,464.0,499.0,5.52e-19,76.6,,,,,"('DHLFDCF', 5, 11)",1,DHLFDCF,5,11,0,...[FWY]..[WFY]
813993,PLRQLRKEEENASVIDSAELQAYPALVVEKMLKALKLNS,0,-1.526745344,-3.829866999,,,,814837,296,56,6,0,0,0,36,3,358,sp|P78527|PRKDC_HUMAN,100.0,36.0,0.0,0.0,1.0,36.0,3423.0,3458.0,4.26e-17,71.2,,,,,"('LQAYPAL', 19, 25)",1,LQAYPAL,19,25,0,...[FWY]..[LVI]
814183,PLRQLHVPCGAQCQTQLFACWSAHGPSTTW,0,-2.414153517,-2.079845252,,,,815027,88,9,6,0,0,0,27,3,103,sp|O43790|KRT86_HUMAN,50.0,18.0,9.0,0.0,6.0,23.0,3.0,20.0,1.1,24.3,,,,,"('TQLFACW', 14, 20)",1,TQLFACW,14,20,0,...[FWY]..[WFY]
814194,PLRQLIAQKLYLQDDNDLREMHTILADYFLGVWSGGRRK,0,-1.879534402,-2.960263636,,,,815038,54,8,2,0,0,0,36,3,64,sp|Q9ULI1|NWD2_HUMAN,100.0,36.0,0.0,0.0,1.0,36.0,738.0,773.0,5.560000000000001e-21,82.4,,,,,"('ADYFLGV', 25, 31)",1,ADYFLGV,25,31,0,...[FWY]..[LVI]
814554,PLRQLLASIPAAVYVIAIFCLWQATLQVMV,0,-1.53063926,-0.47386497,,,,815398,53,10,11,0,0,0,27,3,74,sp|Q96EP9|NTCP4_HUMAN,93.75,16.0,1.0,0.0,1.0,16.0,291.0,306.0,0.004,31.2,,,,,"('IAIFCLW', 15, 21)",1,IAIFCLW,15,21,0,...[FWY]..[WFY]
815053,PLRQLTEERRFHYAAFPSAMSHRNRSFSFNPHPGYLTPS,0,-1.302984141,-1.824285966,,,,815897,258,57,21,0,0,0,36,3,336,sp|Q9ULE4|F184B_HUMAN,100.0,36.0,0.0,0.0,1.0,36.0,926.0,961.0,1.02e-20,81.6,,,,,"('RFHYAAF', 9, 15)",1,RFHYAAF,9,15,0,...[FWY]..[WFY]
815328,PLRQLQNTSSIKPIEDKGEFSVPSCYGNIKNDNGSSSLT,0,-2.183540589,-2.849232324,,,,816172,50,6,2,0,0,0,36,3,58,sp|Q96N23|CFA54_HUMAN,97.222,36.0,1.0,0.0,1.0,36.0,1692.0,1727.0,1.85e-18,75.1,,,,,"('PSCYGNI', 22, 28)",1,PSCYGNI,22,28,0,...[FWY]..[LVI]
816207,PLRQNFVFEEDRLHSIQIANHICHLIQKGNIVVQWKLYN,0,-6.1246469,-3.620413633,,,,817051,128,1,3,0,0,0,36,3,132,sp|Q99698|LYST_HUMAN,97.222,36.0,1.0,0.0,1.0,36.0,697.0,732.0,6.97e-20,79.0,,,,,"('VVQWKLY', 31, 37)",1,VVQWKLY,31,37,0,...[FWY]..[WFY]
816214,PLRQNFEVPNRIIEIANKTPKISQLYKQASGTMVYGLFM,0,-4.437529855,-3.196330994,,,,817058,159,4,5,0,0,0,36,3,168,sp|P41218|MNDA_HUMAN,100.0,36.0,0.0,0.0,1.0,36.0,291.0,326.0,1.14e-19,78.2,,,,,"('TMVYGLF', 31, 37)",1,TMVYGLF,31,37,0,...[FWY]..[WFY]
817007,PLRQNIWYFLDEYLFDIPRGIKSKSHFYSEEAINLLNPK,0,-4.190736091,-4.856427825,,,,817852,201,6,2,0,0,0,36,3,209,sp|Q96HE7|ERO1A_HUMAN,61.905,21.0,8.0,0.0,13.0,33.0,108.0,128.0,0.04,28.9,,,,,"('QNIWYFL', 3, 9)",1,QNIWYFL,3,9,0,...[FWY]..[LVI]
817741,PLRQPDASLPLHVLPLYSLLAPEKQAQVFKASTGGDSVV,0,-2.709609401,-4.375301135,,,,818586,72,6,1,0,0,0,36,3,79,sp|Q8IY37|DHX37_HUMAN,100.0,27.0,0.0,0.0,1.0,27.0,581.0,607.0,2.79e-12,57.4,,,,,"('LPLYSLL', 13, 19)",1,LPLYSLL,13,19,0,...[FWY]..[LVI]
818181,PLRQPGTPGTLPASAYIIEAFSQSVSNSWQTVANHVKTT,0,-3.13747094,-2.218200174,,,,819026,113,7,7,0,0,0,36,3,127,sp|Q9HCK4|ROBO2_HUMAN,100.0,36.0,0.0,0.0,1.0,36.0,543.0,578.0,1.18e-18,75.5,,,,,"('SNSWQTV', 25, 31)",1,SNSWQTV,25,31,0,...[FWY]..[LVI]
819200,PLRQTSPKHKGKISRMLAAKTVLAIRYDAFGEDSSSAMG,0,-4.780816351,-4.346972412,,,,820048,353,7,5,0,0,0,36,3,365,sp|Q9Y2X3|NOP58_HUMAN,100.0,36.0,0.0,0.0,1.0,36.0,349.0,384.0,4.83e-19,76.6,,,,,"('AIRYDAF', 23, 29)",1,AIRYDAF,23,29,0,...[FWY]..[WFY]
819974,PLRQQHLRTMNHQSRTLVLKNLINSNSLSLRSWRIL,0,-4.190736091,-1.949537229,,,,820822,67,2,5,0,0,0,33,3,74,sp|Q9BX26|SYCP2_HUMAN,68.421,19.0,6.0,0.0,1.0,19.0,1393.0,1411.0,0.022,29.3,,,,,"('LRSWRIL', 29, 35)",1,LRSWRIL,29,35,0,...[FWY]..[LVI]
822487,PLRQSCSEDPALPWEQVAVRLFDQESCIRSLEGSGKPPV,0,-1.446574995,-3.190269241,,,,823339,95,19,3,0,0,0,36,3,117,sp|Q12815|TROAP_HUMAN,100.0,36.0,0.0,0.0,1.0,36.0,378.0,413.0,4.82e-19,76.6,,,,,"('ALPWEQV', 10, 16)",1,ALPWEQV,10,16,0,...[FWY]..[LVI]
822947,PLRQSRFHLTPLSYETLEFASGFASEQCPEGIVAISTNT,0,-2.972643807,-4.375301135,,,,823799,72,5,1,0,0,0,36,3,78,sp|Q15393|SF3B3_HUMAN,100.0,36.0,0.0,0.0,1.0,36.0,726.0,761.0,3.72e-19,77.0,,,,,"('PLSYETL', 10, 16)",1,PLSYETL,10,16,0,...[FWY]..[LVI]
823330,PLRQYTSCELCLGSRDPHCGWCVLHSICSRRDACERADE,0,-1.151227499,-3.56585747,,,,824183,493,121,12,0,0,0,36,3,626,sp|Q9UIW2|PLXA1_HUMAN,100.0,36.0,0.0,0.0,1.0,36.0,517.0,552.0,7.52e-21,82.0,,,,,"('HCGWCVL', 17, 23)",1,HCGWCVL,17,23,0,...[FWY]..[LVI]
823424,PLRQSGRFDCSDRQFHSVAAAWQARLESPADVKELIPEF,0,-3.460930288,-4.863587617,,,,824277,101,5,1,0,0,0,36,3,107,sp|Q6ZNJ1|NBEL2_HUMAN,100.0,36.0,0.0,0.0,1.0,36.0,2184.0,2219.0,1.14e-19,78.6,,,,,"('DRQFHSV', 11, 17)",1,DRQFHSV,11,17,0,...[FWY]..[LVI]
823479,PLRQSHLKKLFAGINSVCFDEKSKHITAMKSLEGEVVPF,0,-0.187382655,-4.759964986,,,,824332,376,180,4,0,0,0,36,3,560,sp|Q8NCM8|DYHC2_HUMAN,100.0,36.0,0.0,0.0,1.0,36.0,1451.0,1486.0,1.38e-19,78.2,,,,,"('KKLFAGI', 7, 13)",1,KKLFAGI,7,13,0,...[FWY]..[LVI]
823522,PLRQSNYFTTLSNSVVNEPPRSYPSKEVSNIYGDKQSNA,0,-0.066765984,-3.038266148,,,,824375,171,89,6,0,0,0,36,3,266,sp|Q15652|JHD2C_HUMAN,100.0,36.0,0.0,0.0,1.0,36.0,1090.0,1125.0,9.71e-19,75.9,,,,,"('SNYFTTL', 4, 10)",1,SNYFTTL,4,10,0,...[FWY]..[LVI]
823549,PLRQSIGLIQPFATNGKLFPWAQIRLPTAVVPLRYELSL,0,-0.302185086,-0.558001026,,,,824402,475,210,93,0,0,0,36,3,778,sp|Q9UIQ6|LCAP_HUMAN,100.0,36.0,0.0,0.0,1.0,36.0,146.0,181.0,5.68e-20,79.3,,,,,"('LFPWAQI', 17, 23)",1,LFPWAQI,17,23,0,...[FWY]..[LVI]
824141,PLRQRGPRAIFPRTKFQINTPPRKMAPVYSPNTEVWALL,0,-4.349613265,-4.752270594,,,,824996,187,5,2,0,0,0,36,3,194,sp|Q9H2C0|GAN_HUMAN,50.0,14.0,7.0,0.0,20.0,33.0,293.0,306.0,2.2,23.9,,,,,"('TEVWALL', 32, 38)",1,TEVWALL,32,38,0,...[FWY]..[LVI]
824483,PLRQRLGADVTAVEFLGHVGGVGIDMEISKNFQRILQKQ,0,-2.733456143,-2.136113471,,,,825338,61,5,4,0,0,0,36,3,70,sp|P09622|DLDH_HUMAN,100.0,36.0,0.0,0.0,1.0,36.0,233.0,268.0,1.12e-18,75.9,,,,,"('SKNFQRI', 28, 34)",1,SKNFQRI,28,34,0,...[FWY]..[LVI]
824562,PLRQRLLSQSFLGSEGSHGRPGGPGPGTGRGKYRTISQI,0,-2.957536914,-3.038266148,,,,825417,57,4,2,0,0,0,36,3,63,sp|Q9H252|KCNH6_HUMAN,100.0,36.0,0.0,0.0,1.0,36.0,146.0,181.0,2.94e-18,74.3,,,,,"('RGKYRTI', 29, 35)",1,RGKYRTI,29,35,0,...[FWY]..[LVI]
827366,PLRQVVLWFSHSGLLPEGIDDSVQLSRLCYNYPVIQNYY,0,-4.644283153,-6.725012387,,,,828224,367,8,1,0,0,0,36,3,376,sp|Q8WYP5|ELYS_HUMAN,100.0,36.0,0.0,0.0,1.0,36.0,668.0,703.0,4.81e-22,85.1,,,,,"('CYNYPVI', 28, 34)",1,CYNYPVI,28,34,0,...[FWY]..[LVI]
827392,PLRQVVRQLEAEPGLPPVQPVFITVDPERDDVEAMARYV,0,-3.932001822,-3.012731056,,,,828250,56,2,2,0,0,0,36,3,60,sp|O43819|SCO2_HUMAN,100.0,36.0,0.0,0.0,1.0,36.0,146.0,181.0,9.89e-19,74.7,,,,,"('QPVFITV', 18, 24)",1,QPVFITV,18,24,0,...[FWY]..[LVI]
828463,PLRTPSCVIYHLLPLCVMCAWVLPSLTRSGRSVFL,0,-2.957536914,-4.038266148,,,,829323,57,4,1,0,0,0,32,3,62,sp|Q9C019|TRI15_HUMAN,52.941,17.0,8.0,0.0,1.0,17.0,4.0,20.0,0.62,25.4,,,,,"('CVIYHLL', 6, 12)",1,CVIYHLL,6,12,0,...[FWY]..[LVI]
828792,PLRRAESSRPEDIKDMTKDQIANEKVALQKALLYYESI,0,-2.1246469,-3.375301135,,,,829652,72,9,2,0,0,0,35,3,83,sp|O94988|FA13A_HUMAN,100.0,35.0,0.0,0.0,1.0,35.0,784.0,818.0,1.58e-17,72.4,,,,,"('LLYYESI', 31, 37)",1,LLYYESI,31,37,0,...[FWY]..[LVI]
828907,PLRRAESFSVMYTPFATKIRADKIEKVKDAFTKTHPAYA,0,-0.767712355,-3.716338053,,,,829767,228,73,5,0,0,0,36,3,306,sp|Q9BXB7|SPT16_HUMAN,100.0,36.0,0.0,0.0,1.0,36.0,320.0,355.0,5.13e-19,76.6,,,,,"('SVMYTPF', 8, 14)",1,SVMYTPF,8,14,0,...[FWY]..[WFY]
829281,PLRRAMEAFNLVRESEQLLSICQIPLLCWILCTSLKQEM,0,-3.879534402,-3.960263636,,,,830141,54,2,1,0,0,0,36,3,57,sp|Q96MN2|NALP4_HUMAN,97.222,36.0,1.0,0.0,1.0,36.0,320.0,355.0,4.52e-18,73.9,,,,,"('MEAFNLV', 5, 11)",1,MEAFNLV,5,11,0,...[FWY]..[LVI]
829918,PLRRAHGVYVFEQNHLAVFAAVHPPAPSVSSSVAAAHA,0,-3.341877616,-4.744534945,,,,830778,93,5,1,0,0,0,35,3,99,sp|Q9H9P5|UNKL_HUMAN,91.667,12.0,1.0,0.0,9.0,20.0,358.0,369.0,0.32,26.2,,,,,"('LAVFAAV', 15, 21)",1,LAVFAAV,15,21,0,...[FWY]..[LVI]
830275,PLRRAQAYMKLEDYEKALVDCEWALKCDEKCTKAYFHMG,0,-4.888412554,-5.554104288,,,,831136,163,3,1,0,0,0,36,3,167,sp|Q9H892|TTC12_HUMAN,100.0,36.0,0.0,0.0,1.0,36.0,146.0,181.0,7.530000000000001e-21,82.0,,,,,"('AQAYMKL', 4, 10)",1,AQAYMKL,4,10,0,...[FWY]..[LVI]
831099,PLRRAVLHLGLPPSFESYVQAVGRAGRDGQPAHCHLFLQ,0,-0.076818375,-0.681109565,,,,831961,89,46,16,0,0,0,36,3,151,sp|O94761|RECQ4_HUMAN,100.0,36.0,0.0,0.0,1.0,36.0,784.0,819.0,3.24e-19,77.0,,,,,"('PPSFESY', 11, 17)",1,PPSFESY,11,17,0,...[FWY]..[WFY]
832576,PLRRGFLQVFAPAVAAVFPPSARLFVAAAFCPGVCCLLI,0,-1.932001822,-0.713170774,,,,833440,91,13,16,0,0,0,36,3,120,sp|Q9UKK3|PARP4_HUMAN,40.0,25.0,15.0,0.0,3.0,27.0,1315.0,1339.0,0.18,26.9,,,,,"('RRGFLQV', 2, 8)",1,RRGFLQV,2,8,0,...[FWY]..[LVI]
833093,PLRRDNPFKRTNEIVEEQYTPQSLATLESVFQELGKLTG,0,-3.245662301,-3.063357129,,,,833957,87,5,3,0,0,0,36,3,95,sp|P13521|SCG2_HUMAN,100.0,36.0,0.0,0.0,1.0,36.0,175.0,210.0,5.88e-19,76.6,,,,,"('ESVFQEL', 27, 33)",1,ESVFQEL,27,33,0,...[FWY]..[LVI]
833911,PLRSECMDPKRLAESSVDLNLKLMCWRLVPTLDLDKVVS,0,-1.179094684,-3.960263636,,,,834776,54,13,1,0,0,0,36,3,68,sp|O95352|ATG7_HUMAN,100.0,36.0,0.0,0.0,1.0,36.0,320.0,355.0,1.08e-18,75.9,,,,,"('LMCWRLV', 22, 28)",1,LMCWRLV,22,28,0,...[FWY]..[LVI]
835929,PLRREQYENLKWTLERKLEELDGELALQRQELLLEFESK,0,-4.879534402,-3.960263636,,,,836799,108,2,2,0,0,0,36,3,112,sp|Q2TAC2|CCD57_HUMAN,100.0,36.0,0.0,0.0,1.0,36.0,146.0,181.0,2.44e-17,72.0,,,,,"('REQYENL', 3, 9)",1,REQYENL,3,9,0,...[FWY]..[LVI]
836495,PLRRFLQTEDSWVPASPDTGLDPLTVRRHVPAVWVLLSR,0,-1.668967416,-1.219181933,,,,837365,105,18,13,0,0,0,36,3,136,sp|Q8N5L8|RP25L_HUMAN,100.0,36.0,0.0,0.0,1.0,36.0,88.0,123.0,3.66e-20,76.3,,,,,"('PAVWVLL', 30, 36)",1,PAVWVLL,30,36,0,...[FWY]..[LVI]
836632,PLRRFPLPTWQPVTAVGEGLDRVWAYDVPEGGQAGEAAS,0,-0.497064765,-5.767618558,,,,837502,189,73,1,0,0,0,36,3,263,sp|Q9BQD7|ANKMT_HUMAN,100.0,36.0,0.0,0.0,1.0,36.0,175.0,210.0,1.13e-19,76.6,,,,,"('LPTWQPV', 6, 12)",1,LPTWQPV,6,12,0,...[FWY]..[LVI]
837694,PLRWGGRLGPRGREGLEYSDPAGAVCERESSWHSLAPPP,0,-0.913142795,-0.243850282,,,,838564,152,44,37,0,0,0,36,3,233,sp|Q99683|M3K5_HUMAN,38.462,26.0,9.0,1.0,18.0,36.0,25.0,50.0,2.1,24.3,,,,,"('ESSWHSL', 28, 34)",1,ESSWHSL,28,34,0,...[FWY]..[LVI]
837823,PLRRGHKLQSCSSKALRDPLLHLCRLWISDHNQYFLLEL,0,-3.888412554,-4.554104288,,,,838693,163,6,2,0,0,0,36,3,171,sp|P16435|NCPR_HUMAN,42.857,28.0,14.0,1.0,5.0,32.0,431.0,456.0,2.4,23.9,,,,,"('HNQYFLL', 30, 36)",1,HNQYFLL,30,36,0,...[FWY]..[LVI]
837997,PLRRGKRGYEAFLKPWSSTTRNTSRCSRARNRPSAAP,0,-3.262150424,-1.664807752,,,,838868,88,5,8,0,0,0,34,3,101,sp|Q9BWT7|CAR10_HUMAN,90.909,11.0,1.0,0.0,1.0,11.0,88.0,98.0,0.41,25.8,,,,,"('KRGYEAF', 5, 11)",1,KRGYEAF,5,11,0,...[FWY]..[WFY]
839175,PLRRRWLQRPRKQTPPWRPLSCDSLVAAWPLPMTVVCRA,0,-0.805469416,-2.112266729,,,,840048,420,131,28,0,0,0,36,3,579,sp|Q6YHK3|CD109_HUMAN,38.462,26.0,16.0,0.0,3.0,28.0,1124.0,1149.0,1.8,24.3,,,,,"('TPPWRPL', 13, 19)",1,TPPWRPL,13,19,0,...[FWY]..[LVI]
840172,PLRRQSSLAFLTSLVLKSLSIIALSNFALILPMKNYNN,0,-3.357307657,-2.438036891,,,,841046,94,5,5,0,0,0,35,3,104,sp|Q68CR7|LRC66_HUMAN,65.0,20.0,5.0,1.0,13.0,30.0,218.0,237.0,7.2,22.7,,,,,"('LSNFALI', 23, 29)",1,LSNFALI,23,29,0,...[FWY]..[LVI]
840702,PLRRMGISIQGSHVSDQLEMRSYLDVPRNKSLAIHNIQG,0,-3.394107575,-3.69722923,,,,841577,135,7,3,0,0,0,36,3,145,sp|Q68DE3|USF3_HUMAN,94.444,36.0,2.0,0.0,1.0,36.0,1684.0,1719.0,4.85e-18,73.9,,,,,"('MRSYLDV', 19, 25)",1,MRSYLDV,19,25,0,...[FWY]..[LVI]
840937,PLRRMIWEPYTAAPGGEPPGAKAHNPGPSTAALEVMQDL,0,-0.656660521,-3.36188062,,,,841813,107,37,3,0,0,0,36,3,147,sp|Q7Z5L3|C1QL2_HUMAN,88.889,36.0,4.0,0.0,1.0,36.0,30.0,65.0,2.11e-15,65.9,,,,,"('RMIWEPY', 3, 9)",1,RMIWEPY,3,9,0,...[FWY]..[WFY]
842389,PLRRKGKCAVIKTSTRQTYFLPVIGLVDAEKLKPGDLVG,0,-6.855965931,-5.351732664,,,,843267,425,2,3,0,0,0,36,3,430,sp|P17980|PRS6A_HUMAN,100.0,36.0,0.0,0.0,1.0,36.0,117.0,152.0,6.97e-19,76.3,,,,,"('QTYFLPV', 16, 22)",1,QTYFLPV,16,22,0,...[FWY]..[LVI]
842870,PLRRKRIEVVEELQVQILKLLLDNKDDNGGEASRYIFLT,0,-1.07217948,-0.638335541,,,,843748,54,14,10,0,0,0,36,3,78,sp|Q5XPI4|RN123_HUMAN,100.0,36.0,0.0,0.0,1.0,36.0,494.0,529.0,1.59e-18,75.1,,,,,"('ASRYIFL', 31, 37)",1,ASRYIFL,31,37,0,...[FWY]..[LVI]
842901,PLRRKLKQAINYSKSLDMEKGVENDLSYQNIGGNTNWKP,0,-5.870601278,-4.951330511,,,,843779,322,3,3,0,0,0,36,3,328,sp|Q9Y4E5|ZN451_HUMAN,100.0,28.0,0.0,0.0,1.0,28.0,842.0,869.0,2.52e-13,60.5,,,,,"('DLSYQNI', 24, 30)",1,DLSYQNI,24,30,0,...[FWY]..[LVI]
843143,PLRRKNSNMSDEFISLSPGTPPST,0,-2.188777238,-2.72893809,,,,844022,92,11,4,0,0,0,21,3,107,sp|Q99728|BARD1_HUMAN,100.0,21.0,0.0,0.0,1.0,21.0,378.0,398.0,2.26e-08,45.4,,,,,"('SDEFISL', 9, 15)",1,SDEFISL,9,15,0,...[FWY]..[LVI]
843310,PLRRKQDIFWKMVQSRVGDSFYIRTHFELEPSPPSGLGF,0,-1.724559742,-2.483360881,,,,844189,97,16,5,0,0,0,36,3,118,sp|O95049|ZO3_HUMAN,100.0,36.0,0.0,0.0,1.0,36.0,461.0,496.0,2.3e-20,80.5,,,,,"('DIFWKMV', 6, 12)",1,DIFWKMV,6,12,0,...[FWY]..[LVI]
843963,PLRSKVYNGILEKSCSMNQLSSGIPVPKPRHTSCSSAGN,0,-3.372574414,-3.038266148,,,,844843,57,3,2,0,0,0,36,3,62,sp|Q9P246|STIM2_HUMAN,100.0,36.0,0.0,0.0,1.0,36.0,668.0,703.0,2.53e-19,77.4,,,,,"('SKVYNGI', 3, 9)",1,SKVYNGI,3,9,0,...[FWY]..[LVI]
844043,PLRRLAANTIASFSGFRSSFRMDSSVEEDELMLNEGKSS,0,-1.53063926,-1.933296588,,,,844923,53,10,4,0,0,0,36,3,67,sp|Q86VY9|T200A_HUMAN,100.0,36.0,0.0,0.0,1.0,36.0,204.0,239.0,8.71e-18,73.2,,,,,"('IASFSGF', 9, 15)",1,IASFSGF,9,15,0,...[FWY]..[WFY]
844438,PLRRRDGSSQQLQGYIPSNYVAEDRSLQAEPWFFGAIGR,0,-2.999116018,-1.757917157,,,,845319,176,12,15,0,0,0,36,3,203,sp|P42685|FRK_HUMAN,100.0,36.0,0.0,0.0,1.0,36.0,88.0,123.0,1.21e-19,78.6,,,,,"('PWFFGAI', 30, 36)",1,PWFFGAI,30,36,0,...[FWY]..[LVI]
845006,PLRRLGQLGLKEGFPSAGKILVRLLVCLFSMLTMKIFH,0,-5.212109741,-3.292838975,,,,845888,68,1,2,0,0,0,35,3,71,sp|Q9Y2F5|ICE1_HUMAN,93.75,16.0,1.0,0.0,1.0,16.0,2175.0,2190.0,0.000397,34.3,,,,,"('VCLFSML', 25, 31)",1,VCLFSML,25,31,0,...[FWY]..[LVI]
845884,PLRRLRAVLKRSRIPMETLETWEERLLRFFSVSPQAVYT,0,-1.80647094,-2.472162675,,,,846766,77,12,4,0,0,0,36,3,93,sp|Q96D70|R3HD4_HUMAN,100.0,36.0,0.0,0.0,1.0,36.0,175.0,210.0,9.52e-19,74.7,,,,,"('LLRFFSV', 25, 31)",1,LLRFFSV,25,31,0,...[FWY]..[LVI]
846809,PLRRRYEYDHWDAAIHGFRETEKSRWSEASRAILQRVQV,0,-1.307560884,-2.492626777,,,,847691,781,172,40,0,0,0,36,3,993,sp|Q9BT30|ALKB7_HUMAN,100.0,35.0,0.0,0.0,1.0,35.0,59.0,93.0,7.46e-20,76.6,,,,,"('RYEYDHW', 4, 10)",1,RYEYDHW,4,10,0,...[FWY]..[WFY]
847019,PLRRLLWTVVSEDIQSCRHVATKLIQGNEYIFRVSAVNH,0,-2.810213342,-2.338401552,,,,847901,193,15,11,0,0,0,36,3,219,sp|Q8WZ42|TITIN_HUMAN,100.0,36.0,0.0,0.0,1.0,36.0,21443.0,21478.0,1.49e-20,80.9,,,,,"('RLLWTVV', 3, 9)",1,RLLWTVV,3,9,0,...[FWY]..[LVI]
847342,PLRRLTHQDKKSVESTCLCFARLVDNFQHEENLLQQVAS,0,-4.550911655,-4.631640889,,,,848225,86,2,1,0,0,0,36,3,89,sp|Q14669|TRIPC_HUMAN,100.0,36.0,0.0,0.0,1.0,36.0,610.0,645.0,9.28e-20,78.6,,,,,"('CLCFARL', 16, 22)",1,CLCFARL,16,22,0,...[FWY]..[LVI]
847834,PLRWMLKIARQLRVEKEREEYLAQQKQEQKNQLFHAVQR,0,-5.212109741,-2.418369857,,,,848717,204,3,11,0,0,0,36,3,218,sp|Q8WYA0|IFT81_HUMAN,100.0,36.0,0.0,0.0,1.0,36.0,204.0,239.0,5.91e-18,73.6,,,,,"('NQLFHAV', 30, 36)",1,NQLFHAV,30,36,0,...[FWY]..[LVI]
848380,PLRRNFLKCSEDNPLFAGIDCEVFESRFPTTMALSVLVT,0,-3.949075336,-3.61476707,,,,849263,85,3,2,0,0,0,36,3,90,sp|Q93084|AT2A3_HUMAN,100.0,36.0,0.0,0.0,1.0,36.0,871.0,906.0,1.28e-19,78.2,,,,,"('NPLFAGI', 12, 18)",1,NPLFAGI,12,18,0,...[FWY]..[LVI]
848807,PLRSNLSMNQTLEGHSGSVQVVTWNEQYQKLTTSDENGL,0,-5.353465591,-4.434194824,,,,849692,75,1,1,0,0,0,36,3,77,sp|Q9P2L0|WDR35_HUMAN,100.0,36.0,0.0,0.0,1.0,36.0,59.0,94.0,9.48e-19,75.9,,,,,"('NEQYQKL', 24, 30)",1,NEQYQKL,24,30,0,...[FWY]..[LVI]
848875,PLRRNYLQDENENRTGTLQQLAKRFCQYVVKQSELKGTF,0,-3.999116018,-4.664807752,,,,849760,176,6,2,0,0,0,36,3,184,sp|Q9P126|CLC1B_HUMAN,97.222,36.0,1.0,0.0,1.0,36.0,59.0,94.0,9.31e-19,73.9,,,,,"('AKRFCQY', 21, 27)",1,AKRFCQY,21,27,0,...[FWY]..[WFY]
849062,PLRRSRLYHDGKNQPGVAYPAFLGPDEAFALPDSLLVVL,0,-5.147014713,-4.227743947,,,,849948,65,1,1,0,0,0,36,3,67,sp|Q96A44|SPSB4_HUMAN,100.0,36.0,0.0,0.0,1.0,36.0,146.0,181.0,2.58e-19,76.3,,,,,"('GVAYPAF', 15, 21)",1,GVAYPAF,15,21,0,...[FWY]..[WFY]
849386,PLRSQAAALESHPYGLPLAKRAAPLAFPPLGLTPSPTAS,0,-1.655161617,-1.320853351,,,,850272,52,9,6,0,0,0,36,3,67,sp|Q92570|NR4A3_HUMAN,100.0,36.0,0.0,0.0,1.0,36.0,233.0,268.0,1.1e-16,70.1,,,,,"('PLAFPPL', 23, 29)",1,PLAFPPL,23,29,0,...[FWY]..[LVI]
850288,PLRRTKSQDPMAIFFTKGTTGAPKMVEYSQYGLGMGFSQ,0,-3.906006614,-3.986735847,,,,851174,55,2,1,0,0,0,36,3,58,sp|Q6P461|ACSM6_HUMAN,100.0,36.0,0.0,0.0,1.0,36.0,214.0,249.0,2.24e-19,77.8,,,,,"('MVEYSQY', 24, 30)",1,MVEYSQY,24,30,0,...[FWY]..[WFY]
850429,PLRRPMPQLTSIIVNQLKKIIKRKHTLPNYKIRFKPFFP,0,-1.648208856,-3.313900591,,,,851315,69,12,2,0,0,0,36,3,83,sp|Q8NEN9|PDZD8_HUMAN,100.0,36.0,0.0,0.0,1.0,36.0,262.0,297.0,1.55e-19,78.2,,,,,"('KIRFKPF', 30, 36)",1,KIRFKPF,30,36,0,...[FWY]..[WFY]
852637,PLRRQQIKDFTCNPLNSISEPKGNPLAWQAFESQPAAPA,0,-5.516964323,-5.597693557,,,,853526,168,2,1,0,0,0,36,3,171,sp|Q86YF9|DZIP1_HUMAN,100.0,36.0,0.0,0.0,1.0,36.0,436.0,471.0,3.24e-20,80.1,,,,,"('PLAWQAF', 24, 30)",1,PLAWQAF,24,30,0,...[FWY]..[WFY]
853598,PLRRRFIKKYYDGWLICEEPTCRNRTRHLPLQFSRTGPL,0,-4.391433441,-6.057125175,,,,854487,231,6,1,0,0,0,36,3,238,sp|P09884|DPOLA_HUMAN,100.0,36.0,0.0,0.0,1.0,36.0,1335.0,1370.0,2.29e-23,89.0,,,,,"('KKYYDGW', 7, 13)",1,KKYYDGW,7,13,0,...[FWY]..[WFY]
855579,PLRRRYGDIEEAPPPPLLPDWCFEDDEDEDEDEDGKKES,0,-2.175272973,-4.063357129,,,,856469,58,7,1,0,0,0,36,3,66,sp|O60942|MCE1_HUMAN,100.0,36.0,0.0,0.0,1.0,36.0,175.0,210.0,1.32e-18,75.5,,,,,"('RRRYGDI', 2, 8)",1,RRRYGDI,2,8,0,...[FWY]..[LVI]
856073,PLRSSEQERTGLPRDMLEGQDSKLPSSVRSTLLELFGQI,0,-1.731304472,-2.271465324,,,,856964,67,11,4,0,0,0,36,3,82,sp|Q9Y2I8|WDR37_HUMAN,100.0,36.0,0.0,0.0,1.0,36.0,30.0,65.0,3.07e-18,74.3,,,,,"('LELFGQI', 32, 38)",1,LELFGQI,32,38,0,...[FWY]..[LVI]
856372,PLRRSHFKLFTSMADVTIQFQSDPGTSVLGYQQGFVIHF,0,-2.565219492,-2.453303647,,,,857263,76,7,4,0,0,0,36,3,87,sp|Q53EL9|SEZ6_HUMAN,100.0,36.0,0.0,0.0,1.0,36.0,666.0,701.0,1.73e-20,80.9,,,,,"('RSHFKLF', 3, 9)",1,RSHFKLF,3,9,0,...[FWY]..[WFY]
856621,PLRRSKRSKNQENGPVCSLRDCLRSFTDLEELDETELYM,0,-4.608462677,-3.367263816,,,,857512,179,4,5,0,0,0,36,3,188,sp|Q9Y6I4|UBP3_HUMAN,100.0,36.0,0.0,0.0,1.0,36.0,349.0,384.0,4.21e-19,77.0,,,,,"('LRSFTDL', 22, 28)",1,LRSFTDL,22,28,0,...[FWY]..[LVI]
858780,PLRRTKVLSLAKRILRFKKEYPALQPKEPPPSLLEADLT,0,-2.253929917,-2.012731056,,,,859671,70,8,5,0,0,0,36,3,83,sp|Q6ZV29|PLPL7_HUMAN,100.0,36.0,0.0,0.0,1.0,36.0,88.0,123.0,6.46e-18,73.6,,,,,"('KKEYPAL', 17, 23)",1,KKEYPAL,17,23,0,...[FWY]..[LVI]
859992,PLRYFQCWAVMCCNVPEARVFKASRSNNFYLGMLLLILF,0,-6.663805711,-3.744534945,,,,860883,186,1,4,0,0,0,36,3,191,sp|Q8TDI8|TMC1_HUMAN,100.0,36.0,0.0,0.0,1.0,36.0,610.0,645.0,4.51e-20,79.7,,,,,"('LRYFQCW', 1, 7)",1,LRYFQCW,1,7,0,...[FWY]..[WFY]
861513,PLRRWNVLGLQGALLTHFLQPIYLKSVTLGYLFSQGHLT,0,-6.324319245,-5.405048479,,,,862406,147,1,1,0,0,0,36,3,149,sp|P55265|DSRAD_HUMAN,100.0,36.0,0.0,0.0,1.0,36.0,1042.0,1077.0,8.73e-21,81.6,,,,,"('LRRWNVL', 1, 7)",1,LRRWNVL,1,7,0,...[FWY]..[LVI]
861695,PLRRYAYVRGGGDPWTNGSGLALCQRYYHRGHVDPANDT,0,-1.539684399,-4.790338635,,,,862589,96,18,1,0,0,0,36,3,115,sp|Q9GZU1|MCLN1_HUMAN,100.0,36.0,0.0,0.0,1.0,36.0,146.0,181.0,8.75e-24,90.1,,,,,"('LRRYAYV', 1, 7)",1,LRRYAYV,1,7,0,...[FWY]..[LVI]
861817,PLRRYGDQHGLRFALPARYQFGYPKLFQASRVKGYRPQG,0,-2.756915116,-2.574609944,,,,862711,62,5,3,0,0,0,36,3,70,sp|Q96RP7|G3ST4_HUMAN,100.0,36.0,0.0,0.0,1.0,36.0,88.0,123.0,5.63e-19,76.6,,,,,"('QFGYPKL', 19, 25)",1,QFGYPKL,19,25,0,...[FWY]..[LVI]
862470,PLRYAAGYGGGYLRKAADEGPEGRYRKYAYEPAKAPVAD,0,-0.312273903,-0.86248842,,,,863364,164,72,26,0,0,0,36,3,262,sp|A6NMB9|FIGL2_HUMAN,100.0,26.0,0.0,0.0,11.0,36.0,267.0,292.0,6.66e-11,53.5,,,,,"('EGRYRKY', 21, 27)",1,EGRYRKY,21,27,0,...[FWY]..[WFY]
862845,PLRSELQLRTLCIEVWPVLAVIGGVDAGLRVGGRCVHKQ,0,-5.724559742,-4.805288976,,,,863740,97,1,1,0,0,0,36,3,99,sp|Q15751|HERC1_HUMAN,100.0,36.0,0.0,0.0,1.0,36.0,2292.0,2327.0,5.29e-19,76.6,,,,,"('IEVWPVL', 12, 18)",1,IEVWPVL,12,18,0,...[FWY]..[LVI]
863133,PLRSAKVSRHFTALSGCEARAASASRLRQLQAWYRGPWY,0,-0.027650574,-3.449848089,,,,864028,417,223,11,0,0,0,36,3,651,sp|Q14872|MTF1_HUMAN,30.303,33.0,23.0,0.0,3.0,35.0,136.0,168.0,5.9,22.7,,,,,"('SRHFTAL', 7, 13)",1,SRHFTAL,7,13,0,...[FWY]..[LVI]
864138,PLRSADFTVPKFLQAEETINENAADFQDFEAEETNEGRH,0,-5.078843211,-2.574609944,,,,865034,62,1,3,0,0,0,36,3,66,sp|Q9H799|CPLN1_HUMAN,100.0,36.0,0.0,0.0,1.0,36.0,484.0,519.0,1.23e-18,75.5,,,,,"('AADFQDF', 22, 28)",1,AADFQDF,22,28,0,...[FWY]..[WFY]
864220,PLRSAEDAMKHPFFLSLGERIHKLPDTTSIFALKEIQLQ,0,-2.417428649,-1.498157883,,,,865116,98,10,10,0,0,0,36,3,118,sp|Q00536|CDK16_HUMAN,100.0,36.0,0.0,0.0,1.0,36.0,436.0,471.0,6.68e-19,76.3,,,,,"('HPFFLSL', 10, 16)",1,HPFFLSL,10,16,0,...[FWY]..[LVI]
864294,PLRSAKIVPKISYASKVKETSTKLFRTLLCHQLHLHHL,0,-5.101926824,-4.182656057,,,,865190,63,1,1,0,0,0,35,3,65,sp|Q7Z417|NUFP2_HUMAN,85.0,20.0,3.0,0.0,1.0,20.0,349.0,368.0,0.000143,35.8,,,,,"('TKLFRTL', 21, 27)",1,TKLFRTL,21,27,0,...[FWY]..[LVI]
864809,PLRSAQSRRIAKSINRNSVRSRMPAKSSKMYGTLRKGSV,0,-3.202649412,-5.453303647,,,,865706,152,9,1,0,0,0,36,3,162,sp|Q96MK2|RIPR3_HUMAN,100.0,36.0,0.0,0.0,1.0,36.0,30.0,65.0,2.83e-16,68.9,,,,,"('SKMYGTL', 27, 33)",1,SKMYGTL,27,33,0,...[FWY]..[LVI]
866380,PLRSCLSLFRDEVFHIHKAAEDLFVNIRGYNKRINDIRE,0,-0.195036228,-0.21522392,,,,867277,294,140,73,0,0,0,36,3,507,sp|Q9Y2A7|NCKP1_HUMAN,100.0,36.0,0.0,0.0,1.0,36.0,291.0,326.0,3.35e-20,80.1,,,,,"('EDLFVNI', 20, 26)",1,EDLFVNI,20,26,0,...[FWY]..[LVI]
869514,PLRSESPSEIMESLTKMYSIPKDKQMLLFTHIRLAHGFS,0,-0.341877616,-1.837644349,,,,870416,186,80,15,0,0,0,36,3,281,sp|Q7Z6Z7|HUWE1_HUMAN,100.0,36.0,0.0,0.0,1.0,36.0,233.0,268.0,3.88e-19,77.0,,,,,"('MLLFTHI', 25, 31)",1,MLLFTHI,25,31,0,...[FWY]..[LVI]
869523,PLRSECSRPHSLGQNRTTCFCLFLTS,0,-0.110433041,-1.005606621,,,,870425,202,102,29,0,0,0,23,3,333,sp|A4GXA9|EME2_HUMAN,43.478,23.0,13.0,0.0,1.0,23.0,346.0,368.0,1.4,23.9,,,,,"('TTCFCLF', 16, 22)",1,TTCFCLF,16,22,0,...[FWY]..[WFY]
871247,PLRTFDVIHQGQDLLQYVNEVQASGVELLCDRDVDMATR,0,-3.80647094,-3.472162675,,,,872149,77,3,2,0,0,0,36,3,82,sp|O75962|TRIO_HUMAN,100.0,36.0,0.0,0.0,1.0,36.0,842.0,877.0,1.68e-19,78.2,,,,,"('LRTFDVI', 1, 7)",1,LRTFDVI,1,7,0,...[FWY]..[LVI]
871813,PLRSFLMDEFAMPPTLMQNPSFHSLIEGRGHEGAVQEQY,0,-6.147014713,-5.227743947,,,,872715,130,1,1,0,0,0,36,3,132,sp|Q9Y2I7|FYV1_HUMAN,100.0,36.0,0.0,0.0,1.0,36.0,871.0,906.0,3.3e-20,80.1,,,,,"('NPSFHSL', 18, 24)",1,NPSFHSL,18,24,0,...[FWY]..[LVI]
872089,PLRSFPVESDVAPIARMFIFAILPDGEVVGDSEKFEIE,0,-5.019464663,-4.100193897,,,,872992,119,2,2,0,0,0,35,3,123,sp|P20742|PZP_HUMAN,100.0,35.0,0.0,0.0,1.0,35.0,523.0,557.0,1.19e-18,75.5,,,,,"('MFIFAIL', 16, 22)",1,MFIFAIL,16,22,0,...[FWY]..[LVI]
872158,PLRSFPTLQDHRKHIHEVHSKEYHPCPTCGKIFSAPSML,0,-1.802718805,-1.205376134,,,,873061,64,10,8,0,0,0,36,3,82,sp|Q9NUA8|ZBT40_HUMAN,100.0,36.0,0.0,0.0,1.0,36.0,958.0,993.0,1.29e-20,81.3,,,,,"('LRSFPTL', 1, 7)",1,LRSFPTL,1,7,0,...[FWY]..[LVI]
872618,PLRSFVIPSESDVPTHCPSQWWPYAGHCYKIHRDEKKIQ,0,-5.516964323,-4.597693557,,,,873521,84,1,1,0,0,0,36,3,86,sp|P22897|MRC1_HUMAN,100.0,36.0,0.0,0.0,1.0,36.0,349.0,384.0,6.08e-21,82.0,,,,,"('PSQWWPY', 17, 23)",1,PSQWWPY,17,23,0,...[FWY]..[WFY]
873804,PLRTGIVEKVKGSITTMLALASSQGDGLYKELADVGSEY,0,-1.573954301,-3.355123253,,,,874707,71,13,2,0,0,0,36,3,86,sp|Q68CJ6|SLIP_HUMAN,100.0,36.0,0.0,0.0,1.0,36.0,719.0,754.0,1.07e-17,72.8,,,,,"('DGLYKEL', 25, 31)",1,DGLYKEL,25,31,0,...[FWY]..[LVI]
874457,PLRSHEQEARLYHHLPDPGLPQPLALPVRTWERPLRPVS,0,-0.434244193,-2.262207356,,,,875361,233,94,14,0,0,0,36,3,341,sp|Q5SQS7|SH24B_HUMAN,100.0,36.0,0.0,0.0,1.0,36.0,261.0,296.0,2.37e-19,77.4,,,,,"('ARLYHHL', 8, 14)",1,ARLYHHL,8,14,0,...[FWY]..[LVI]
875262,PLRSVQQAAKWVEMHVKEAGLFGLVNNAGVAGIIGPTPW,0,-4.334100266,-3.414829499,,,,876166,74,2,2,0,0,0,36,3,78,sp|Q92781|RDH5_HUMAN,100.0,36.0,0.0,0.0,1.0,36.0,88.0,123.0,1.23e-19,77.8,,,,,"('AGLFGLV', 18, 24)",1,AGLFGLV,18,24,0,...[FWY]..[LVI]
875875,PLRSHIHAYVNALLIPGPAGKTKLEKQFQLLSQSNIQQS,0,-5.534037836,-4.61476707,,,,876780,85,1,1,0,0,0,36,3,87,sp|P23471|PTPRZ_HUMAN,100.0,36.0,0.0,0.0,1.0,36.0,2003.0,2038.0,9.16e-19,75.9,,,,,"('EKQFQLL', 24, 30)",1,EKQFQLL,24,30,0,...[FWY]..[LVI]
877444,PLRSIKGDIPSVEYLLQNGSDPNVKDHAGWTPLHEACNH,0,-6.616499996,-3.375301135,,,,878349,180,1,5,0,0,0,36,3,186,sp|Q99728|BARD1_HUMAN,100.0,36.0,0.0,0.0,1.0,36.0,436.0,471.0,1.11e-20,81.3,,,,,"('HAGWTPL', 26, 32)",1,HAGWTPL,26,32,0,...[FWY]..[LVI]
877649,PLRSILREPTFRWTSLKHSRSEPQYFSSAKYAKEGLIRN,0,-2.347039321,-3.012731056,,,,878554,84,9,3,0,0,0,36,3,96,sp|Q03164|KMT2A_HUMAN,100.0,35.0,0.0,0.0,1.0,35.0,610.0,644.0,6.82e-19,76.3,,,,,"('TFRWTSL', 9, 15)",1,TFRWTSL,9,15,0,...[FWY]..[LVI]
877918,PLRYIPPRRLDPKEHSYYYRPARTGIISLYDCIFKRRLD,0,-5.101926824,-5.767618558,,,,878824,189,3,1,0,0,0,36,3,193,sp|A4QMS7|CE049_HUMAN,100.0,36.0,0.0,0.0,1.0,36.0,30.0,65.0,9.68e-21,77.4,,,,,"('ISLYDCI', 26, 32)",1,ISLYDCI,26,32,0,...[FWY]..[LVI]
878150,PLRSIRVTQLMTPSDSCEDTQMTEYQRLFQSKSTDSEPD,0,-2.733456143,-3.136113471,,,,879056,61,5,2,0,0,0,36,3,68,sp|P31629|ZEP2_HUMAN,100.0,36.0,0.0,0.0,1.0,36.0,1977.0,2012.0,9.34e-19,75.9,,,,,"('MTEYQRL', 21, 27)",1,MTEYQRL,21,27,0,...[FWY]..[LVI]
880292,PLRSNSHLADYVLYKNKVEDSGIFTIKNMINTEEGITLE,0,-3.372574414,-5.153743365,,,,881202,247,13,2,0,0,0,36,3,262,sp|Q16706|MA2A1_HUMAN,100.0,36.0,0.0,0.0,1.0,36.0,726.0,761.0,1.08e-18,75.9,,,,,"('LADYVLY', 7, 13)",1,LADYVLY,7,13,0,...[FWY]..[WFY]
880462,PLRSKTSFKVENLTEGAIYYFRVMAENEFGVGVPVETVD,0,-5.043510137,-3.124239371,,,,881372,121,2,4,0,0,0,36,3,127,sp|Q8WZ42|TITIN_HUMAN,100.0,36.0,0.0,0.0,1.0,36.0,25097.0,25132.0,7.65e-19,76.3,,,,,"('AIYYFRV', 16, 22)",1,AIYYFRV,16,22,0,...[FWY]..[LVI]
880548,PLRWKVLKEKIAKYGIRNSLLIAPMPTLPLLRSWGIMS,0,-3.267604854,-2.933296588,,,,881458,53,3,2,0,0,0,35,3,58,sp|P23921|RIR1_HUMAN,100.0,24.0,0.0,0.0,1.0,24.0,581.0,604.0,1.95e-10,52.4,,,,,"('PLRWKVL', 0, 6)",1,PLRWKVL,0,6,0,...[FWY]..[LVI]
881440,PLRSLEKEPEYVPWTATSGPGGIRTVIIRQHEIVLKVA,0,-2.294571902,-2.960263636,,,,882350,54,6,2,0,0,0,35,3,62,sp|Q8WUM0|NU133_HUMAN,100.0,35.0,0.0,0.0,1.0,35.0,755.0,789.0,2.7e-19,77.4,,,,,"('EPEYVPW', 7, 13)",1,EPEYVPW,7,13,0,...[FWY]..[WFY]
883522,PLRSLPVFGQTPFYTVENSVEVARNSL,0,-2.1246469,-0.690802961,,,,884438,56,7,10,0,0,0,24,3,73,sp|A5PLK6|RGSL_HUMAN,100.0,16.0,0.0,0.0,1.0,16.0,30.0,45.0,6.71e-06,38.9,,,,,"('QTPFYTV', 9, 15)",1,QTPFYTV,9,15,0,...[FWY]..[LVI]
886454,PLRWKPWLDEEAISTLRKGGFYSQKVTTNPNLRIISLNT,0,-2.952465925,-3.770160753,,,,887374,142,10,3,0,0,0,36,3,155,sp|Q92484|ASM3A_HUMAN,100.0,36.0,0.0,0.0,1.0,36.0,175.0,210.0,1.27e-19,78.2,,,,,"('PLRWKPW', 0, 6)",1,PLRWKPW,0,6,0,...[FWY]..[WFY]
887248,PLRSPAVSLVVSPAASPEISPEVCPAASTVVSPAVFSVV,0,-5.233171357,-0.72893809,,,,888168,69,1,12,0,0,0,36,3,82,sp|Q9UIF9|BAZ2A_HUMAN,100.0,36.0,0.0,0.0,1.0,36.0,434.0,469.0,3.38e-15,65.9,,,,,"('PAVFSVV', 32, 38)",1,PAVFSVV,32,38,0,...[FWY]..[LVI]
887783,PLRSPFQSPFRSPLRSPFRSPFKNFGHPGGRTIDFDCED,0,-3.078843211,-4.159572444,,,,888703,62,4,1,0,0,0,36,3,67,sp|Q9P2D8|UNC79_HUMAN,100.0,36.0,0.0,0.0,1.0,36.0,758.0,793.0,9.99e-22,84.3,,,,,"('RSPFKNF', 18, 24)",1,RSPFKNF,18,24,0,...[FWY]..[WFY]
888464,PLRSTLLALVLMPLCLWIYSWAWINTPIVRGP,0,-4.439343426,-2.257038254,,,,889384,199,5,12,0,0,0,29,3,216,sp|Q96EP9|NTCP4_HUMAN,96.296,27.0,1.0,0.0,1.0,27.0,204.0,230.0,1.02e-11,55.5,,,,,"('IYSWAWI', 17, 23)",1,IYSWAWI,17,23,0,...[FWY]..[LVI]
889565,PLRSPPPLSFLTLLPVPSTGTSVITSKPMNSTSVISTVT,0,-2.760235474,-1.188888011,,,,890486,87,7,11,0,0,0,36,3,105,sp|Q9NZP6|NPAP1_HUMAN,100.0,36.0,0.0,0.0,1.0,36.0,523.0,558.0,3.71e-15,65.9,,,,,"('PLSFLTL', 6, 12)",1,PLSFLTL,6,12,0,...[FWY]..[LVI]
890071,PLRSPSDHRVPRIYVPLKDCPQDFVARPKDYANTLFICR,0,-2.326280761,-3.72893809,,,,890992,92,10,2,0,0,0,36,3,104,sp|Q8IYB7|DI3L2_HUMAN,100.0,36.0,0.0,0.0,1.0,36.0,269.0,304.0,5.490000000000001e-21,82.4,,,,,"('PRIYVPL', 10, 16)",1,PRIYVPL,10,16,0,...[FWY]..[LVI]
890548,PLRSQLLSFATTLCSQESSTLGLPDFPLIV,0,-3.212109741,-3.877801476,,,,891469,51,3,1,0,0,0,27,3,55,sp|A3KMH1|VWA8_HUMAN,100.0,25.0,0.0,0.0,1.0,25.0,291.0,315.0,1.86e-11,54.7,,,,,"('LPDFPLI', 22, 28)",1,LPDFPLI,22,28,0,...[FWY]..[LVI]
893198,PLRSRLPPQEDTRAQRQRLQKQLTEHLRQSWGLLGAPIQ,0,-0.382444658,-1.079845252,,,,894123,110,46,15,0,0,0,36,3,171,sp|O60826|CCD22_HUMAN,100.0,36.0,0.0,0.0,1.0,36.0,233.0,268.0,2.64e-18,74.7,,,,,"('RQSWGLL', 27, 33)",1,RQSWGLL,27,33,0,...[FWY]..[LVI]
894600,PLRTSCCTHLSFMDPGPEGKLYSEDYDDNYDYLESGNWM,0,-0.781759187,-1.977965638,,,,895526,82,26,6,0,0,0,36,3,114,sp|P46020|KPB1_HUMAN,100.0,36.0,0.0,0.0,1.0,36.0,610.0,645.0,1.5699999999999997e-23,89.4,,,,,"('DDNYDYL', 26, 32)",1,DDNYDYL,26,32,0,...[FWY]..[LVI]
899201,PLRSTFAVTTTCLIWFGCKLVLNPSAININFNLILLLLL,0,-2.262150424,-4.249770253,,,,900135,132,15,2,0,0,0,36,3,149,sp|Q15049|MLC1_HUMAN,100.0,36.0,0.0,0.0,1.0,36.0,117.0,152.0,9.64e-18,72.8,,,,,"('NINFNLI', 27, 33)",1,NINFNLI,27,33,0,...[FWY]..[LVI]
899530,PLRSTIWSGLPSSEPRGPSTMQDDLPSSEPQGPSIMQDI,0,-0.181060209,-6.610517597,,,,900465,339,163,1,0,0,0,36,3,503,sp|O43482|MS18B_HUMAN,40.0,25.0,15.0,0.0,10.0,34.0,47.0,71.0,2.9,23.9,,,,,"('STIWSGL', 3, 9)",1,STIWSGL,3,9,0,...[FWY]..[LVI]
901052,PLRSVDIDAIRRVYTRLLSNEKIETAFLNALVYLSPNVE,0,-2.404754819,-1.707876474,,,,901988,68,7,6,0,0,0,36,3,81,sp|Q05086|UBE3A_HUMAN,100.0,36.0,0.0,0.0,1.0,36.0,233.0,268.0,7.3e-18,73.6,,,,,"('RRVYTRL', 10, 16)",1,RRVYTRL,10,16,0,...[FWY]..[LVI]
903228,PLRSVSFEDTEATQVYPKLYLSPRIEHALGGSSALHIPT,0,-3.539684399,-3.205376134,,,,904167,64,3,2,0,0,0,36,3,69,sp|Q9NXR7|BABA2_HUMAN,100.0,35.0,0.0,0.0,1.0,35.0,204.0,238.0,3.78e-18,73.9,,,,,"('TQVYPKL', 12, 18)",1,TQVYPKL,12,18,0,...[FWY]..[LVI]
903234,PLRVQQLSVSFSSLQIKALQNAVEKEVQAEDNIYIENSL,0,-6.789982817,-5.870712051,,,,904173,203,1,1,0,0,0,36,3,205,sp|Q96D42|HAVR1_HUMAN,100.0,36.0,0.0,0.0,1.0,36.0,325.0,360.0,5.93e-18,73.6,,,,,"('SVSFSSL', 7, 13)",1,SVSFSSL,7,13,0,...[FWY]..[LVI]
903247,PLRSVSGNSCVVRQVGLHFVSVSLFSS,0,-3.76850309,-2.527304229,,,,904186,100,4,5,0,0,0,24,3,109,sp|Q16576|RBBP7_HUMAN,45.455,22.0,12.0,0.0,3.0,24.0,223.0,244.0,3.2,22.7,,,,,"('GLHFVSV', 15, 21)",1,GLHFVSV,15,21,0,...[FWY]..[LVI]
903424,PLRSVTTGGTAEMYTKTGVNGDSRYFLWPLQHGTLHFCS,0,-2.144546458,-0.395200693,,,,904363,73,9,16,0,0,0,36,3,98,sp|P16083|NQO2_HUMAN,100.0,35.0,0.0,0.0,1.0,35.0,146.0,180.0,1.74e-20,78.6,,,,,"('DSRYFLW', 21, 27)",1,DSRYFLW,21,27,0,...[FWY]..[WFY]
903845,PLRSYKEQESKKGFDQEEVFEKPTRETCQGMRHAIYDKL,0,-1.902254479,-3.790338635,,,,904784,96,14,2,0,0,0,36,3,112,sp|P30876|RPB2_HUMAN,100.0,36.0,0.0,0.0,1.0,36.0,813.0,848.0,1.4e-19,78.2,,,,,"('HAIYDKL', 32, 38)",1,HAIYDKL,32,38,0,...[FWY]..[LVI]
904096,PLRSYKLAYSNDGEHWTVYQDEKQRKDKVFQGNFDNDTH,0,-5.852567355,-4.933296588,,,,905035,106,1,1,0,0,0,36,3,108,sp|O43854|EDIL3_HUMAN,100.0,36.0,0.0,0.0,1.0,36.0,407.0,442.0,2.4000000000000007e-21,83.2,,,,,"('GEHWTVY', 12, 18)",1,GEHWTVY,12,18,0,...[FWY]..[WFY]
905097,PLRTAHKIYIHSYNTATIFHELVYKQTKIISSNQELIYE,0,-2.879534402,-2.223298042,,,,906038,81,6,5,0,0,0,36,3,92,sp|Q9UHD2|TBK1_HUMAN,100.0,36.0,0.0,0.0,1.0,36.0,320.0,355.0,2.18e-18,74.7,,,,,"('ATIFHEL', 15, 21)",1,ATIFHEL,15,21,0,...[FWY]..[LVI]
905905,PLRTDLLGTSFLSPAVFVAYARNSSLLGLARGGPALCDA,0,-1.058413202,-1.839582154,,,,906846,149,39,12,0,0,0,36,3,200,sp|P43119|PI2R_HUMAN,100.0,36.0,0.0,0.0,1.0,36.0,59.0,94.0,1.87e-17,72.0,,,,,"('PAVFVAY', 13, 19)",1,PAVFVAY,13,19,0,...[FWY]..[WFY]
907332,PLRTDDEVDGANDAGLLSGVLSTILQKNLIFQNIYFYC,0,-2.422327449,-2.503056682,,,,908276,59,6,3,0,0,0,35,3,68,sp|Q9NYU1|UGGG2_HUMAN,92.308,13.0,1.0,0.0,1.0,13.0,523.0,535.0,0.012,30.4,,,,,"('NLIFQNI', 27, 33)",1,NLIFQNI,27,33,0,...[FWY]..[LVI]
907462,PLRTDGKVKDMNWLLNLSQSLKTLKFLKVKRLNLSALF,0,-3.259806483,-3.147890639,,,,908406,123,7,4,0,0,0,35,3,134,sp|Q6PCT2|FXL19_HUMAN,41.379,29.0,17.0,0.0,6.0,34.0,498.0,526.0,4.8,23.1,,,,,"('TLKFLKV', 22, 28)",1,TLKFLKV,22,28,0,...[FWY]..[LVI]
908793,PLRTGDALINAQYVGKPLILLVYFNVMNVLTLVRPYEC,0,-3.085476303,-2.388597958,,,,909740,109,7,6,0,0,0,35,3,122,sp|Q08AG5|ZN844_HUMAN,51.852,27.0,13.0,0.0,5.0,31.0,391.0,417.0,0.32,26.2,,,,,"('LLVYFNV', 19, 25)",1,LLVYFNV,19,25,0,...[FWY]..[LVI]
911633,PLRTHWLEYIRMLLAGAVRIADKIESGKTSVVVPLR,0,-0.16027081,-1.393003137,,,,912581,82,40,9,0,0,0,33,3,131,sp|Q13613|MTMR1_HUMAN,100.0,30.0,0.0,0.0,1.0,30.0,407.0,436.0,6.55e-15,64.7,,,,,"('RTHWLEY', 2, 8)",1,RTHWLEY,2,8,0,...[FWY]..[WFY]
912823,PLRTKNYEDERPDIPFCEFAETVSKDPQNSKVDKGVLGR,0,-0.143505927,-1.012731056,,,,913777,154,76,22,0,0,0,36,3,252,sp|Q8N9V7|TOPZ1_HUMAN,100.0,36.0,0.0,0.0,1.0,36.0,1328.0,1363.0,5.71e-20,79.3,,,,,"('DIPFCEF', 12, 18)",1,DIPFCEF,12,18,0,...[FWY]..[WFY]
918559,PLRTSMNEIDWLHVKNLCQLESEEKQVKISATVNTMVFD,0,-2.756915116,-4.159572444,,,,919525,62,5,1,0,0,0,36,3,68,sp|Q9NVE5|UBP40_HUMAN,100.0,36.0,0.0,0.0,1.0,36.0,743.0,778.0,3.79e-19,77.0,,,,,"('EIDWLHV', 7, 13)",1,EIDWLHV,7,13,0,...[FWY]..[LVI]
919185,PLRTSSFCRGLFSVLSTSQSLTELDLSDNSLGDPGMRVL,0,-2.478283855,-2.72893809,,,,920151,92,9,4,0,0,0,36,3,105,sp|Q96P20|NLRP3_HUMAN,100.0,36.0,0.0,0.0,1.0,36.0,726.0,761.0,1.05e-17,72.8,,,,,"('RGLFSVL', 8, 14)",1,RGLFSVL,8,14,0,...[FWY]..[LVI]
919509,PLRTSVVIVFHNEAWRLSFVLFTV,0,-2.240124118,-3.320853351,,,,920475,104,12,3,0,0,0,21,3,119,sp|Q10472|GALT1_HUMAN,76.19,21.0,3.0,1.0,1.0,21.0,118.0,136.0,0.004,30.8,,,,,"('RLSFVLF', 15, 21)",1,RLSFVLF,15,21,0,...[FWY]..[WFY]
921602,PLRTVVFDGLLKIKICEAVSLNRQPGRCAMRWVRGRRL,0,-2.446574995,-2.205376134,,,,922573,80,8,5,0,0,0,35,3,93,sp|Q02156|KPCE_HUMAN,60.606,33.0,11.0,1.0,2.0,34.0,2.0,32.0,4.99e-05,37.0,,,,,"('TVVFDGL', 3, 9)",1,TVVFDGL,3,9,0,...[FWY]..[LVI]
922060,PLRTYHGPSPQSEPEVAAIVNFITAHGNFKALISIHSYS,0,-2.059551872,-2.057818945,,,,923032,130,17,9,0,0,0,36,3,156,sp|Q8WXQ8|CBPA5_HUMAN,100.0,36.0,0.0,0.0,1.0,36.0,291.0,326.0,3.45e-19,77.0,,,,,"('HGNFKAL', 25, 31)",1,HGNFKAL,25,31,0,...[FWY]..[LVI]
922330,PLRVAFILKFLDNMFHVLMAQVTTVIITTVSVLVFDFRP,0,-4.584078519,-2.342879658,,,,923302,88,2,5,0,0,0,36,3,95,sp|Q9BS91|S35A5_HUMAN,100.0,36.0,0.0,0.0,1.0,36.0,320.0,355.0,6.67e-16,67.8,,,,,"('DNMFHVL', 11, 17)",1,DNMFHVL,11,17,0,...[FWY]..[LVI]
925074,PLRVGGNTPRKNPMHPSSRWSELDLLILLGTAGHVLSLG,0,-5.372574414,-4.453303647,,,,926047,76,1,1,0,0,0,36,3,78,sp|Q5H8A4|PIGG_HUMAN,100.0,36.0,0.0,0.0,1.0,36.0,531.0,566.0,4.9e-19,76.6,,,,,"('SSRWSEL', 16, 22)",1,SSRWSEL,16,22,0,...[FWY]..[LVI]
925882,PLRVDSEDEKDPEWLREKTITQIEEFSDVNEGEKEVMKL,0,-2.363051639,-3.858818372,,,,926855,151,16,3,0,0,0,36,3,170,sp|Q15022|SUZ12_HUMAN,100.0,36.0,0.0,0.0,1.0,36.0,581.0,616.0,2.71e-18,74.7,,,,,"('IEEFSDV', 22, 28)",1,IEEFSDV,22,28,0,...[FWY]..[LVI]
928687,PLRVFRVLVYVVAAERVWGDEQKDFDCNTKQPGCTNVCY,0,-3.99501162,-3.075740853,,,,929662,117,4,4,0,0,0,36,3,125,sp|O75712|CXB3_HUMAN,100.0,36.0,0.0,0.0,1.0,36.0,30.0,65.0,1.51e-20,79.3,,,,,"('LRVFRVL', 1, 7)",1,LRVFRVL,1,7,0,...[FWY]..[LVI]
928734,PLRVFSLDYTTGNILTQQPLDFEEVERYTINIEAKDRGS,0,-0.176390475,-6.73285314,,,,929709,369,178,1,0,0,0,36,3,548,sp|Q9Y5F8|PCDGJ_HUMAN,100.0,36.0,0.0,0.0,1.0,36.0,291.0,326.0,2.81e-19,77.4,,,,,"('PLDFEEV', 18, 24)",1,PLDFEEV,18,24,0,...[FWY]..[LVI]
930227,PLRVGKHVVRWKVKFDYVPTDTTPRDRWVEKGSEDVRLT,0,-5.616499996,-4.69722923,,,,931206,90,1,1,0,0,0,36,3,92,sp|Q9Y6X9|MORC2_HUMAN,100.0,35.0,0.0,0.0,1.0,35.0,817.0,851.0,2.98e-19,77.4,,,,,"('KVKFDYV', 11, 17)",1,KVKFDYV,11,17,0,...[FWY]..[LVI]
931679,PLRVHYLRPPPSRRAVLGSPRVKWTFLSRGREAEVLVAR,0,-2.825086618,-3.905815852,,,,932663,52,4,1,0,0,0,36,3,57,sp|Q96GW7|PGCB_HUMAN,100.0,36.0,0.0,0.0,1.0,36.0,59.0,94.0,2.78e-18,74.7,,,,,"('RVKWTFL', 20, 26)",1,RVKWTFL,20,26,0,...[FWY]..[LVI]
931830,PLRVHSALPFRLQLRRGEARLGEERHFQESGNSSWEILR,0,-3.402631647,-3.220326475,,,,932815,97,5,3,0,0,0,36,3,105,sp|Q8NDA2|HMCN2_HUMAN,100.0,36.0,0.0,0.0,1.0,36.0,449.0,484.0,4.44e-19,76.6,,,,,"('NSSWEIL', 31, 37)",1,NSSWEIL,31,37,0,...[FWY]..[LVI]
935330,PLRVLETDCHVLRKKAWQDCGMRIFFESVYGQCKAIFYM,0,-5.324319245,-5.405048479,,,,936322,147,2,1,0,0,0,36,3,150,sp|Q9UGM5|FETUB_HUMAN,100.0,36.0,0.0,0.0,1.0,36.0,88.0,123.0,5.689999999999999e-23,87.4,,,,,"('RIFFESV', 22, 28)",1,RIFFESV,22,28,0,...[FWY]..[LVI]
935844,PLRVLGTQEKEVEGSGFPETRTLELRFWGPWRKKQHVH,0,-3.372574414,-2.453303647,,,,936836,57,3,3,0,0,0,35,3,63,sp|Q8N3D4|EH1L1_HUMAN,74.194,31.0,8.0,0.0,1.0,31.0,581.0,611.0,2.81e-09,48.9,,,,,"('LRFWGPW', 24, 30)",1,LRFWGPW,24,30,0,...[FWY]..[WFY]
936773,PLRVLTLSGAIFGWGRNKFGQLGLNDENDRYVPNLLKSL,0,-3.779998729,-2.182656057,,,,937766,126,5,8,0,0,0,36,3,139,sp|Q5GLZ8|HERC4_HUMAN,100.0,36.0,0.0,0.0,1.0,36.0,204.0,239.0,5.14e-19,76.6,,,,,"('RNKFGQL', 15, 21)",1,RNKFGQL,15,21,0,...[FWY]..[LVI]
938641,PLRVNSTEWVKRQKISFADQIVTALAVSRVGLLWVLLLN,0,-2.616499996,-3.112266729,,,,939639,90,8,3,0,0,0,36,3,101,sp|P59539|T2R45_HUMAN,100.0,36.0,0.0,0.0,1.0,36.0,30.0,65.0,7.01e-18,72.8,,,,,"('GLLWVLL', 30, 36)",1,GLLWVLL,30,36,0,...[FWY]..[LVI]
941525,PLRVTCRQLLTDGSFLNLSDELCQGPKASSHKSCARTDY,0,-3.150181992,-2.453303647,,,,942526,114,7,6,0,0,0,36,3,127,sp|P82987|ATL3_HUMAN,100.0,35.0,0.0,0.0,1.0,35.0,784.0,818.0,2.76e-18,74.7,,,,,"('DGSFLNL', 11, 17)",1,DGSFLNL,11,17,0,...[FWY]..[LVI]
942637,PLRVWASFSATAKSRALGLLLPWGCGQRSRGPGVCRDSR,0,-3.183540589,-2.849232324,,,,943640,50,3,2,0,0,0,36,3,55,sp|Q5VUA4|ZN318_HUMAN,52.941,17.0,8.0,0.0,19.0,35.0,127.0,143.0,1.4,24.6,,,,,"('LRVWASF', 1, 7)",1,LRVWASF,1,7,0,...[FWY]..[WFY]
944098,PLRVSAYGIQCPAILAALATLLGAVLSFTCIPASTKGAK,0,-0.506517535,-2.046678388,,,,945101,86,33,6,0,0,0,36,3,125,sp|Q96BI1|S22AI_HUMAN,100.0,36.0,0.0,0.0,1.0,36.0,175.0,210.0,3.91e-17,71.2,,,,,"('VLSFTCI', 24, 30)",1,VLSFTCI,24,30,0,...[FWY]..[LVI]
947408,PLRVTLDFMLPRKTSLSSDSNKTFCMIGHCLSSQEEFLQ,0,-0.32546591,-5.672981684,,,,948417,177,77,1,0,0,0,36,3,255,sp|Q99698|LYST_HUMAN,100.0,36.0,0.0,0.0,1.0,36.0,1625.0,1660.0,2.5e-19,77.4,,,,,"('NKTFCMI', 20, 26)",1,NKTFCMI,20,26,0,...[FWY]..[LVI]
947800,PLRVVCESAARLQLSQLKEHCLNFVVKESHFNQVIMMKD,0,-1.526745344,-2.829866999,,,,948809,74,14,3,0,0,0,36,3,91,sp|Q8N653|LZTR1_HUMAN,97.222,36.0,1.0,0.0,1.0,36.0,581.0,616.0,1.41e-19,78.2,,,,,"('ESHFNQV', 27, 33)",1,ESHFNQV,27,33,0,...[FWY]..[LVI]
948985,PLRVVTLEATHYLPGNSGFPRGCTYYPVGNSSYPRGNTY,0,-0.04747904,-2.391242679,,,,949995,182,96,10,0,0,0,36,3,288,sp|Q86V15|CASZ1_HUMAN,47.826,23.0,12.0,0.0,13.0,35.0,1368.0,1390.0,1.8,24.3,,,,,"('GCTYYPV', 21, 27)",1,GCTYYPV,21,27,0,...[FWY]..[LVI]
949173,PLRVVVGVDYRLAPQHHFPAQFEDGLAAVKFFLLEKLLT,0,-1.475144147,-3.877801476,,,,950183,51,10,1,0,0,0,36,3,62,sp|Q6P093|ADCL2_HUMAN,97.222,36.0,1.0,0.0,1.0,36.0,139.0,174.0,5.95e-19,76.3,,,,,"('AVKFFLL', 27, 33)",1,AVKFFLL,27,33,0,...[FWY]..[LVI]
951811,PLRWGGPWRPPPPGLWKFPCPVQVFRVYGLHPLCFCCCS,0,-4.825086618,-3.905815852,,,,952823,52,1,1,0,0,0,36,3,54,sp|Q8TC90|CCER1_HUMAN,97.222,36.0,1.0,0.0,1.0,36.0,88.0,123.0,1.27e-20,80.9,,,,,"('VQVFRVY', 21, 27)",1,VQVFRVY,21,27,0,...[FWY]..[WFY]
952235,PLRWHSMVYVPQMQQQLHVENYPVYTEPPLVDQTVPQCY,0,-2.511670023,-1.292838975,,,,953248,136,13,16,0,0,0,36,3,165,sp|Q9NP73|ALG13_HUMAN,100.0,36.0,0.0,0.0,1.0,36.0,998.0,1033.0,8.46e-20,79.0,,,,,"('VENYPVY', 18, 24)",1,VENYPVY,18,24,0,...[FWY]..[WFY]
953958,PLRWPLAAEPGEVVTYQWNIPERSGPGPNDSACVSWIYY,0,-3.394107575,-1.282191731,,,,954974,135,7,16,0,0,0,36,3,158,sp|Q9BQS7|HEPH_HUMAN,100.0,36.0,0.0,0.0,1.0,36.0,848.0,883.0,9.44e-21,81.6,,,,,"('CVSWIYY', 32, 38)",1,CVSWIYY,32,38,0,...[FWY]..[WFY]
955790,PLRYAHWVVSQPPDTYLKPLMTELLKRILDSNKRVQEAA,0,-5.838892418,-3.919621652,,,,956807,105,1,2,0,0,0,36,3,108,sp|Q92973|TNPO1_HUMAN,100.0,36.0,0.0,0.0,1.0,36.0,473.0,508.0,1.78e-19,77.8,,,,,"('PLRYAHW', 0, 6)",1,PLRYAHW,0,6,0,...[FWY]..[WFY]
956582,PLRYDRLNCENAVLKENLKVKTEEIKMLKSDNAVLNQRY,0,-0.183944084,-1.102616559,,,,957600,298,143,40,0,0,0,36,3,481,sp|Q86Z20|CC125_HUMAN,100.0,36.0,0.0,0.0,1.0,36.0,204.0,239.0,1.78e-18,75.1,,,,,"('PLRYDRL', 0, 6)",1,PLRYDRL,0,6,0,...[FWY]..[LVI]
957264,PLRYVDQAELEKYDGVDAGKYTIGLGQAKMGFCTDREDI,0,-2.776723597,-4.664807752,,,,958283,88,7,1,0,0,0,36,3,96,sp|Q01581|HMCS1_HUMAN,100.0,36.0,0.0,0.0,1.0,36.0,30.0,65.0,9.82e-20,78.6,,,,,"('LEKYDGV', 9, 15)",1,LEKYDGV,9,15,0,...[FWY]..[LVI]
957456,PLRYDLCKTQIYTEEGKVWDYMACQPESTDMTKYLKVKL,0,-3.622897768,-5.025555096,,,,958475,113,5,1,0,0,0,36,3,119,sp|Q9Y2I2|NTNG1_HUMAN,100.0,36.0,0.0,0.0,1.0,36.0,30.0,65.0,2.13e-19,77.8,,,,,"('MTKYLKV', 30, 36)",1,MTKYLKV,30,36,0,...[FWY]..[LVI]
957818,PLRYECKECGNLPSSFIAYSTCSHSYRGKAV,0,-4.600380331,-2.873754643,,,,958838,178,4,7,0,0,0,28,3,189,sp|Q8N9K5|ZN565_HUMAN,50.0,24.0,9.0,1.0,1.0,24.0,459.0,479.0,1.1,24.3,,,,,"('PSSFIAY', 12, 18)",1,PSSFIAY,12,18,0,...[FWY]..[WFY]
958419,PLRYVTVRRINLEACSNEMVTFLQGELHVSKLFNHPNIV,0,-3.642495205,-2.482216339,,,,959439,252,11,13,0,0,0,36,3,276,sp|Q7RTN6|STRAA_HUMAN,100.0,36.0,0.0,0.0,1.0,36.0,96.0,131.0,1.53e-19,78.2,,,,,"('PLRYVTV', 0, 6)",1,PLRYVTV,0,6,0,...[FWY]..[LVI]
959204,PLRYGFCEYQDQETALSAMRNLNGREFSGRALRVDNAAS,0,-2.756915116,-1.989647443,,,,960225,124,10,9,0,0,0,36,3,143,sp|Q9H0L4|CSTFT_HUMAN,100.0,36.0,0.0,0.0,1.0,36.0,59.0,94.0,1.09e-20,81.3,,,,,"('RYGFCEY', 2, 8)",1,RYGFCEY,2,8,0,...[FWY]..[WFY]
960518,PLRYIDARWCSKTGGFYFRVNPLSLVEIILHVVRQMTDP,0,-2.562052212,-0.768312328,,,,961543,65,6,11,0,0,0,36,3,82,sp|Q9UNM6|PSD13_HUMAN,91.667,24.0,2.0,0.0,13.0,36.0,67.0,90.0,2.46e-09,49.3,,,,,"('GGFYFRV', 13, 19)",1,GGFYFRV,13,19,0,...[FWY]..[LVI]
963224,PLRYMAAALLEFFTHLPSSSSMPPSTTSASTVLTGRVW,0,-2.32976133,-1.25848747,,,,964253,83,9,10,0,0,0,35,3,102,sp|Q03933|HSF2_HUMAN,45.161,31.0,17.0,0.0,1.0,31.0,445.0,475.0,0.53,25.8,,,,,"('LEFFTHL', 9, 15)",1,LEFFTHL,9,15,0,...[FWY]..[LVI]
966597,PLRYTGPKQDVRAARDFILKLYQDQNPDKEKVIYSHFTC,0,-5.334100266,-2.829866999,,,,967631,74,1,3,0,0,0,36,3,78,sp|O95837|GNA14_HUMAN,100.0,36.0,0.0,0.0,1.0,36.0,291.0,326.0,1.06e-20,80.9,,,,,"('KVIYSHF', 30, 36)",1,KVIYSHF,30,36,0,...[FWY]..[WFY]
967528,PLRYYLKHFIHVLQTGQLNQKLGVSLLVIVLEAFHFDHK,0,-1.985940629,-1.973560459,,,,968564,109,15,8,0,0,0,36,3,132,sp|O75691|UTP20_HUMAN,97.222,36.0,1.0,0.0,1.0,36.0,1654.0,1689.0,1.41e-18,75.5,,,,,"('LKHFIHV', 5, 11)",1,LKHFIHV,5,11,0,...[FWY]..[LVI]
968587,PLRYVNVSRGLFEQHKLIYSFMLCVEMMRQQGTLSDAEW,0,-5.063246355,-4.143975589,,,,969624,184,3,3,0,0,0,36,3,190,sp|Q9C0G6|DYH6_HUMAN,100.0,36.0,0.0,0.0,1.0,36.0,3355.0,3390.0,8.25e-21,81.6,,,,,"('PLRYVNV', 0, 6)",1,PLRYVNV,0,6,0,...[FWY]..[LVI]
