7mer,true label,avg_z_score,lir_type,_ID
ECDWWSV,0,,...[FWY]..[LVI],PLRLKSQGGDGFYGRECDWWSVGVFLYEILVGDTPFYAD
VFLYEIL,0,,...[FWY]..[LVI],PLRLKSQGGDGFYGRECDWWSVGVFLYEILVGDTPFYAD
LRHFLDV,0,,...[FWY]..[LVI],PLRHFLDVMAAGKRLMCGFFSPLFIHSCIHLFNAFYCV
CGFFSPL,0,,...[FWY]..[LVI],PLRHFLDVMAAGKRLMCGFFSPLFIHSCIHLFNAFYCV
IHLFNAF,0,,...[FWY]..[WFY],PLRHFLDVMAAGKRLMCGFFSPLFIHSCIHLFNAFYCV
FNAFYCV,0,,...[FWY]..[LVI],PLRHFLDVMAAGKRLMCGFFSPLFIHSCIHLFNAFYCV
NENYIEV,0,,...[FWY]..[LVI],PLRTEGPRQEYSENNENYIEVPLIFDPVTREDLHMDFKC
PLIFDPV,0,,...[FWY]..[LVI],PLRTEGPRQEYSENNENYIEVPLIFDPVTREDLHMDFKC
THRYQIW,0,,...[FWY]..[WFY],PLRAAHCLRASKTHRYQIWTTVVDWIHPDLKRIVIEYVD
YQIWTTV,0,,...[FWY]..[LVI],PLRAAHCLRASKTHRYQIWTTVVDWIHPDLKRIVIEYVD
LRLFQKL,0,,...[FWY]..[LVI],PLRADHLIILWKNGERESGLRSLRLFQKLKENGDLYLAV
GDLYLAV,0,,...[FWY]..[LVI],PLRADHLIILWKNGERESGLRSLRLFQKLKENGDLYLAV
LEGYAFI,0,,...[FWY]..[LVI],PLRVAASSDLAFDLEGYAFILINDVLTAANGAYVKQKLD
GYAFILI,0,,...[FWY]..[LVI],PLRVAASSDLAFDLEGYAFILINDVLTAANGAYVKQKLD
SAQFRSL,0,,...[FWY]..[LVI],PLRAALANMSAQFRSLHQYAAQRIISLFSLLSKKHNKVL
ISLFSLL,0,,...[FWY]..[LVI],PLRAALANMSAQFRSLHQYAAQRIISLFSLLSKKHNKVL
KQRFEKL,0,,...[FWY]..[LVI],PLRKEVCGEKQRFEKLMEHFRNEDNNIDFMVASMQFINI
SMQFINI,0,,...[FWY]..[LVI],PLRKEVCGEKQRFEKLMEHFRNEDNNIDFMVASMQFINI
GKAFINY,0,,...[FWY]..[WFY],PLRTGEKPYKCNECGKAFINYSCLTVHHRMHTGEKPYKC
FINYSCL,0,,...[FWY]..[LVI],PLRTGEKPYKCNECGKAFINYSCLTVHHRMHTGEKPYKC
RTAFRTV,0,,...[FWY]..[LVI],PLRTAFRTVEIKRWVICALIGILTGLVACFIDIVVENLA
VACFIDI,0,,...[FWY]..[LVI],PLRTAFRTVEIKRWVICALIGILTGLVACFIDIVVENLA
RTAFVAF,0,,...[FWY]..[WFY],PLRTAFVAFRDVAVYFTQEEWRLLSPAQRTLHREVMLET
FVAFRDV,0,,...[FWY]..[LVI],PLRTAFVAFRDVAVYFTQEEWRLLSPAQRTLHREVMLET
QEEWRLL,0,,...[FWY]..[LVI],PLRTAFVAFRDVAVYFTQEEWRLLSPAQRTLHREVMLET
PSKWQTY,0,,...[FWY]..[WFY],PLRPAKIRKLKEIKPVVHCDINVPSKWQTYHRISRHINV
WQTYHRI,0,,...[FWY]..[LVI],PLRPAKIRKLKEIKPVVHCDINVPSKWQTYHRISRHINV
AGKYDVY,0,,...[FWY]..[WFY],PLRAGKYDVYLINPQGKAFRSKVELIAYFEKVGDTSLDP
IAYFEKV,0,,...[FWY]..[LVI],PLRAGKYDVYLINPQGKAFRSKVELIAYFEKVGDTSLDP
SAHYLMY,0,,...[FWY]..[WFY],PLRSAHYLMYLVMVAAIAWEETYRTIGLYWVGSIIMSVV
EETYRTI,0,,...[FWY]..[LVI],PLRSAHYLMYLVMVAAIAWEETYRTIGLYWVGSIIMSVV
VKDFADW,0,,...[FWY]..[WFY],PLRAAIRGDARRIKELISEGADVNVKDFADWTALHEACN
FADWTAL,0,,...[FWY]..[LVI],PLRAAIRGDARRIKELISEGADVNVKDFADWTALHEACN
NKPFVFL,0,,...[FWY]..[LVI],PLREAIPMSIPPEVKFNKPFVFLMIEQNTKSPLFMGKVV
PFVFLMI,0,,...[FWY]..[LVI],PLREAIPMSIPPEVKFNKPFVFLMIEQNTKSPLFMGKVV
QPIYQQI,0,,...[FWY]..[LVI],PLRSSLQPIYQQIPWRKENISEEGFHMKFRKFLCLKHSK
HMKFRKF,0,,...[FWY]..[WFY],PLRSSLQPIYQQIPWRKENISEEGFHMKFRKFLCLKHSK
FRKFLCL,0,,...[FWY]..[LVI],PLRSSLQPIYQQIPWRKENISEEGFHMKFRKFLCLKHSK
RGDYRAF,0,,...[FWY]..[WFY],PLRAAAALRRGDYRAFGRLMVESHRSLRDDYEVSCPELD
YRAFGRL,0,,...[FWY]..[LVI],PLRAAAALRRGDYRAFGRLMVESHRSLRDDYEVSCPELD
ARLYVNW,0,,...[FWY]..[WFY],PLRPAAEIKCLVIDEAHKASVTMLIARLYVNWSNIQIT
YVNWSNI,0,,...[FWY]..[LVI],PLRPAAEIKCLVIDEAHKASVTMLIARLYVNWSNIQIT
PLRYADF,0,,...[FWY]..[WFY],PLRYADFCFQTFGDRVKFWMTFNEPMYLAWLGYGSGEFP
DFCFQTF,0,,...[FWY]..[WFY],PLRYADFCFQTFGDRVKFWMTFNEPMYLAWLGYGSGEFP
VKFWMTF,0,,...[FWY]..[WFY],PLRYADFCFQTFGDRVKFWMTFNEPMYLAWLGYGSGEFP
EPMYLAW,0,,...[FWY]..[WFY],PLRYADFCFQTFGDRVKFWMTFNEPMYLAWLGYGSGEFP
YLAWLGY,0,,...[FWY]..[WFY],PLRYADFCFQTFGDRVKFWMTFNEPMYLAWLGYGSGEFP
RTIYDRL,0,,...[FWY]..[LVI],PLRTIYDRLEQEHNNLVNVLSAWICV
LSAWICV,0,,...[FWY]..[LVI],PLRTIYDRLEQEHNNLVNVLSAWICV
ERSYHIF,0,,...[FWY]..[WFY],PLRSADIETYLLEKSRVTFQLSSERSYHIFYQIMSNKKP
YHIFYQI,0,,...[FWY]..[LVI],PLRSADIETYLLEKSRVTFQLSSERSYHIFYQIMSNKKP
LQLYKLL,0,,...[FWY]..[LVI],PLRAEDVKLQLYKLLEIPDPDKNWATLAQKLGLGILNNA
DKNWATL,0,,...[FWY]..[LVI],PLRAEDVKLQLYKLLEIPDPDKNWATLAQKLGLGILNNA
AAEYPAV,0,,...[FWY]..[LVI],PLRTPSSSWMTMGSSSLAAEYPAVGEGLGQAEPGFLTVC
EPGFLTV,0,,...[FWY]..[LVI],PLRTPSSSWMTMGSSSLAAEYPAVGEGLGQAEPGFLTVC
LLHFFLL,0,,...[FWY]..[LVI],PLRLCIAVAALLHFFLLATFTWIGLEAIHMYIAWLKYL
LATFTWI,0,,...[FWY]..[LVI],PLRLCIAVAALLHFFLLATFTWIGLEAIHMYIAWLKYL
TFTWIGL,0,,...[FWY]..[LVI],PLRLCIAVAALLHFFLLATFTWIGLEAIHMYIAWLKYL
IHMYIAW,0,,...[FWY]..[WFY],PLRLCIAVAALLHFFLLATFTWIGLEAIHMYIAWLKYL
YIAWLKY,0,,...[FWY]..[WFY],PLRLCIAVAALLHFFLLATFTWIGLEAIHMYIAWLKYL
LFGYDWV,0,,...[FWY]..[LVI],PLRCSLLFGYDWVGIPLVYTQVAEQLINPFGQDNSQ
GYDWVGI,0,,...[FWY]..[LVI],PLRCSLLFGYDWVGIPLVYTQVAEQLINPFGQDNSQ
PLVYTQV,0,,...[FWY]..[LVI],PLRCSLLFGYDWVGIPLVYTQVAEQLINPFGQDNSQ
LSYFFDF,0,,...[FWY]..[WFY],PLREALLKIIALGLSYFFDFWNNLDFFIMAMAVLDFLLM
SYFFDFW,0,,...[FWY]..[WFY],PLREALLKIIALGLSYFFDFWNNLDFFIMAMAVLDFLLM
FDFWNNL,0,,...[FWY]..[LVI],PLREALLKIIALGLSYFFDFWNNLDFFIMAMAVLDFLLM
KLKFGLI,0,,...[FWY]..[LVI],PLRAELLSLKLKFGLISSTAYAQEIQKLSNSTAVYFQDY
AVYFQDY,0,,...[FWY]..[WFY],PLRAELLSLKLKFGLISSTAYAQEIQKLSNSTAVYFQDY
GNLFGLL,0,,...[FWY]..[LVI],PLRMSSSEALPSGNLFGLLIIFYSAIIGGKFYNSFVFL
IIFYSAI,0,,...[FWY]..[LVI],PLRMSSSEALPSGNLFGLLIIFYSAIIGGKFYNSFVFL
GKFYNSF,0,,...[FWY]..[WFY],PLRMSSSEALPSGNLFGLLIIFYSAIIGGKFYNSFVFL
YNSFVFL,0,,...[FWY]..[LVI],PLRMSSSEALPSGNLFGLLIIFYSAIIGGKFYNSFVFL
SISYAAL,0,,...[FWY]..[LVI],PLRRARPSISYAALSPLLAFPDVRCYSRLQPLRPPPSRL
LLAFPDV,0,,...[FWY]..[LVI],PLRRARPSISYAALSPLLAFPDVRCYSRLQPLRPPPSRL
VRCYSRL,0,,...[FWY]..[LVI],PLRRARPSISYAALSPLLAFPDVRCYSRLQPLRPPPSRL
AERFTRI,0,,...[FWY]..[LVI],PLRAERFTRISQAYVVLGSATLRRKYDRGLLSDEDLRGP
SQAYVVL,0,,...[FWY]..[LVI],PLRAERFTRISQAYVVLGSATLRRKYDRGLLSDEDLRGP
AELWKRF,0,,...[FWY]..[WFY],PLRPARSLARPGTPLPSPQAPRVDLQGAELWKRFHEIGT
WKRFHEI,0,,...[FWY]..[LVI],PLRPARSLARPGTPLPSPQAPRVDLQGAELWKRFHEIGT
AASFMSY,0,,...[FWY]..[WFY],PLRAASFMSYQQCEFNFGAKPFKYPPSMKFSTFNDYAFL
SMKFSTF,0,,...[FWY]..[WFY],PLRAASFMSYQQCEFNFGAKPFKYPPSMKFSTFNDYAFL
FSTFNDY,0,,...[FWY]..[WFY],PLRAASFMSYQQCEFNFGAKPFKYPPSMKFSTFNDYAFL
FNDYAFL,0,,...[FWY]..[LVI],PLRAASFMSYQQCEFNFGAKPFKYPPSMKFSTFNDYAFL
ELTFSRL,0,,...[FWY]..[LVI],PLRAELTFSRLNFLQRVRTSPEGYAHFTLSGDYYNRALS
PEGYAHF,0,,...[FWY]..[WFY],PLRAELTFSRLNFLQRVRTSPEGYAHFTLSGDYYNRALS
HEDWCDL,0,,...[FWY]..[LVI],PLRNLKLVMPLDELLAQFQSCYHEDWCDLFHIPWSIIWC
HIPWSII,0,,...[FWY]..[LVI],PLRNLKLVMPLDELLAQFQSCYHEDWCDLFHIPWSIIWC
ASVWIAI,0,,...[FWY]..[LVI],PLRTANILEFAANHASVWIAILLTVDRYTALCHPLHHRA
VDRYTAL,0,,...[FWY]..[LVI],PLRTANILEFAANHASVWIAILLTVDRYTALCHPLHHRA
LGLFLLV,0,,...[FWY]..[LVI],PLRAGVRRMFCVRNCLRGLGLFLLVFSLFFLLT
LLVFSLF,0,,...[FWY]..[WFY],PLRAGVRRMFCVRNCLRGLGLFLLVFSLFFLLT
FSLFFLL,0,,...[FWY]..[LVI],PLRAGVRRMFCVRNCLRGLGLFLLVFSLFFLLT
ELLFNEV,0,,...[FWY]..[LVI],PLRKMMDLRKQQRRELLFNEVVIMRDYQHFNVVEMYKSY
MRDYQHF,0,,...[FWY]..[WFY],PLRKMMDLRKQQRRELLFNEVVIMRDYQHFNVVEMYKSY
YQHFNVV,0,,...[FWY]..[LVI],PLRKMMDLRKQQRRELLFNEVVIMRDYQHFNVVEMYKSY
VEMYKSY,0,,...[FWY]..[WFY],PLRKMMDLRKQQRRELLFNEVVIMRDYQHFNVVEMYKSY
TNLFFYV,0,,...[FWY]..[LVI],PLRPATNLFFYVGFVIAERVLYIPSMGFCLLITVGARAL
LFFYVGF,0,,...[FWY]..[WFY],PLRPATNLFFYVGFVIAERVLYIPSMGFCLLITVGARAL
SMGFCLL,0,,...[FWY]..[LVI],PLRPATNLFFYVGFVIAERVLYIPSMGFCLLITVGARAL
PIVWVIL,0,,...[FWY]..[LVI],PLRVPIVWVILNRQFISACHQSRTLLKTRYLMVLGLV
KTRYLMV,0,,...[FWY]..[LVI],PLRVPIVWVILNRQFISACHQSRTLLKTRYLMVLGLV
DGDYWRL,0,,...[FWY]..[LVI],PLRTAPDGDYWRLLPPGIHIVIAQAPGYAKVIKKVIILA
GDYWRLL,0,,...[FWY]..[LVI],PLRTAPDGDYWRLLPPGIHIVIAQAPGYAKVIKKVIILA
APGYAKV,0,,...[FWY]..[LVI],PLRTAPDGDYWRLLPPGIHIVIAQAPGYAKVIKKVIILA
PKLFGGF,0,,...[FWY]..[WFY],PLRAEPKLFGGFNSSDTVTSPQRAGPLAGGVTTFVALYD
VTTFVAL,0,,...[FWY]..[LVI],PLRAEPKLFGGFNSSDTVTSPQRAGPLAGGVTTFVALYD
LSPWSFL,0,,...[FWY]..[LVI],PLRRRLEPTAPPTMAPGLAQPKAIATTLSPWSFLIILCL
PWSFLII,0,,...[FWY]..[LVI],PLRRRLEPTAPPTMAPGLAQPKAIATTLSPWSFLIILCL
EKPWWQV,0,,...[FWY]..[LVI],PLRAEVEAEKPWWQVFNDDLTKPIIDNIVSDLIQIYTM
KPWWQVF,0,,...[FWY]..[WFY],PLRAEVEAEKPWWQVFNDDLTKPIIDNIVSDLIQIYTM
NRFFDSL,0,,...[FWY]..[LVI],PLRTDVGLYLFGADVNPEEFVNRFFDSLFPLVYNHLINP
DSLFPLV,0,,...[FWY]..[LVI],PLRTDVGLYLFGADVNPEEFVNRFFDSLFPLVYNHLINP
PLVYNHL,0,,...[FWY]..[LVI],PLRTDVGLYLFGADVNPEEFVNRFFDSLFPLVYNHLINP
VGVFIIL,0,,...[FWY]..[LVI],PLRSAVGVFIILMLLLFLYINKKFCFENVGGFPDLGSEY
LLLFLYI,0,,...[FWY]..[LVI],PLRSAVGVFIILMLLLFLYINKKFCFENVGGFPDLGSEY
KFCFENV,0,,...[FWY]..[LVI],PLRSAVGVFIILMLLLFLYINKKFCFENVGGFPDLGSEY
VGGFPDL,0,,...[FWY]..[LVI],PLRSAVGVFIILMLLLFLYINKKFCFENVGGFPDLGSEY
RRPYGDI,0,,...[FWY]..[LVI],PLRADVKPNRRPYGDILLFPYNQLCLAYKGFLANYIGLK
LFPYNQL,0,,...[FWY]..[LVI],PLRADVKPNRRPYGDILLFPYNQLCLAYKGFLANYIGLK
CLAYKGF,0,,...[FWY]..[WFY],PLRADVKPNRRPYGDILLFPYNQLCLAYKGFLANYIGLK
LANYIGL,0,,...[FWY]..[LVI],PLRADVKPNRRPYGDILLFPYNQLCLAYKGFLANYIGLK
RTAWNLY,0,,...[FWY]..[WFY],PLRTAWNLYQELLGHDIVPMLETLKAFFDFGKDIKDDNY
WNLYQEL,0,,...[FWY]..[LVI],PLRTAWNLYQELLGHDIVPMLETLKAFFDFGKDIKDDNY
LKAFFDF,0,,...[FWY]..[WFY],PLRTAWNLYQELLGHDIVPMLETLKAFFDFGKDIKDDNY
REAYIYV,0,,...[FWY]..[LVI],PLREAYIYVFSQPGALSGPINHYRNIFSCLPLKHHMVTT
INHYRNI,0,,...[FWY]..[LVI],PLREAYIYVFSQPGALSGPINHYRNIFSCLPLKHHMVTT
RNIFSCL,0,,...[FWY]..[LVI],PLREAYIYVFSQPGALSGPINHYRNIFSCLPLKHHMVTT
RTAYMVL,0,,...[FWY]..[LVI],PLRTAYMVLFDFGNLQPGHSVFVHMAAGGVGMAAVQLCR
LFDFGNL,0,,...[FWY]..[LVI],PLRTAYMVLFDFGNLQPGHSVFVHMAAGGVGMAAVQLCR
NSMFWVY,0,,...[FWY]..[WFY],PLRSAYTLNSMFWVYLATQGVNPKEHPVKQELERIRVYM
SMFWVYL,0,,...[FWY]..[LVI],PLRSAYTLNSMFWVYLATQGVNPKEHPVKQELERIRVYM
PLRFYGF,0,,...[FWY]..[WFY],PLRFYGFTIVRDFFPTVFVKEKHYLTAFYVVECIAMSNS
FYGFTIV,0,,...[FWY]..[LVI],PLRFYGFTIVRDFFPTVFVKEKHYLTAFYVVECIAMSNS
RDFFPTV,0,,...[FWY]..[LVI],PLRFYGFTIVRDFFPTVFVKEKHYLTAFYVVECIAMSNS
LTAFYVV,0,,...[FWY]..[LVI],PLRFYGFTIVRDFFPTVFVKEKHYLTAFYVVECIAMSNS
KTLYYYF,0,,...[FWY]..[WFY],PLRQACAATPVRRHAGQYERRGSQHRHKTLYYYFRLTCG
LYYYFRL,0,,...[FWY]..[LVI],PLRQACAATPVRRHAGQYERRGSQHRHKTLYYYFRLTCG
CSAYNDV,0,,...[FWY]..[LVI],PLRTCSNHDCPPDAEDFRAQQCSAYNDVQYQGHYYEWLP
QGHYYEW,0,,...[FWY]..[WFY],PLRTCSNHDCPPDAEDFRAQQCSAYNDVQYQGHYYEWLP
GHYYEWL,0,,...[FWY]..[LVI],PLRTCSNHDCPPDAEDFRAQQCSAYNDVQYQGHYYEWLP
SINFLMV,0,,...[FWY]..[LVI],PLRSCTDSSINFLMVFIFAGSVQVLPLVLFLFLIQLSS
LVLFLFL,0,,...[FWY]..[LVI],PLRSCTDSSINFLMVFIFAGSVQVLPLVLFLFLIQLSS
LISYTII,0,,...[FWY]..[LVI],PLRSCTDSSINFLMVFIFAGSVQVFTIGTILISYTIILF
DFVYKIF,0,,...[FWY]..[WFY],PLRDFVYKIFGPGKNLGVWLYLLPAS
LGVWLYL,0,,...[FWY]..[LVI],PLRDFVYKIFGPGKNLGVWLYLLPAS
KSCYPRW,0,,...[FWY]..[WFY],PLRMKKSCYPRWNETFEFELQEGAVEALCVEAWDWDLVS
AWDWDLV,0,,...[FWY]..[LVI],PLRMKKSCYPRWNETFEFELQEGAVEALCVEAWDWDLVS
DDCWFYF,0,,...[FWY]..[WFY],PLRDDCWFYFTYSVNGNNEVMVHVVENPECPTGPDIIPI
CWFYFTY,0,,...[FWY]..[WFY],PLRDDCWFYFTYSVNGNNEVMVHVVENPECPTGPDIIPI
IRQWFEY,0,,...[FWY]..[WFY],PLRECLQRKVVHLFGDSTIRQWFEYLTTFVPDLVEFNLG
RQWFEYL,0,,...[FWY]..[LVI],PLRECLQRKVVHLFGDSTIRQWFEYLTTFVPDLVEFNLG
SLQYPEL,0,,...[FWY]..[LVI],PLRTCMDWSLQYPELMVASYNNNEMLRMNQMVWPWFGT
QMVWPWF,0,,...[FWY]..[WFY],PLRTCMDWSLQYPELMVASYNNNEMLRMNQMVWPWFGT
ACMFGLY,0,,...[FWY]..[WFY],PLRACMFGLYSFMPVVIKKTSATSVNLSLLTADLYSLFC
LYSFMPV,0,,...[FWY]..[LVI],PLRACMFGLYSFMPVVIKKTSATSVNLSLLTADLYSLFC
ADLYSLF,0,,...[FWY]..[WFY],PLRACMFGLYSFMPVVIKKTSATSVNLSLLTADLYSLFC
AVHWTWL,0,,...[FWY]..[LVI],PLRAQEHCHEACRGEVTWDCMKTQLSEAVHWTWLCLQDI
HWTWLCL,0,,...[FWY]..[LVI],PLRAQEHCHEACRGEVTWDCMKTQLSEAVHWTWLCLQDI
SNTFDPF,0,,...[FWY]..[WFY],PLRTCPHCQKQSNTFDPFLCISLPIPLPHTRPLYVTVVY
FDPFLCI,0,,...[FWY]..[LVI],PLRTCPHCQKQSNTFDPFLCISLPIPLPHTRPLYVTVVY
RPLYVTV,0,,...[FWY]..[LVI],PLRTCPHCQKQSNTFDPFLCISLPIPLPHTRPLYVTVVY
LRSFPHL,0,,...[FWY]..[LVI],PLRSFPHLLSPSKIKTFLSLVWKRRILFFVVTLVSVFLV
IKTFLSL,0,,...[FWY]..[LVI],PLRSFPHLLSPSKIKTFLSLVWKRRILFFVVTLVSVFLV
RILFFVV,0,,...[FWY]..[LVI],PLRSFPHLLSPSKIKTFLSLVWKRRILFFVVTLVSVFLV
TCQYQEL,0,,...[FWY]..[LVI],PLRTCQYQELVLSMGFKTEVIIAILICIMIIFGFIFLTL
MIIFGFI,0,,...[FWY]..[LVI],PLRTCQYQELVLSMGFKTEVIIAILICIMIIFGFIFLTL
IFGFIFL,0,,...[FWY]..[LVI],PLRTCQYQELVLSMGFKTEVIIAILICIMIIFGFIFLTL
GFIFLTL,0,,...[FWY]..[LVI],PLRTCQYQELVLSMGFKTEVIIAILICIMIIFGFIFLTL
LPVYVGI,0,,...[FWY]..[LVI],PLRPDELPVYVGINEAKKNCIIVPNGDNVFAAVNPCNAK
DNVFAAV,0,,...[FWY]..[LVI],PLRPDELPVYVGINEAKKNCIIVPNGDNVFAAVNPCNAK
AGEYSQV,0,,...[FWY]..[LVI],PLRAGEYSQVFRGLSNMYHLLICHLLACCTMDSPKIICI
SQVFRGL,0,,...[FWY]..[LVI],PLRAGEYSQVFRGLSNMYHLLICHLLACCTMDSPKIICI
SNMYHLL,0,,...[FWY]..[LVI],PLRAGEYSQVFRGLSNMYHLLICHLLACCTMDSPKIICI
LRCFCPW,0,,...[FWY]..[WFY],PLRCFCPWFLVHNSHSPYYFLNDQNISFVKIICPFVFGS
FCPWFLV,0,,...[FWY]..[LVI],PLRCFCPWFLVHNSHSPYYFLNDQNISFVKIICPFVFGS
HSPYYFL,0,,...[FWY]..[LVI],PLRCFCPWFLVHNSHSPYYFLNDQNISFVKIICPFVFGS
NISFVKI,0,,...[FWY]..[LVI],PLRCFCPWFLVHNSHSPYYFLNDQNISFVKIICPFVFGS
RAFFHNL,0,,...[FWY]..[LVI],PLRAFFHNLDIDFKYISYKFMNLIMVP
DIDFKYI,0,,...[FWY]..[LVI],PLRAFFHNLDIDFKYISYKFMNLIMVP
DFKYISY,0,,...[FWY]..[WFY],PLRAFFHNLDIDFKYISYKFMNLIMVP
SYKFMNL,0,,...[FWY]..[LVI],PLRAFFHNLDIDFKYISYKFMNLIMVP
GSWFSEF,0,,...[FWY]..[WFY],PLRKSEGVRISSWPKEKPGSWFSEFKRGKLLSYLDVEGN
LLSYLDV,0,,...[FWY]..[LVI],PLRKSEGVRISSWPKEKPGSWFSEFKRGKLLSYLDVEGN
ILYFTKV,0,,...[FWY]..[LVI],PLRTCIPIILYFTKVEYWSSFDDIPWGNLCGFSVLLLTF
VEYWSSF,0,,...[FWY]..[WFY],PLRTCIPIILYFTKVEYWSSFDDIPWGNLCGFSVLLLTF
WSSFDDI,0,,...[FWY]..[LVI],PLRTCIPIILYFTKVEYWSSFDDIPWGNLCGFSVLLLTF
DIPWGNL,0,,...[FWY]..[LVI],PLRTCIPIILYFTKVEYWSSFDDIPWGNLCGFSVLLLTF
LCGFSVL,0,,...[FWY]..[LVI],PLRTCIPIILYFTKVEYWSSFDDIPWGNLCGFSVLLLTF
ARIYHMV,0,,...[FWY]..[LVI],PLRARIYHMVRDENLKFMKNRDVYSSDYFSFILSLASLN
SSDYFSF,0,,...[FWY]..[WFY],PLRARIYHMVRDENLKFMKNRDVYSSDYFSFILSLASLN
SDYFSFI,0,,...[FWY]..[LVI],PLRARIYHMVRDENLKFMKNRDVYSSDYFSFILSLASLN
KETFNLY,0,,...[FWY]..[WFY],PLRTCKETFNLYYYESDNDKERFIRENQFVKIDTIAADE
ENQFVKI,0,,...[FWY]..[LVI],PLRTCKETFNLYYYESDNDKERFIRENQFVKIDTIAADE
SVLYHLF,0,,...[FWY]..[WFY],PLRACLAPPAGSVLYHLFMCHQGGSAVYARLLALDMCGV
SAVYARL,0,,...[FWY]..[LVI],PLRACLAPPAGSVLYHLFMCHQGGSAVYARLLALDMCGV
NDSFAWL,0,,...[FWY]..[LVI],PLRNDSFAWLPQLEYFFLEYNNIQHLFSHSLHGLFNMRY
QLEYFFL,0,,...[FWY]..[LVI],PLRNDSFAWLPQLEYFFLEYNNIQHLFSHSLHGLFNMRY
EYFFLEY,0,,...[FWY]..[WFY],PLRNDSFAWLPQLEYFFLEYNNIQHLFSHSLHGLFNMRY
FLEYNNI,0,,...[FWY]..[LVI],PLRNDSFAWLPQLEYFFLEYNNIQHLFSHSLHGLFNMRY
RLSYTTL,0,,...[FWY]..[LVI],PLRSDSHRLSYTTLLFVLQYFGPLCFIFICYFKIYIRLK
LQYFGPL,0,,...[FWY]..[LVI],PLRSDSHRLSYTTLLFVLQYFGPLCFIFICYFKIYIRLK
PLCFIFI,0,,...[FWY]..[LVI],PLRSDSHRLSYTTLLFVLQYFGPLCFIFICYFKIYIRLK
CFIFICY,0,,...[FWY]..[WFY],PLRSDSHRLSYTTLLFVLQYFGPLCFIFICYFKIYIRLK
FICYFKI,0,,...[FWY]..[LVI],PLRSDSHRLSYTTLLFVLQYFGPLCFIFICYFKIYIRLK
ICYFKIY,0,,...[FWY]..[WFY],PLRSDSHRLSYTTLLFVLQYFGPLCFIFICYFKIYIRLK
FKIYIRL,0,,...[FWY]..[LVI],PLRSDSHRLSYTTLLFVLQYFGPLCFIFICYFKIYIRLK
DIYWKNV,0,,...[FWY]..[LVI],PLRTNTENKDIYWKNVREKLSAGESISLDEFKSFCHFTT
LDEFKSF,0,,...[FWY]..[WFY],PLRTNTENKDIYWKNVREKLSAGESISLDEFKSFCHFTT
FKSFCHF,0,,...[FWY]..[WFY],PLRTNTENKDIYWKNVREKLSAGESISLDEFKSFCHFTT
DFLFSQL,0,,...[FWY]..[LVI],PLRSDTSGPTMRYLRTSQDFLFSQLQYLPFSNKEYEISM
QLQYLPF,0,,...[FWY]..[WFY],PLRSDTSGPTMRYLRTSQDFLFSQLQYLPFSNKEYEISM
DTTFKAL,0,,...[FWY]..[LVI],PLRSDTTFKALRRQLPVTRTKIDWNKILSYKIGKEMQNA
KIDWNKI,0,,...[FWY]..[LVI],PLRSDTTFKALRRQLPVTRTKIDWNKILSYKIGKEMQNA
VAIFYAI,0,,...[FWY]..[LVI],PLRSEEGDKDTPVAIFYAIVIPLLNPFIYSLRNKEVINV
AIFYAIV,0,,...[FWY]..[LVI],PLRSEEGDKDTPVAIFYAIVIPLLNPFIYSLRNKEVINV
NIQYEVI,0,,...[FWY]..[LVI],PLRAVNIQYEVIGNYYSSERMVIMPVFFLPSLFLCLLS
PSLFLCL,0,,...[FWY]..[LVI],PLRAVNIQYEVIGNYYSSERMVIMPVFFLPSLFLCLLS
AMFYHAY,0,,...[FWY]..[WFY],PLRPDPAHYRERVKAMFYHAYDSYLENAFPFDELRPLTC
YHAYDSY,0,,...[FWY]..[WFY],PLRPDPAHYRERVKAMFYHAYDSYLENAFPFDELRPLTC
AFPFDEL,0,,...[FWY]..[LVI],PLRPDPAHYRERVKAMFYHAYDSYLENAFPFDELRPLTC
SDPFLEF,0,,...[FWY]..[WFY],PLRSDPFLEFYKPGDDGKWMLVHRTEVIKYTLDPVWKPF
DGKWMLV,0,,...[FWY]..[LVI],PLRSDPFLEFYKPGDDGKWMLVHRTEVIKYTLDPVWKPF
DPVWKPF,0,,...[FWY]..[WFY],PLRSDPFLEFYKPGDDGKWMLVHRTEVIKYTLDPVWKPF
VSSYVSI,0,,...[FWY]..[LVI],PLRDTIQGAPVSSYVSINSDTGVLYALQSFDYEQLRELQ
SFDYEQL,0,,...[FWY]..[LVI],PLRDTIQGAPVSSYVSINSDTGVLYALQSFDYEQLRELQ
LQSYPGL,0,,...[FWY]..[LVI],PLRSDYPPCARSNMAALQSYPGLSDSGYNRLQSGTTSAT
DSGYNRL,0,,...[FWY]..[LVI],PLRSDYPPCARSNMAALQSYPGLSDSGYNRLQSGTTSAT
EGPFFAY,0,,...[FWY]..[WFY],PLRTEEAALGQSPFPLPQDPDMSLEGPFFAYIQEFRYRP
GPFFAYI,0,,...[FWY]..[LVI],PLRTEEAALGQSPFPLPQDPDMSLEGPFFAYIQEFRYRP
TEEFEHV,0,,...[FWY]..[LVI],PLRTEEFEHVGYLVILMNIFPFIISWISQLNVIYHSELK
HVGYLVI,0,,...[FWY]..[LVI],PLRTEEFEHVGYLVILMNIFPFIISWISQLNVIYHSELK
MNIFPFI,0,,...[FWY]..[LVI],PLRTEEFEHVGYLVILMNIFPFIISWISQLNVIYHSELK
RHEFVDI,0,,...[FWY]..[LVI],PLRHEFVDILGLVSEMRSYRMSMVQTEEQYIFIHQCVQL
EEQYIFI,0,,...[FWY]..[LVI],PLRHEFVDILGLVSEMRSYRMSMVQTEEQYIFIHQCVQL
DLHFEKI,0,,...[FWY]..[LVI],PLRPEFDLHFEKIYKWVASSTAEKNAFISCIWKLNQRYL
EKIYKWV,0,,...[FWY]..[LVI],PLRPEFDLHFEKIYKWVASSTAEKNAFISCIWKLNQRYL
RSEFFVY,0,,...[FWY]..[WFY],PLRSEFFVYKYEIPLVLEAAKFLDIIDAVKLLNNENVAP
AAKFLDI,0,,...[FWY]..[LVI],PLRSEFFVYKYEIPLVLEAAKFLDIIDAVKLLNNENVAP
REEFHHY,0,,...[FWY]..[WFY],PLREEFHHYGLALDKYTHFTSPIRRYSDIVVHRLLMAAI
LDKYTHF,0,,...[FWY]..[WFY],PLREEFHHYGLALDKYTHFTSPIRRYSDIVVHRLLMAAI
IRRYSDI,0,,...[FWY]..[LVI],PLREEFHHYGLALDKYTHFTSPIRRYSDIVVHRLLMAAI
GILFVTY,0,,...[FWY]..[WFY],PLRHCPITGGKEGILFVTYPDGRPTGDAFVLFACEEYAQ
GDAFVLF,0,,...[FWY]..[WFY],PLRHCPITGGKEGILFVTYPDGRPTGDAFVLFACEEYAQ
EGPFQEV,0,,...[FWY]..[LVI],PLRTEGPFQEVDGVATTRYSIGGLSPFSEYAFRVLAVNS
LSPFSEY,0,,...[FWY]..[WFY],PLRTEGPFQEVDGVATTRYSIGGLSPFSEYAFRVLAVNS
EYAFRVL,0,,...[FWY]..[LVI],PLRTEGPFQEVDGVATTRYSIGGLSPFSEYAFRVLAVNS
KNMFENF,0,,...[FWY]..[WFY],PLRREGTCSDMDFLIALAHEKFKKNMFENFDTFIYSCVC
FENFDTF,0,,...[FWY]..[WFY],PLRREGTCSDMDFLIALAHEKFKKNMFENFDTFIYSCVC
TFIYSCV,0,,...[FWY]..[LVI],PLRREGTCSDMDFLIALAHEKFKKNMFENFDTFIYSCVC
PLHFLTW,0,,...[FWY]..[WFY],PLRTETLLQSIGISPEPPLVQPLHFLTWDTCYFHYLVPT
DTCYFHY,0,,...[FWY]..[WFY],PLRTETLLQSIGISPEPPLVQPLHFLTWDTCYFHYLVPT
TCYFHYL,0,,...[FWY]..[LVI],PLRTETLLQSIGISPEPPLVQPLHFLTWDTCYFHYLVPT
SCLYGPV,0,,...[FWY]..[LVI],PLRLRDKSCLYGPVAEARGHVRMVLCPLNLFVFINYRV
LNLFVFI,0,,...[FWY]..[LVI],PLRLRDKSCLYGPVAEARGHVRMVLCPLNLFVFINYRV
LFVFINY,0,,...[FWY]..[WFY],PLRLRDKSCLYGPVAEARGHVRMVLCPLNLFVFINYRV
GDIYASF,0,,...[FWY]..[WFY],PLRTEAWYPPGHGDIYASFYNWFA
YASFYNW,0,,...[FWY]..[WFY],PLRTEAWYPPGHGDIYASFYNWFA
ASFYNWF,0,,...[FWY]..[WFY],PLRTEAWYPPGHGDIYASFYNWFA
LYGFDSY,0,,...[FWY]..[WFY],PLRPEDALYGFDSYGPVTDSLIHEGENSYKFEEMFNENC
FDSYGPV,0,,...[FWY]..[LVI],PLRPEDALYGFDSYGPVTDSLIHEGENSYKFEEMFNENC
LGAFRQF,0,,...[FWY]..[WFY],PLRPEDEKTKLISCLGAFRQFWGGLSQESHEQCIQWIVK
RQFWGGL,0,,...[FWY]..[LVI],PLRPEDEKTKLISCLGAFRQFWGGLSQESHEQCIQWIVK
LRHWMHY,0,,...[FWY]..[WFY],PLRHWMHYDGLRNVNLILLNKPPEFLLLSSLVYIRATEK
WMHYDGL,0,,...[FWY]..[LVI],PLRHWMHYDGLRNVNLILLNKPPEFLLLSSLVYIRATEK
PPEFLLL,0,,...[FWY]..[LVI],PLRHWMHYDGLRNVNLILLNKPPEFLLLSSLVYIRATEK
EHRFAWI,0,,...[FWY]..[LVI],PLRVEHRFAWIRYKCPQSQSRKASLLLTWPRFKSDEEL
RFAWIRY,0,,...[FWY]..[WFY],PLRVEHRFAWIRYKCPQSQSRKASLLLTWPRFKSDEEL
LLTWPRF,0,,...[FWY]..[WFY],PLRVEHRFAWIRYKCPQSQSRKASLLLTWPRFKSDEEL
RLHFIQF,0,,...[FWY]..[WFY],PLRAEKKKITSRLHFIQFSIWGIFF
FIQFSIW,0,,...[FWY]..[WFY],PLRAEKKKITSRLHFIQFSIWGIFF
FSIWGIF,0,,...[FWY]..[WFY],PLRAEKKKITSRLHFIQFSIWGIFF
VKKFNDW,0,,...[FWY]..[WFY],PLRTELGLPSEVKKFNDWLGNLPYEYKIVIAGNHELTFD
PYEYKIV,0,,...[FWY]..[LVI],PLRTELGLPSEVKKFNDWLGNLPYEYKIVIAGNHELTFD
PNSFAHI,0,,...[FWY]..[LVI],PLRPELRGIIPNSFAHIFGHIAKAEGDTRFLVRVSYLEI
AHIFGHI,0,,...[FWY]..[LVI],PLRPELRGIIPNSFAHIFGHIAKAEGDTRFLVRVSYLEI
RVSYLEI,0,,...[FWY]..[LVI],PLRPELRGIIPNSFAHIFGHIAKAEGDTRFLVRVSYLEI
LQVFQDL,0,,...[FWY]..[LVI],PLRNFEERVAVLSRIIEILQVFQDLNNFNGVLEIVSAVN
LNNFNGV,0,,...[FWY]..[LVI],PLRNFEERVAVLSRIIEILQVFQDLNNFNGVLEIVSAVN
LSPWTLI,0,,...[FWY]..[LVI],PLRIENMVLSPWTLIVAVLLQNRPSMDFDALVEKTLWLK
SMDFDAL,0,,...[FWY]..[LVI],PLRIENMVLSPWTLIVAVLLQNRPSMDFDALVEKTLWLK
LVMYHRY,0,,...[FWY]..[WFY],PLRTETKIFLENHVRHLHKRVLEPEEQVLVMYHRYWEEY
HRYWEEY,0,,...[FWY]..[WFY],PLRTETKIFLENHVRHLHKRVLEPEEQVLVMYHRYWEEY
DPKFAVV,0,,...[FWY]..[LVI],PLRDETPDPKFAVVFPRIHRAGRASSSRSSEEASADAPT
AVVFPRI,0,,...[FWY]..[LVI],PLRDETPDPKFAVVFPRIHRAGRASSSRSSEEASADAPT
GLDYLAL,0,,...[FWY]..[LVI],PLRTETTKDLAKAVAKQCVVFNCSDGLDYLALGKFFKGL
GKFFKGL,0,,...[FWY]..[LVI],PLRTETTKDLAKAVAKQCVVFNCSDGLDYLALGKFFKGL
IGIWISF,0,,...[FWY]..[WFY],PLRTEVADVIGIWISFRKQTSMVWLFQVMKVVQVWLLL
VQVWLLL,0,,...[FWY]..[LVI],PLRTEVADVIGIWISFRKQTSMVWLFQVMKVVQVWLLL
VVSFPII,0,,...[FWY]..[LVI],PLRAVVSFPIITAGPGFIAAMWGIFMFKEIKGLQNYLLM
AAMWGIF,0,,...[FWY]..[WFY],PLRAVVSFPIITAGPGFIAAMWGIFMFKEIKGLQNYLLM
IFMFKEI,0,,...[FWY]..[LVI],PLRAVVSFPIITAGPGFIAAMWGIFMFKEIKGLQNYLLM
DFDFEKL,0,,...[FWY]..[LVI],PLRDFDFEKLCSISLSHINAYACLVCGKYFQGRGLKSHA
INAYACL,0,,...[FWY]..[LVI],PLRDFDFEKLCSISLSHINAYACLVCGKYFQGRGLKSHA
RITYCHL,0,,...[FWY]..[LVI],PLRRITYCHLPFQSKWLYVGTERGNTHIVNIESFILSGY
QSKWLYV,0,,...[FWY]..[LVI],PLRRITYCHLPFQSKWLYVGTERGNTHIVNIESFILSGY
LRTFCRW,0,,...[FWY]..[WFY],PLRTFCRWNELDQFINKFFLNGVFIHDQKLFTDFVNDVK
FCRWNEL,0,,...[FWY]..[LVI],PLRTFCRWNELDQFINKFFLNGVFIHDQKLFTDFVNDVK
QKLFTDF,0,,...[FWY]..[WFY],PLRTFCRWNELDQFINKFFLNGVFIHDQKLFTDFVNDVK
LSSYTIL,0,,...[FWY]..[LVI],PLRTFCSSVGLGDYSQPTSLSSYTILFMRFDDLMAEEEA
TILFMRF,0,,...[FWY]..[WFY],PLRTFCSSVGLGDYSQPTSLSSYTILFMRFDDLMAEEEA
FMRFDDL,0,,...[FWY]..[LVI],PLRTFCSSVGLGDYSQPTSLSSYTILFMRFDDLMAEEEA
TKVFLSI,0,,...[FWY]..[LVI],PLRAFDFRGKTKVFLSIEEFLIMFCICRPCVNYWGIIF
CVNYWGI,0,,...[FWY]..[LVI],PLRAFDFRGKTKVFLSIEEFLIMFCICRPCVNYWGIIF
VNYWGII,0,,...[FWY]..[LVI],PLRAFDFRGKTKVFLSIEEFLIMFCICRPCVNYWGIIF
PLTFDII,0,,...[FWY]..[LVI],PLRNFPNKPPLTFDIIRKNVENNRYRRLDLFQEHMFEVL
NNRYRRL,0,,...[FWY]..[LVI],PLRNFPNKPPLTFDIIRKNVENNRYRRLDLFQEHMFEVL
EHMFEVL,0,,...[FWY]..[LVI],PLRNFPNKPPLTFDIIRKNVENNRYRRLDLFQEHMFEVL
RAVFLNL,0,,...[FWY]..[LVI],PLRAVFLNLGLSFPKTSITSSWRDWTLHLPSRGASVCA
TSSWRDW,0,,...[FWY]..[WFY],PLRAVFLNLGLSFPKTSITSSWRDWTLHLPSRGASVCA
LRAFLTY,0,,...[FWY]..[WFY],PLRAFLTYDEVKARLRNIAPNRVAIFSG
FLTYDEV,0,,...[FWY]..[LVI],PLRAFLTYDEVKARLRNIAPNRVAIFSG
PLRFGGF,0,,...[FWY]..[WFY],PLRFGGFKMSGNGREMGEFGLREYSEVKTVTVKIPQKNS
LREYSEV,0,,...[FWY]..[LVI],PLRFGGFKMSGNGREMGEFGLREYSEVKTVTVKIPQKNS
QKQYGGF,0,,...[FWY]..[WFY],PLRTFHPGDQKQYGGFDNRGLEPGHRYVLFVLAVLQKSE
GHRYVLF,0,,...[FWY]..[WFY],PLRTFHPGDQKQYGGFDNRGLEPGHRYVLFVLAVLQKSE
VSEFILL,0,,...[FWY]..[LVI],PLRMERANHSVVSEFILLGLSKSQNLQILFFLGFSVVFV
ILFFLGF,0,,...[FWY]..[WFY],PLRMERANHSVVSEFILLGLSKSQNLQILFFLGFSVVFV
FLGFSVV,0,,...[FWY]..[LVI],PLRMERANHSVVSEFILLGLSKSQNLQILFFLGFSVVFV
LRPFILV,0,,...[FWY]..[LVI],PLRPFILVFLGFSLATLEYFPEDLLKAIFNIKFLARLDS
ILVFLGF,0,,...[FWY]..[WFY],PLRPFILVFLGFSLATLEYFPEDLLKAIFNIKFLARLDS
LRAFILY,0,,...[FWY]..[WFY],PLRAFILYNKYITLFIEKLPKHRDYKSAVIPERKTQ
FILYNKY,0,,...[FWY]..[WFY],PLRAFILYNKYITLFIEKLPKHRDYKSAVIPERKTQ
YNKYITL,0,,...[FWY]..[LVI],PLRAFILYNKYITLFIEKLPKHRDYKSAVIPERKTQ
LRTFISL,0,,...[FWY]..[LVI],PLRTFISLVSIRRHMLTHRGGVPYKCKVCGKAFDYPSLF
AFDYPSL,0,,...[FWY]..[LVI],PLRTFISLVSIRRHMLTHRGGVPYKCKVCGKAFDYPSLF
LRAFLVI,0,,...[FWY]..[LVI],PLRAFLVIPLHQTGKLDPHYPKVCGHRGNVLDIKWNPFD
DPHYPKV,0,,...[FWY]..[LVI],PLRAFLVIPLHQTGKLDPHYPKVCGHRGNVLDIKWNPFD
DIKWNPF,0,,...[FWY]..[WFY],PLRAFLVIPLHQTGKLDPHYPKVCGHRGNVLDIKWNPFD
IYSFQAF,0,,...[FWY]..[WFY],PLRPFIYSFQAFYLVSHPNEVSWPWLL
FQAFYLV,0,,...[FWY]..[LVI],PLRPFIYSFQAFYLVSHPNEVSWPWLL
EVSWPWL,0,,...[FWY]..[LVI],PLRPFIYSFQAFYLVSHPNEVSWPWLL
VVSWSDV,0,,...[FWY]..[LVI],PLRTFKARQGLGASVVSWSDVIVACAPWQHWNVLEKTEE
CAPWQHW,0,,...[FWY]..[WFY],PLRTFKARQGLGASVVSWSDVIVACAPWQHWNVLEKTEE
WQHWNVL,0,,...[FWY]..[LVI],PLRTFKARQGLGASVVSWSDVIVACAPWQHWNVLEKTEE
LALYENL,0,,...[FWY]..[LVI],PLRHFLKSLKTVKPSLSCKDLALYENLFKKEGFSNVEGI
KEGFSNV,0,,...[FWY]..[LVI],PLRHFLKSLKTVKPSLSCKDLALYENLFKKEGFSNVEGI
LPAYSLY,0,,...[FWY]..[WFY],PLRDFLPAYSLYDYLRASIEQLGLGSRRKAALVVPAFET
YSLYDYL,0,,...[FWY]..[LVI],PLRDFLPAYSLYDYLRASIEQLGLGSRRKAALVVPAFET
GKAFNHF,0,,...[FWY]..[WFY],PLRGKAFNHFSDLRRHKIIHTGKKPYKCEECGKAFSQSS
FNHFSDL,0,,...[FWY]..[LVI],PLRGKAFNHFSDLRRHKIIHTGKKPYKCEECGKAFSQSS
VYNYQAF,0,,...[FWY]..[WFY],PLRPVYNYQAFPAYPNSPFQVATGYQFPVYNYQPFPAYP
YQAFPAY,0,,...[FWY]..[WFY],PLRPVYNYQAFPAYPNSPFQVATGYQFPVYNYQPFPAYP
GYQFPVY,0,,...[FWY]..[WFY],PLRPVYNYQAFPAYPNSPFQVATGYQFPVYNYQPFPAYP
VYNYQPF,0,,...[FWY]..[WFY],PLRPVYNYQAFPAYPNSPFQVATGYQFPVYNYQPFPAYP
YQPFPAY,0,,...[FWY]..[WFY],PLRPVYNYQAFPAYPNSPFQVATGYQFPVYNYQPFPAYP
MALFYGI,0,,...[FWY]..[LVI],PLRKNMALFYGILTPMLNPLIYTLRNEEVKNAMRKLFTW
ALFYGIL,0,,...[FWY]..[LVI],PLRKNMALFYGILTPMLNPLIYTLRNEEVKNAMRKLFTW
IQRYSSY,0,,...[FWY]..[WFY],PLRDFPQKPIQRYSSYWRITSIKEKSSLQMQNPISNAVL
YSSYWRI,0,,...[FWY]..[LVI],PLRDFPQKPIQRYSSYWRITSIKEKSSLQMQNPISNAVL
RSFYSAI,0,,...[FWY]..[LVI],PLRSFYSAIRQRSYYSQVNKEDRPELVVKKLRYYVYC
RSYYSQV,0,,...[FWY]..[LVI],PLRSFYSAIRQRSYYSQVNKEDRPELVVKKLRYYVYC
KLRYYVY,0,,...[FWY]..[WFY],PLRSFYSAIRQRSYYSQVNKEDRPELVVKKLRYYVYC
RDFYSPL,0,,...[FWY]..[LVI],PLRDFYSPLVPDSMKFEIGEALYLGIISSLFSLIAGIIL
EALYLGI,0,,...[FWY]..[LVI],PLRDFYSPLVPDSMKFEIGEALYLGIISSLFSLIAGIIL
SSLFSLI,0,,...[FWY]..[LVI],PLRDFYSPLVPDSMKFEIGEALYLGIISSLFSLIAGIIL
PYKFEEY,0,,...[FWY]..[WFY],PLRKQPSGLTLHKRIHTGENPYKFEEYGKAFYWFLSFTK
GKAFYWF,0,,...[FWY]..[WFY],PLRKQPSGLTLHKRIHTGENPYKFEEYGKAFYWFLSFTK
KAFYWFL,0,,...[FWY]..[LVI],PLRKQPSGLTLHKRIHTGENPYKFEEYGKAFYWFLSFTK
FYWFLSF,0,,...[FWY]..[WFY],PLRKQPSGLTLHKRIHTGENPYKFEEYGKAFYWFLSFTK
CRIYNSV,0,,...[FWY]..[LVI],PLRQGACRIYNSVFFGRVYLGLSIALRFPALVLYIVFIF
SVFFGRV,0,,...[FWY]..[LVI],PLRQGACRIYNSVFFGRVYLGLSIALRFPALVLYIVFIF
GRVYLGL,0,,...[FWY]..[LVI],PLRQGACRIYNSVFFGRVYLGLSIALRFPALVLYIVFIF
ALRFPAL,0,,...[FWY]..[LVI],PLRQGACRIYNSVFFGRVYLGLSIALRFPALVLYIVFIF
LVLYIVF,0,,...[FWY]..[WFY],PLRQGACRIYNSVFFGRVYLGLSIALRFPALVLYIVFIF
GRVYFGL,0,,...[FWY]..[LVI],PLRQGACRIYNSVFFGRVYFGLSIALRFPALVLYIVFIF
SKDYLSL,0,,...[FWY]..[LVI],PLRSGPSDKMKWCLRVNPKGLDDESKDYLSLYLLLVSCP
LSLYLLL,0,,...[FWY]..[LVI],PLRSGPSDKMKWCLRVNPKGLDDESKDYLSLYLLLVSCP
PVRYQVL,0,,...[FWY]..[LVI],PLRSGCRPVRYQVLRDPPFASGLPVVVTHSHRKFTDVEV
HRKFTDV,0,,...[FWY]..[LVI],PLRSGCRPVRYQVLRDPPFASGLPVVVTHSHRKFTDVEV
ECMYTLL,0,,...[FWY]..[LVI],PLRTVDDGLDIRKAAFECMYTLLDSCLDRLDIFEFLNHV
LDIFEFL,0,,...[FWY]..[LVI],PLRTVDDGLDIRKAAFECMYTLLDSCLDRLDIFEFLNHV
GDPFYEV,0,,...[FWY]..[LVI],PLRNNEGEGDPFYEVLGIVTLEDVIEEIIKSEILDETDL
DPFYEVL,0,,...[FWY]..[LVI],PLRNNEGEGDPFYEVLGIVTLEDVIEEIIKSEILDETDL
GKAFKCF,0,,...[FWY]..[WFY],PLRCEECGKAFKCFSDLTNHKRIHTGEKPYKREECDKAY
FKCFSDL,0,,...[FWY]..[LVI],PLRCEECGKAFKCFSDLTNHKRIHTGEKPYKREECDKAY
PGTYVGF,0,,...[FWY]..[WFY],PLREECAKSFCSSSHPIQHPGTYVGFKLYECNECGKAFY
YVGFKLY,0,,...[FWY]..[WFY],PLREECAKSFCSSSHPIQHPGTYVGFKLYECNECGKAFY
AENFRAL,0,,...[FWY]..[LVI],PLRPKTAENFRALSTGEKGFRYKGSCFHRIIPGFMCQGG
GSCFHRI,0,,...[FWY]..[LVI],PLRPKTAENFRALSTGEKGFRYKGSCFHRIIPGFMCQGG
AFPFGFF,0,,...[FWY]..[WFY],PLRGVGAFPFGFFTIVFNAHEPFRRGTGVDLGQGHPASS
PFGFFTI,0,,...[FWY]..[LVI],PLRGVGAFPFGFFTIVFNAHEPFRRGTGVDLGQGHPASS
FGFFTIV,0,,...[FWY]..[LVI],PLRGVGAFPFGFFTIVFNAHEPFRRGTGVDLGQGHPASS
TPIFYDV,0,,...[FWY]..[LVI],PLRDFPTPIFYDVYLEYTDENQHQYILAVPVLNLNLQHN
PIFYDVY,0,,...[FWY]..[WFY],PLRDFPTPIFYDVYLEYTDENQHQYILAVPVLNLNLQHN
YDVYLEY,0,,...[FWY]..[WFY],PLRDFPTPIFYDVYLEYTDENQHQYILAVPVLNLNLQHN
GGTYRCF,0,,...[FWY]..[WFY],PLRPKVNGTFQADFPLGPATHGGTYRCFGSFHDSPYEWS
YRCFGSF,0,,...[FWY]..[WFY],PLRPKVNGTFQADFPLGPATHGGTYRCFGSFHDSPYEWS
KVFFSNY,0,,...[FWY]..[WFY],PLRCSSLRRHEMTHTGEKPFDCKQCGKVFFSNYLRLHE
FSNYLRL,0,,...[FWY]..[LVI],PLRCSSLRRHEMTHTGEKPFDCKQCGKVFFSNYLRLHE
PLRYPAY,0,,...[FWY]..[WFY],PLRYPAYLSIHMRTHTGEKPYECKECGKAFNYSNSFQIH
YPAYLSI,0,,...[FWY]..[LVI],PLRYPAYLSIHMRTHTGEKPYECKECGKAFNYSNSFQIH
LRTFRSW,0,,...[FWY]..[WFY],PLRTFRSWAGIINLCKPGNSGIQSLIGVLYIPNMEIRRG
FRSWAGI,0,,...[FWY]..[LVI],PLRTFRSWAGIINLCKPGNSGIQSLIGVLYIPNMEIRRG
GIQFFLF,0,,...[FWY]..[WFY],PLRGIQFFLFLWIHVDREVLFCHVHLVSIFLSALNSSAN
IQFFLFL,0,,...[FWY]..[LVI],PLRGIQFFLFLWIHVDREVLFCHVHLVSIFLSALNSSAN
FFLFLWI,0,,...[FWY]..[LVI],PLRGIQFFLFLWIHVDREVLFCHVHLVSIFLSALNSSAN
LFLWIHV,0,,...[FWY]..[LVI],PLRGIQFFLFLWIHVDREVLFCHVHLVSIFLSALNSSAN
EVLFCHV,0,,...[FWY]..[LVI],PLRGIQFFLFLWIHVDREVLFCHVHLVSIFLSALNSSAN
MGAFFYL,0,,...[FWY]..[LVI],PLRLCLMGAFFYLISPLDFVPEALFGILGFLDDFFVIFL
GAFFYLI,0,,...[FWY]..[LVI],PLRLCLMGAFFYLISPLDFVPEALFGILGFLDDFFVIFL
EALFGIL,0,,...[FWY]..[LVI],PLRLCLMGAFFYLISPLDFVPEALFGILGFLDDFFVIFL
LDDFFVI,0,,...[FWY]..[LVI],PLRLCLMGAFFYLISPLDFVPEALFGILGFLDDFFVIFL
DDFFVIF,0,,...[FWY]..[WFY],PLRLCLMGAFFYLISPLDFVPEALFGILGFLDDFFVIFL
RSRYVLV,0,,...[FWY]..[LVI],PLRSRYVLVAVIMVNVVHGAVIVIVIIYVIIMVAVTNGI
VIIYVII,0,,...[FWY]..[LVI],PLRSRYVLVAVIMVNVVHGAVIVIVIIYVIIMVAVTNGI
NHPFLFF,0,,...[FWY]..[WFY],PLRTSAPGHENVHCNHPFLFFIRHNESNSILFFGRFSSP
ILFFGRF,0,,...[FWY]..[WFY],PLRTSAPGHENVHCNHPFLFFIRHNESNSILFFGRFSSP
EDKYRYL,0,,...[FWY]..[LVI],PLRSFKTGIISLCKAHLEDKYRYLFKQVASSTGFCDQRR
RYLFKQV,0,,...[FWY]..[LVI],PLRSFKTGIISLCKAHLEDKYRYLFKQVASSTGFCDQRR
DISYMRF,0,,...[FWY]..[WFY],PLRAGIKQIYAGDVDVGKKKADISYMRFGELEGVSKFTW
YMRFGEL,0,,...[FWY]..[LVI],PLRAGIKQIYAGDVDVGKKKADISYMRFGELEGVSKFTW
IVAFIPL,0,,...[FWY]..[LVI],PLRPGKCRTITVLILIWITGFIVAFIPLSNKEFFKNYYG
KEFFKNY,0,,...[FWY]..[WFY],PLRPGKCRTITVLILIWITGFIVAFIPLSNKEFFKNYYG
GTCFLGY,0,,...[FWY]..[WFY],PLRTGLAAGLCVTGAGRVLGLLVASGTCFLGYWFWRVLG
FLGYWFW,0,,...[FWY]..[WFY],PLRTGLAAGLCVTGAGRVLGLLVASGTCFLGYWFWRVLG
GYWFWRV,0,,...[FWY]..[LVI],PLRTGLAAGLCVTGAGRVLGLLVASGTCFLGYWFWRVLG
YWFWRVL,0,,...[FWY]..[LVI],PLRTGLAAGLCVTGAGRVLGLLVASGTCFLGYWFWRVLG
LLTFRDI,0,,...[FWY]..[LVI],PLRMAKRPGPPGSREMGLLTFRDIAIEFSLAEWQCLDHA
LAEWQCL,0,,...[FWY]..[LVI],PLRMAKRPGPPGSREMGLLTFRDIAIEFSLAEWQCLDHA
SLQYLDL,0,,...[FWY]..[LVI],PLREGLLSLQYLDLSCNKIQSIERHTFEPLPFLKFINLS
RHTFEPL,0,,...[FWY]..[LVI],PLREGLLSLQYLDLSCNKIQSIERHTFEPLPFLKFINLS
PLPFLKF,0,,...[FWY]..[WFY],PLREGLLSLQYLDLSCNKIQSIERHTFEPLPFLKFINLS
FLKFINL,0,,...[FWY]..[LVI],PLREGLLSLQYLDLSCNKIQSIERHTFEPLPFLKFINLS
SSTWILV,0,,...[FWY]..[LVI],PLRAGRQARSVSLHEPALSSTWILVSGIWLFIMMGKMQ
SGIWLFI,0,,...[FWY]..[LVI],PLRAGRQARSVSLHEPALSSTWILVSGIWLFIMMGKMQ
KRIFRLL,0,,...[FWY]..[LVI],PLRPGNDVDDQLKRIFRLLGTPTEEQWPSMTKLPDYKPY
LPDYKPY,0,,...[FWY]..[WFY],PLRPGNDVDDQLKRIFRLLGTPTEEQWPSMTKLPDYKPY
AVFYLKL,0,,...[FWY]..[LVI],PLRPAVFYLKLVKKETFRSPQKVGALIFLVVGIFFMIGS
ALIFLVV,0,,...[FWY]..[LVI],PLRPAVFYLKLVKKETFRSPQKVGALIFLVVGIFFMIGS
VGIFFMI,0,,...[FWY]..[LVI],PLRPAVFYLKLVKKETFRSPQKVGALIFLVVGIFFMIGS
ELNFHTF,0,,...[FWY]..[WFY],PLRDGPMEGDSCPTGNSMKELNFHTFRQILFLLGTVY
FHTFRQI,0,,...[FWY]..[LVI],PLRDGPMEGDSCPTGNSMKELNFHTFRQILFLLGTVY
KLLYIRL,0,,...[FWY]..[LVI],PLRPGPRKSMSKLLYIRLALFFPEMVWASLGAAWVADGV
EMVWASL,0,,...[FWY]..[LVI],PLRPGPRKSMSKLLYIRLALFFPEMVWASLGAAWVADGV
SWAFGII,0,,...[FWY]..[LVI],PLRTGSSWAFGIIDGLIQMVVVMNFPYCGLRKVNHFFCE
NFPYCGL,0,,...[FWY]..[LVI],PLRTGSSWAFGIIDGLIQMVVVMNFPYCGLRKVNHFFCE
DGLFFPV,0,,...[FWY]..[LVI],PLRIDGLFFPVVSFSAGIKVRFLLGGRHGEFKFLPPPGY
GLFFPVV,0,,...[FWY]..[LVI],PLRIDGLFFPVVSFSAGIKVRFLLGGRHGEFKFLPPPGY
HGEFKFL,0,,...[FWY]..[LVI],PLRIDGLFFPVVSFSAGIKVRFLLGGRHGEFKFLPPPGY
DHPFLFL,0,,...[FWY]..[LVI],PLRRTGHGGPQFVADHPFLFLIMHKITNCILFFGRFSS
KKSFDAV,0,,...[FWY]..[LVI],PLRKGSELKKSFDAVVFDVLKVTPEEYAGQITLMDVPVF
AVVFDVL,0,,...[FWY]..[LVI],PLRKGSELKKSFDAVVFDVLKVTPEEYAGQITLMDVPVF
EQDFAYL,0,,...[FWY]..[LVI],PLRSGSEQDFAYLSSWGPRFRPLAALYAGHRGDDEAQAS
GPRFRPL,0,,...[FWY]..[LVI],PLRSGSEQDFAYLSSWGPRFRPLAALYAGHRGDDEAQAS
NETFAFV,0,,...[FWY]..[LVI],PLRAGSEVDRVILKANETFAFVGNVTHYAQVWLNISAEI
VTHYAQV,0,,...[FWY]..[LVI],PLRAGSEVDRVILKANETFAFVGNVTHYAQVWLNISAEI
AQVWLNI,0,,...[FWY]..[LVI],PLRAGSEVDRVILKANETFAFVGNVTHYAQVWLNISAEI
RAVYLSL,0,,...[FWY]..[LVI],PLRAVYLSLLIHALATNSSSELFRLAAHPLNNRMWAAVF
NRMWAAV,0,,...[FWY]..[LVI],PLRAVYLSLLIHALATNSSSELFRLAAHPLNNRMWAAVF
KGHYKTV,0,,...[FWY]..[LVI],PLRTVYSGEQITMLKGHYKTVDCCVFQSNFQELYSGSRD
QSNFQEL,0,,...[FWY]..[LVI],PLRTVYSGEQITMLKGHYKTVDCCVFQSNFQELYSGSRD
KPLFILW,0,,...[FWY]..[WFY],PLRTHCLHPGDLYPFTRKPLFILWIRLIVLRIRISQTC
FILWIRL,0,,...[FWY]..[LVI],PLRTHCLHPGDLYPFTRKPLFILWIRLIVLRIRISQTC
RKPFHKI,0,,...[FWY]..[LVI],PLRAHCRKPFHKIETLYRHCQDEHDNEIKIKYFCGLCDL
IKYFCGL,0,,...[FWY]..[LVI],PLRAHCRKPFHKIETLYRHCQDEHDNEIKIKYFCGLCDL
STIFKFV,0,,...[FWY]..[LVI],PLREHEDLTADSTIFKFVEAYVSWIGKFPTYNVGSSICF
VEAYVSW,0,,...[FWY]..[WFY],PLREHEDLTADSTIFKFVEAYVSWIGKFPTYNVGSSICF
IGKFPTY,0,,...[FWY]..[WFY],PLREHEDLTADSTIFKFVEAYVSWIGKFPTYNVGSSICF
KAEWSKL,0,,...[FWY]..[LVI],PLRTHEILLSKAEWSKLFEAPSFFQKYKHYIVLLASAST
PSFFQKY,0,,...[FWY]..[WFY],PLRTHEILLSKAEWSKLFEAPSFFQKYKHYIVLLASAST
FQKYKHY,0,,...[FWY]..[WFY],PLRTHEILLSKAEWSKLFEAPSFFQKYKHYIVLLASAST
YKHYIVL,0,,...[FWY]..[LVI],PLRTHEILLSKAEWSKLFEAPSFFQKYKHYIVLLASAST
NQKFRDF,0,,...[FWY]..[WFY],PLRAQKHMTRTIYTSPIKALSNQKFRDFRNTFGDVGLLT
RNTFGDV,0,,...[FWY]..[LVI],PLRAQKHMTRTIYTSPIKALSNQKFRDFRNTFGDVGLLT
HKKFWKL,0,,...[FWY]..[LVI],PLRMAHLKRLVKLHIKRHYHKKFWKLGAVIFFFIIVLVL
AVIFFFI,0,,...[FWY]..[LVI],PLRMAHLKRLVKLHIKRHYHKKFWKLGAVIFFFIIVLVL
VIFFFII,0,,...[FWY]..[LVI],PLRMAHLKRLVKLHIKRHYHKKFWKLGAVIFFFIIVLVL
IFFFIIV,0,,...[FWY]..[LVI],PLRMAHLKRLVKLHIKRHYHKKFWKLGAVIFFFIIVLVL
MDTFTKI,0,,...[FWY]..[LVI],PLRSHLTKLQILRVGNMDTFTKIQRKDFASLTFLEELEI
RKDFASL,0,,...[FWY]..[LVI],PLRSHLTKLQILRVGNMDTFTKIQRKDFASLTFLEELEI
MCKYRNY,0,,...[FWY]..[WFY],PLRAPALAFDHPANPIIPLDLKFMCKYRNYFTLRTWRII
YRNYFTL,0,,...[FWY]..[LVI],PLRAPALAFDHPANPIIPLDLKFMCKYRNYFTLRTWRII
LRTWRII,0,,...[FWY]..[LVI],PLRAPALAFDHPANPIIPLDLKFMCKYRNYFTLRTWRII
PCSFVAI,0,,...[FWY]..[LVI],PLRSHSNLIKGVSKEVKKPSHLLPCSFVAIGILVAFFLL
LVAFFLL,0,,...[FWY]..[LVI],PLRSHSNLIKGVSKEVKKPSHLLPCSFVAIGILVAFFLL
RDHYNCV,0,,...[FWY]..[LVI],PLRDHYNCVSSGGQCLYSACPIFTKIQGTCYRGKAKCCK
CPIFTKI,0,,...[FWY]..[LVI],PLRDHYNCVSSGGQCLYSACPIFTKIQGTCYRGKAKCCK
RTHYNVI,0,,...[FWY]..[LVI],PLRTHYNVIYDTIGLSPDTVQRLTYCLCHMFIICQASS
NVIYDTI,0,,...[FWY]..[LVI],PLRTHYNVIYDTIGLSPDTVQRLTYCLCHMFIICQASS
RAQYVVL,0,,...[FWY]..[LVI],PLRAQYVVLLRRSHGDRSRGKRFSQSFREVAGRFLASEA
SQSFREV,0,,...[FWY]..[LVI],PLRAQYVVLLRRSHGDRSRGKRFSQSFREVAGRFLASEA
ECNYFLV,0,,...[FWY]..[LVI],PLREHQIHQVRFGRHREECNYFLVVYQNPIIRNMDSDDL
CNYFLVV,0,,...[FWY]..[LVI],PLREHQIHQVRFGRHREECNYFLVVYQNPIIRNMDSDDL
MRAFRML,0,,...[FWY]..[LVI],PLRTHRKTCSQRRRRAMRAFRMLLYSKSTSLTFHWKLWG
TFHWKLW,0,,...[FWY]..[WFY],PLRTHRKTCSQRRRRAMRAFRMLLYSKSTSLTFHWKLWG
SAFYTMF,0,,...[FWY]..[WFY],PLRSHRSTNHDKVVSAFYTMFTPLLNPLIYSVKEQ
YTMFTPL,0,,...[FWY]..[LVI],PLRSHRSTNHDKVVSAFYTMFTPLLNPLIYSVKEQ
HRTFMVL,0,,...[FWY]..[LVI],PLRTHRTFMVLNKGRTISRFSATRSLWLFSPFNLIRRTA
LWLFSPF,0,,...[FWY]..[WFY],PLRTHRTFMVLNKGRTISRFSATRSLWLFSPFNLIRRTA
FSPFNLI,0,,...[FWY]..[LVI],PLRTHRTFMVLNKGRTISRFSATRSLWLFSPFNLIRRTA
SLFFRSL,0,,...[FWY]..[LVI],PLRTHSLFFRSLKDRGFELTFKTADDPSLSLIKYGEFLY
LIKYGEF,0,,...[FWY]..[WFY],PLRTHSLFFRSLKDRGFELTFKTADDPSLSLIKYGEFLY
KKSYLNI,0,,...[FWY]..[LVI],PLRALAEVNLKKKSYLNIRTHPVATSFAVFDDTLLIVDP
ATSFAVF,0,,...[FWY]..[WFY],PLRALAEVNLKKKSYLNIRTHPVATSFAVFDDTLLIVDP
CTVFSNF,0,,...[FWY]..[WFY],PLRAIASEKMKEAVRLVHLPSCTVFSNFPVIKNKNISHV
FSNFPVI,0,,...[FWY]..[LVI],PLRAIASEKMKEAVRLVHLPSCTVFSNFPVIKNKNISHV
DKGFVWL,0,,...[FWY]..[LVI],PLRLIEGDKGFVWLAICSQNQPPYEAIPQQINSTIVDLR
GFVWLAI,0,,...[FWY]..[LVI],PLRLIEGDKGFVWLAICSQNQPPYEAIPQQINSTIVDLR
QPPYEAI,0,,...[FWY]..[LVI],PLRLIEGDKGFVWLAICSQNQPPYEAIPQQINSTIVDLR
PRDWRFL,0,,...[FWY]..[LVI],PLRSIDLFLGNYSVDELESHSPLSVPRDWRFLALPIIMV
DWRFLAL,0,,...[FWY]..[LVI],PLRSIDLFLGNYSVDELESHSPLSVPRDWRFLALPIIMV
VISFDRY,0,,...[FWY]..[WFY],PLRAIDYVASNASVMNLLVISFDRYFSITRPLTYRAKRT
FDRYFSI,0,,...[FWY]..[LVI],PLRAIDYVASNASVMNLLVISFDRYFSITRPLTYRAKRT
KNKFLEF,0,,...[FWY]..[WFY],PLRDKNKFLEFKASKEEDFYRGGKVSWWNFYFSSESYSS
KVSWWNF,0,,...[FWY]..[WFY],PLRDKNKFLEFKASKEEDFYRGGKVSWWNFYFSSESYSS
VSWWNFY,0,,...[FWY]..[WFY],PLRDKNKFLEFKASKEEDFYRGGKVSWWNFYFSSESYSS
NPLFYGF,0,,...[FWY]..[WFY],PLRAYFNNCLNPLFYGFLGKKFKRYFLQLLKYIPPKAKS
PLFYGFL,0,,...[FWY]..[LVI],PLRAYFNNCLNPLFYGFLGKKFKRYFLQLLKYIPPKAKS
GKKFKRY,0,,...[FWY]..[WFY],PLRAYFNNCLNPLFYGFLGKKFKRYFLQLLKYIPPKAKS
KRYFLQL,0,,...[FWY]..[LVI],PLRAYFNNCLNPLFYGFLGKKFKRYFLQLLKYIPPKAKS
RAHFRYL,0,,...[FWY]..[LVI],PLRAHFRYLCQSNALPSHIKINVFRQTLFEDSFQQIMAL
EDSFQQI,0,,...[FWY]..[LVI],PLRAHFRYLCQSNALPSHIKINVFRQTLFEDSFQQIMAL
MELFSLV,0,,...[FWY]..[LVI],PLRSHFSIPYDVEELWDSAKEMELFSLVSQKFQSVFMEQ
SQKFQSV,0,,...[FWY]..[LVI],PLRSHFSIPYDVEELWDSAKEMELFSLVSQKFQSVFMEQ
RPRWSAL,0,,...[FWY]..[LVI],PLRTHFVLESPLNGCGTRPRWSALDGVVYYNSIVFRFQ
VVYYNSI,0,,...[FWY]..[LVI],PLRTHFVLESPLNGCGTRPRWSALDGVVYYNSIVFRFQ
HRIWDTL,0,,...[FWY]..[LVI],PLRAHRIWDTLQKLGAVYDVSHYNALLKVYLQNEYKFSP
VSHYNAL,0,,...[FWY]..[LVI],PLRAHRIWDTLQKLGAVYDVSHYNALLKVYLQNEYKFSP
ILHYCAF,0,,...[FWY]..[WFY],PLRPHIILHYCAFKTTWDWVILFLPSTPPLWFLIMFPS
KTTWDWV,0,,...[FWY]..[LVI],PLRPHIILHYCAFKTTWDWVILFLPSTPPLWFLIMFPS
TWDWVIL,0,,...[FWY]..[LVI],PLRPHIILHYCAFKTTWDWVILFLPSTPPLWFLIMFPS
PPLWFLI,0,,...[FWY]..[LVI],PLRPHIILHYCAFKTTWDWVILFLPSTPPLWFLIMFPS
SKGWHAV,0,,...[FWY]..[LVI],PLREHISSKGWHAVLETNLTGTFYMCKAVYSSWMKEHGG
KAVYSSW,0,,...[FWY]..[WFY],PLREHISSKGWHAVLETNLTGTFYMCKAVYSSWMKEHGG
LSVFAII,0,,...[FWY]..[LVI],PLRNIILSVFAIILGAFIAAGSDLAFNLEGYIFVFLNDI
LEGYIFV,0,,...[FWY]..[LVI],PLRNIILSVFAIILGAFIAAGSDLAFNLEGYIFVFLNDI
GYIFVFL,0,,...[FWY]..[LVI],PLRNIILSVFAIILGAFIAAGSDLAFNLEGYIFVFLNDI
PIKFEDV,0,,...[FWY]..[LVI],PLRPIKFEDVYVGICLNLLKVNIHIPEDTNLFFLYRIHL
EDVYVGI,0,,...[FWY]..[LVI],PLRPIKFEDVYVGICLNLLKVNIHIPEDTNLFFLYRIHL
TNLFFLY,0,,...[FWY]..[WFY],PLRPIKFEDVYVGICLNLLKVNIHIPEDTNLFFLYRIHL
PIKFEKI,0,,...[FWY]..[LVI],PLRPIKFEKILYNDQGNYSPVTGKFNCSIPGTYVFSYHI
QGNYSPV,0,,...[FWY]..[LVI],PLRPIKFEKILYNDQGNYSPVTGKFNCSIPGTYVFSYHI
PLRYIKV,0,,...[FWY]..[LVI],PLRYIKVFKPKKLTLKGYKQYWCTFKDTSISCYKSKEES
LKGYKQY,0,,...[FWY]..[WFY],PLRYIKVFKPKKLTLKGYKQYWCTFKDTSISCYKSKEES
KQYWCTF,0,,...[FWY]..[WFY],PLRYIKVFKPKKLTLKGYKQYWCTFKDTSISCYKSKEES
SWLFARV,0,,...[FWY]..[LVI],PLRALKVVNLGIPTLLYGLGSWLFARVTETVHTSYGPIT
HTSYGPI,0,,...[FWY]..[LVI],PLRALKVVNLGIPTLLYGLGSWLFARVTETVHTSYGPIT
VIVFIKV,0,,...[FWY]..[LVI],PLRTIKYIFNETEVIVFIKVVQFFRILRISKLIAPKLLQ
VVQFFRI,0,,...[FWY]..[LVI],PLRTIKYIFNETEVIVFIKVVQFFRILRISKLIAPKLLQ
VQFFRIL,0,,...[FWY]..[LVI],PLRTIKYIFNETEVIVFIKVVQFFRILRISKLIAPKLLQ
VLHFWTL,0,,...[FWY]..[LVI],PLRAILSELLQRENRVLHFWTLKKRRLDQCQQYVVFERS
CQQYVVF,0,,...[FWY]..[WFY],PLRAILSELLQRENRVLHFWTLKKRRLDQCQQYVVFERS
AKCFSNI,0,,...[FWY]..[LVI],PLRAMNNLAKCFSNIFIASKLEAVEYAHISRLQADLNCL
AVEYAHI,0,,...[FWY]..[LVI],PLRAMNNLAKCFSNIFIASKLEAVEYAHISRLQADLNCL
LQEYFEL,0,,...[FWY]..[LVI],PLRSIPLQEYFELIDHHFELRINGEKLEELLSERAVQFR
QEYFELI,0,,...[FWY]..[LVI],PLRSIPLQEYFELIDHHFELRINGEKLEELLSERAVQFR
PTFYRPY,0,,...[FWY]..[WFY],PLRAIPPTFYRPYFRIVRFDVSAMEKNASNLVKAEFRVF
YRPYFRI,0,,...[FWY]..[LVI],PLRAIPPTFYRPYFRIVRFDVSAMEKNASNLVKAEFRVF
RPYFRIV,0,,...[FWY]..[LVI],PLRAIPPTFYRPYFRIVRFDVSAMEKNASNLVKAEFRVF
KAEFRVF,0,,...[FWY]..[WFY],PLRAIPPTFYRPYFRIVRFDVSAMEKNASNLVKAEFRVF
IHLFKVV,0,,...[FWY]..[LVI],PLRRILAMTPESIYSIHLFKVVRLFSILVVMMPWK
VRLFSIL,0,,...[FWY]..[LVI],PLRRILAMTPESIYSIHLFKVVRLFSILVVMMPWK
DFKFQVW,0,,...[FWY]..[WFY],PLRDIQLPIISDDFKFQVWRKMFRALMPALEELTFDPSS
RKMFRAL,0,,...[FWY]..[LVI],PLRDIQLPIISDDFKFQVWRKMFRALMPALEELTFDPSS
VNCFCLV,0,,...[FWY]..[LVI],PLRLIRILDLTECSAVQFDYSQERVNCFCLVFPFRTFYL
VFPFRTF,0,,...[FWY]..[WFY],PLRLIRILDLTECSAVQFDYSQERVNCFCLVFPFRTFYL
ISQFTLV,0,,...[FWY]..[LVI],PLRTISQFTLVKRQTQMFIIIASSFLSF
TQMFIII,0,,...[FWY]..[LVI],PLRTISQFTLVKRQTQMFIIIASSFLSF
ASSFLSF,0,,...[FWY]..[WFY],PLRTISQFTLVKRQTQMFIIIASSFLSF
KPHYPAW,0,,...[FWY]..[WFY],PLRSFDLQCIIKPHYPAWVPVSVTWRFQPVGTVEFHDLV
YPAWVPV,0,,...[FWY]..[LVI],PLRSFDLQCIIKPHYPAWVPVSVTWRFQPVGTVEFHDLV
TWRFQPV,0,,...[FWY]..[LVI],PLRSFDLQCIIKPHYPAWVPVSVTWRFQPVGTVEFHDLV
TVEFHDL,0,,...[FWY]..[LVI],PLRSFDLQCIIKPHYPAWVPVSVTWRFQPVGTVEFHDLV
TMAYDRY,0,,...[FWY]..[WFY],PLRTISYAGCMSQLFLFAWSLGAEMVLFTTMAYDRYVAI
YDRYVAI,0,,...[FWY]..[LVI],PLRTISYAGCMSQLFLFAWSLGAEMVLFTTMAYDRYVAI
ATAYAAL,0,,...[FWY]..[LVI],PLRATAYAALTDEESRKNWEEFGNPDGPQATSFGIALPA
RKNWEEF,0,,...[FWY]..[WFY],PLRATAYAALTDEESRKNWEEFGNPDGPQATSFGIALPA
AMAYDRY,0,,...[FWY]..[WFY],PLRAMAYDRYMAICSPLLYSVIISNKACFSLILGVYII
YDRYMAI,0,,...[FWY]..[LVI],PLRAMAYDRYMAICSPLLYSVIISNKACFSLILGVYII
PLLYSVI,0,,...[FWY]..[LVI],PLRAMAYDRYMAICSPLLYSVIISNKACFSLILGVYII
KACFSLI,0,,...[FWY]..[LVI],PLRAMAYDRYMAICSPLLYSVIISNKACFSLILGVYII
TEVFLVL,0,,...[FWY]..[LVI],PLRAKGLHIPRLTEVFLVLVQGTSLIQRLMSVAYTYDNL
AYTYDNL,0,,...[FWY]..[LVI],PLRAKGLHIPRLTEVFLVLVQGTSLIQRLMSVAYTYDNL
IKSFLVF,0,,...[FWY]..[WFY],PLRTKFIKSFLVFINLYCIKYGALALQEIFDGIQPKMFG
FLVFINL,0,,...[FWY]..[LVI],PLRTKFIKSFLVFINLYCIKYGALALQEIFDGIQPKMFG
CIKYGAL,0,,...[FWY]..[LVI],PLRTKFIKSFLVFINLYCIKYGALALQEIFDGIQPKMFG
QEIFDGI,0,,...[FWY]..[LVI],PLRTKFIKSFLVFINLYCIKYGALALQEIFDGIQPKMFG
RDKFRRL,0,,...[FWY]..[LVI],PLRDKFRRLVKAPPRNYSVIVMFTALQLHRQCVVCKQAE
PRNYSVI,0,,...[FWY]..[LVI],PLRDKFRRLVKAPPRNYSVIVMFTALQLHRQCVVCKQAE
IVMFTAL,0,,...[FWY]..[LVI],PLRDKFRRLVKAPPRNYSVIVMFTALQLHRQCVVCKQAE
SGLYLPY,0,,...[FWY]..[WFY],PLRAKGPLASQISGLYLPYKVLPVGDEVVGIVGYTSKET
YLPYKVL,0,,...[FWY]..[LVI],PLRAKGPLASQISGLYLPYKVLPVGDEVVGIVGYTSKET
DIWYTPI,0,,...[FWY]..[LVI],PLRDIWYTPIKEEWYYQIEILKLEIGGQSLNLDCREYNA
EEWYYQI,0,,...[FWY]..[LVI],PLRDIWYTPIKEEWYYQIEILKLEIGGQSLNLDCREYNA
ALAFEDI,0,,...[FWY]..[LVI],PLRLSSGALAFEDIYIDQRKTIKTMLEYADKVFTYIFIL
DKVFTYI,0,,...[FWY]..[LVI],PLRLSSGALAFEDIYIDQRKTIKTMLEYADKVFTYIFIL
VFTYIFI,0,,...[FWY]..[LVI],PLRLSSGALAFEDIYIDQRKTIKTMLEYADKVFTYIFIL
HILFANL,0,,...[FWY]..[LVI],PLRDVPRVVHILFANLYLLIPPMLNPIIYGVRTKQIGDR
ANLYLLI,0,,...[FWY]..[LVI],PLRDVPRVVHILFANLYLLIPPMLNPIIYGVRTKQIGDR
VRVWDAY,0,,...[FWY]..[WFY],PLRAKASSITEIWSLNKEVRVWDAYTGLEGTVKDMTASL
WDAYTGL,0,,...[FWY]..[LVI],PLRAKASSITEIWSLNKEVRVWDAYTGLEGTVKDMTASL
TSRWPGI,0,,...[FWY]..[LVI],PLRPRPRQMTPVTRVVSMRTSVSGSTTSRWPGITFRRV
GITFRRV,0,,...[FWY]..[LVI],PLRPRPRQMTPVTRVVSMRTSVSGSTTSRWPGITFRRV
LRMFATF,0,,...[FWY]..[WFY],PLRMFATFAQIQQKSILVWLFSRLYLYSFTAFYLYDSQ
FATFAQI,0,,...[FWY]..[LVI],PLRMFATFAQIQQKSILVWLFSRLYLYSFTAFYLYDSQ
VWLFSRL,0,,...[FWY]..[LVI],PLRMFATFAQIQQKSILVWLFSRLYLYSFTAFYLYDSQ
LYSFTAF,0,,...[FWY]..[WFY],PLRMFATFAQIQQKSILVWLFSRLYLYSFTAFYLYDSQ
FTAFYLY,0,,...[FWY]..[WFY],PLRMFATFAQIQQKSILVWLFSRLYLYSFTAFYLYDSQ
KNNYIEI,0,,...[FWY]..[LVI],PLRSKNNYIEIETALELTKYLVEEDEIIVWHTVLVNLVT
IIVWHTV,0,,...[FWY]..[LVI],PLRSKNNYIEIETALELTKYLVEEDEIIVWHTVLVNLVT
KIIFWYV,0,,...[FWY]..[LVI],PLREKQCARTLKDQSSEFKAKIIFWYVLPVSITVFLFSV
IIFWYVL,0,,...[FWY]..[LVI],PLREKQCARTLKDQSSEFKAKIIFWYVLPVSITVFLFSV
SICYGTI,0,,...[FWY]..[LVI],PLRPKRCSGSICYGTIAVIVFFLIGFMIGYLGYCKGVEP
VIVFFLI,0,,...[FWY]..[LVI],PLRPKRCSGSICYGTIAVIVFFLIGFMIGYLGYCKGVEP
MIGYLGY,0,,...[FWY]..[WFY],PLRPKRCSGSICYGTIAVIVFFLIGFMIGYLGYCKGVEP
KKKFCYL,0,,...[FWY]..[LVI],PLRPKRKKKKKFCYLCILLLIVLFILLCCLYRLCKKSKP
KFCYLCI,0,,...[FWY]..[LVI],PLRPKRKKKKKFCYLCILLLIVLFILLCCLYRLCKKSKP
IVLFILL,0,,...[FWY]..[LVI],PLRPKRKKKKKFCYLCILLLIVLFILLCCLYRLCKKSKP
NGGWSSW,0,,...[FWY]..[WFY],PLRKRRSTTATVIVYVNGGWSSWAEWSTVLQPLWPWLAE
WSSWAEW,0,,...[FWY]..[WFY],PLRKRRSTTATVIVYVNGGWSSWAEWSTVLQPLWPWLAE
WAEWSTV,0,,...[FWY]..[LVI],PLRKRRSTTATVIVYVNGGWSSWAEWSTVLQPLWPWLAE
QPLWPWL,0,,...[FWY]..[LVI],PLRKRRSTTATVIVYVNGGWSSWAEWSTVLQPLWPWLAE
DPSYIEF,0,,...[FWY]..[WFY],PLRTKRVHASFTRKYDPSYIEFGFVAVIDGEVLKPQCII
YIEFGFV,0,,...[FWY]..[LVI],PLRTKRVHASFTRKYDPSYIEFGFVAVIDGEVLKPQCII
EFGFVAV,0,,...[FWY]..[LVI],PLRTKRVHASFTRKYDPSYIEFGFVAVIDGEVLKPQCII
DKSFSMI,0,,...[FWY]..[LVI],PLRDKSFSMIKEGDYNPLFIPVAVMVTAFSGLTFIIWLS
EGDYNPL,0,,...[FWY]..[LVI],PLRDKSFSMIKEGDYNPLFIPVAVMVTAFSGLTFIIWLS
NPLFIPV,0,,...[FWY]..[LVI],PLRDKSFSMIKEGDYNPLFIPVAVMVTAFSGLTFIIWLS
VTAFSGL,0,,...[FWY]..[LVI],PLRDKSFSMIKEGDYNPLFIPVAVMVTAFSGLTFIIWLS
GLTFIIW,0,,...[FWY]..[WFY],PLRDKSFSMIKEGDYNPLFIPVAVMVTAFSGLTFIIWLS
DMGFDAV,0,,...[FWY]..[LVI],PLRPKTLQEAIDDMGFDAVIHNPDPLPVLTDTLFLTVTA
DTLFLTV,0,,...[FWY]..[LVI],PLRPKTLQEAIDDMGFDAVIHNPDPLPVLTDTLFLTVTA
SSRFGKF,0,,...[FWY]..[WFY],PLRGNAKTVRNDNSSRFGKFIRIHFGATGKLASADIETY
FGKFIRI,0,,...[FWY]..[LVI],PLRGNAKTVRNDNSSRFGKFIRIHFGATGKLASADIETY
PGVYTKV,0,,...[FWY]..[LVI],PLRALAQKPGVYTKVSDFREWIFQAIKTHSGASGMVTQ
VSDFREW,0,,...[FWY]..[WFY],PLRALAQKPGVYTKVSDFREWIFQAIKTHSGASGMVTQ
EWIFQAI,0,,...[FWY]..[LVI],PLRALAQKPGVYTKVSDFREWIFQAIKTHSGASGMVTQ
TLAYIGY,0,,...[FWY]..[WFY],PLRTLAYIGYLMLFNYIVLVKMERWPSTQEWIVISYIFT
YIGYLML,0,,...[FWY]..[LVI],PLRTLAYIGYLMLFNYIVLVKMERWPSTQEWIVISYIFT
LMLFNYI,0,,...[FWY]..[LVI],PLRTLAYIGYLMLFNYIVLVKMERWPSTQEWIVISYIFT
LFNYIVL,0,,...[FWY]..[LVI],PLRTLAYIGYLMLFNYIVLVKMERWPSTQEWIVISYIFT
TQEWIVI,0,,...[FWY]..[LVI],PLRTLAYIGYLMLFNYIVLVKMERWPSTQEWIVISYIFT
KKKYVTL,0,,...[FWY]..[LVI],PLRKKKYVTLCSNGVLTYYSSLGDYMKNIHKKEIDLRTS
LTYYSSL,0,,...[FWY]..[LVI],PLRKKKYVTLCSNGVLTYYSSLGDYMKNIHKKEIDLRTS
VVLYFIL,0,,...[FWY]..[LVI],PLRTLCVVLYFILMAQSIHMYAARVQWGLVMCFLSYFGT
RVQWGLV,0,,...[FWY]..[LVI],PLRTLCVVLYFILMAQSIHMYAARVQWGLVMCFLSYFGT
VMCFLSY,0,,...[FWY]..[WFY],PLRTLCVVLYFILMAQSIHMYAARVQWGLVMCFLSYFGT
RNKYGLL,0,,...[FWY]..[LVI],PLRALDITTSDRDRNKYGLLARLAVEAGFDWVYYESRNH
EAGFDWV,0,,...[FWY]..[LVI],PLRALDITTSDRDRNKYGLLARLAVEAGFDWVYYESRNH
GFDWVYY,0,,...[FWY]..[WFY],PLRALDITTSDRDRNKYGLLARLAVEAGFDWVYYESRNH
MRRFEAL,0,,...[FWY]..[LVI],PLRELPREVFPLMFMEAFSMRRFEALKLMVQAWPFLRLP
VQAWPFL,0,,...[FWY]..[LVI],PLRELPREVFPLMFMEAFSMRRFEALKLMVQAWPFLRLP
AWPFLRL,0,,...[FWY]..[LVI],PLRELPREVFPLMFMEAFSMRRFEALKLMVQAWPFLRLP
PRSWIRL,0,,...[FWY]..[LVI],PLRDLEILASPRSWIRLGLWSCLKRMSGKQLAHPAEARE
LGLWSCL,0,,...[FWY]..[LVI],PLRDLEILASPRSWIRLGLWSCLKRMSGKQLAHPAEARE
RTKYIVL,0,,...[FWY]..[LVI],PLRTKYIVLLCFTKFLKAVGLFESYDLLKAVHIVQFIFI
LLCFTKF,0,,...[FWY]..[WFY],PLRTKYIVLLCFTKFLKAVGLFESYDLLKAVHIVQFIFI
VGLFESY,0,,...[FWY]..[WFY],PLRTKYIVLLCFTKFLKAVGLFESYDLLKAVHIVQFIFI
FESYDLL,0,,...[FWY]..[LVI],PLRTKYIVLLCFTKFLKAVGLFESYDLLKAVHIVQFIFI
IVQFIFI,0,,...[FWY]..[LVI],PLRTKYIVLLCFTKFLKAVGLFESYDLLKAVHIVQFIFI
IYLYHKF,0,,...[FWY]..[WFY],PLRAKYSPSDEELHRFSDEGMEVIERLIYLYHKFHQLKV
YHKFHQL,0,,...[FWY]..[LVI],PLRAKYSPSDEELHRFSDEGMEVIERLIYLYHKFHQLKV
RDIYKEL,0,,...[FWY]..[LVI],PLRTKYTRDIYKELLISLVASLFMGFGVLFLLLWVGIYA
ASLFMGF,0,,...[FWY]..[WFY],PLRTKYTRDIYKELLISLVASLFMGFGVLFLLLWVGIYA
FMGFGVL,0,,...[FWY]..[LVI],PLRTKYTRDIYKELLISLVASLFMGFGVLFLLLWVGIYA
GVLFLLL,0,,...[FWY]..[LVI],PLRTKYTRDIYKELLISLVASLFMGFGVLFLLLWVGIYA
LLLWVGI,0,,...[FWY]..[LVI],PLRTKYTRDIYKELLISLVASLFMGFGVLFLLLWVGIYA
AERFGDV,0,,...[FWY]..[LVI],PLRTLAERFGDVSLQESINQENFELLQYYKIFMEKMPP
QENFELL,0,,...[FWY]..[LVI],PLRTLAERFGDVSLQESINQENFELLQYYKIFMEKMPP
LLQYYKI,0,,...[FWY]..[LVI],PLRTLAERFGDVSLQESINQENFELLQYYKIFMEKMPP
LQYYKIF,0,,...[FWY]..[WFY],PLRTLAERFGDVSLQESINQENFELLQYYKIFMEKMPP
ENRYLVV,0,,...[FWY]..[LVI],PLRDLFEDKQENRYLVVPPLETGLKVCFSSFRELRQHLL
KVCFSSF,0,,...[FWY]..[WFY],PLRDLFEDKQENRYLVVPPLETGLKVCFSSFRELRQHLL
FSSFREL,0,,...[FWY]..[LVI],PLRDLFEDKQENRYLVVPPLETGLKVCFSSFRELRQHLL
RSLFGHL,0,,...[FWY]..[LVI],PLRSLFGHLMESKLQYYVPENFWKIFKMWNKELYVREQQ
PENFWKI,0,,...[FWY]..[LVI],PLRSLFGHLMESKLQYYVPENFWKIFKMWNKELYVREQQ
ENFWKIF,0,,...[FWY]..[WFY],PLRSLFGHLMESKLQYYVPENFWKIFKMWNKELYVREQQ
WKIFKMW,0,,...[FWY]..[WFY],PLRSLFGHLMESKLQYYVPENFWKIFKMWNKELYVREQQ
VDAFLDY,0,,...[FWY]..[WFY],PLRTLFHWDLPQALQDHGGWQNESVVDAFLDYAAFCFST
FLDYAAF,0,,...[FWY]..[WFY],PLRTLFHWDLPQALQDHGGWQNESVVDAFLDYAAFCFST
RSLFLWL,0,,...[FWY]..[LVI],PLRSLFLWLRWRMNGMIVMLLILSLFLLIFDSLVLEIFI
LFLWLRW,0,,...[FWY]..[WFY],PLRSLFLWLRWRMNGMIVMLLILSLFLLIFDSLVLEIFI
LSLFLLI,0,,...[FWY]..[LVI],PLRSLFLWLRWRMNGMIVMLLILSLFLLIFDSLVLEIFI
LLIFDSL,0,,...[FWY]..[LVI],PLRSLFLWLRWRMNGMIVMLLILSLFLLIFDSLVLEIFI
GAKYVVL,0,,...[FWY]..[LVI],PLRDLFQAAGAKYVVLTTKHHEGFTNWPSPVSWNWNSK
HEGFTNW,0,,...[FWY]..[WFY],PLRDLFQAAGAKYVVLTTKHHEGFTNWPSPVSWNWNSK
LFSWSSL,0,,...[FWY]..[LVI],PLRTLFSWSSLSWALVSYTRFMGFMKPGHLAMPWAALFC
SLSWALV,0,,...[FWY]..[LVI],PLRTLFSWSSLSWALVSYTRFMGFMKPGHLAMPWAALFC
LVSYTRF,0,,...[FWY]..[WFY],PLRTLFSWSSLSWALVSYTRFMGFMKPGHLAMPWAALFC
YTRFMGF,0,,...[FWY]..[WFY],PLRTLFSWSSLSWALVSYTRFMGFMKPGHLAMPWAALFC
AMPWAAL,0,,...[FWY]..[LVI],PLRTLFSWSSLSWALVSYTRFMGFMKPGHLAMPWAALFC
LGTFHQL,0,,...[FWY]..[LVI],PLRELGTFHQLFKHLGTEDIISTKQYVEVFAFLKILR
HQLFKHL,0,,...[FWY]..[LVI],PLRELGTFHQLFKHLGTEDIISTKQYVEVFAFLKILR
TKQYVEV,0,,...[FWY]..[LVI],PLRELGTFHQLFKHLGTEDIISTKQYVEVFAFLKILR
VEVFAFL,0,,...[FWY]..[LVI],PLRELGTFHQLFKHLGTEDIISTKQYVEVFAFLKILR
VFAFLKI,0,,...[FWY]..[LVI],PLRELGTFHQLFKHLGTEDIISTKQYVEVFAFLKILR
EAYYQTF,0,,...[FWY]..[WFY],PLRNSEEMKEAYYQTFHLMRQLYHECTLVHADLSEYNML
LSEYNML,0,,...[FWY]..[LVI],PLRNSEEMKEAYYQTFHLMRQLYHECTLVHADLSEYNML
GSEFKFW,0,,...[FWY]..[WFY],PLRELHRSQNRGGSEFKFWFCYCLIACCRDSISSSGKWE
FKFWFCY,0,,...[FWY]..[WFY],PLRELHRSQNRGGSEFKFWFCYCLIACCRDSISSSGKWE
WFCYCLI,0,,...[FWY]..[LVI],PLRELHRSQNRGGSEFKFWFCYCLIACCRDSISSSGKWE
ENEYPLV,0,,...[FWY]..[LVI],PLRTLILQSYPDNSYQQPYGENEYPLVRFLRQPIYMEVR
QPIYMEV,0,,...[FWY]..[LVI],PLRTLILQSYPDNSYQQPYGENEYPLVRFLRQPIYMEVR
VSIFLLL,0,,...[FWY]..[LVI],PLRNTLVAVSIFLLLTGPTYLLFKLSPRLGWGPTGPVCC
GPTYLLF,0,,...[FWY]..[WFY],PLRNTLVAVSIFLLLTGPTYLLFKLSPRLGWGPTGPVCC
ASSYWSV,0,,...[FWY]..[LVI],PLRDLIQEFIIASSYWSVYSETSNMDKLLPHSSVLTWNT
SSYWSVY,0,,...[FWY]..[WFY],PLRDLIQEFIIASSYWSVYSETSNMDKLLPHSSVLTWNT
PGVFNEY,0,,...[FWY]..[WFY],PLRPLISSAVYVKNQLSGTLQIKPGVFNEYRTIWFKSYR
FNEYRTI,0,,...[FWY]..[LVI],PLRPLISSAVYVKNQLSGTLQIKPGVFNEYRTIWFKSYR
TIWFKSY,0,,...[FWY]..[WFY],PLRPLISSAVYVKNQLSGTLQIKPGVFNEYRTIWFKSYR
ICCWSAY,0,,...[FWY]..[WFY],PLRIYEICCWSAYYNSAMNPLIYALFYPWFRKAIKLILN
PLIYALF,0,,...[FWY]..[WFY],PLRIYEICCWSAYYNSAMNPLIYALFYPWFRKAIKLILN
YALFYPW,0,,...[FWY]..[WFY],PLRIYEICCWSAYYNSAMNPLIYALFYPWFRKAIKLILN
ALFYPWF,0,,...[FWY]..[WFY],PLRIYEICCWSAYYNSAMNPLIYALFYPWFRKAIKLILN
RLTWPKL,0,,...[FWY]..[LVI],PLRYIISLHQEERLTWPKLIFHVFIIILGVANLIVQFFM
KLIFHVF,0,,...[FWY]..[WFY],PLRYIISLHQEERLTWPKLIFHVFIIILGVANLIVQFFM
FHVFIII,0,,...[FWY]..[LVI],PLRYIISLHQEERLTWPKLIFHVFIIILGVANLIVQFFM
RKLFHFL,0,,...[FWY]..[LVI],PLRALKIQSQVSQHVGSCSTRKLFHFLFVKHLINQQIH
LFHFLFV,0,,...[FWY]..[LVI],PLRALKIQSQVSQHVGSCSTRKLFHFLFVKHLINQQIH
MVDYNTF,0,,...[FWY]..[WFY],PLRKLKQEEGKSRELKQVFKAADSKHTNMVDYNTFRDIL
YNTFRDI,0,,...[FWY]..[LVI],PLRKLKQEEGKSRELKQVFKAADSKHTNMVDYNTFRDIL
LAVYPVF,0,,...[FWY]..[WFY],PLRALLADSQPPNRRALAVYPVFLFYFVISWMILTFTPQ
YPVFLFY,0,,...[FWY]..[WFY],PLRALLADSQPPNRRALAVYPVFLFYFVISWMILTFTPQ
VFLFYFV,0,,...[FWY]..[LVI],PLRALLADSQPPNRRALAVYPVFLFYFVISWMILTFTPQ
FLFYFVI,0,,...[FWY]..[LVI],PLRALLADSQPPNRRALAVYPVFLFYFVISWMILTFTPQ
VISWMIL,0,,...[FWY]..[LVI],PLRALLADSQPPNRRALAVYPVFLFYFVISWMILTFTPQ
ALLFVAF,0,,...[FWY]..[WFY],PLRALLFVAFALCMFCLYSFMPLVIKVTSATSVNLGILT
LCMFCLY,0,,...[FWY]..[WFY],PLRALLFVAFALCMFCLYSFMPLVIKVTSATSVNLGILT
LYSFMPL,0,,...[FWY]..[LVI],PLRALLFVAFALCMFCLYSFMPLVIKVTSATSVNLGILT
NDMYGDY,0,,...[FWY]..[WFY],PLRPLLGRLNDMYGDYKYTYWACGVVLIISGIYLFIAW
DYKYTYW,0,,...[FWY]..[WFY],PLRPLLGRLNDMYGDYKYTYWACGVVLIISGIYLFIAW
SGIYLFI,0,,...[FWY]..[LVI],PLRPLLGRLNDMYGDYKYTYWACGVVLIISGIYLFIAW
IYLFIAW,0,,...[FWY]..[WFY],PLRPLLGRLNDMYGDYKYTYWACGVVLIISGIYLFIAW
SAYFKDF,0,,...[FWY]..[WFY],PLRALLPSLMLPMFGIMPSKKVASAYFKDFHLLLIGVIC
FKDFHLL,0,,...[FWY]..[LVI],PLRALLPSLMLPMFGIMPSKKVASAYFKDFHLLLIGVIC
CIAYMLV,0,,...[FWY]..[LVI],PLRTLLKNNKKQENNVRDLCIAYMLVTLTYLYIGVLVFA
TLTYLYI,0,,...[FWY]..[LVI],PLRTLLKNNKKQENNVRDLCIAYMLVTLTYLYIGVLVFA
TYLYIGV,0,,...[FWY]..[LVI],PLRTLLKNNKKQENNVRDLCIAYMLVTLTYLYIGVLVFA
LLNFGQI,0,,...[FWY]..[LVI],PLRELLNFGQIYQAFKINVVSKCSAVKEEITSIYRLHIP
GQIYQAF,0,,...[FWY]..[WFY],PLRELLNFGQIYQAFKINVVSKCSAVKEEITSIYRLHIP
AESWARL,0,,...[FWY]..[LVI],PLRPLLRCAAAESWARLAQVVDDGAFTAGLAQVSFDKLK
QVSFDKL,0,,...[FWY]..[LVI],PLRPLLRCAAAESWARLAQVVDDGAFTAGLAQVSFDKLK
RRTYEPY,0,,...[FWY]..[WFY],PLRRTYEPYGSLVQQIRILLLGPIGAGKSSFFNSVRSVF
YEPYGSL,0,,...[FWY]..[LVI],PLRRTYEPYGSLVQQIRILLLGPIGAGKSSFFNSVRSVF
SSFFNSV,0,,...[FWY]..[LVI],PLRRTYEPYGSLVQQIRILLLGPIGAGKSSFFNSVRSVF
LMPYINI,0,,...[FWY]..[LVI],PLRSLMPYINICGTSNHRKKMGGNFEIIIKQILQDKIAA
GGNFEII,0,,...[FWY]..[LVI],PLRSLMPYINICGTSNHRKKMGGNFEIIIKQILQDKIAA
SDQWKRL,0,,...[FWY]..[LVI],PLRKSLNIRSHLEASSDQWKRLHLSLQELLVWLQLKDDE
LLVWLQL,0,,...[FWY]..[LVI],PLRKSLNIRSHLEASSDQWKRLHLSLQELLVWLQLKDDE
TLDFEEV,0,,...[FWY]..[LVI],PLRDLNSNTGEITVLNTLDFEEVKEYSIVLEARDGGGMI
VKEYSIV,0,,...[FWY]..[LVI],PLRDLNSNTGEITVLNTLDFEEVKEYSIVLEARDGGGMI
KFHFSDL,0,,...[FWY]..[LVI],PLRELPDADKYEINKFHFSDLPLTELELVKCGIQMYYEL
IQMYYEL,0,,...[FWY]..[LVI],PLRELPDADKYEINKFHFSDLPLTELELVKCGIQMYYEL
HISFALY,0,,...[FWY]..[WFY],PLRFEEEHISFALYVDNRFFTLTVTSLHLVFQMGVIFPQ
DNRFFTL,0,,...[FWY]..[LVI],PLRFEEEHISFALYVDNRFFTLTVTSLHLVFQMGVIFPQ
PATFLPF,0,,...[FWY]..[WFY],PLRLPSARGPATFLPFLTVDLPVYVLQEVLPSSGGPAGP
FLPFLTV,0,,...[FWY]..[LVI],PLRLPSARGPATFLPFLTVDLPVYVLQEVLPSSGGPAGP
VSHFQKL,0,,...[FWY]..[LVI],PLRTLQAIVSHFQKLFDVPSLNGVYPRMNEVYTRLGEMN
NEVYTRL,0,,...[FWY]..[LVI],PLRTLQAIVSHFQKLFDVPSLNGVYPRMNEVYTRLGEMN
SVTFHLF,0,,...[FWY]..[WFY],PLRSLQRFQNKITSTTTDGESVTFHLFDHVTVRISIQAS
FHLFDHV,0,,...[FWY]..[LVI],PLRSLQRFQNKITSTTTDGESVTFHLFDHVTVRISIQAS
MRTWYPV,0,,...[FWY]..[LVI],PLRRASFEDKLLMSDIVFMRTWYPVSIPAFYNPVTSLLK
PAFYNPV,0,,...[FWY]..[LVI],PLRRASFEDKLLMSDIVFMRTWYPVSIPAFYNPVTSLLK
TVSFVAY,0,,...[FWY]..[WFY],PLRPLRETPMAGLHQWKTTVSFVAYCCSTQCLQTFDLLS
LQTFDLL,0,,...[FWY]..[LVI],PLRPLRETPMAGLHQWKTTVSFVAYCCSTQCLQTFDLLS
DLQYHNL,0,,...[FWY]..[LVI],PLRPLRIMINILQSCKDLQYHNLDLFKGLADYVAATFDI
LDLFKGL,0,,...[FWY]..[LVI],PLRPLRIMINILQSCKDLQYHNLDLFKGLADYVAATFDI
AARYIDF,0,,...[FWY]..[WFY],PLRALRKIIPTLPSDKLSKIQTLKLAARYIDFLYQVLQS
DFLYQVL,0,,...[FWY]..[LVI],PLRALRKIIPTLPSDKLSKIQTLKLAARYIDFLYQVLQS
LRAWRDY,0,,...[FWY]..[WFY],PLRTLSDWKIQLKVLRAWRDYTRFQKLERETQALENDL
WRDYTRF,0,,...[FWY]..[WFY],PLRTLSDWKIQLKVLRAWRDYTRFQKLERETQALENDL
YTRFQKL,0,,...[FWY]..[LVI],PLRTLSDWKIQLKVLRAWRDYTRFQKLERETQALENDL
PLRWMAL,0,,...[FWY]..[LVI],PLRWMALIALSFLAPCMCCYLPLRACYHCGVMCRCCGGK
MCCYLPL,0,,...[FWY]..[LVI],PLRWMALIALSFLAPCMCCYLPLRACYHCGVMCRCCGGK
SKIYLSY,0,,...[FWY]..[WFY],PLRTLSKIYLSYYRSYLGRLMKVQYEEVAEKDDLMGVED
LSYYRSY,0,,...[FWY]..[WFY],PLRTLSKIYLSYYRSYLGRLMKVQYEEVAEKDDLMGVED
KVQYEEV,0,,...[FWY]..[LVI],PLRTLSKIYLSYYRSYLGRLMKVQYEEVAEKDDLMGVED
LKTFKPF,0,,...[FWY]..[WFY],PLRALSTSQGLGIAEPSLLKTFKPFFVDFMLPALIIRGE
KPFFVDF,0,,...[FWY]..[WFY],PLRALSTSQGLGIAEPSLLKTFKPFFVDFMLPALIIRGE
TDAYAGF,0,,...[FWY]..[WFY],PLRPLTEDQKLYAATDAYAGFIIYRNLEILDDTVQRFAI
YAGFIIY,0,,...[FWY]..[WFY],PLRPLTEDQKLYAATDAYAGFIIYRNLEILDDTVQRFAI
FIIYRNL,0,,...[FWY]..[LVI],PLRPLTEDQKLYAATDAYAGFIIYRNLEILDDTVQRFAI
PLRYLTL,0,,...[FWY]..[LVI],PLRYLTLTSRMTGEEGKEVITEIEKKLPRLYKVLKTHIS
PRLYKVL,0,,...[FWY]..[LVI],PLRYLTLTSRMTGEEGKEVITEIEKKLPRLYKVLKTHIS
RKNFPRV,0,,...[FWY]..[LVI],PLRVLTMTTLGTFSRKNFPRVSYITALDFYIAICFVFCF
LDFYIAI,0,,...[FWY]..[LVI],PLRVLTMTTLGTFSRKNFPRVSYITALDFYIAICFVFCF
GKAFNQF,0,,...[FWY]..[WFY],PLRTKHKRIHTEEKPYKCEECGKAFNQFSILNKHKRIHM
FNQFSIL,0,,...[FWY]..[LVI],PLRTKHKRIHTEEKPYKCEECGKAFNQFSILNKHKRIHM
TLTYGKL,0,,...[FWY]..[LVI],PLRTLTYGKLWTRSMKVAYSILHKLGIKQEPMVRPGDRV
KVAYSIL,0,,...[FWY]..[LVI],PLRTLTYGKLWTRSMKVAYSILHKLGIKQEPMVRPGDRV
RDLYKTL,0,,...[FWY]..[LVI],PLRDLYKTLTPISAAYARARGADRMSSFGDFVALSDVCD
MSSFGDF,0,,...[FWY]..[WFY],PLRDLYKTLTPISAAYARARGADRMSSFGDFVALSDVCD
FGDFVAL,0,,...[FWY]..[LVI],PLRDLYKTLTPISAAYARARGADRMSSFGDFVALSDVCD
RSLYLKI,0,,...[FWY]..[LVI],PLRSLYLKITTRMEIKELKEFGLPFSWAWGCCSPWSAFP
CSPWSAF,0,,...[FWY]..[WFY],PLRSLYLKITTRMEIKELKEFGLPFSWAWGCCSPWSAFP
LNRYVPF,0,,...[FWY]..[WFY],PLRTMCRNLITFLRETFLNRYVPFDAAVDFHRLIASTAI
AVDFHRL,0,,...[FWY]..[LVI],PLRTMCRNLITFLRETFLNRYVPFDAAVDFHRLIASTAI
AMGFFLV,0,,...[FWY]..[LVI],PLRAMGFFLVLVMEQITLAYKEQSGPSPLEETRALLGTV
MGFFLVL,0,,...[FWY]..[LVI],PLRAMGFFLVLVMEQITLAYKEQSGPSPLEETRALLGTV
QENYRLF,0,,...[FWY]..[WFY],PLREMHNLKGLCNLVILDMCGNIIIWNQENYRLFVIFHL
YRLFVIF,0,,...[FWY]..[WFY],PLREMHNLKGLCNLVILDMCGNIIIWNQENYRLFVIFHL
MTAFESI,0,,...[FWY]..[LVI],PLRAMTAFESIKSVVSYWNLALIFHRKAEDIANDALSPE
VVSYWNL,0,,...[FWY]..[LVI],PLRAMTAFESIKSVVSYWNLALIFHRKAEDIANDALSPE
TVGYGDV,0,,...[FWY]..[LVI],PLRTMSTVGYGDVYAKTTLGRLFMVFFILGGLAMFASYV
GRLFMVF,0,,...[FWY]..[WFY],PLRTMSTVGYGDVYAKTTLGRLFMVFFILGGLAMFASYV
FMVFFIL,0,,...[FWY]..[LVI],PLRTMSTVGYGDVYAKTTLGRLFMVFFILGGLAMFASYV
LAMFASY,0,,...[FWY]..[WFY],PLRTMSTVGYGDVYAKTTLGRLFMVFFILGGLAMFASYV
SITFLSI,0,,...[FWY]..[LVI],PLRMWLISITFLSIGYVTWYLTHTVVKVSAYLLVLWVL
SIGYVTW,0,,...[FWY]..[WFY],PLRMWLISITFLSIGYVTWYLTHTVVKVSAYLLVLWVL
VSAYLLV,0,,...[FWY]..[LVI],PLRMWLISITFLSIGYVTWYLTHTVVKVSAYLLVLWVL
RPMYFFL,0,,...[FWY]..[LVI],PLRPMYFFLTHLSFIDLSYSTVVPPKTLANLLTSNYISF
HLSFIDL,0,,...[FWY]..[LVI],PLRPMYFFLTHLSFIDLSYSTVVPPKTLANLLTSNYISF
DLSYSTV,0,,...[FWY]..[LVI],PLRPMYFFLTHLSFIDLSYSTVVPPKTLANLLTSNYISF
TSNYISF,0,,...[FWY]..[WFY],PLRPMYFFLTHLSFIDLSYSTVVPPKTLANLLTSNYISF
RPMYLGF,0,,...[FWY]..[WFY],PLRPMYLGFEKDVFKTIADYYGHLKEPLLTFHLFDAFVS
KDVFKTI,0,,...[FWY]..[LVI],PLRPMYLGFEKDVFKTIADYYGHLKEPLLTFHLFDAFVS
ADYYGHL,0,,...[FWY]..[LVI],PLRPMYLGFEKDVFKTIADYYGHLKEPLLTFHLFDAFVS
LLTFHLF,0,,...[FWY]..[WFY],PLRPMYLGFEKDVFKTIADYYGHLKEPLLTFHLFDAFVS
FHLFDAF,0,,...[FWY]..[WFY],PLRPMYLGFEKDVFKTIADYYGHLKEPLLTFHLFDAFVS
QIMFETF,0,,...[FWY]..[WFY],PLRREKMTQIMFETFNVPAMYVAIQAVLSLYASGRTTGI
PAMYVAI,0,,...[FWY]..[LVI],PLRREKMTQIMFETFNVPAMYVAIQAVLSLYASGRTTGI
SQFFITV,0,,...[FWY]..[LVI],PLRANAGSNTNGSQFFITVVPTPWLDNKHTVFGRVTKGM
HTVFGRV,0,,...[FWY]..[LVI],PLRANAGSNTNGSQFFITVVPTPWLDNKHTVFGRVTKGM
ADTFWKF,0,,...[FWY]..[WFY],PLRGNADTFWKFQRYNLIVEYHERPALAPPFILLSHLSL
FWKFQRY,0,,...[FWY]..[WFY],PLRGNADTFWKFQRYNLIVEYHERPALAPPFILLSHLSL
FQRYNLI,0,,...[FWY]..[LVI],PLRGNADTFWKFQRYNLIVEYHERPALAPPFILLSHLSL
APPFILL,0,,...[FWY]..[LVI],PLRGNADTFWKFQRYNLIVEYHERPALAPPFILLSHLSL
NAIFQLI,0,,...[FWY]..[LVI],PLRSNAIFQLIPEAFGFDPKVDSYVEKAVAVFGGFYLLF
VAVFGGF,0,,...[FWY]..[WFY],PLRSNAIFQLIPEAFGFDPKVDSYVEKAVAVFGGFYLLF
FGGFYLL,0,,...[FWY]..[LVI],PLRSNAIFQLIPEAFGFDPKVDSYVEKAVAVFGGFYLLF
GGFYLLF,0,,...[FWY]..[WFY],PLRSNAIFQLIPEAFGFDPKVDSYVEKAVAVFGGFYLLF
CIFFCPV,0,,...[FWY]..[LVI],PLRTNCIFFCPVAFFSFAPLITAISISPEIMKSVTLIFF
PVAFFSF,0,,...[FWY]..[WFY],PLRTNCIFFCPVAFFSFAPLITAISISPEIMKSVTLIFF
FFSFAPL,0,,...[FWY]..[LVI],PLRTNCIFFCPVAFFSFAPLITAISISPEIMKSVTLIFF
RPNFGFV,0,,...[FWY]..[LVI],PLRPNFGFVVFDDSEPVQKVLSNRPIMFRGEVRLNVEEK
NFGFVVF,0,,...[FWY]..[WFY],PLRPNFGFVVFDDSEPVQKVLSNRPIMFRGEVRLNVEEK
RQMFGQF,0,,...[FWY]..[WFY],PLRKRLHVSNIPFRFRDPDLRQMFGQFGKILDVEIIFNV
FGQFGKI,0,,...[FWY]..[LVI],PLRKRLHVSNIPFRFRDPDLRQMFGQFGKILDVEIIFNV
SARFIFI,0,,...[FWY]..[LVI],PLRTNISVSSARFIFIRLLGVCREGTQARNEARKM
RFIFIRL,0,,...[FWY]..[LVI],PLRTNISVSSARFIFIRLLGVCREGTQARNEARKM
RYSFDNL,0,,...[FWY]..[LVI],PLRDNISRYSFDNLPEKYWRKYQYASRFVQLLRSKSPKI
EKYWRKY,0,,...[FWY]..[WFY],PLRDNISRYSFDNLPEKYWRKYQYASRFVQLLRSKSPKI
ASRFVQL,0,,...[FWY]..[LVI],PLRDNISRYSFDNLPEKYWRKYQYASRFVQLLRSKSPKI
APDFLAF,0,,...[FWY]..[WFY],PLRDNTAPDFLAFKEHFSLAWGGIFSLLEHVEKFLRNYA
SLAWGGI,0,,...[FWY]..[LVI],PLRDNTAPDFLAFKEHFSLAWGGIFSLLEHVEKFLRNYA
GGIFSLL,0,,...[FWY]..[LVI],PLRDNTAPDFLAFKEHFSLAWGGIFSLLEHVEKFLRNYA
LEQFPFL,0,,...[FWY]..[LVI],PLRPNKAVPMKVSEHSLLPLMLEQFPFLYVSGPTLSKMW
QFPFLYV,0,,...[FWY]..[LVI],PLRPNKAVPMKVSEHSLLPLMLEQFPFLYVSGPTLSKMW
SEKFTNF,0,,...[FWY]..[WFY],PLRSNKTLRTLTSERAEQLSNTLKKIAASEKFTNFNLFY
FTNFNLF,0,,...[FWY]..[WFY],PLRSNKTLRTLTSERAEQLSNTLKKIAASEKFTNFNLFY
IMGYLRI,0,,...[FWY]..[LVI],PLRDNLALIQLTVIMGYLRIIRFLPLFKIIVPILIRIQ
IIRFLPL,0,,...[FWY]..[LVI],PLRDNLALIQLTVIMGYLRIIRFLPLFKIIVPILIRIQ
LPLFKII,0,,...[FWY]..[LVI],PLRDNLALIQLTVIMGYLRIIRFLPLFKIIVPILIRIQ
SRGFFNY,0,,...[FWY]..[WFY],PLRSNNEKKSRGFFNYQASIFAENFGPRFTKGEGFFSVF
GEGFFSV,0,,...[FWY]..[LVI],PLRSNNEKKSRGFFNYQASIFAENFGPRFTKGEGFFSVF
EGFFSVF,0,,...[FWY]..[WFY],PLRSNNEKKSRGFFNYQASIFAENFGPRFTKGEGFFSVF
DQLFRMV,0,,...[FWY]..[LVI],PLRSNWLKSPDADSDQLFRMVAEVFILWCKSHNFKREEQ
AEVFILW,0,,...[FWY]..[WFY],PLRSNWLKSPDADSDQLFRMVAEVFILWCKSHNFKREEQ
EGAFSVY,0,,...[FWY]..[WFY],PLRSNSEKDIMAEIYKNGPVEGAFSVYSDFLLYKSGVYQ
FSVYSDF,0,,...[FWY]..[WFY],PLRSNSEKDIMAEIYKNGPVEGAFSVYSDFLLYKSGVYQ
YSDFLLY,0,,...[FWY]..[WFY],PLRSNSEKDIMAEIYKNGPVEGAFSVYSDFLLYKSGVYQ
ANSFTSW,0,,...[FWY]..[WFY],PLRANSFTSWVLYTASVDLLLPECCKNTEVF
FTSWVLY,0,,...[FWY]..[WFY],PLRANSFTSWVLYTASVDLLLPECCKNTEVF
ASVFYTV,0,,...[FWY]..[LVI],PLRPKSNHSLDTDKMASVFYTVVIPMLNPLIYSLRNKEV
SVFYTVV,0,,...[FWY]..[LVI],PLRPKSNHSLDTDKMASVFYTVVIPMLNPLIYSLRNKEV
SARYHFF,0,,...[FWY]..[WFY],PLRANTTNTELKDLPKRIPKDSARYHFFLYKHSHEGDYL
RYHFFLY,0,,...[FWY]..[WFY],PLRANTTNTELKDLPKRIPKDSARYHFFLYKHSHEGDYL
RLIFEML,0,,...[FWY]..[LVI],PLRLIFEMLSGFPPFFDDNPFGIYQKILAGKLYFPRHLD
LSGFPPF,0,,...[FWY]..[WFY],PLRLIFEMLSGFPPFFDDNPFGIYQKILAGKLYFPRHLD
DNPFGIY,0,,...[FWY]..[WFY],PLRLIFEMLSGFPPFFDDNPFGIYQKILAGKLYFPRHLD
FGIYQKI,0,,...[FWY]..[LVI],PLRLIFEMLSGFPPFFDDNPFGIYQKILAGKLYFPRHLD
DPSYFVF,0,,...[FWY]..[WFY],PLRATFGDNKRNERFYTEKDPSYFVFLYLTKDSRFLTIN
PSYFVFL,0,,...[FWY]..[LVI],PLRATFGDNKRNERFYTEKDPSYFVFLYLTKDSRFLTIN
YFVFLYL,0,,...[FWY]..[LVI],PLRATFGDNKRNERFYTEKDPSYFVFLYLTKDSRFLTIN
DSRFLTI,0,,...[FWY]..[LVI],PLRATFGDNKRNERFYTEKDPSYFVFLYLTKDSRFLTIN
RASFLTY,0,,...[FWY]..[WFY],PLRASFLTYLQQEIFRYIRNTVGQKNLASKTLVDQRFLI
QEIFRYI,0,,...[FWY]..[LVI],PLRASFLTYLQQEIFRYIRNTVGQKNLASKTLVDQRFLI
ISLFFTI,0,,...[FWY]..[LVI],PLRTPGIQKVGISLFFTIVDYVSDETQRHPPTRQFFTSC
SLFFTIV,0,,...[FWY]..[LVI],PLRTPGIQKVGISLFFTIVDYVSDETQRHPPTRQFFTSC
PLRWAYI,0,,...[FWY]..[LVI],PLRWAYIACACGLFIYQSLDAIDGKQARRTNSSSPLGEL
LFIYQSL,0,,...[FWY]..[LVI],PLRWAYIACACGLFIYQSLDAIDGKQARRTNSSSPLGEL
EPEFHLI,0,,...[FWY]..[LVI],PLRNPEPEFHLISAFWPSLLIFGCCI
SAFWPSL,0,,...[FWY]..[LVI],PLRNPEPEFHLISAFWPSLLIFGCCI
PVRWMAI,0,,...[FWY]..[LVI],PLRPVRWMAIESLNYSVYTTKSDVWSFGVLLWEIVSLGG
SLNYSVY,0,,...[FWY]..[WFY],PLRPVRWMAIESLNYSVYTTKSDVWSFGVLLWEIVSLGG
VWSFGVL,0,,...[FWY]..[LVI],PLRPVRWMAIESLNYSVYTTKSDVWSFGVLLWEIVSLGG
VLLWEIV,0,,...[FWY]..[LVI],PLRPVRWMAIESLNYSVYTTKSDVWSFGVLLWEIVSLGG
PKDYKEY,0,,...[FWY]..[WFY],PLRTPKDYKEYKSYKDDSKHKREQDHSRSSSSSASPSSP
YKEYKSY,0,,...[FWY]..[WFY],PLRTPKDYKEYKSYKDDSKHKREQDHSRSSSSSASPSSP
IFIFEWW,0,,...[FWY]..[WFY],PLRSSLISGLIFIFEWWYFHKHGTSFIEQVSVSHLQPLM
IFEWWYF,0,,...[FWY]..[WFY],PLRSSLISGLIFIFEWWYFHKHGTSFIEQVSVSHLQPLM
SENYTYI,0,,...[FWY]..[LVI],PLRCEPKSENYTYIWWLNGQSLPVSPRVKRPIENRILIL
NYTYIWW,0,,...[FWY]..[WFY],PLRCEPKSENYTYIWWLNGQSLPVSPRVKRPIENRILIL
GACFSKV,0,,...[FWY]..[LVI],PLRMGACFSKVFDGCPLKINCATSWIHPDTKDQYIIFGT
KDQYIIF,0,,...[FWY]..[WFY],PLRMGACFSKVFDGCPLKINCATSWIHPDTKDQYIIFGT
NRGFAFI,0,,...[FWY]..[LVI],PLRTQLNRGFAFIQLSTIEAAQLLQILQALHPPLTIDGK
GFAFIQL,0,,...[FWY]..[LVI],PLRTQLNRGFAFIQLSTIEAAQLLQILQALHPPLTIDGK
RIGYYPF,0,,...[FWY]..[WFY],PLRDPPSVFNMPEAGLKRIGYYPFLLLHYFF
IGYYPFL,0,,...[FWY]..[LVI],PLRDPPSVFNMPEAGLKRIGYYPFLLLHYFF
YYPFLLL,0,,...[FWY]..[LVI],PLRDPPSVFNMPEAGLKRIGYYPFLLLHYFF
TLTFSHL,0,,...[FWY]..[LVI],PLRATLTFSHLNKEDEGLYTSVYGWVNIMTI
EGLYTSV,0,,...[FWY]..[LVI],PLRATLTFSHLNKEDEGLYTSVYGWVNIMTI
TSVYGWV,0,,...[FWY]..[LVI],PLRATLTFSHLNKEDEGLYTSVYGWVNIMTI
VYGWVNI,0,,...[FWY]..[LVI],PLRATLTFSHLNKEDEGLYTSVYGWVNIMTI
LRMYFFF,0,,...[FWY]..[WFY],PLRMYFFFFFGVAECFLLATMAYDRYVAICSPLHYPVIK
RMYFFFF,0,,...[FWY]..[WFY],PLRMYFFFFFGVAECFLLATMAYDRYVAICSPLHYPVIK
MYFFFFF,0,,...[FWY]..[WFY],PLRMYFFFFFGVAECFLLATMAYDRYVAICSPLHYPVIK
FFFFFGV,0,,...[FWY]..[LVI],PLRMYFFFFFGVAECFLLATMAYDRYVAICSPLHYPVIK
PLHYPVI,0,,...[FWY]..[LVI],PLRMYFFFFFGVAECFLLATMAYDRYVAICSPLHYPVIK
HLLFSSL,0,,...[FWY]..[LVI],PLRATMIGCLFLSSHLLFSSLFSEERMPFLVFLIPS
RMPFLVF,0,,...[FWY]..[WFY],PLRATMIGCLFLSSHLLFSSLFSEERMPFLVFLIPS
TPMYFFL,0,,...[FWY]..[LVI],PLRTPMYFFLSNLSFVDLCYSQTLFRKCWSISSRRTNL
NLSFVDL,0,,...[FWY]..[LVI],PLRTPMYFFLSNLSFVDLCYSQTLFRKCWSISSRRTNL
SKKFIWV,0,,...[FWY]..[LVI],PLRTPRDKLTVEELEQFQSKKFIWVKFH
KFIWVKF,0,,...[FWY]..[WFY],PLRTPRDKLTVEELEQFQSKKFIWVKFH
PRGYTKL,0,,...[FWY]..[LVI],PLRPPRGYTKLPFKWFDYLRETGSIAAPVKLFNKDVPNH
KLPFKWF,0,,...[FWY]..[WFY],PLRPPRGYTKLPFKWFDYLRETGSIAAPVKLFNKDVPNH
PFKWFDY,0,,...[FWY]..[WFY],PLRPPRGYTKLPFKWFDYLRETGSIAAPVKLFNKDVPNH
FKWFDYL,0,,...[FWY]..[LVI],PLRPPRGYTKLPFKWFDYLRETGSIAAPVKLFNKDVPNH
GSLFEII,0,,...[FWY]..[LVI],PLRAPRQPLYNIQVRKGSLFEIISFPAKTALTSIIYASY
SIIYASY,0,,...[FWY]..[WFY],PLRAPRQPLYNIQVRKGSLFEIISFPAKTALTSIIYASY
NGGYSGL,0,,...[FWY]..[LVI],PLRVNGGYSGLRDVYLLHESYDDVQQSFFLAETLKYLYL
HESYDDV,0,,...[FWY]..[LVI],PLRVNGGYSGLRDVYLLHESYDDVQQSFFLAETLKYLYL
TLKYLYL,0,,...[FWY]..[LVI],PLRVNGGYSGLRDVYLLHESYDDVQQSFFLAETLKYLYL
RSSYLEY,0,,...[FWY]..[WFY],PLRTPTIQKLKEERSSYLEYQKVMREIEHLSRLYIAYQF
YLEYQKV,0,,...[FWY]..[LVI],PLRTPTIQKLKEERSSYLEYQKVMREIEHLSRLYIAYQF
SRLYIAY,0,,...[FWY]..[WFY],PLRTPTIQKLKEERSSYLEYQKVMREIEHLSRLYIAYQF
QELYYVF,0,,...[FWY]..[WFY],PLRATSCNCKATEDASDLNDDDNLPTQELYYVFDKFILT
YYVFDKF,0,,...[FWY]..[WFY],PLRATSCNCKATEDASDLNDDDNLPTQELYYVFDKFILT
PSEFVRL,0,,...[FWY]..[LVI],PLREPSEFVRLPEYDAAADGATISWKENFDSAYTELNEI
DSAYTEL,0,,...[FWY]..[LVI],PLREPSEFVRLPEYDAAADGATISWKENFDSAYTELNEI
SLGFVLF,0,,...[FWY]..[WFY],PLRAPSLGFVLFALFVAFLLRGKLMETYCSQKHTRLDYI
FVLFALF,0,,...[FWY]..[WFY],PLRAPSLGFVLFALFVAFLLRGKLMETYCSQKHTRLDYI
FALFVAF,0,,...[FWY]..[WFY],PLRAPSLGFVLFALFVAFLLRGKLMETYCSQKHTRLDYI
SNGFRYL,0,,...[FWY]..[LVI],PLRCSSLGCGSNGFRYLNYRIHTSPSQSYRSRFCHPIYF
GFRYLNY,0,,...[FWY]..[WFY],PLRCSSLGCGSNGFRYLNYRIHTSPSQSYRSRFCHPIYF
RTPYLPL,0,,...[FWY]..[LVI],PLRTPYLPLLAFPFVKLFQNNQLICFEIIATSLSIGVN
LLAFPFV,0,,...[FWY]..[LVI],PLRTPYLPLLAFPFVKLFQNNQLICFEIIATSLSIGVN
AFPFVKL,0,,...[FWY]..[LVI],PLRTPYLPLLAFPFVKLFQNNQLICFEIIATSLSIGVN
LICFEII,0,,...[FWY]..[LVI],PLRTPYLPLLAFPFVKLFQNNQLICFEIIATSLSIGVN
LRSYVKY,0,,...[FWY]..[WFY],PLRAQCHEEGLESHLRSYVKYAYKAEPYVASEYKTVHEE
ASEYKTV,0,,...[FWY]..[LVI],PLRAQCHEEGLESHLRSYVKYAYKAEPYVASEYKTVHEE
LKFFDMF,0,,...[FWY]..[WFY],PLRVNGTIGKQMVDTLVESSTNVEMILKFFDMFLKLKDL
FDMFLKL,0,,...[FWY]..[LVI],PLRVNGTIGKQMVDTLVESSTNVEMILKFFDMFLKLKDL
EEKYAFV,0,,...[FWY]..[LVI],PLRTQHSYSEEEKYAFVNWINKALENDPDCRHVIPMNPN
KYAFVNW,0,,...[FWY]..[WFY],PLRTQHSYSEEEKYAFVNWINKALENDPDCRHVIPMNPN
AQIFRGL,0,,...[FWY]..[LVI],PLRAQIFRGLVIYIVWIFFYETANVVIQILTNNDFDIKE
LVIYIVW,0,,...[FWY]..[WFY],PLRAQIFRGLVIYIVWIFFYETANVVIQILTNNDFDIKE
YIVWIFF,0,,...[FWY]..[WFY],PLRAQIFRGLVIYIVWIFFYETANVVIQILTNNDFDIKE
GEGFHPV,0,,...[FWY]..[LVI],PLREQIILLLEGEGFHPVTFVLNANLLVNVKFIFYSSDK
NVKFIFY,0,,...[FWY]..[WFY],PLREQIILLLEGEGFHPVTFVLNANLLVNVKFIFYSSDK
SLVFQNF,0,,...[FWY]..[WFY],PLRAQITSTGSLVFQNFEESMSGIYTCFLEYKPTVEEIV
SGIYTCF,0,,...[FWY]..[WFY],PLRAQITSTGSLVFQNFEESMSGIYTCFLEYKPTVEEIV
YTCFLEY,0,,...[FWY]..[WFY],PLRAQITSTGSLVFQNFEESMSGIYTCFLEYKPTVEEIV
GRQWTFI,0,,...[FWY]..[LVI],PLREQFAFMGGRQWTFIVLLQGYMYSRLFIIFLLMMLC
QWTFIVL,0,,...[FWY]..[LVI],PLREQFAFMGGRQWTFIVLLQGYMYSRLFIIFLLMMLC
GYMYSRL,0,,...[FWY]..[LVI],PLREQFAFMGGRQWTFIVLLQGYMYSRLFIIFLLMMLC
SRLFIIF,0,,...[FWY]..[WFY],PLREQFAFMGGRQWTFIVLLQGYMYSRLFIIFLLMMLC
RPQFAFY,0,,...[FWY]..[WFY],PLRPQFAFYNEDQELPCPLGPGECYELHVHCKTSFVGYF
KTSFVGY,0,,...[FWY]..[WFY],PLRPQFAFYNEDQELPCPLGPGECYELHVHCKTSFVGYF
GSVYEDV,0,,...[FWY]..[LVI],PLRPQFLRDSYQGSVYEDVPPFTSVLQISATDRDSGLNG
VPPFTSV,0,,...[FWY]..[LVI],PLRPQFLRDSYQGSVYEDVPPFTSVLQISATDRDSGLNG
SQKYAYF,0,,...[FWY]..[WFY],PLRSQKYAYFNGCSSPTAPLSPMSPPGYKLVTGDRNNSS
PPGYKLV,0,,...[FWY]..[LVI],PLRSQKYAYFNGCSSPTAPLSPMSPPGYKLVTGDRNNSS
QEAFLFF,0,,...[FWY]..[WFY],PLRGKRLHMIDLEIQEAFLFFMASILKGYRSYLRPITQA
LKGYRSY,0,,...[FWY]..[WFY],PLRGKRLHMIDLEIQEAFLFFMASILKGYRSYLRPITQA
LHRYTKL,0,,...[FWY]..[LVI],PLREQLHRYTKLSYRVVFPLELRLFNTSSDAVNLDRMYD
KLSYRVV,0,,...[FWY]..[LVI],PLREQLHRYTKLSYRVVFPLELRLFNTSSDAVNLDRMYD
NLPFYDV,0,,...[FWY]..[LVI],PLRVQLKNLPFYDVLDVLIKPTSLVQSSIQRFQEKFFIF
LPFYDVL,0,,...[FWY]..[LVI],PLRVQLKNLPFYDVLDVLIKPTSLVQSSIQRFQEKFFIF
QEKFFIF,0,,...[FWY]..[WFY],PLRVQLKNLPFYDVLDVLIKPTSLVQSSIQRFQEKFFIF
IKIFRKL,0,,...[FWY]..[LVI],PLRPQLKRDYVVPILIIFNVSLVQCNMSIKIFRKLYYFY
RKLYYFY,0,,...[FWY]..[WFY],PLRPQLKRDYVVPILIIFNVSLVQCNMSIKIFRKLYYFY
QPVYDQI,0,,...[FWY]..[LVI],PLRTQPVYDQIDPVFGAFFVRGSRLVQL
DPVFGAF,0,,...[FWY]..[WFY],PLRTQPVYDQIDPVFGAFFVRGSRLVQL
LHIYAEL,0,,...[FWY]..[LVI],PLRDQQICAYLEEKLHIYAELGELSGFEDVHLEPHLLIK
LSGFEDV,0,,...[FWY]..[LVI],PLRDQQICAYLEEKLHIYAELGELSGFEDVHLEPHLLIK
SSWYQKL,0,,...[FWY]..[LVI],PLRAQSQLLVPEQKDSSSWYQKLDTKDKPSVFSGLLGFE
PSVFSGL,0,,...[FWY]..[LVI],PLRAQSQLLVPEQKDSSSWYQKLDTKDKPSVFSGLLGFE
IDVFLLL,0,,...[FWY]..[LVI],PLRPQTDVRWMSETGIIDVFLLLGPSISDVFRQYASLTG
SDVFRQY,0,,...[FWY]..[WFY],PLRPQTDVRWMSETGIIDVFLLLGPSISDVFRQYASLTG
FRQYASL,0,,...[FWY]..[LVI],PLRPQTDVRWMSETGIIDVFLLLGPSISDVFRQYASLTG
NFVYASL,0,,...[FWY]..[LVI],PLRDQVNFVYASLLLCLLLSGFASTYVLVNQL
ASTYVLV,0,,...[FWY]..[LVI],PLRDQVNFVYASLLLCLLLSGFASTYVLVNQL
DPEFWDW,0,,...[FWY]..[WFY],PLRTQWPFDPEFWDWKTLKRQCLALMGEEASIVSSIDEL
FWDWKTL,0,,...[FWY]..[LVI],PLRTQWPFDPEFWDWKTLKRQCLALMGEEASIVSSIDEL
VNLFFAW,0,,...[FWY]..[WFY],PLRTQYNNMNAVNLFFAWIKIFKYISFNKTMTQLSSTLA
NLFFAWI,0,,...[FWY]..[LVI],PLRTQYNNMNAVNLFFAWIKIFKYISFNKTMTQLSSTLA
FFAWIKI,0,,...[FWY]..[LVI],PLRTQYNNMNAVNLFFAWIKIFKYISFNKTMTQLSSTLA
IKIFKYI,0,,...[FWY]..[LVI],PLRTQYNNMNAVNLFFAWIKIFKYISFNKTMTQLSSTLA
IFKYISF,0,,...[FWY]..[WFY],PLRTQYNNMNAVNLFFAWIKIFKYISFNKTMTQLSSTLA
QTFFMCI,0,,...[FWY]..[LVI],PLRTRDQLPGDNNNNLYGHQTFFMCIEDTSGKSFGVFLM
GKSFGVF,0,,...[FWY]..[WFY],PLRTRDQLPGDNNNNLYGHQTFFMCIEDTSGKSFGVFLM
ADEYYEY,0,,...[FWY]..[WFY],PLREFEEQFFKQTGRSPQKEDRIPMADEYYEYKHIKAKL
YYEYKHI,0,,...[FWY]..[LVI],PLREFEEQFFKQTGRSPQKEDRIPMADEYYEYKHIKAKL
IALFRKY,0,,...[FWY]..[WFY],PLRLCRYMNPRARKNCSQIALFRKYRFHFFCSMRCRAWV
KYRFHFF,0,,...[FWY]..[WFY],PLRLCRYMNPRARKNCSQIALFRKYRFHFFCSMRCRAWV
RLEWVGL,0,,...[FWY]..[LVI],PLRLASAPTEKQRLEWVGLVESKIRILVGSLEKNEFITL
KNEFITL,0,,...[FWY]..[LVI],PLRLASAPTEKQRLEWVGLVESKIRILVGSLEKNEFITL
VNMYEDI,0,,...[FWY]..[LVI],PLRDRDGEKADISVNMYEDINIITGALKLYFRDLPIPLI
KLYFRDL,0,,...[FWY]..[LVI],PLRDRDGEKADISVNMYEDINIITGALKLYFRDLPIPLI
RELFYIL,0,,...[FWY]..[LVI],PLRLDVRTTLRNHVFFRDRYGAKQRELFYILLAYSEYNP
ELFYILL,0,,...[FWY]..[LVI],PLRLDVRTTLRNHVFFRDRYGAKQRELFYILLAYSEYNP
LLAYSEY,0,,...[FWY]..[WFY],PLRLDVRTTLRNHVFFRDRYGAKQRELFYILLAYSEYNP
KISFENL,0,,...[FWY]..[LVI],PLRPREKISFENLKLATELPDAELRRTLWSLVAFPKLKR
RTLWSLV,0,,...[FWY]..[LVI],PLRPREKISFENLKLATELPDAELRRTLWSLVAFPKLKR
LVAFPKL,0,,...[FWY]..[LVI],PLRPREKISFENLKLATELPDAELRRTLWSLVAFPKLKR
QRSYKNL,0,,...[FWY]..[LVI],PLRTRELLQRSYKNLEQRVQLECDGQYIPLPSLQGIAVL
DGQYIPL,0,,...[FWY]..[LVI],PLRTRELLQRSYKNLEQRVQLECDGQYIPLPSLQGIAVL
EQVFVLI,0,,...[FWY]..[LVI],PLRSREQVFVLISAASVNLGSMMCYSILGPFFPKEAEKK
MMCYSIL,0,,...[FWY]..[LVI],PLRSREQVFVLISAASVNLGSMMCYSILGPFFPKEAEKK
ASVFYTI,0,,...[FWY]..[LVI],PLRRKSYSLGRDQVASVFYTIVIPMLNPLIYSLRNKEVK
SVFYTIV,0,,...[FWY]..[LVI],PLRRKSYSLGRDQVASVFYTIVIPMLNPLIYSLRNKEVK
AQLFIFL,0,,...[FWY]..[LVI],PLRTRKVISYGGCVAQLFIFLALGSTECLLLAVMCFDRF
LFIFLAL,0,,...[FWY]..[LVI],PLRTRKVISYGGCVAQLFIFLALGSTECLLLAVMCFDRF
VMCFDRF,0,,...[FWY]..[WFY],PLRTRKVISYGGCVAQLFIFLALGSTECLLLAVMCFDRF
RLEWKKL,0,,...[FWY]..[LVI],PLRSRLEWKKLGRSVSFVYYQQTLQGDFKNRAEMIDFNI
SVSFVYY,0,,...[FWY]..[WFY],PLRSRLEWKKLGRSVSFVYYQQTLQGDFKNRAEMIDFNI
PRLFFAL,0,,...[FWY]..[LVI],PLRPRLFFALERIGMKQIGVCLSSCPSGYYGTRYPDINN
GTRYPDI,0,,...[FWY]..[LVI],PLRPRLFFALERIGMKQIGVCLSSCPSGYYGTRYPDINN
CMTFFEV,0,,...[FWY]..[LVI],PLREKNCMTFFEVSPLCNFNVIESFTELSRIVLMRHGME
LCNFNVI,0,,...[FWY]..[LVI],PLREKNCMTFFEVSPLCNFNVIESFTELSRIVLMRHGME
IESFTEL,0,,...[FWY]..[LVI],PLREKNCMTFFEVSPLCNFNVIESFTELSRIVLMRHGME
LKKYFLI,0,,...[FWY]..[LVI],PLRASLKKYFLITFFLFSFAIGFYLLLKSLGVDLLWTLE
LITFFLF,0,,...[FWY]..[WFY],PLRASLKKYFLITFFLFSFAIGFYLLLKSLGVDLLWTLE
AIGFYLL,0,,...[FWY]..[LVI],PLRASLKKYFLITFFLFSFAIGFYLLLKSLGVDLLWTLE
IGFYLLL,0,,...[FWY]..[LVI],PLRASLKKYFLITFFLFSFAIGFYLLLKSLGVDLLWTLE
PTRFLFI,0,,...[FWY]..[LVI],PLRRLSPAVLLSGLTEVPIPTRFLFILLGPVGKGQQYHE
RFLFILL,0,,...[FWY]..[LVI],PLRRLSPAVLLSGLTEVPIPTRFLFILLGPVGKGQQYHE
TVNYLGI,0,,...[FWY]..[LVI],PLRTRGIEITVNYLGIQFDVKFWSQHISFILVGIIIVTS
HISFILV,0,,...[FWY]..[LVI],PLRTRGIEITVNYLGIQFDVKFWSQHISFILVGIIIVTS
PQVWDFW,0,,...[FWY]..[WFY],PLRDRGRCTGRTLSGFSNQAAILAPQVWDFWVFSWLASC
VWDFWVF,0,,...[FWY]..[WFY],PLRDRGRCTGRTLSGFSNQAAILAPQVWDFWVFSWLASC
FWVFSWL,0,,...[FWY]..[LVI],PLRDRGRCTGRTLSGFSNQAAILAPQVWDFWVFSWLASC
NTRYLFL,0,,...[FWY]..[LVI],PLRPANTRYLFLGDYVDRGYFSIECVLYLWVLKILYPST
DRGYFSI,0,,...[FWY]..[LVI],PLRPANTRYLFLGDYVDRGYFSIECVLYLWVLKILYPST
CVLYLWV,0,,...[FWY]..[LVI],PLRPANTRYLFLGDYVDRGYFSIECVLYLWVLKILYPST
IKLWEEI,0,,...[FWY]..[LVI],PLRMRIKLWEEIKSAKYSEAWQSKEEMENTKKFLSLTAV
TKKFLSL,0,,...[FWY]..[LVI],PLRMRIKLWEEIKSAKYSEAWQSKEEMENTKKFLSLTAV
PLRYCCL,0,,...[FWY]..[LVI],PLRYCCLSRIQVYLSMHPYCCLSRIQVYLGTHAYSCSPR
MHPYCCL,0,,...[FWY]..[LVI],PLRYCCLSRIQVYLSMHPYCCLSRIQVYLGTHAYSCSPR
ETHYNQL,0,,...[FWY]..[LVI],PLRHRHYERKGLAYCETHYNQLFGDVCFHCNRVIEGDVV
NQLFGDV,0,,...[FWY]..[LVI],PLRHRHYERKGLAYCETHYNQLFGDVCFHCNRVIEGDVV
LNIFSEV,0,,...[FWY]..[LVI],PLRARSLPDIPAHLNIFSEVRVYNYRKLILCYGTTKGSS
VYNYRKL,0,,...[FWY]..[LVI],PLRARSLPDIPAHLNIFSEVRVYNYRKLILCYGTTKGSS
PLRFYTI,0,,...[FWY]..[LVI],PLRFYTIFIPVLNPLIYSLRNKDVKDAAEKVLRSKVDSS
LRFYTIF,0,,...[FWY]..[WFY],PLRFYTIFIPVLNPLIYSLRNKDVKDAAEKVLRSKVDSS
YTIFIPV,0,,...[FWY]..[LVI],PLRFYTIFIPVLNPLIYSLRNKDVKDAAEKVLRSKVDSS
SRQWGPI,0,,...[FWY]..[LVI],PLRSRQWGPIFLKVLPGGILQMYYEQGLEKPFKEIQLDP
GPIFLKV,0,,...[FWY]..[LVI],PLRSRQWGPIFLKVLPGGILQMYYEQGLEKPFKEIQLDP
EKPFKEI,0,,...[FWY]..[LVI],PLRSRQWGPIFLKVLPGGILQMYYEQGLEKPFKEIQLDP
EFPFEDI,0,,...[FWY]..[LVI],PLRTRREFPFEDITQHNYLAQVTSNIWGTKFKIVGLAAF
GTKFKIV,0,,...[FWY]..[LVI],PLRTRREFPFEDITQHNYLAQVTSNIWGTKFKIVGLAAF
DDIFKII,0,,...[FWY]..[LVI],PLRPRNDDIFKIIMAIVLFFFFSWIPHKFSLFWMY
IVLFFFF,0,,...[FWY]..[WFY],PLRPRNDDIFKIIMAIVLFFFFSWIPHKFSLFWMY
LFFFFSW,0,,...[FWY]..[WFY],PLRPRNDDIFKIIMAIVLFFFFSWIPHKFSLFWMY
FFFFSWI,0,,...[FWY]..[LVI],PLRPRNDDIFKIIMAIVLFFFFSWIPHKFSLFWMY
PHKFSLF,0,,...[FWY]..[WFY],PLRPRNDDIFKIIMAIVLFFFFSWIPHKFSLFWMY
FSLFWMY,0,,...[FWY]..[WFY],PLRPRNDDIFKIIMAIVLFFFFSWIPHKFSLFWMY
NHRWRIW,0,,...[FWY]..[WFY],PLRERNHRWRIWRVITVWRIWSVITVWRIWSVRFWVRV
WRIWRVI,0,,...[FWY]..[LVI],PLRERNHRWRIWRVITVWRIWSVITVWRIWSVRFWVRV
ITVWRIW,0,,...[FWY]..[WFY],PLRERNHRWRIWRVITVWRIWSVITVWRIWSVRFWVRV
WRIWSVI,0,,...[FWY]..[LVI],PLRERNHRWRIWRVITVWRIWSVITVWRIWSVRFWVRV
VRFWVRV,0,,...[FWY]..[LVI],PLRERNHRWRIWRVITVWRIWSVITVWRIWSVRFWVRV
TPCFCTI,0,,...[FWY]..[LVI],PLRSSPCNKCLSPDVTPCFCTINFTLEKSFGGNVFMYYG
GNVFMYY,0,,...[FWY]..[WFY],PLRSSPCNKCLSPDVTPCFCTINFTLEKSFGGNVFMYYG
SDPWSQL,0,,...[FWY]..[LVI],PLRARTISSVPAIAIVSDPWSQLCCCQPPSPVRLYPGLC
VRLYPGL,0,,...[FWY]..[LVI],PLRARTISSVPAIAIVSDPWSQLCCCQPPSPVRLYPGLC
GYYYEKI,0,,...[FWY]..[LVI],PLRTRTSDVGGYYYEKIERTTKSPSDSGYSYETIGKTTK
GYSYETI,0,,...[FWY]..[LVI],PLRTRTSDVGGYYYEKIERTTKSPSDSGYSYETIGKTTK
RFLFAKL,0,,...[FWY]..[LVI],PLRERTYKQRFLFAKLFSHITSARKARKYEIPHFRLKKV
AKLFSHI,0,,...[FWY]..[LVI],PLRERTYKQRFLFAKLFSHITSARKARKYEIPHFRLKKV
STAYMEL,0,,...[FWY]..[LVI],PLRARVTITRDTSMSTAYMELSSLRSEDTAMYYCVRDTM
TAMYYCV,0,,...[FWY]..[LVI],PLRARVTITRDTSMSTAYMELSSLRSEDTAMYYCVRDTM
VPRYLIY,0,,...[FWY]..[WFY],PLRDRVNGQAVPRYLIYDIIKFNSQPVGDCDFNVRLQCI
YLIYDII,0,,...[FWY]..[LVI],PLRDRVNGQAVPRYLIYDIIKFNSQPVGDCDFNVRLQCI
GDQWINI,0,,...[FWY]..[LVI],PLRNRVTVYEYDIRGDQWINIGTTLGLLQFDSNFFCLSA
DSNFFCL,0,,...[FWY]..[LVI],PLRNRVTVYEYDIRGDQWINIGTTLGLLQFDSNFFCLSA
SCSYKLV,0,,...[FWY]..[LVI],PLRSRVWRTDGLSSCSYKLVSVEHNPLYINITVDFWFGA
NPLYINI,0,,...[FWY]..[LVI],PLRSRVWRTDGLSSCSYKLVSVEHNPLYINITVDFWFGA
PPEWIRY,0,,...[FWY]..[WFY],PLRTRVYSPPEWIRYHRYHGRSAAVWSLGILLYDMVCGD
WIRYHRY,0,,...[FWY]..[WFY],PLRTRVYSPPEWIRYHRYHGRSAAVWSLGILLYDMVCGD
ILLYDMV,0,,...[FWY]..[LVI],PLRTRVYSPPEWIRYHRYHGRSAAVWSLGILLYDMVCGD
RDRWSLI,0,,...[FWY]..[LVI],PLRDRWSLISLSNNSGKNVELKFVDSLRRQFSSV
RRQFSSV,0,,...[FWY]..[LVI],PLRDRWSLISLSNNSGKNVELKFVDSLRRQFSSV
HEVYVLL,0,,...[FWY]..[LVI],PLRERYEMPRHEVYVLLIRNIFLKISIIGILCYYWLNTV
RNIFLKI,0,,...[FWY]..[LVI],PLRERYEMPRHEVYVLLIRNIFLKISIIGILCYYWLNTV
ILCYYWL,0,,...[FWY]..[LVI],PLRERYEMPRHEVYVLLIRNIFLKISIIGILCYYWLNTV
RSRYQAL,0,,...[FWY]..[LVI],PLRSRYQALLLQVLEQINSWRRRFRVWRNQNIPQFLF
RRRFRVW,0,,...[FWY]..[WFY],PLRSRYQALLLQVLEQINSWRRRFRVWRNQNIPQFLF
ALPFFIL,0,,...[FWY]..[LVI],PLRDSALPFFILTSVLGILASSTVLFMLFRPLFRWQLCP
TVLFMLF,0,,...[FWY]..[WFY],PLRDSALPFFILTSVLGILASSTVLFMLFRPLFRWQLCP
FMLFRPL,0,,...[FWY]..[LVI],PLRDSALPFFILTSVLGILASSTVLFMLFRPLFRWQLCP
VKVFDSF,0,,...[FWY]..[WFY],PLRASTLQLGSPRATGVDEEDVKVFDSFQNMRVFLQLRQ
MRVFLQL,0,,...[FWY]..[LVI],PLRASTLQLGSPRATGVDEEDVKVFDSFQNMRVFLQLRQ
ASVFTLV,0,,...[FWY]..[LVI],PLRMCKISGLVQGISVAASVFTLVAIAVDRFQCVVYPFK
VDRFQCV,0,,...[FWY]..[LVI],PLRMCKISGLVQGISVAASVFTLVAIAVDRFQCVVYPFK
MTRWGEF,0,,...[FWY]..[WFY],PLRSSDVFSSKGMTRWGEFDDLYRISELDRTQIPMSEKR
WGEFDDL,0,,...[FWY]..[LVI],PLRSSDVFSSKGMTRWGEFDDLYRISELDRTQIPMSEKR
RNSYLGL,0,,...[FWY]..[LVI],PLRKKKKKERNSYLGLVSLPAASVAGRQFVEKWYPVVTP
VEKWYPV,0,,...[FWY]..[LVI],PLRKKKKKERNSYLGLVSLPAASVAGRQFVEKWYPVVTP
EKWYPVV,0,,...[FWY]..[LVI],PLRKKKKKERNSYLGLVSLPAASVAGRQFVEKWYPVVTP
SEIFDMY,0,,...[FWY]..[WFY],PLRTSEIFDMYQQYAAFKRWHFETLEYFPSELGGLRHAS
FDMYQQY,0,,...[FWY]..[WFY],PLRTSEIFDMYQQYAAFKRWHFETLEYFPSELGGLRHAS
YQQYAAF,0,,...[FWY]..[WFY],PLRTSEIFDMYQQYAAFKRWHFETLEYFPSELGGLRHAS
YAAFKRW,0,,...[FWY]..[WFY],PLRTSEIFDMYQQYAAFKRWHFETLEYFPSELGGLRHAS
RWHFETL,0,,...[FWY]..[LVI],PLRTSEIFDMYQQYAAFKRWHFETLEYFPSELGGLRHAS
RPEWQSV,0,,...[FWY]..[LVI],PLRTSFRPEWQSVYPFIVPYGPPLPSLNYHLNIQRFSGP
QSVYPFI,0,,...[FWY]..[LVI],PLRTSFRPEWQSVYPFIVPYGPPLPSLNYHLNIQRFSGP
RGIWHNY,0,,...[FWY]..[WFY],PLRSPLLTCAGMARDWPDARGIWHNYDKTFLIWINEEDH
DKTFLIW,0,,...[FWY]..[WFY],PLRSPLLTCAGMARDWPDARGIWHNYDKTFLIWINEEDH
ISTFTKW,0,,...[FWY]..[WFY],PLRASISTFTKWVVCFFILPHGVVTLKVHRKLCASLKR
VVCFFIL,0,,...[FWY]..[LVI],PLRASISTFTKWVVCFFILPHGVVTLKVHRKLCASLKR
TEAFDYL,0,,...[FWY]..[LVI],PLRTSKFCVACVTEAFDYLHRLGIIYRDLKPENLILDAY
GIIYRDL,0,,...[FWY]..[LVI],PLRTSKFCVACVTEAFDYLHRLGIIYRDLKPENLILDAY
VKGYSFI,0,,...[FWY]..[LVI],PLRSSKFQKRKMLRLSQDVKGYSFIKDLQWIQVSDSKEA
DLQWIQV,0,,...[FWY]..[LVI],PLRSSKFQKRKMLRLSQDVKGYSFIKDLQWIQVSDSKEA
PGPYADV,0,,...[FWY]..[LVI],PLRTSKGPGPYADVVKSTTSEINPFPHLITLLGNKIVFL
INPFPHL,0,,...[FWY]..[LVI],PLRTSKGPGPYADVVKSTTSEINPFPHLITLLGNKIVFL
RISFTNF,0,,...[FWY]..[WFY],PLRISFTNFQSHMIRHTGDGPYKCKVCGRAFIFPSYVRK
AFIFPSY,0,,...[FWY]..[WFY],PLRISFTNFQSHMIRHTGDGPYKCKVCGRAFIFPSYVRK
NDLWQIF,0,,...[FWY]..[WFY],PLRTSHYNNDLWQIFENPVDWKEKYINRDYSKIFTENIV
NRDYSKI,0,,...[FWY]..[LVI],PLRTSHYNNDLWQIFENPVDWKEKYINRDYSKIFTENIV
HSLYHFL,0,,...[FWY]..[LVI],PLRASRGFHEAHNGHNHHGWYLHNGHSLYHFLLVHLGSW
LYHFLLV,0,,...[FWY]..[LVI],PLRASRGFHEAHNGHNHHGWYLHNGHSLYHFLLVHLGSW
ICSYFSF,0,,...[FWY]..[WFY],PLRSSLLLTSCYICSYFSFYILGEKRCHSLKRLRYSVCC
CSYFSFY,0,,...[FWY]..[WFY],PLRSSLLLTSCYICSYFSFYILGEKRCHSLKRLRYSVCC
YFSFYIL,0,,...[FWY]..[LVI],PLRSSLLLTSCYICSYFSFYILGEKRCHSLKRLRYSVCC
KLRYEGL,0,,...[FWY]..[LVI],PLRDSLSTWIVTVVENIGGRLKLRYEGLESSDNYEHWLY
SDNYEHW,0,,...[FWY]..[WFY],PLRDSLSTWIVTVVENIGGRLKLRYEGLESSDNYEHWLY
LLLYYDL,0,,...[FWY]..[LVI],PLRTSPGSTEDEEQLLQKVMNLWEKKGLLLYYDLVESTF
LLYYDLV,0,,...[FWY]..[LVI],PLRTSPGSTEDEEQLLQKVMNLWEKKGLLLYYDLVESTF
LKGYLNV,0,,...[FWY]..[LVI],PLRTSPHLAQLKGYLNVFEGFFGKKAFVTLLSSSAWVR
LNVFEGF,0,,...[FWY]..[WFY],PLRTSPHLAQLKGYLNVFEGFFGKKAFVTLLSSSAWVR
KKAFVTL,0,,...[FWY]..[LVI],PLRTSPHLAQLKGYLNVFEGFFGKKAFVTLLSSSAWVR
GSLWERL,0,,...[FWY]..[LVI],PLRQGSLWERLAYGITPENEHHLWLSVTSVSSSCNTGW
HHLWLSV,0,,...[FWY]..[LVI],PLRQGSLWERLAYGITPENEHHLWLSVTSVSSSCNTGW
HYKWQKF,0,,...[FWY]..[WFY],PLRTSNQFVLQLRPELQDALISIIDHYKWQKFVYIYDAD
WQKFVYI,0,,...[FWY]..[LVI],PLRTSNQFVLQLRPELQDALISIIDHYKWQKFVYIYDAD
SYQFGFI,0,,...[FWY]..[LVI],PLRPSYQFGFIILTTSAGITDREEARRKHTGGKILGLF
QFGFIIL,0,,...[FWY]..[LVI],PLRPSYQFGFIILTTSAGITDREEARRKHTGGKILGLF
HMKYSIL,0,,...[FWY]..[LVI],PLRVSSIMMLHMKYSILPNYYKFIVITVIILITLIEAIR
LPNYYKF,0,,...[FWY]..[WFY],PLRVSSIMMLHMKYSILPNYYKFIVITVIILITLIEAIR
PNYYKFI,0,,...[FWY]..[LVI],PLRVSSIMMLHMKYSILPNYYKFIVITVIILITLIEAIR
YYKFIVI,0,,...[FWY]..[LVI],PLRVSSIMMLHMKYSILPNYYKFIVITVIILITLIEAIR
SMDFSTY,0,,...[FWY]..[WFY],PLRPSSVTSGLHVQPALAVSMDFSTYGGLLPQGFIQHEL
FSTYGGL,0,,...[FWY]..[LVI],PLRPSSVTSGLHVQPALAVSMDFSTYGGLLPQGFIQHEL
MYSFAGY,0,,...[FWY]..[WFY],PLRSSTARCSLFGSDFVNTFDGSMYSFAGYCSYLLAGGC
FAGYCSY,0,,...[FWY]..[WFY],PLRSSTARCSLFGSDFVNTFDGSMYSFAGYCSYLLAGGC
LRAYTIF,0,,...[FWY]..[WFY],PLRAYTIFENIKIFHSNEVMSQFYAVLMGKRSENVYVTR
YTIFENI,0,,...[FWY]..[LVI],PLRAYTIFENIKIFHSNEVMSQFYAVLMGKRSENVYVTR
MSQFYAV,0,,...[FWY]..[LVI],PLRAYTIFENIKIFHSNEVMSQFYAVLMGKRSENVYVTR
SQFYAVL,0,,...[FWY]..[LVI],PLRAYTIFENIKIFHSNEVMSQFYAVLMGKRSENVYVTR
APVFTAL,0,,...[FWY]..[LVI],PLRSSTPIAPVFTALPSFTSLTNNFPLTGNPSLNPSVSL
LPSFTSL,0,,...[FWY]..[LVI],PLRSSTPIAPVFTALPSFTSLTNNFPLTGNPSLNPSVSL
QKIYHFF,0,,...[FWY]..[WFY],PLRTSWTTGVLLSLIHLVLLLPLPFCRPQKIYHFFCEIL
YHFFCEI,0,,...[FWY]..[LVI],PLRTSWTTGVLLSLIHLVLLLPLPFCRPQKIYHFFCEIL
GGGWTVV,0,,...[FWY]..[LVI],PLRSSYPFEVMCDMDYRGGGWTVVQKRIDGIIDFQRLWS
IIDFQRL,0,,...[FWY]..[LVI],PLRSSYPFEVMCDMDYRGGGWTVVQKRIDGIIDFQRLWS
GGGWTVI,0,,...[FWY]..[LVI],PLRSSYPFEVMCDMDYRGGGWTVIQKRIDGIIDFQRLWC
PARYEFL,0,,...[FWY]..[LVI],PLRVPGSNPARYEFLWGPRALAETSYVKVLEHVVRVNAR
ETSYVKV,0,,...[FWY]..[LVI],PLRVPGSNPARYEFLWGPRALAETSYVKVLEHVVRVNAR
EVPYSHF,0,,...[FWY]..[WFY],PLRTSVDTLLDNNSSEVPYSHFGNLAPGPTMDELSSSEL
YSHFGNL,0,,...[FWY]..[LVI],PLRTSVDTLLDNNSSEVPYSHFGNLAPGPTMDELSSSEL
RNEYAMI,0,,...[FWY]..[LVI],PLRVSVEVNCRNEYAMIGNNMITCINGIWTELPMCVATH
NGIWTEL,0,,...[FWY]..[LVI],PLRVSVEVNCRNEYAMIGNNMITCINGIWTELPMCVATH
ATCFYAF,0,,...[FWY]..[WFY],PLRATCFYAFVGFDCIATTGEEVRNPQKAISIGIVTSLL
TCFYAFV,0,,...[FWY]..[LVI],PLRATCFYAFVGFDCIATTGEEVRNPQKAISIGIVTSLL
FYAFVGF,0,,...[FWY]..[WFY],PLRATCFYAFVGFDCIATTGEEVRNPQKAISIGIVTSLL
FVGFDCI,0,,...[FWY]..[LVI],PLRATCFYAFVGFDCIATTGEEVRNPQKAISIGIVTSLL
RTTFAII,0,,...[FWY]..[LVI],PLRTTFAIIENLKYFLLKKDPSQPFYLGHTIKSGDLEYV
NLKYFLL,0,,...[FWY]..[LVI],PLRTTFAIIENLKYFLLKKDPSQPFYLGHTIKSGDLEYV
RDTFCPL,0,,...[FWY]..[LVI],PLRDTFCPLKNVGCLIGPDNIWFNIQRYESPLRINFDVT
DNIWFNI,0,,...[FWY]..[LVI],PLRDTFCPLKNVGCLIGPDNIWFNIQRYESPLRINFDVT
RTTFHDY,0,,...[FWY]..[WFY],PLRTTFHDYYVALAVLNTILSTGLSCYSRFLEIQKPRLC
HDYYVAL,0,,...[FWY]..[LVI],PLRTTFHDYYVALAVLNTILSTGLSCYSRFLEIQKPRLC
LSCYSRF,0,,...[FWY]..[WFY],PLRTTFHDYYVALAVLNTILSTGLSCYSRFLEIQKPRLC
YSRFLEI,0,,...[FWY]..[LVI],PLRTTFHDYYVALAVLNTILSTGLSCYSRFLEIQKPRLC
RMTFVTL,0,,...[FWY]..[LVI],PLRMTFVTLFFACLGFLSPANRGALMTCAVVLWVLLGTP
TLFFACL,0,,...[FWY]..[LVI],PLRMTFVTLFFACLGFLSPANRGALMTCAVVLWVLLGTP
VVLWVLL,0,,...[FWY]..[LVI],PLRMTFVTLFFACLGFLSPANRGALMTCAVVLWVLLGTP
LPLFVEI,0,,...[FWY]..[LVI],PLRTTGIIFVLPLFVEIPAHLQWQCGAIAVYFYWMNFLL
IAVYFYW,0,,...[FWY]..[WFY],PLRTTGIIFVLPLFVEIPAHLQWQCGAIAVYFYWMNFLL
YFYWMNF,0,,...[FWY]..[WFY],PLRTTGIIFVLPLFVEIPAHLQWQCGAIAVYFYWMNFLL
TLNYNEY,0,,...[FWY]..[WFY],PLRDTGILNPDGYTLNYNEYIVYNPNQVRMRYLLKVQFN
YNEYIVY,0,,...[FWY]..[WFY],PLRDTGILNPDGYTLNYNEYIVYNPNQVRMRYLLKVQFN
EPVFEQI,0,,...[FWY]..[LVI],PLRTTGKRKHEDDEPVFEQIENTANPSRCPVKMFECYLS
VKMFECY,0,,...[FWY]..[WFY],PLRTTGKRKHEDDEPVFEQIENTANPSRCPVKMFECYLS
IKIYTPV,0,,...[FWY]..[LVI],PLRLNGRDTHMRQIKIYTPVEESSIGKFPRCTTIDFMMY
TIDFMMY,0,,...[FWY]..[WFY],PLRLNGRDTHMRQIKIYTPVEESSIGKFPRCTTIDFMMY
NTHFLMW,0,,...[FWY]..[WFY],PLRNTHFLMWDIGGQESLRSSWNTYYSNTEFIILVVDSI
RSSWNTY,0,,...[FWY]..[WFY],PLRNTHFLMWDIGGQESLRSSWNTYYSNTEFIILVVDSI
NTEFIIL,0,,...[FWY]..[LVI],PLRNTHFLMWDIGGQESLRSSWNTYYSNTEFIILVVDSI
MNRYPSW,0,,...[FWY]..[WFY],PLRATKARNEGRIRDSVDLQSLMTEMNRYPSWCSLLFGY
YPSWCSL,0,,...[FWY]..[LVI],PLRATKARNEGRIRDSVDLQSLMTEMNRYPSWCSLLFGY
SAPYWGW,0,,...[FWY]..[WFY],PLRTTLASFISEVVSSAPYWGWAIIKSYDLDPGAGSLEI
YWGWAII,0,,...[FWY]..[LVI],PLRTTLASFISEVVSSAPYWGWAIIKSYDLDPGAGSLEI
VIGYPYY,0,,...[FWY]..[WFY],PLRIHCRVIGYPYYSIKWYKNSNLLPFNHRQVAFENNGT
GYPYYSI,0,,...[FWY]..[LVI],PLRIHCRVIGYPYYSIKWYKNSNLLPFNHRQVAFENNGT
CLIFTCI,0,,...[FWY]..[LVI],PLRSTLLCLIFTCICGIQHLERIGKKLNLFDSLYFCIVT
LNLFDSL,0,,...[FWY]..[LVI],PLRSTLLCLIFTCICGIQHLERIGKKLNLFDSLYFCIVT
DSLYFCI,0,,...[FWY]..[LVI],PLRSTLLCLIFTCICGIQHLERIGKKLNLFDSLYFCIVT
SLYFCIV,0,,...[FWY]..[LVI],PLRSTLLCLIFTCICGIQHLERIGKKLNLFDSLYFCIVT
TKNFSYV,0,,...[FWY]..[LVI],PLRSTLQLNANITKNFSYVPLQLRDFSPVSNEILRAVQ
NFSYVPL,0,,...[FWY]..[LVI],PLRSTLQLNANITKNFSYVPLQLRDFSPVSNEILRAVQ
LRDFSPV,0,,...[FWY]..[LVI],PLRSTLQLNANITKNFSYVPLQLRDFSPVSNEILRAVQ
GLDFCKY,0,,...[FWY]..[WFY],PLRLVATPGRLVDMMERGKIGLDFCKYLVLDEADRMLDM
FCKYLVL,0,,...[FWY]..[LVI],PLRLVATPGRLVDMMERGKIGLDFCKYLVLDEADRMLDM
PLRWVEY,0,,...[FWY]..[WFY],PLRWVEYEFRVVAGNSIGIGEPSEPSELLRTKASVPVVA
EYEFRVV,0,,...[FWY]..[LVI],PLRWVEYEFRVVAGNSIGIGEPSEPSELLRTKASVPVVA
ERPFLIL,0,,...[FWY]..[LVI],PLRATVKFHVDSSSERPFLILPMTFYHVLDETSPLRDLT
PMTFYHV,0,,...[FWY]..[LVI],PLRATVKFHVDSSSERPFLILPMTFYHVLDETSPLRDLT
MTFYHVL,0,,...[FWY]..[LVI],PLRATVKFHVDSSSERPFLILPMTFYHVLDETSPLRDLT
TWVFDNV,0,,...[FWY]..[LVI],PLRDTWVFDNVKDFFHHARNNQSLFSKINEEKIVFFLHL
QSLFSKI,0,,...[FWY]..[LVI],PLRDTWVFDNVKDFFHHARNNQSLFSKINEEKIVFFLHL
IVFFLHL,0,,...[FWY]..[LVI],PLRDTWVFDNVKDFFHHARNNQSLFSKINEEKIVFFLHL
ESDFQEW,0,,...[FWY]..[WFY],PLRAVAEISESDFQEWRAVYQRASTSVQNRLLKLEESYE
FQEWRAV,0,,...[FWY]..[LVI],PLRAVAEISESDFQEWRAVYQRASTSVQNRLLKLEESYE
IILFLFL,0,,...[FWY]..[LVI],PLRRIILFLFLMSVAGIFNYYLIFFFGSDFENYIKTIST
AGIFNYY,0,,...[FWY]..[WFY],PLRRIILFLFLMSVAGIFNYYLIFFFGSDFENYIKTIST
IFNYYLI,0,,...[FWY]..[LVI],PLRRIILFLFLMSVAGIFNYYLIFFFGSDFENYIKTIST
FNYYLIF,0,,...[FWY]..[WFY],PLRRIILFLFLMSVAGIFNYYLIFFFGSDFENYIKTIST
GSDFENY,0,,...[FWY]..[WFY],PLRRIILFLFLMSVAGIFNYYLIFFFGSDFENYIKTIST
PKHWCSI,0,,...[FWY]..[LVI],PLRPVAYEEPKHWCSIVYYELNNRVGEAFHASSTSVLVD
SIVYYEL,0,,...[FWY]..[LVI],PLRPVAYEEPKHWCSIVYYELNNRVGEAFHASSTSVLVD
NECFFCV,0,,...[FWY]..[LVI],PLRPVCASNGHTFQNECFFCVEQREFHYRIKFEKYDKCD
RIKFEKY,0,,...[FWY]..[WFY],PLRPVCASNGHTFQNECFFCVEQREFHYRIKFEKYDKCD
ISEFREI,0,,...[FWY]..[LVI],PLRSVEGETDGTISEFREIQRLAAFASFLSHAPPLNARR
LAAFASF,0,,...[FWY]..[WFY],PLRSVEGETDGTISEFREIQRLAAFASFLSHAPPLNARR
ELLWHGF,0,,...[FWY]..[WFY],PLRSVFCKPQNIREVGFEYMNRELLWHGFAEFLIFSYH
WHGFAEF,0,,...[FWY]..[WFY],PLRSVFCKPQNIREVGFEYMNRELLWHGFAEFLIFSYH
FAEFLIF,0,,...[FWY]..[WFY],PLRSVFCKPQNIREVGFEYMNRELLWHGFAEFLIFSYH
ESVFENY,0,,...[FWY]..[WFY],PLRKESVFENYYVIYSSMLYRQQESGRAWFLGLNKEGQA
FENYYVI,0,,...[FWY]..[LVI],PLRKESVFENYYVIYSSMLYRQQESGRAWFLGLNKEGQA
ENYYVIY,0,,...[FWY]..[WFY],PLRKESVFENYYVIYSSMLYRQQESGRAWFLGLNKEGQA
RAWFLGL,0,,...[FWY]..[LVI],PLRKESVFENYYVIYSSMLYRQQESGRAWFLGLNKEGQA
LGKYVVV,0,,...[FWY]..[LVI],PLRKDMGRCLGKYVVVFNCSDQMDFRGLGRIFKGLAQSG
QMDFRGL,0,,...[FWY]..[LVI],PLRKDMGRCLGKYVVVFNCSDQMDFRGLGRIFKGLAQSG
GRIFKGL,0,,...[FWY]..[LVI],PLRKDMGRCLGKYVVVFNCSDQMDFRGLGRIFKGLAQSG
DVAYQYV,0,,...[FWY]..[LVI],PLRSVFRPGLRDVAYQYVKKGSRIYLEGKIDYGEYMDKN
KIDYGEY,0,,...[FWY]..[WFY],PLRSVFRPGLRDVAYQYVKKGSRIYLEGKIDYGEYMDKN
RPVFTRF,0,,...[FWY]..[WFY],PLRPVFTRFDNPAAVSPTPTRQLTFNYLLPVNAWLLLNP
QLTFNYL,0,,...[FWY]..[LVI],PLRPVFTRFDNPAAVSPTPTRQLTFNYLLPVNAWLLLNP
VNAWLLL,0,,...[FWY]..[LVI],PLRPVFTRFDNPAAVSPTPTRQLTFNYLLPVNAWLLLNP
VGIFSPL,0,,...[FWY]..[LVI],PLRTVGIFSPLSVKLNIVISPYHFDNSWKAFLGELTLQL
DNSWKAF,0,,...[FWY]..[WFY],PLRTVGIFSPLSVKLNIVISPYHFDNSWKAFLGELTLQL
IPPYYSY,0,,...[FWY]..[WFY],PLRDVIFLQEVIPPYYSYLKKRSSNYEIITGHEEGYFTA
PPYYSYL,0,,...[FWY]..[LVI],PLRDVIFLQEVIPPYYSYLKKRSSNYEIITGHEEGYFTA
SSNYEII,0,,...[FWY]..[LVI],PLRDVIFLQEVIPPYYSYLKKRSSNYEIITGHEEGYFTA
KHLFKSI,0,,...[FWY]..[LVI],PLRAVKHLFKSIEEKKHIAIKNGLPAPDFKVNAQFLELY
NAQFLEL,0,,...[FWY]..[LVI],PLRAVKHLFKSIEEKKHIAIKNGLPAPDFKVNAQFLELY
MISWLPY,0,,...[FWY]..[WFY],PLRVTVVAFMISWLPYSIDSLIDAFMGFITPACIYEICR
IDAFMGF,0,,...[FWY]..[WFY],PLRVTVVAFMISWLPYSIDSLIDAFMGFITPACIYEICR
EAGFHQY,0,,...[FWY]..[WFY],PLRAVLREAGFHQYEVSNFARNGALSTHNWTYWQCGQYL
THNWTYW,0,,...[FWY]..[WFY],PLRAVLREAGFHQYEVSNFARNGALSTHNWTYWQCGQYL
GGIYLLF,0,,...[FWY]..[WFY],PLRAVLKGLVALGGIYLLFIIEHCIRMFKHYKQQRGKQK
IRMFKHY,0,,...[FWY]..[WFY],PLRAVLKGLVALGGIYLLFIIEHCIRMFKHYKQQRGKQK
TLKYYYW,0,,...[FWY]..[WFY],PLRTVLQLMHTLKYYYWVINPADSSGITPKGLDGPRPSQ
LKYYYWV,0,,...[FWY]..[LVI],PLRTVLQLMHTLKYYYWVINPADSSGITPKGLDGPRPSQ
KYYYWVI,0,,...[FWY]..[LVI],PLRTVLQLMHTLKYYYWVINPADSSGITPKGLDGPRPSQ
VMAYDRF,0,,...[FWY]..[WFY],PLRAVMAYDRFVAICNPLLYTVNMSQKLCVLLVVGSYAW
YDRFVAI,0,,...[FWY]..[LVI],PLRAVMAYDRFVAICNPLLYTVNMSQKLCVLLVVGSYAW
IIIYLSI,0,,...[FWY]..[LVI],PLRRCECKYEERSSVTIKVTIIIYLSILGLLLLYMVYLT
LLLYMVY,0,,...[FWY]..[WFY],PLRRCECKYEERSSVTIKVTIIIYLSILGLLLLYMVYLT
VNTFGKL,0,,...[FWY]..[LVI],PLRSVNTFGKLGCDLDMFLDLDETRNLSAHKISGNFLME
LDMFLDL,0,,...[FWY]..[LVI],PLRSVNTFGKLGCDLDMFLDLDETRNLSAHKISGNFLME
LTMFFIF,0,,...[FWY]..[WFY],PLRTVPCSNIIIHQNLTMFFIFFYYKFTLIHAA
TMFFIFF,0,,...[FWY]..[WFY],PLRTVPCSNIIIHQNLTMFFIFFYYKFTLIHAA
FFIFFYY,0,,...[FWY]..[WFY],PLRTVPCSNIIIHQNLTMFFIFFYYKFTLIHAA
IFFYYKF,0,,...[FWY]..[WFY],PLRTVPCSNIIIHQNLTMFFIFFYYKFTLIHAA
YYKFTLI,0,,...[FWY]..[LVI],PLRTVPCSNIIIHQNLTMFFIFFYYKFTLIHAA
GYPFEAY,0,,...[FWY]..[WFY],PLRTVSGLVALEMIKVTGGYPFEAYKNCFLNLAIPIVVF
KNCFLNL,0,,...[FWY]..[LVI],PLRTVSGLVALEMIKVTGGYPFEAYKNCFLNLAIPIVVF
ATLFTFL,0,,...[FWY]..[LVI],PLRTVSIFCLCATLFTFLTFLIDVRRFRTQSVQLFITL
LFTFLTF,0,,...[FWY]..[WFY],PLRTVSIFCLCATLFTFLTFLIDVRRFRTQSVQLFITL
VQLFITL,0,,...[FWY]..[LVI],PLRTVSIFCLCATLFTFLTFLIDVRRFRTQSVQLFITL
PLRFPAV,0,,...[FWY]..[LVI],PLRFPAVPAWGSVKAWATWASASELQGFSFPPHPEQPLC
VPAWGSV,0,,...[FWY]..[LVI],PLRFPAVPAWGSVKAWATWASASELQGFSFPPHPEQPLC
VKAWATW,0,,...[FWY]..[WFY],PLRFPAVPAWGSVKAWATWASASELQGFSFPPHPEQPLC
SYPWRSW,0,,...[FWY]..[WFY],PLRTVQEGLCVLVPCSFSYPWRSWYSSPPLYVYWFRDGE
PPLYVYW,0,,...[FWY]..[WFY],PLRTVQEGLCVLVPCSFSYPWRSWYSSPPLYVYWFRDGE
QGKFVSL,0,,...[FWY]..[LVI],PLRYLQPAKSRSRDQGKFVSLFYTVVTRMLNPLIYTLRI
VSLFYTV,0,,...[FWY]..[LVI],PLRYLQPAKSRSRDQGKFVSLFYTVVTRMLNPLIYTLRI
SLFYTVV,0,,...[FWY]..[LVI],PLRYLQPAKSRSRDQGKFVSLFYTVVTRMLNPLIYTLRI
VVTYEAI,0,,...[FWY]..[LVI],PLRSVVTYEAILIIQQITVVTYEAILIIHQVAVVTYEAI
LRSWDGL,0,,...[FWY]..[LVI],PLRSWDGLRSIIHGSRKYSGLIVNKAPHDFQFVQKTDES
SRKYSGL,0,,...[FWY]..[LVI],PLRSWDGLRSIIHGSRKYSGLIVNKAPHDFQFVQKTDES
PHDFQFV,0,,...[FWY]..[LVI],PLRSWDGLRSIIHGSRKYSGLIVNKAPHDFQFVQKTDES
LRTWFVI,0,,...[FWY]..[LVI],PLRTWFVIDLLSCLPYDIINAFENVDEGISSLFSSLKVA
CLPYDII,0,,...[FWY]..[LVI],PLRTWFVIDLLSCLPYDIINAFENVDEGISSLFSSLKVA
INAFENV,0,,...[FWY]..[LVI],PLRTWFVIDLLSCLPYDIINAFENVDEGISSLFSSLKVA
SSLFSSL,0,,...[FWY]..[LVI],PLRTWFVIDLLSCLPYDIINAFENVDEGISSLFSSLKVA
VTAFTNF,0,,...[FWY]..[WFY],PLRSVTAFTNFIFTLVGVWLVEKVGRRKLTFGSLAGTTV
NFIFTLV,0,,...[FWY]..[LVI],PLRSVTAFTNFIFTLVGVWLVEKVGRRKLTFGSLAGTTV
KLTFGSL,0,,...[FWY]..[LVI],PLRSVTAFTNFIFTLVGVWLVEKVGRRKLTFGSLAGTTV
NHMWKLF,0,,...[FWY]..[WFY],PLREMKEIYTSNHMWKLFENFLVDICRACNNTSDRKHAD
WKLFENF,0,,...[FWY]..[WFY],PLREMKEIYTSNHMWKLFENFLVDICRACNNTSDRKHAD
ALVYFTV,0,,...[FWY]..[LVI],PLRPWLNDALVYFTVSLQLCQQLKDKIPVFSSYWSYRPV
IPVFSSY,0,,...[FWY]..[WFY],PLRPWLNDALVYFTVSLQLCQQLKDKIPVFSSYWSYRPV
FSSYWSY,0,,...[FWY]..[WFY],PLRPWLNDALVYFTVSLQLCQQLKDKIPVFSSYWSYRPV
YWSYRPV,0,,...[FWY]..[LVI],PLRPWLNDALVYFTVSLQLCQQLKDKIPVFSSYWSYRPV
LRTWLNI,0,,...[FWY]..[LVI],PLRTWLNIALSREEAGDAYELLAPCFQKALSCAQQAQRP
GDAYELL,0,,...[FWY]..[LVI],PLRTWLNIALSREEAGDAYELLAPCFQKALSCAQQAQRP
LRTWPFI,0,,...[FWY]..[LVI],PLRTWPFIIKSLKQYKNLSFMDAMNKFKWTKKEGLSFNK
LKQYKNL,0,,...[FWY]..[LVI],PLRTWPFIIKSLKQYKNLSFMDAMNKFKWTKKEGLSFNK
RTWYPKV,0,,...[FWY]..[LVI],PLRTWYPKVINLFTKKEALEGVKPEKLDAFYSCVSTLMS
DAFYSCV,0,,...[FWY]..[LVI],PLRTWYPKVINLFTKKEALEGVKPEKLDAFYSCVSTLMS
LRAYDRF,0,,...[FWY]..[WFY],PLRAYDRFIAICNPLRYTSVLTNTRVVKIGLGVLMRGFV
YDRFIAI,0,,...[FWY]..[LVI],PLRAYDRFIAICNPLRYTSVLTNTRVVKIGLGVLMRGFV
PLRYTSV,0,,...[FWY]..[LVI],PLRAYDRFIAICNPLRYTSVLTNTRVVKIGLGVLMRGFV
TDYFPRI,0,,...[FWY]..[LVI],PLRTYCNKMEYMTDYFPRINFFYMYEGPAPRIRAHNIPH
INFFYMY,0,,...[FWY]..[WFY],PLRTYCNKMEYMTDYFPRINFFYMYEGPAPRIRAHNIPH
NVKFFYL,0,,...[FWY]..[LVI],PLRDDSNVKFFYLVSLSHDSGNFQHRISSSPIYTAWNGN
VKFFYLV,0,,...[FWY]..[LVI],PLRDDSNVKFFYLVSLSHDSGNFQHRISSSPIYTAWNGN
SPIYTAW,0,,...[FWY]..[WFY],PLRDDSNVKFFYLVSLSHDSGNFQHRISSSPIYTAWNGN
GYSWSIF,0,,...[FWY]..[WFY],PLRSYDLNRLPKLIYSLPADVEHGYSWSIFCAWCSLGFI
WSIFCAW,0,,...[FWY]..[WFY],PLRSYDLNRLPKLIYSLPADVEHGYSWSIFCAWCSLGFI
FCAWCSL,0,,...[FWY]..[LVI],PLRSYDLNRLPKLIYSLPADVEHGYSWSIFCAWCSLGFI
TGSWSLV,0,,...[FWY]..[LVI],PLRTYDLRLLSSLTGSWSLVHNGVSYYINLCQKIYKGPL
VSYYINL,0,,...[FWY]..[LVI],PLRTYDLRLLSSLTGSWSLVHNGVSYYINLCQKIYKGPL
LRAYDNF,0,,...[FWY]..[WFY],PLRAYDNFVELVANSKEDTKFYNELTEILVRFQNKCSDI
YDNFVEL,0,,...[FWY]..[LVI],PLRAYDNFVELVANSKEDTKFYNELTEILVRFQNKCSDI
TKFYNEL,0,,...[FWY]..[LVI],PLRAYDNFVELVANSKEDTKFYNELTEILVRFQNKCSDI
LRSYEFF,0,,...[FWY]..[WFY],PLRSYEFFNELYHRFLLTPKVNMKCLCLQALAIVYGRCH
YEFFNEL,0,,...[FWY]..[LVI],PLRSYEFFNELYHRFLLTPKVNMKCLCLQALAIVYGRCH
NELYHRF,0,,...[FWY]..[WFY],PLRSYEFFNELYHRFLLTPKVNMKCLCLQALAIVYGRCH
LRAYEKF,0,,...[FWY]..[WFY],PLRAYEKFFLLLAEFNSAMNPIIYSYRDKEMSATFRQIL
YEKFFLL,0,,...[FWY]..[LVI],PLRAYEKFFLLLAEFNSAMNPIIYSYRDKEMSATFRQIL
EKFFLLL,0,,...[FWY]..[LVI],PLRAYEKFFLLLAEFNSAMNPIIYSYRDKEMSATFRQIL
SATFRQI,0,,...[FWY]..[LVI],PLRAYEKFFLLLAEFNSAMNPIIYSYRDKEMSATFRQIL
NPVFRRY,0,,...[FWY]..[WFY],PLRDYESQSNPVFRRYLNKILIEAGKLGLFHDFETWKWR
LGLFHDF,0,,...[FWY]..[WFY],PLRDYESQSNPVFRRYLNKILIEAGKLGLFHDFETWKWR
FHDFETW,0,,...[FWY]..[WFY],PLRDYESQSNPVFRRYLNKILIEAGKLGLFHDFETWKWR
LRPYESY,0,,...[FWY]..[WFY],PLRPYESYIGANVRLRYFLKVTIVRRLTDLVKEYDLIVQ
LRYFLKV,0,,...[FWY]..[LVI],PLRPYESYIGANVRLRYFLKVTIVRRLTDLVKEYDLIVQ
VKEYDLI,0,,...[FWY]..[LVI],PLRPYESYIGANVRLRYFLKVTIVRRLTDLVKEYDLIVQ
ISFYNAV,0,,...[FWY]..[LVI],PLRDYETGDISFYNAVDGSHIHTFLDVSFSEALYPVFRI
IHTFLDV,0,,...[FWY]..[LVI],PLRDYETGDISFYNAVDGSHIHTFLDVSFSEALYPVFRI
EALYPVF,0,,...[FWY]..[WFY],PLRDYETGDISFYNAVDGSHIHTFLDVSFSEALYPVFRI
LRPYFGI,0,,...[FWY]..[LVI],PLRPYFGIIRNRMMSTHKSKKKIREYYRLLNVEEGCSAD
RPYFGII,0,,...[FWY]..[LVI],PLRPYFGIIRNRMMSTHKSKKKIREYYRLLNVEEGCSAD
IREYYRL,0,,...[FWY]..[LVI],PLRPYFGIIRNRMMSTHKSKKKIREYYRLLNVEEGCSAD
REYYRLL,0,,...[FWY]..[LVI],PLRPYFGIIRNRMMSTHKSKKKIREYYRLLNVEEGCSAD
KLKYAIY,0,,...[FWY]..[WFY],PLRAYGGKLKYAIYFEAREETGFSTYNPQVIIRGGTPTH
ETGFSTY,0,,...[FWY]..[WFY],PLRAYGGKLKYAIYFEAREETGFSTYNPQVIIRGGTPTH
ILTYHDV,0,,...[FWY]..[LVI],PLRKGNRPAILTYHDVGLNHKLCFNTFFNFEDMQEITKH
KLCFNTF,0,,...[FWY]..[WFY],PLRKGNRPAILTYHDVGLNHKLCFNTFFNFEDMQEITKH
FNTFFNF,0,,...[FWY]..[WFY],PLRKGNRPAILTYHDVGLNHKLCFNTFFNFEDMQEITKH
ESRWMKY,0,,...[FWY]..[WFY],PLRAYIFDHRESRWMKYNDIAVTKSSWEELVRDSFGGYR
WMKYNDI,0,,...[FWY]..[LVI],PLRAYIFDHRESRWMKYNDIAVTKSSWEELVRDSFGGYR
KSSWEEL,0,,...[FWY]..[LVI],PLRAYIFDHRESRWMKYNDIAVTKSSWEELVRDSFGGYR
RDSFGGY,0,,...[FWY]..[WFY],PLRAYIFDHRESRWMKYNDIAVTKSSWEELVRDSFGGYR
HRKFDEV,0,,...[FWY]..[LVI],PLRSYIKHRKFDEVVSLCKELIHLALKGLSYYHTYDRFF
LSYYHTY,0,,...[FWY]..[WFY],PLRSYIKHRKFDEVVSLCKELIHLALKGLSYYHTYDRFF
YHTYDRF,0,,...[FWY]..[WFY],PLRSYIKHRKFDEVVSLCKELIHLALKGLSYYHTYDRFF
INPFVSF,0,,...[FWY]..[WFY],PLRTYINPFVSFIDQRRWKCNLCYRVNDVPEEFMYNPLT
EFMYNPL,0,,...[FWY]..[LVI],PLRTYINPFVSFIDQRRWKCNLCYRVNDVPEEFMYNPLT
LRAYISI,0,,...[FWY]..[LVI],PLRAYISIQQFTEMNLLSDYRFLEDVARTADHISRDAFL
LSDYRFL,0,,...[FWY]..[LVI],PLRAYISIQQFTEMNLLSDYRFLEDVARTADHISRDAFL
LRSYKLI,0,,...[FWY]..[LVI],PLRSYKLIAPRYRWQRSKWGRTCPVNLKDGNIYSGLPDY
GNIYSGL,0,,...[FWY]..[LVI],PLRSYKLIAPRYRWQRSKWGRTCPVNLKDGNIYSGLPDY
RQPYLPL,0,,...[FWY]..[LVI],PLRQPYLPLPEAAPTQAQADLLTVYLVVALASVSSLFLF
LTVYLVV,0,,...[FWY]..[LVI],PLRQPYLPLPEAAPTQAQADLLTVYLVVALASVSSLFLF
SVSWRLW,0,,...[FWY]..[WFY],PLRDYLSGHPEAGHSAGQRRPVASVSWRLWTRVAPGVT
WRLWTRV,0,,...[FWY]..[LVI],PLRDYLSGHPEAGHSAGQRRPVASVSWRLWTRVAPGVT
MAMFLEY,0,,...[FWY]..[WFY],PLREYLVKGAILLQDKKLMAMFLEYNKAIRNYTRFDD
IRNYTRF,0,,...[FWY]..[WFY],PLREYLVKGAILLQDKKLMAMFLEYNKAIRNYTRFDD
LRDWRLL,0,,...[FWY]..[LVI],PLRDWRLLQAPDVDLRGSPVHCLLPFCSLHLHLQLSENP
LLPFCSL,0,,...[FWY]..[LVI],PLRDWRLLQAPDVDLRGSPVHCLLPFCSLHLHLQLSENP
LRTYNWI,0,,...[FWY]..[LVI],PLRTYNWIQDKCVPLVREITFENGEELTEEGLPFLILFH
GLPFLIL,0,,...[FWY]..[LVI],PLRTYNWIQDKCVPLVREITFENGEELTEEGLPFLILFH
LRTYPEI,0,,...[FWY]..[LVI],PLRTYPEIHGFLHAKEQGKKSWKKIYFFLRRSGLYFSTK
KKSWKKI,0,,...[FWY]..[LVI],PLRTYPEIHGFLHAKEQGKKSWKKIYFFLRRSGLYFSTK
KKIYFFL,0,,...[FWY]..[LVI],PLRTYPEIHGFLHAKEQGKKSWKKIYFFLRRSGLYFSTK
IQGFLHV,0,,...[FWY]..[LVI],PLRPEIQGFLHVKELGKKSWKKLYVCLRRSGLYGSPRV
KKSWKKL,0,,...[FWY]..[LVI],PLRPEIQGFLHVKELGKKSWKKLYVCLRRSGLYGSPRV
KKLYVCL,0,,...[FWY]..[LVI],PLRPEIQGFLHVKELGKKSWKKLYVCLRRSGLYGSPRV
DCFYPSI,0,,...[FWY]..[LVI],PLRAYQAGIVFPDCFYPSICKGGKFHDVSESTHWLRFL
GGKFHDV,0,,...[FWY]..[LVI],PLRAYQAGIVFPDCFYPSICKGGKFHDVSESTHWLRFL
STHWLRF,0,,...[FWY]..[WFY],PLRAYQAGIVFPDCFYPSICKGGKFHDVSESTHWLRFL
VATYSAL,0,,...[FWY]..[LVI],PLRNDVSHVVKGAMVATYSALTHKTFQPVLEPVAASSLA
HKTFQPV,0,,...[FWY]..[LVI],PLRNDVSHVVKGAMVATYSALTHKTFQPVLEPVAASSLA
PLRYAAY,0,,...[FWY]..[WFY],PLRYAAYINILLGVFYTVCRDLKEPVIWQYLIFLNIVN
YAAYINI,0,,...[FWY]..[LVI],PLRYAAYINILLGVFYTVCRDLKEPVIWQYLIFLNIVN
LGVFYTV,0,,...[FWY]..[LVI],PLRYAAYINILLGVFYTVCRDLKEPVIWQYLIFLNIVN
PVIWQYL,0,,...[FWY]..[LVI],PLRYAAYINILLGVFYTVCRDLKEPVIWQYLIFLNIVN
IWQYLIF,0,,...[FWY]..[WFY],PLRYAAYINILLGVFYTVCRDLKEPVIWQYLIFLNIVN
YLIFLNI,0,,...[FWY]..[LVI],PLRYAAYINILLGVFYTVCRDLKEPVIWQYLIFLNIVN
SKAFIKL,0,,...[FWY]..[LVI],PLRCACASRAFGTCSKAFIKLKSLETLSSEQKQQYEDLA
KQQYEDL,0,,...[FWY]..[LVI],PLRCACASRAFGTCSKAFIKLKSLETLSSEQKQQYEDLA
MHAYRKV,0,,...[FWY]..[LVI],PLRCVCELQWCIMHAYRKVTTKFSNCSYAQYWDSTISSG
NCSYAQY,0,,...[FWY]..[WFY],PLRCVCELQWCIMHAYRKVTTKFSNCSYAQYWDSTISSG
IEGFLLF,0,,...[FWY]..[WFY],PLRSAEEIPILIIEGFLLFNYKPLDTIWNVAIS
LFNYKPL,0,,...[FWY]..[LVI],PLRSAEEIPILIIEGFLLFNYKPLDTIWNVAIS
KCPFSLL,0,,...[FWY]..[LVI],PLRSETFSPNKCPFSLLNIFSCLQNTGVSLSWISFVLPP
LNIFSCL,0,,...[FWY]..[LVI],PLRSETFSPNKCPFSLLNIFSCLQNTGVSLSWISFVLPP
SLSWISF,0,,...[FWY]..[WFY],PLRSETFSPNKCPFSLLNIFSCLQNTGVSLSWISFVLPP
CPGWSPW,0,,...[FWY]..[WFY],PLRCATQACPGWSPWSEWSNCTDDGAQSRSRHCEELLPG
WSPWSEW,0,,...[FWY]..[WFY],PLRCATQACPGWSPWSEWSNCTDDGAQSRSRHCEELLPG
TLAYYGY,0,,...[FWY]..[WFY],PLRCDPYTLAYYGYPYNALIGPNRDYFVKVAIPAIGAQY
GYPYNAL,0,,...[FWY]..[LVI],PLRCDPYTLAYYGYPYNALIGPNRDYFVKVAIPAIGAQY
RDYFVKV,0,,...[FWY]..[LVI],PLRCDPYTLAYYGYPYNALIGPNRDYFVKVAIPAIGAQY
TKVFQLY,0,,...[FWY]..[WFY],PLRNEICEQFIAQLGNGCVSQIVNTKVFQLYRSGLFMTF
SGLFMTF,0,,...[FWY]..[WFY],PLRNEICEQFIAQLGNGCVSQIVNTKVFQLYRSGLFMTF
LDCFLVY,0,,...[FWY]..[WFY],PLRCGQYFDRGSSKRKLDCFLVYFQRYVWWKKSLEVWTK
LVYFQRY,0,,...[FWY]..[WFY],PLRCGQYFDRGSSKRKLDCFLVYFQRYVWWKKSLEVWTK
FQRYVWW,0,,...[FWY]..[WFY],PLRCGQYFDRGSSKRKLDCFLVYFQRYVWWKKSLEVWTK
RGFFNGL,0,,...[FWY]..[LVI],PLRCASKHALRGFFNGLRTELATYPGIIVSNICPGPVQS
LATYPGI,0,,...[FWY]..[LVI],PLRCASKHALRGFFNGLRTELATYPGIIVSNICPGPVQS
AKFYEEV,0,,...[FWY]..[LVI],PLRCAQIEAKFYEEVHDLERKYAVLYQPLFDKRFEIINA
ERKYAVL,0,,...[FWY]..[LVI],PLRCAQIEAKFYEEVHDLERKYAVLYQPLFDKRFEIINA
AVLYQPL,0,,...[FWY]..[LVI],PLRCAQIEAKFYEEVHDLERKYAVLYQPLFDKRFEIINA
DKRFEII,0,,...[FWY]..[LVI],PLRCAQIEAKFYEEVHDLERKYAVLYQPLFDKRFEIINA
PHDFFSF,0,,...[FWY]..[WFY],PLRRAHNIPHDFFSFNSEEIVRNLSCRKPDQHFKPYLTP
DQHFKPY,0,,...[FWY]..[WFY],PLRRAHNIPHDFFSFNSEEIVRNLSCRKPDQHFKPYLTP
LLAYHRW,0,,...[FWY]..[WFY],PLRSAIAAHNAALLAYHRWNGHTDMIDQDGLYEKLKTEL
DGLYEKL,0,,...[FWY]..[LVI],PLRSAIAAHNAALLAYHRWNGHTDMIDQDGLYEKLKTEL
HSDFQDI,0,,...[FWY]..[LVI],PLRSAICSHSDFQDIPYSDWCEQTIHNPLEVVPSKFSGI
DIPYSDW,0,,...[FWY]..[WFY],PLRSAICSHSDFQDIPYSDWCEQTIHNPLEVVPSKFSGI
PSKFSGI,0,,...[FWY]..[LVI],PLRSAICSHSDFQDIPYSDWCEQTIHNPLEVVPSKFSGI
CTKYEII,0,,...[FWY]..[LVI],PLRCTKYEIILEFDLKWPFCKLQNVVYMEQRLLGNLPCN
KWPFCKL,0,,...[FWY]..[LVI],PLRCTKYEIILEFDLKWPFCKLQNVVYMEQRLLGNLPCN
KRSFPAF,0,,...[FWY]..[WFY],PLRYAMHLEYGQTKRSFPAFTFELSRPDFERLRTPCKVS
RPDFERL,0,,...[FWY]..[LVI],PLRYAMHLEYGQTKRSFPAFTFELSRPDFERLRTPCKVS
PLRWAVI,0,,...[FWY]..[LVI],PLRWAVINHFSNWLATTLSIFYLLKIANFSNFIFLHLKR
INHFSNW,0,,...[FWY]..[WFY],PLRWAVINHFSNWLATTLSIFYLLKIANFSNFIFLHLKR
LSIFYLL,0,,...[FWY]..[LVI],PLRWAVINHFSNWLATTLSIFYLLKIANFSNFIFLHLKR
IANFSNF,0,,...[FWY]..[WFY],PLRWAVINHFSNWLATTLSIFYLLKIANFSNFIFLHLKR
FSNFIFL,0,,...[FWY]..[LVI],PLRWAVINHFSNWLATTLSIFYLLKIANFSNFIFLHLKR
NFIFLHL,0,,...[FWY]..[LVI],PLRWAVINHFSNWLATTLSIFYLLKIANFSNFIFLHLKR
VYSYPFI,0,,...[FWY]..[LVI],PLRLNAKGMKGNRRDGVYSYPFITYSFVLRRLPLFYTLF
SYPFITY,0,,...[FWY]..[WFY],PLRLNAKGMKGNRRDGVYSYPFITYSFVLRRLPLFYTLF
FITYSFV,0,,...[FWY]..[LVI],PLRLNAKGMKGNRRDGVYSYPFITYSFVLRRLPLFYTLF
LPLFYTL,0,,...[FWY]..[LVI],PLRLNAKGMKGNRRDGVYSYPFITYSFVLRRLPLFYTLF
PLFYTLF,0,,...[FWY]..[WFY],PLRLNAKGMKGNRRDGVYSYPFITYSFVLRRLPLFYTLF
RSCFVCI,0,,...[FWY]..[LVI],PLRSCFVCIGQVVFALGGIFNAFWLMEFGRFVFGIGGES
GGIFNAF,0,,...[FWY]..[WFY],PLRSCFVCIGQVVFALGGIFNAFWLMEFGRFVFGIGGES
LMEFGRF,0,,...[FWY]..[WFY],PLRSCFVCIGQVVFALGGIFNAFWLMEFGRFVFGIGGES
SNTFLTF,0,,...[FWY]..[WFY],PLRYCIEKIHFIPPESNTFLTFIFHIVFSEEFEYTGQII
TFIFHIV,0,,...[FWY]..[LVI],PLRYCIEKIHFIPPESNTFLTFIFHIVFSEEFEYTGQII
RQRYCPF,0,,...[FWY]..[WFY],PLRQRYCPFTGPILSLTTICLSIFNNIYGFICSLKEEVT
LSIFNNI,0,,...[FWY]..[LVI],PLRQRYCPFTGPILSLTTICLSIFNNIYGFICSLKEEVT
NNIYGFI,0,,...[FWY]..[LVI],PLRQRYCPFTGPILSLTTICLSIFNNIYGFICSLKEEVT
SEAYLLY,0,,...[FWY]..[WFY],PLRCGRIFSEAYLLYDHEAQHYNTYTCKFTGCGKVYRSQ
AQHYNTY,0,,...[FWY]..[WFY],PLRCGRIFSEAYLLYDHEAQHYNTYTCKFTGCGKVYRSQ
CSIYEMV,0,,...[FWY]..[LVI],PLRGCSIYEMVAGRTPFKDYKEKVSKEDLKQRTLQDEVK
RTPFKDY,0,,...[FWY]..[WFY],PLRGCSIYEMVAGRTPFKDYKEKVSKEDLKQRTLQDEVK
SLEYDPY,0,,...[FWY]..[WFY],PLRCGSLEYDPYSIYEKDVEGDSVPKPLPPALSVISSAS
YDPYSIY,0,,...[FWY]..[WFY],PLRCGSLEYDPYSIYEKDVEGDSVPKPLPPALSVISSAS
RCCYLNL,0,,...[FWY]..[LVI],PLRCCYLNLQQLDKAKEAVAEAERHDPRNVFTQFYIFKI
RNVFTQF,0,,...[FWY]..[WFY],PLRCCYLNLQQLDKAKEAVAEAERHDPRNVFTQFYIFKI
FTQFYIF,0,,...[FWY]..[WFY],PLRCCYLNLQQLDKAKEAVAEAERHDPRNVFTQFYIFKI
PLRFDAL,0,,...[FWY]..[LVI],PLRFDALVLSDIIQNLSVCPEEESIIMSSFVSILSSLNL
MSSFVSI,0,,...[FWY]..[LVI],PLRFDALVLSDIIQNLSVCPEEESIIMSSFVSILSSLNL
CDKYGKV,0,,...[FWY]..[LVI],PLRCDKYGKVFHKFSNSNTYKTRHTGINLFKCIICGKAF
GKVFHKF,0,,...[FWY]..[WFY],PLRCDKYGKVFHKFSNSNTYKTRHTGINLFKCIICGKAF
INLFKCI,0,,...[FWY]..[LVI],PLRCDKYGKVFHKFSNSNTYKTRHTGINLFKCIICGKAF
RRDFTNI,0,,...[FWY]..[LVI],PLRRDFTNIYWSQNRPDVKSKSYRMIKKL
SKSYRMI,0,,...[FWY]..[LVI],PLRRDFTNIYWSQNRPDVKSKSYRMIKKL
CLIYYSL,0,,...[FWY]..[LVI],PLRCDGLVILAAAWHSADNPCLIYYSLITIEDNGCQMSD
LIYYSLI,0,,...[FWY]..[LVI],PLRCDGLVILAAAWHSADNPCLIYYSLITIEDNGCQMSD
ADHFSVY,0,,...[FWY]..[WFY],PLRCDIVYRYAADHFSVYITYVSNQTYQERTYKQLLQEK
FSVYITY,0,,...[FWY]..[WFY],PLRCDIVYRYAADHFSVYITYVSNQTYQERTYKQLLQEK
ERTYKQL,0,,...[FWY]..[LVI],PLRCDIVYRYAADHFSVYITYVSNQTYQERTYKQLLQEK
DKSFRVY,0,,...[FWY]..[WFY],PLRWDKSFRVYSTETGKLTQIVFGHWDVVTCLARSESYI
QIVFGHW,0,,...[FWY]..[WFY],PLRWDKSFRVYSTETGKLTQIVFGHWDVVTCLARSESYI
FGHWDVV,0,,...[FWY]..[LVI],PLRWDKSFRVYSTETGKLTQIVFGHWDVVTCLARSESYI
QTRWGYW,0,,...[FWY]..[WFY],PLRSDLETSKVLSIQDNVSKDVPQTRWGYWGSWGKSILS
WGYWGSW,0,,...[FWY]..[WFY],PLRSDLETSKVLSIQDNVSKDVPQTRWGYWGSWGKSILS
QLAYRWV,0,,...[FWY]..[LVI],PLRRDPLQLAYRWVEVISREEGTEEKWRKGGRHEMLALT
AYRWVEV,0,,...[FWY]..[LVI],PLRRDPLQLAYRWVEVISREEGTEEKWRKGGRHEMLALT
PLRFDPL,0,,...[FWY]..[LVI],PLRFDPLVILKTLSSYPIKSMMGAPIVYRMLLQQDLSSY
PIVYRML,0,,...[FWY]..[LVI],PLRFDPLVILKTLSSYPIKSMMGAPIVYRMLLQQDLSSY
LRFYITL,0,,...[FWY]..[LVI],PLRFYITLLDCFHAVKKAMQYGFLNFNSFNLDEYEHYEK
LDCFHAV,0,,...[FWY]..[LVI],PLRFYITLLDCFHAVKKAMQYGFLNFNSFNLDEYEHYEK
AMQYGFL,0,,...[FWY]..[LVI],PLRFYITLLDCFHAVKKAMQYGFLNFNSFNLDEYEHYEK
QYGFLNF,0,,...[FWY]..[WFY],PLRFYITLLDCFHAVKKAMQYGFLNFNSFNLDEYEHYEK
FLNFNSF,0,,...[FWY]..[WFY],PLRFYITLLDCFHAVKKAMQYGFLNFNSFNLDEYEHYEK
LDEYEHY,0,,...[FWY]..[WFY],PLRFYITLLDCFHAVKKAMQYGFLNFNSFNLDEYEHYEK
QTSFCGF,0,,...[FWY]..[WFY],PLRCETSCCQPSCCQTSFCGFPSFSTSGTCSSSCCQPSY
FCGFPSF,0,,...[FWY]..[WFY],PLRCETSCCQPSCCQTSFCGFPSFSTSGTCSSSCCQPSY
RCYWENL,0,,...[FWY]..[LVI],PLRCYWENLLSEYSKFLSYNVTRRKGYDQIIPKMLKTEL
LSEYSKF,0,,...[FWY]..[WFY],PLRCYWENLLSEYSKFLSYNVTRRKGYDQIIPKMLKTEL
YSKFLSY,0,,...[FWY]..[WFY],PLRCYWENLLSEYSKFLSYNVTRRKGYDQIIPKMLKTEL
RKGYDQI,0,,...[FWY]..[LVI],PLRCYWENLLSEYSKFLSYNVTRRKGYDQIIPKMLKTEL
PWPYTTL,0,,...[FWY]..[LVI],PLRSGWGQSEGPWPYTTLERGYDLVTGEQAPEKILSLGP
ERGYDLV,0,,...[FWY]..[LVI],PLRSGWGQSEGPWPYTTLERGYDLVTGEQAPEKILSLGP
KAGFNSY,0,,...[FWY]..[WFY],PLRCKAGFNSYAELLTHRKEHQVFRAKCMFPKCGRIFSE
FNSYAEL,0,,...[FWY]..[LVI],PLRCKAGFNSYAELLTHRKEHQVFRAKCMFPKCGRIFSE
AIKFNDY,0,,...[FWY]..[WFY],PLRLKRFDYDWERECAIKFNDYFEFPRELDMGPYTVAGV
FNDYFEF,0,,...[FWY]..[WFY],PLRLKRFDYDWERECAIKFNDYFEFPRELDMGPYTVAGV
PQIFVIF,0,,...[FWY]..[WFY],PLRCVDNFFEPQIFVIFNDDQSYPYFVIQYEEVSNTVST
DQSYPYF,0,,...[FWY]..[WFY],PLRCVDNFFEPQIFVIFNDDQSYPYFVIQYEEVSNTVST
SYPYFVI,0,,...[FWY]..[LVI],PLRCVDNFFEPQIFVIFNDDQSYPYFVIQYEEVSNTVST
VIQYEEV,0,,...[FWY]..[LVI],PLRCVDNFFEPQIFVIFNDDQSYPYFVIQYEEVSNTVST
LLEYPDY,0,,...[FWY]..[WFY],PLRCEDSEPFRQPVDLLEYPDYRDIIDTPMNFATVRETL
YPDYRDI,0,,...[FWY]..[LVI],PLRCEDSEPFRQPVDLLEYPDYRDIIDTPMNFATVRETL
PMNFATV,0,,...[FWY]..[LVI],PLRCEDSEPFRQPVDLLEYPDYRDIIDTPMNFATVRETL
RNIFKDV,0,,...[FWY]..[LVI],PLRREEAERNIFKDVFNRIWQMLSEIWHRFLSKCKFYSS
KDVFNRI,0,,...[FWY]..[LVI],PLRREEAERNIFKDVFNRIWQMLSEIWHRFLSKCKFYSS
NRIWQML,0,,...[FWY]..[LVI],PLRREEAERNIFKDVFNRIWQMLSEIWHRFLSKCKFYSS
SEIWHRF,0,,...[FWY]..[WFY],PLRREEAERNIFKDVFNRIWQMLSEIWHRFLSKCKFYSS
ELVFRIY,0,,...[FWY]..[WFY],PLRCGEAMRCGGVGNCYDKELVFRIYAELLLLNNKETNN
FRIYAEL,0,,...[FWY]..[LVI],PLRCGEAMRCGGVGNCYDKELVFRIYAELLLLNNKETNN
RCKFDVI,0,,...[FWY]..[LVI],PLRCKFDVINHYFCDLISILKLSCSSTYINELLILIFSG
NHYFCDL,0,,...[FWY]..[LVI],PLRCKFDVINHYFCDLISILKLSCSSTYINELLILIFSG
ETHFNNL,0,,...[FWY]..[LVI],PLRRETHFNNLYSMVHYCENITECRRIQLLAYFGENGFN
NNLYSMV,0,,...[FWY]..[LVI],PLRRETHFNNLYSMVHYCENITECRRIQLLAYFGENGFN
LRCFVTF,0,,...[FWY]..[WFY],PLRCFVTFTEHSSGVTGVTFTATGYVVVTSSMDGTVRAF
ATGYVVV,0,,...[FWY]..[LVI],PLRCFVTFTEHSSGVTGVTFTATGYVVVTSSMDGTVRAF
LRRFTKY,0,,...[FWY]..[WFY],PLRRFTKYHICLFTQIISFTYGFLHYPVFLTACIDYCLN
ICLFTQI,0,,...[FWY]..[LVI],PLRRFTKYHICLFTQIISFTYGFLHYPVFLTACIDYCLN
SFTYGFL,0,,...[FWY]..[LVI],PLRRFTKYHICLFTQIISFTYGFLHYPVFLTACIDYCLN
TYGFLHY,0,,...[FWY]..[WFY],PLRRFTKYHICLFTQIISFTYGFLHYPVFLTACIDYCLN
FLHYPVF,0,,...[FWY]..[WFY],PLRRFTKYHICLFTQIISFTYGFLHYPVFLTACIDYCLN
RFFYHMY,0,,...[FWY]..[WFY],PLRFFYHMYGQHIGVLNVYLRLKGQTTIENPLWSSSGNK
LNVYLRL,0,,...[FWY]..[LVI],PLRFFYHMYGQHIGVLNVYLRLKGQTTIENPLWSSSGNK
PLRYGAI,0,,...[FWY]..[LVI],PLRYGAIPAAPPPPPYPYLVTGIPTHHPRVYNIHSRTVT
PPPYPYL,0,,...[FWY]..[LVI],PLRYGAIPAAPPPPPYPYLVTGIPTHHPRVYNIHSRTVT
PLRFGAY,0,,...[FWY]..[WFY],PLRFGAYLIVNGHMRFRDVILVFSAIYLVQWLGSCQFI
FGAYLIV,0,,...[FWY]..[LVI],PLRFGAYLIVNGHMRFRDVILVFSAIYLVQWLGSCQFI
HMRFRDV,0,,...[FWY]..[LVI],PLRFGAYLIVNGHMRFRDVILVFSAIYLVQWLGSCQFI
ILVFSAI,0,,...[FWY]..[LVI],PLRFGAYLIVNGHMRFRDVILVFSAIYLVQWLGSCQFI
LRSFRLL,0,,...[FWY]..[LVI],PLRSFRLLCALTSLTILQLYHFLQIPTHEEHLFYVLSFC
LQLYHFL,0,,...[FWY]..[LVI],PLRSFRLLCALTSLTILQLYHFLQIPTHEEHLFYVLSFC
LYHFLQI,0,,...[FWY]..[LVI],PLRSFRLLCALTSLTILQLYHFLQIPTHEEHLFYVLSFC
EHLFYVL,0,,...[FWY]..[LVI],PLRSFRLLCALTSLTILQLYHFLQIPTHEEHLFYVLSFC
VRNFCIL,0,,...[FWY]..[LVI],PLRRFRRSLLLLVKHSCMESLFLVRNFCILYYFLGYIPK
CILYYFL,0,,...[FWY]..[LVI],PLRRFRRSLLLLVKHSCMESLFLVRNFCILYYFLGYIPK
LYYFLGY,0,,...[FWY]..[WFY],PLRRFRRSLLLLVKHSCMESLFLVRNFCILYYFLGYIPK
LSLFAVF,0,,...[FWY]..[WFY],PLRFFSTTPVLSLFAVFIQLAEKTYNYIYIEIACFLSIF
FAVFIQL,0,,...[FWY]..[LVI],PLRFFSTTPVLSLFAVFIQLAEKTYNYIYIEIACFLSIF
EKTYNYI,0,,...[FWY]..[LVI],PLRFFSTTPVLSLFAVFIQLAEKTYNYIYIEIACFLSIF
TYNYIYI,0,,...[FWY]..[LVI],PLRFFSTTPVLSLFAVFIQLAEKTYNYIYIEIACFLSIF
NYIYIEI,0,,...[FWY]..[LVI],PLRFFSTTPVLSLFAVFIQLAEKTYNYIYIEIACFLSIF
IACFLSI,0,,...[FWY]..[LVI],PLRFFSTTPVLSLFAVFIQLAEKTYNYIYIEIACFLSIF
IDPYINI,0,,...[FWY]..[LVI],PLRCGLRVTAIKIDPYINIDAGTYSPYEHGEVFVLNDGG
AGTYSPY,0,,...[FWY]..[WFY],PLRCGLRVTAIKIDPYINIDAGTYSPYEHGEVFVLNDGG
DEVYSRI,0,,...[FWY]..[LVI],PLRCGIALDAWMFPLGDEVYSRIPQPLFFINSEYFQYPA
NSEYFQY,0,,...[FWY]..[WFY],PLRCGIALDAWMFPLGDEVYSRIPQPLFFINSEYFQYPA
RYGFQYI,0,,...[FWY]..[LVI],PLRSGKGTQSLKIAERYGFQYISVGELLRKKIHSTSSNR
GFQYISV,0,,...[FWY]..[LVI],PLRSGKGTQSLKIAERYGFQYISVGELLRKKIHSTSSNR
LNPWPEY,0,,...[FWY]..[WFY],PLRGGKKKNKEGSGDGGRAELNPWPEYIYTRLEMYNILK
EYIYTRL,0,,...[FWY]..[LVI],PLRGGKKKNKEGSGDGGRAELNPWPEYIYTRLEMYNILK
LEMYNIL,0,,...[FWY]..[LVI],PLRGGKKKNKEGSGDGGRAELNPWPEYIYTRLEMYNILK
LGLFSHW,0,,...[FWY]..[WFY],PLRLQPELGLFSHWEKGCGSEELGCRNFGVYKRRRELSQ
CRNFGVY,0,,...[FWY]..[WFY],PLRLQPELGLFSHWEKGCGSEELGCRNFGVYKRRRELSQ
HLNFYVY,0,,...[FWY]..[WFY],PLRFGQHIKSDVHLNFYVYYGPDRIREPALLSKQDIVLT
LNFYVYY,0,,...[FWY]..[WFY],PLRFGQHIKSDVHLNFYVYYGPDRIREPALLSKQDIVLT
SGRFLWI,0,,...[FWY]..[LVI],PLRNPPVIKSSGRFLWIKFFADGELESMGFSARYNFTPE
RFLWIKF,0,,...[FWY]..[WFY],PLRNPPVIKSSGRFLWIKFFADGELESMGFSARYNFTPE
GSRYNAY,0,,...[FWY]..[WFY],PLRCGSRYNAYCCPGWKTLPGGNQCIVPICRHSCGDGFC
CPGWKTL,0,,...[FWY]..[LVI],PLRCGSRYNAYCCPGWKTLPGGNQCIVPICRHSCGDGFC
GDEWLEF,0,,...[FWY]..[WFY],PLRFHVGDEWLEFFYPQLKPWVHYIPVKTDLSNVQELLQ
EFFYPQL,0,,...[FWY]..[LVI],PLRFHVGDEWLEFFYPQLKPWVHYIPVKTDLSNVQELLQ
LKPWVHY,0,,...[FWY]..[WFY],PLRFHVGDEWLEFFYPQLKPWVHYIPVKTDLSNVQELLQ
WVHYIPV,0,,...[FWY]..[LVI],PLRFHVGDEWLEFFYPQLKPWVHYIPVKTDLSNVQELLQ
VQLYMKV,0,,...[FWY]..[LVI],PLRSHVGHTILGMNTVQLYMKVPSSRTPGHQENNNFCSV
NNNFCSV,0,,...[FWY]..[LVI],PLRSHVGHTILGMNTVQLYMKVPSSRTPGHQENNNFCSV
MISFFSV,0,,...[FWY]..[LVI],PLRCPVGMKMISFFSVMAVMTITTSSACYHRFLKSRVA
SACYHRF,0,,...[FWY]..[WFY],PLRCPVGMKMISFFSVMAVMTITTSSACYHRFLKSRVA
DAYFITF,0,,...[FWY]..[WFY],PLRCHVPQRSRLPILFPQDAYFITFMLLFAVSNGYLVSL
FITFMLL,0,,...[FWY]..[LVI],PLRCHVPQRSRLPILFPQDAYFITFMLLFAVSNGYLVSL
SLAFVDL,0,,...[FWY]..[LVI],PLRCISLAFVDLLLLVNISIILYFRDFVLLSIRFTKYHI
ILYFRDF,0,,...[FWY]..[WFY],PLRCISLAFVDLLLLVNISIILYFRDFVLLSIRFTKYHI
FRDFVLL,0,,...[FWY]..[LVI],PLRCISLAFVDLLLLVNISIILYFRDFVLLSIRFTKYHI
SIRFTKY,0,,...[FWY]..[WFY],PLRCISLAFVDLLLLVNISIILYFRDFVLLSIRFTKYHI
QKLFYFF,0,,...[FWY]..[WFY],PLRCIDYCLNFSKTTKLSFKCQKLFYFFTVILIWLSVLV
LFYFFTV,0,,...[FWY]..[LVI],PLRCIDYCLNFSKTTKLSFKCQKLFYFFTVILIWLSVLV
FYFFTVI,0,,...[FWY]..[LVI],PLRCIDYCLNFSKTTKLSFKCQKLFYFFTVILIWLSVLV
ILIWLSV,0,,...[FWY]..[LVI],PLRCIDYCLNFSKTTKLSFKCQKLFYFFTVILIWLSVLV
GFSFRKL,0,,...[FWY]..[LVI],PLRGHCSIYNKNPPLGFSFRKLYMQLDEGSLTFNANPDE
RKLYMQL,0,,...[FWY]..[LVI],PLRGHCSIYNKNPPLGFSFRKLYMQLDEGSLTFNANPDE
CHEFQAF,0,,...[FWY]..[WFY],PLRCHEFQAFMKNGKLFCPQDKKFFQSLDGIMFINKCAT
KKFFQSL,0,,...[FWY]..[LVI],PLRCHEFQAFMKNGKLFCPQDKKFFQSLDGIMFINKCAT
TIDWNTF,0,,...[FWY]..[WFY],PLRNSGWLEPLLERIGRDETAVVCPVIDTIDWNTFEFYM
WNTFEFY,0,,...[FWY]..[WFY],PLRNSGWLEPLLERIGRDETAVVCPVIDTIDWNTFEFYM
RSHFSEF,0,,...[FWY]..[WFY],PLRSHFSEFSCSDLESMKTSCSHGSSDYHTRFATVNILP
HTRFATV,0,,...[FWY]..[LVI],PLRSHFSEFSCSDLESMKTSCSHGSSDYHTRFATVNILP
CHGYEIL,0,,...[FWY]..[LVI],PLRCHGYEILFSVIFVVANVKTSMILPVILHVGTLPTL
EILFSVI,0,,...[FWY]..[LVI],PLRCHGYEILFSVIFVVANVKTSMILPVILHVGTLPTL
RRGFPGV,0,,...[FWY]..[LVI],PLRGHGYGRRGFPGVYIGPSFYQKWLTEHFFHASTQGIL
PSFYQKW,0,,...[FWY]..[WFY],PLRGHGYGRRGFPGVYIGPSFYQKWLTEHFFHASTQGIL
KICFSSI,0,,...[FWY]..[LVI],PLRCHMNLEAPGIDKICFSSIMKRDTGLRNSFFSNIILA
NSFFSNI,0,,...[FWY]..[LVI],PLRCHMNLEAPGIDKICFSSIMKRDTGLRNSFFSNIILA
KDEFTII,0,,...[FWY]..[LVI],PLRSHKDEFTIIPVLVGALSESKEQEFGKLFSKYLAHPS
EQEFGKL,0,,...[FWY]..[LVI],PLRSHKDEFTIIPVLVGALSESKEQEFGKLFSKYLAHPS
GKLFSKY,0,,...[FWY]..[WFY],PLRSHKDEFTIIPVLVGALSESKEQEFGKLFSKYLAHPS
PLRWHNL,0,,...[FWY]..[LVI],PLRWHNLILKWEPLNDAGFTTANNIANLKISLLNKDKIE
ILKWEPL,0,,...[FWY]..[LVI],PLRWHNLILKWEPLNDAGFTTANNIANLKISLLNKDKIE
RCLFLHF,0,,...[FWY]..[WFY],PLRCLFLHFQANTKTFSKDWVGINGFLSQNCIVDPGVSP
SKDWVGI,0,,...[FWY]..[LVI],PLRCLFLHFQANTKTFSKDWVGINGFLSQNCIVDPGVSP
PLRYIFW,0,,...[FWY]..[WFY],PLRYIFWKRYRFKLIAFMVISIIALMLFNFIYSAPHYLA
YIFWKRY,0,,...[FWY]..[WFY],PLRYIFWKRYRFKLIAFMVISIIALMLFNFIYSAPHYLA
RYRFKLI,0,,...[FWY]..[LVI],PLRYIFWKRYRFKLIAFMVISIIALMLFNFIYSAPHYLA
LIAFMVI,0,,...[FWY]..[LVI],PLRYIFWKRYRFKLIAFMVISIIALMLFNFIYSAPHYLA
LMLFNFI,0,,...[FWY]..[LVI],PLRYIFWKRYRFKLIAFMVISIIALMLFNFIYSAPHYLA
KYPFQVV,0,,...[FWY]..[LVI],PLRRIKCVEIVKSDISIPCHYKYPFQVVHDNYLLYVFAP
HDNYLLY,0,,...[FWY]..[WFY],PLRRIKCVEIVKSDISIPCHYKYPFQVVHDNYLLYVFAP
LGDFCFL,0,,...[FWY]..[LVI],PLRYILGDFCFLRIRTKGGNTAILNREVKDHYTLIVKAL
DFCFLRI,0,,...[FWY]..[LVI],PLRYILGDFCFLRIRTKGGNTAILNREVKDHYTLIVKAL
KDHYTLI,0,,...[FWY]..[LVI],PLRYILGDFCFLRIRTKGGNTAILNREVKDHYTLIVKAL
IHEFPQF,0,,...[FWY]..[WFY],PLRLDEEISGIMEVVGRVTAKATIMSVKIIHEFPQFYPL
FPQFYPL,0,,...[FWY]..[LVI],PLRLDEEISGIMEVVGRVTAKATIMSVKIIHEFPQFYPL
NELFARF,0,,...[FWY]..[WFY],PLRLNELFARFDKLAAENHCLRIKILGDCYYCVSGLPEA
FARFDKL,0,,...[FWY]..[LVI],PLRLNELFARFDKLAAENHCLRIKILGDCYYCVSGLPEA
GDCYYCV,0,,...[FWY]..[LVI],PLRLNELFARFDKLAAENHCLRIKILGDCYYCVSGLPEA
HSNFTAV,0,,...[FWY]..[LVI],PLRYISPESPVVQLHSNFTAVCVLKEKCMDYFHVNANYI
CMDYFHV,0,,...[FWY]..[LVI],PLRYISPESPVVQLHSNFTAVCVLKEKCMDYFHVNANYI
LEEFDRL,0,,...[FWY]..[LVI],PLRGITLEEFDRLSFDMILLSLPCQPFTRIGRQGDMTDS
RLSFDMI,0,,...[FWY]..[LVI],PLRGITLEEFDRLSFDMILLSLPCQPFTRIGRQGDMTDS
CQPFTRI,0,,...[FWY]..[LVI],PLRGITLEEFDRLSFDMILLSLPCQPFTRIGRQGDMTDS
AGQYGVY,0,,...[FWY]..[WFY],PLRGIVSWGSMNCGEAGQYGVYTKVINYIPWIENIISDF
YGVYTKV,0,,...[FWY]..[LVI],PLRGIVSWGSMNCGEAGQYGVYTKVINYIPWIENIISDF
VINYIPW,0,,...[FWY]..[WFY],PLRGIVSWGSMNCGEAGQYGVYTKVINYIPWIENIISDF
ALSYLSL,0,,...[FWY]..[LVI],PLRCKDYALSYLSLRACIGLWTAFLCIVLVATDASSLVC
IGLWTAF,0,,...[FWY]..[WFY],PLRCKDYALSYLSLRACIGLWTAFLCIVLVATDASSLVC
WTAFLCI,0,,...[FWY]..[LVI],PLRCKDYALSYLSLRACIGLWTAFLCIVLVATDASSLVC
PVSYFEF,0,,...[FWY]..[WFY],PLRRKYPDTPVSYFEFVIDPNSFSRTVENIFYVSFIVRD
VSYFEFV,0,,...[FWY]..[LVI],PLRRKYPDTPVSYFEFVIDPNSFSRTVENIFYVSFIVRD
NIFYVSF,0,,...[FWY]..[WFY],PLRRKYPDTPVSYFEFVIDPNSFSRTVENIFYVSFIVRD
PLRWKDL,0,,...[FWY]..[LVI],PLRWKDLETAQFSEIQMERQPPPLKCCLLGRTSWVRLS
TAQFSEI,0,,...[FWY]..[LVI],PLRWKDLETAQFSEIQMERQPPPLKCCLLGRTSWVRLS
RTSWVRL,0,,...[FWY]..[LVI],PLRWKDLETAQFSEIQMERQPPPLKCCLLGRTSWVRLS
PLRYKDL,0,,...[FWY]..[LVI],PLRYKDLTAKGKVLILSSEFGEADAVCNLILSLVYYFYN
SLVYYFY,0,,...[FWY]..[WFY],PLRYKDLTAKGKVLILSSEFGEADAVCNLILSLVYYFYN
TERYEKF,0,,...[FWY]..[WFY],PLRSKGAQVNQTERYEKFNQILTALSRKLEPPPVKQAEL
YEKFNQI,0,,...[FWY]..[LVI],PLRSKGAQVNQTERYEKFNQILTALSRKLEPPPVKQAEL
RMIFPKF,0,,...[FWY]..[WFY],PLRCKQAFQRMIFPKFAVKNMRMLFSVALAVMKWARFV
VMKWARF,0,,...[FWY]..[WFY],PLRCKQAFQRMIFPKFAVKNMRMLFSVALAVMKWARFV
NLLFNSF,0,,...[FWY]..[WFY],PLRSKLRENKKTAELIKTANLLFNSFEPYYMWDYVARWF
FNSFEPY,0,,...[FWY]..[WFY],PLRSKLRENKKTAELIKTANLLFNSFEPYYMWDYVARWF
FEPYYMW,0,,...[FWY]..[WFY],PLRSKLRENKKTAELIKTANLLFNSFEPYYMWDYVARWF
YYMWDYV,0,,...[FWY]..[LVI],PLRSKLRENKKTAELIKTANLLFNSFEPYYMWDYVARWF
SRFFPTF,0,,...[FWY]..[WFY],PLRCKWTLSRFFPTFVAGMWTICFCGRKSTAWLFSPFS
AWLFSPF,0,,...[FWY]..[WFY],PLRCKWTLSRFFPTFVAGMWTICFCGRKSTAWLFSPFS
ALKFSII,0,,...[FWY]..[LVI],PLRCKNNWALKFSIILLYILCALLTITVAILGYKVVEKM
ILGYKVV,0,,...[FWY]..[LVI],PLRCKNNWALKFSIILLYILCALLTITVAILGYKVVEKM
KQHWFTI,0,,...[FWY]..[LVI],PLRKQHWFTIRKFGKHWFNLNSLLAGPD
GKHWFNL,0,,...[FWY]..[LVI],PLRKQHWFTIRKFGKHWFNLNSLLAGPD
PDEWPLL,0,,...[FWY]..[LVI],PLRCPDEWPLLAFVSLLAPALAYGNTVVMVPSAACPLLA
LLAFVSL,0,,...[FWY]..[LVI],PLRCPDEWPLLAFVSLLAPALAYGNTVVMVPSAACPLLA
PIRFSAI,0,,...[FWY]..[LVI],PLRYLESNWPIRFSAIDKLGQNIAVVGKFGFAHYSLLTK
KFGFAHY,0,,...[FWY]..[WFY],PLRYLESNWPIRFSAIDKLGQNIAVVGKFGFAHYSLLTK
FAHYSLL,0,,...[FWY]..[LVI],PLRYLESNWPIRFSAIDKLGQNIAVVGKFGFAHYSLLTK
LKLWNSF,0,,...[FWY]..[WFY],PLRSLKLWNSFCNSDDPYNPLNFKASFSNIRGK
DDPYNPL,0,,...[FWY]..[LVI],PLRSLKLWNSFCNSDDPYNPLNFKASFSNIRGK
KASFSNI,0,,...[FWY]..[LVI],PLRSLKLWNSFCNSDDPYNPLNFKASFSNIRGK
ASVFVCL,0,,...[FWY]..[LVI],PLRRLRPRRTKLYVMASVFVCLLLSGLAVFFLFPRSIDV
LAVFFLF,0,,...[FWY]..[WFY],PLRRLRPRRTKLYVMASVFVCLLLSGLAVFFLFPRSIDV
KDLYEDV,0,,...[FWY]..[LVI],PLRWLSPIQKDLYEDVMLENYRNLVSLGLSFRRPNVITL
LENYRNL,0,,...[FWY]..[LVI],PLRWLSPIQKDLYEDVMLENYRNLVSLGLSFRRPNVITL
LNGFYAF,0,,...[FWY]..[WFY],PLRRLKYRLNGFYAFILTSAVIGTSLFQGVEFHYVYSHF
NGFYAFI,0,,...[FWY]..[LVI],PLRRLKYRLNGFYAFILTSAVIGTSLFQGVEFHYVYSHF
TSLFQGV,0,,...[FWY]..[LVI],PLRRLKYRLNGFYAFILTSAVIGTSLFQGVEFHYVYSHF
GVEFHYV,0,,...[FWY]..[LVI],PLRRLKYRLNGFYAFILTSAVIGTSLFQGVEFHYVYSHF
HYVYSHF,0,,...[FWY]..[WFY],PLRRLKYRLNGFYAFILTSAVIGTSLFQGVEFHYVYSHF
QDLFKSL,0,,...[FWY]..[LVI],PLRFLVSQDLFKSLHFQDDFKCISGDPSTFTAPDSPQEF
QDDFKCI,0,,...[FWY]..[LVI],PLRFLVSQDLFKSLHFQDDFKCISGDPSTFTAPDSPQEF
RTPYLYF,0,,...[FWY]..[WFY],PLRTPYLYFGMWKTTFAWHTEDMDLYSINYLHFGEPKSW
YLYFGMW,0,,...[FWY]..[WFY],PLRTPYLYFGMWKTTFAWHTEDMDLYSINYLHFGEPKSW
SINYLHF,0,,...[FWY]..[WFY],PLRTPYLYFGMWKTTFAWHTEDMDLYSINYLHFGEPKSW
GYSFSSV,0,,...[FWY]..[LVI],PLRFMEPMEKSIFYNDEGYSFSSVLYYGNEATLLIFDLL
LLIFDLL,0,,...[FWY]..[LVI],PLRFMEPMEKSIFYNDEGYSFSSVLYYGNEATLLIFDLL
VERFTPV,0,,...[FWY]..[LVI],PLRCMIHVERFTPVPSLLFNGIMALIYLCVEDIFQLINY
SLLFNGI,0,,...[FWY]..[LVI],PLRCMIHVERFTPVPSLLFNGIMALIYLCVEDIFQLINY
ALIYLCV,0,,...[FWY]..[LVI],PLRCMIHVERFTPVPSLLFNGIMALIYLCVEDIFQLINY
EDIFQLI,0,,...[FWY]..[LVI],PLRCMIHVERFTPVPSLLFNGIMALIYLCVEDIFQLINY
SNNYGMV,0,,...[FWY]..[LVI],PLRSNNYGMVRSTEATLSFGYLDPFPPEERPEVRVKEGK
TLSFGYL,0,,...[FWY]..[LVI],PLRSNNYGMVRSTEATLSFGYLDPFPPEERPEVRVKEGK
GNQWYDF,0,,...[FWY]..[WFY],PLRGNQWYDFLQNSSHLKESPLLFPYYPRKSLHFVKRRM
NQWYDFL,0,,...[FWY]..[LVI],PLRGNQWYDFLQNSSHLKESPLLFPYYPRKSLHFVKRRM
PLLFPYY,0,,...[FWY]..[WFY],PLRGNQWYDFLQNSSHLKESPLLFPYYPRKSLHFVKRRM
QDHFHEL,0,,...[FWY]..[LVI],PLRCNVLSCGFDAGDCGQDHFHELYKVILLPNQTHYIIP
HELYKVI,0,,...[FWY]..[LVI],PLRCNVLSCGFDAGDCGQDHFHELYKVILLPNQTHYIIP
VQTFGKY,0,,...[FWY]..[WFY],PLRCNEQGKTFNTEAMFFIHKRVHIVQTFGKYNEYEKAC
FGKYNEY,0,,...[FWY]..[WFY],PLRCNEQGKTFNTEAMFFIHKRVHIVQTFGKYNEYEKAC
AWWFCRF,0,,...[FWY]..[WFY],PLRCPCGVPACSHTCPCGVPACSHKALAWWFCRFPILP
FCRFPIL,0,,...[FWY]..[LVI],PLRCPCGVPACSHTCPCGVPACSHKALAWWFCRFPILP
TSSYDWY,0,,...[FWY]..[WFY],PLRSPEIVVLLHGFPTSSYDWYKIWEGLTLRFHRVIALD
SYDWYKI,0,,...[FWY]..[LVI],PLRSPEIVVLLHGFPTSSYDWYKIWEGLTLRFHRVIALD
YDWYKIW,0,,...[FWY]..[WFY],PLRSPEIVVLLHGFPTSSYDWYKIWEGLTLRFHRVIALD
YKIWEGL,0,,...[FWY]..[LVI],PLRSPEIVVLLHGFPTSSYDWYKIWEGLTLRFHRVIALD
TLRFHRV,0,,...[FWY]..[LVI],PLRSPEIVVLLHGFPTSSYDWYKIWEGLTLRFHRVIALD
PGKWSQF,0,,...[FWY]..[WFY],PLRSPGKWSQFFNPICCFLLFNIMDWLGRSLTSYFLWPD
SQFFNPI,0,,...[FWY]..[LVI],PLRSPGKWSQFFNPICCFLLFNIMDWLGRSLTSYFLWPD
ICCFLLF,0,,...[FWY]..[WFY],PLRSPGKWSQFFNPICCFLLFNIMDWLGRSLTSYFLWPD
LTSYFLW,0,,...[FWY]..[WFY],PLRSPGKWSQFFNPICCFLLFNIMDWLGRSLTSYFLWPD
PILWSPV,0,,...[FWY]..[LVI],PLRRPILWSPVSRYNEVNITYSPSGLVTFIQRGTWNEKM
VSRYNEV,0,,...[FWY]..[LVI],PLRRPILWSPVSRYNEVNITYSPSGLVTFIQRGTWNEKM
AAFYIQL,0,,...[FWY]..[LVI],PLRRPIYRGASAAFYIQLFCIDEKYDTFAGFYEFCFQS
DEKYDTF,0,,...[FWY]..[WFY],PLRRPIYRGASAAFYIQLFCIDEKYDTFAGFYEFCFQS
YDTFAGF,0,,...[FWY]..[WFY],PLRRPIYRGASAAFYIQLFCIDEKYDTFAGFYEFCFQS
FAGFYEF,0,,...[FWY]..[WFY],PLRRPIYRGASAAFYIQLFCIDEKYDTFAGFYEFCFQS
RPKYNGI,0,,...[FWY]..[LVI],PLRRPKYNGILHCLTTIWKLDGLRGLYQGVTPNIWGAGL
RGLYQGV,0,,...[FWY]..[LVI],PLRRPKYNGILHCLTTIWKLDGLRGLYQGVTPNIWGAGL
CPLFSGI,0,,...[FWY]..[LVI],PLRCPLFSGIGYASVVIVSLLNVYYIVILAWATYYLFQS
GIGYASV,0,,...[FWY]..[LVI],PLRCPLFSGIGYASVVIVSLLNVYYIVILAWATYYLFQS
LNVYYIV,0,,...[FWY]..[LVI],PLRCPLFSGIGYASVVIVSLLNVYYIVILAWATYYLFQS
NVYYIVI,0,,...[FWY]..[LVI],PLRCPLFSGIGYASVVIVSLLNVYYIVILAWATYYLFQS
ILAWATY,0,,...[FWY]..[WFY],PLRCPLFSGIGYASVVIVSLLNVYYIVILAWATYYLFQS
WATYYLF,0,,...[FWY]..[WFY],PLRCPLFSGIGYASVVIVSLLNVYYIVILAWATYYLFQS
IPNYTYV,0,,...[FWY]..[LVI],PLRIPNYTYVMEHLFRYMVGTLELLVAENYLLVHLSGGT
AENYLLV,0,,...[FWY]..[LVI],PLRIPNYTYVMEHLFRYMVGTLELLVAENYLLVHLSGGT
PLRYVPL,0,,...[FWY]..[LVI],PLRYVPLKAQEWKTEKRFIGLTNSFGFGGTNATLCIAGL
EKRFIGL,0,,...[FWY]..[LVI],PLRYVPLKAQEWKTEKRFIGLTNSFGFGGTNATLCIAGL
PLRWPSL,0,,...[FWY]..[LVI],PLRWPSLVFVFKNEDYFKDLCGPDAGPIGNATGQADCKA
EDYFKDL,0,,...[FWY]..[LVI],PLRWPSLVFVFKNEDYFKDLCGPDAGPIGNATGQADCKA
QVMYTLF,0,,...[FWY]..[WFY],PLRSQVMYTLFQDTGLLEIFKIPTQQFMNYFRALENGYR
TQQFMNY,0,,...[FWY]..[WFY],PLRSQVMYTLFQDTGLLEIFKIPTQQFMNYFRALENGYR
MNYFRAL,0,,...[FWY]..[LVI],PLRSQVMYTLFQDTGLLEIFKIPTQQFMNYFRALENGYR
DMRFVHY,0,,...[FWY]..[WFY],PLRRDMRFVHYQTLRALFQYKPQNVDELTLSPGDYIFVD
FVHYQTL,0,,...[FWY]..[LVI],PLRRDMRFVHYQTLRALFQYKPQNVDELTLSPGDYIFVD
PGDYIFV,0,,...[FWY]..[LVI],PLRRDMRFVHYQTLRALFQYKPQNVDELTLSPGDYIFVD
MGLFFIY,0,,...[FWY]..[WFY],PLRIFILNGLMMGLFFIYGTYLSGTELGGLITILCFFFN
FFIYGTY,0,,...[FWY]..[WFY],PLRIFILNGLMMGLFFIYGTYLSGTELGGLITILCFFFN
RQCFRQY,0,,...[FWY]..[WFY],PLRCRVCSNRHGLIRKYGLNMCRQCFRQYAKDIGFIKLD
DIGFIKL,0,,...[FWY]..[LVI],PLRCRVCSNRHGLIRKYGLNMCRQCFRQYAKDIGFIKLD
RKEFGDV,0,,...[FWY]..[LVI],PLRRQEVYRVADQVRKEFGDVTILVNNADLVTGKPFLDI
GKPFLDI,0,,...[FWY]..[LVI],PLRRQEVYRVADQVRKEFGDVTILVNNADLVTGKPFLDI
RRQFHSI,0,,...[FWY]..[LVI],PLRRQFHSIPATWQALMDNPYDVKELIPEFFYFPEFLEN
PATWQAL,0,,...[FWY]..[LVI],PLRRQFHSIPATWQALMDNPYDVKELIPEFFYFPEFLEN
IPEFFYF,0,,...[FWY]..[WFY],PLRRQFHSIPATWQALMDNPYDVKELIPEFFYFPEFLEN
FFYFPEF,0,,...[FWY]..[WFY],PLRRQFHSIPATWQALMDNPYDVKELIPEFFYFPEFLEN
DTLFRAL,0,,...[FWY]..[LVI],PLRSQGCDTLFRALWVPGIFRVLGTTTFPGVSRGSCLWY
PGIFRVL,0,,...[FWY]..[LVI],PLRSQGCDTLFRALWVPGIFRVLGTTTFPGVSRGSCLWY
TTTFPGV,0,,...[FWY]..[LVI],PLRSQGCDTLFRALWVPGIFRVLGTTTFPGVSRGSCLWY
PLRWQHY,0,,...[FWY]..[WFY],PLRWQHYKPLARRHLRRVLTPKRFRASSSQFSVPWPGG
WQHYKPL,0,,...[FWY]..[LVI],PLRWQHYKPLARRHLRRVLTPKRFRASSSQFSVPWPGG
QLVFMRI,0,,...[FWY]..[LVI],PLRSQLVFMRIYCGLKTSCIVTAGQLANAHIDYTSRPAT
MRIYCGL,0,,...[FWY]..[LVI],PLRSQLVFMRIYCGLKTSCIVTAGQLANAHIDYTSRPAT
SYSFDGL,0,,...[FWY]..[LVI],PLRCQTICHIYGEGHVRTFDGKSYSFDGLCQYSFLEDYC
LCQYSFL,0,,...[FWY]..[LVI],PLRCQTICHIYGEGHVRTFDGKSYSFDGLCQYSFLEDYC
DSLYRCY,0,,...[FWY]..[WFY],PLRPEVLQDSLYRCYSTPSGCLELTDSCQPYRSAFYVLE
RSAFYVL,0,,...[FWY]..[LVI],PLRPEVLQDSLYRCYSTPSGCLELTDSCQPYRSAFYVLE
RRKFPAW,0,,...[FWY]..[WFY],PLRRKFPAWQNSIRHNLSLNDCFVKIPREPGHPGKGTYW
NDCFVKI,0,,...[FWY]..[LVI],PLRRKFPAWQNSIRHNLSLNDCFVKIPREPGHPGKGTYW
REEYFGF,0,,...[FWY]..[WFY],PLRRRKLTLQRKREEYFGFIEQYYDSRNEEHHQDTYRQF
EEYFGFI,0,,...[FWY]..[LVI],PLRRRKLTLQRKREEYFGFIEQYYDSRNEEHHQDTYRQF
QDTYRQF,0,,...[FWY]..[WFY],PLRRRKLTLQRKREEYFGFIEQYYDSRNEEHHQDTYRQF
SFCFEGF,0,,...[FWY]..[WFY],PLRCSEAAGSPGNSGSSLRSCPSFCFEGFVFVHWGVFVF
FEGFVFV,0,,...[FWY]..[LVI],PLRCSEAAGSPGNSGSSLRSCPSFCFEGFVFVHWGVFVF
GFVFVHW,0,,...[FWY]..[WFY],PLRCSEAAGSPGNSGSSLRSCPSFCFEGFVFVHWGVFVF
FVHWGVF,0,,...[FWY]..[WFY],PLRCSEAAGSPGNSGSSLRSCPSFCFEGFVFVHWGVFVF
SGEFCTY,0,,...[FWY]..[WFY],PLRQYVLERDRHSGEFCTYGELGTQAHTGQLQSIRRVQH
FCTYGEL,0,,...[FWY]..[LVI],PLRQYVLERDRHSGEFCTYGELGTQAHTGQLQSIRRVQH
PHFFMGY,0,,...[FWY]..[WFY],PLRGSKLHRPKLIGIGCLLMGTGSILTSLPHFFMGYYRY
FMGYYRY,0,,...[FWY]..[WFY],PLRGSKLHRPKLIGIGCLLMGTGSILTSLPHFFMGYYRY
AGLFQHL,0,,...[FWY]..[LVI],PLRFSQKAGLFQHLKIHTGEKPHQCSKCGRCFSWRSVLR
CFSWRSV,0,,...[FWY]..[LVI],PLRFSQKAGLFQHLKIHTGEKPHQCSKCGRCFSWRSVLR
LRPFNSW,0,,...[FWY]..[WFY],PLRCSQKKAQKITELRPFNSWEALFTKMSKTNGLSEDLI
FNSWEAL,0,,...[FWY]..[LVI],PLRCSQKKAQKITELRPFNSWEALFTKMSKTNGLSEDLI
PLRYSSV,0,,...[FWY]..[LVI],PLRYSSVVTYVHICATEIIKNQLRISLIALTRKNQLISF
VVTYVHI,0,,...[FWY]..[LVI],PLRYSSVVTYVHICATEIIKNQLRISLIALTRKNQLISF
TRTWKEV,0,,...[FWY]..[LVI],PLRSSTRTWKEVCFACMDGQEFRFAQLCGLHIVIHADEL
EFRFAQL,0,,...[FWY]..[LVI],PLRSSTRTWKEVCFACMDGQEFRFAQLCGLHIVIHADEL
DPFYRTF,0,,...[FWY]..[WFY],PLRCSVASILLDPFYRTFKGLMILIEKEWISMGHKFSQH
YRTFKGL,0,,...[FWY]..[LVI],PLRCSVASILLDPFYRTFKGLMILIEKEWISMGHKFSQH
ITMFCSI,0,,...[FWY]..[LVI],PLRITMFCSIQKTALQTTEVRNCFGREVAVANRFFFIVF
ANRFFFI,0,,...[FWY]..[LVI],PLRITMFCSIQKTALQTTEVRNCFGREVAVANRFFFIVF
NRFFFIV,0,,...[FWY]..[LVI],PLRITMFCSIQKTALQTTEVRNCFGREVAVANRFFFIVF
RFFFIVF,0,,...[FWY]..[WFY],PLRITMFCSIQKTALQTTEVRNCFGREVAVANRFFFIVF
PLRFTNF,0,,...[FWY]..[WFY],PLRFTNFSGADLLKLTRDDVIQICGPADGIRLFNALKGR
IRLFNAL,0,,...[FWY]..[LVI],PLRFTNFSGADLLKLTRDDVIQICGPADGIRLFNALKGR
PLRYTNI,0,,...[FWY]..[LVI],PLRYTNIQETYFEVTELTEDQRYEFRVFARNAADSVSEP
QETYFEV,0,,...[FWY]..[LVI],PLRYTNIQETYFEVTELTEDQRYEFRVFARNAADSVSEP
RYEFRVF,0,,...[FWY]..[WFY],PLRYTNIQETYFEVTELTEDQRYEFRVFARNAADSVSEP
AGLYSEL,0,,...[FWY]..[LVI],PLRMAAGLYSELFTLLVSLVNRALKSSQHSLCSMMIVDT
SELFTLL,0,,...[FWY]..[LVI],PLRMAAGLYSELFTLLVSLVNRALKSSQHSLCSMMIVDT
QLYYVKF,0,,...[FWY]..[WFY],PLRCTEPEDQLYYVKFLSLPEVRQAIHVGNQTFNDGTIV
YVKFLSL,0,,...[FWY]..[LVI],PLRCTEPEDQLYYVKFLSLPEVRQAIHVGNQTFNDGTIV
NIDYPVL,0,,...[FWY]..[LVI],PLRSTYDRAGAVPRTPLAGPNIDYPVLYGKYLNGLGRLP
PVLYGKY,0,,...[FWY]..[WFY],PLRSTYDRAGAVPRTPLAGPNIDYPVLYGKYLNGLGRLP
ASQFLVL,0,,...[FWY]..[LVI],PLRFVASQFLVLRRGEERNLTLNTRSSQGAISFNFSSLL
SFNFSSL,0,,...[FWY]..[LVI],PLRFVASQFLVLRRGEERNLTLNTRSSQGAISFNFSSLL
VATFIGL,0,,...[FWY]..[LVI],PLRGVATFIGLDKMAVWAKKMTEIQTPENTPRLFDLVKV
PRLFDLV,0,,...[FWY]..[LVI],PLRGVATFIGLDKMAVWAKKMTEIQTPENTPRLFDLVKV
PLSFNPY,0,,...[FWY]..[WFY],PLRFVDHEKPLSFNPYKMLRSWIKTVVPLSVGLSVLSS
FNPYKML,0,,...[FWY]..[LVI],PLRFVDHEKPLSFNPYKMLRSWIKTVVPLSVGLSVLSS
VDYFNSV,0,,...[FWY]..[LVI],PLRSVDYFNSVKRFDPVKKTWHQVAPMHSRRCYVSVTGL
VKRFDPV,0,,...[FWY]..[LVI],PLRSVDYFNSVKRFDPVKKTWHQVAPMHSRRCYVSVTGL
KKTWHQV,0,,...[FWY]..[LVI],PLRSVDYFNSVKRFDPVKKTWHQVAPMHSRRCYVSVTGL
RRCYVSV,0,,...[FWY]..[LVI],PLRSVDYFNSVKRFDPVKKTWHQVAPMHSRRCYVSVTGL
SVTFTDI,0,,...[FWY]..[LVI],PLRSVTFTDIASLNIQLTCNILTFGQLEQNVYGITIISG
ILTFGQL,0,,...[FWY]..[LVI],PLRSVTFTDIASLNIQLTCNILTFGQLEQNVYGITIISG
PLRFVYF,0,,...[FWY]..[WFY],PLRFVYFITKLSRVGRGTAYVGFHGGLWQSVHIDDLRR
GTAYVGF,0,,...[FWY]..[WFY],PLRFVYFITKLSRVGRGTAYVGFHGGLWQSVHIDDLRR
GGLWQSV,0,,...[FWY]..[LVI],PLRFVYFITKLSRVGRGTAYVGFHGGLWQSVHIDDLRR
NISFFIL,0,,...[FWY]..[LVI],PLRSWKEEKNISFFILHFEPVLPNDNGSYRCSANFQSNL
ILHFEPV,0,,...[FWY]..[LVI],PLRSWKEEKNISFFILHFEPVLPNDNGSYRCSANFQSNL
LRGWMDI,0,,...[FWY]..[LVI],PLRGWMDIMYAAVDSRNVELQPKYEESLYMYFTLLFSS
DIMYAAV,0,,...[FWY]..[LVI],PLRGWMDIMYAAVDSRNVELQPKYEESLYMYFTLLFSS
ESLYMYF,0,,...[FWY]..[WFY],PLRGWMDIMYAAVDSRNVELQPKYEESLYMYFTLLFSS
LYMYFTL,0,,...[FWY]..[LVI],PLRGWMDIMYAAVDSRNVELQPKYEESLYMYFTLLFSS
YMYFTLL,0,,...[FWY]..[LVI],PLRGWMDIMYAAVDSRNVELQPKYEESLYMYFTLLFSS
GKKYKYY,0,,...[FWY]..[WFY],PLRSYECGICGKKYKYYNCFQTHVRAHRDTEATSGEGAS
YKYYNCF,0,,...[FWY]..[WFY],PLRSYECGICGKKYKYYNCFQTHVRAHRDTEATSGEGAS
HEGYEVL,0,,...[FWY]..[LVI],PLRRRPHEGYEVLRFDDVVTNVGNAYEAASGKFTCPMPG
VLRFDDV,0,,...[FWY]..[LVI],PLRRRPHEGYEVLRFDDVVTNVGNAYEAASGKFTCPMPG
LRFYIPL,0,,...[FWY]..[LVI],PLRFYIPLIHFKIRLAWFEKMTCYLQLLFNICLPDVSEE
MTCYLQL,0,,...[FWY]..[LVI],PLRFYIPLIHFKIRLAWFEKMTCYLQLLFNICLPDVSEE
NQIFKTL,0,,...[FWY]..[LVI],PLRLIYADNQIFKTLQMLWFKYLSPPKLMLKFNRQCGST
QMLWFKY,0,,...[FWY]..[WFY],PLRLIYADNQIFKTLQMLWFKYLSPPKLMLKFNRQCGST
MLWFKYL,0,,...[FWY]..[LVI],PLRLIYADNQIFKTLQMLWFKYLSPPKLMLKFNRQCGST
RDAFKIL,0,,...[FWY]..[LVI],PLRDAFKILSKNSSHFTSINCFGDFIIFLGKVLVVCFTV
SSHFTSI,0,,...[FWY]..[LVI],PLRDAFKILSKNSSHFTSINCFGDFIIFLGKVLVVCFTV
INCFGDF,0,,...[FWY]..[WFY],PLRDAFKILSKNSSHFTSINCFGDFIIFLGKVLVVCFTV
FGDFIIF,0,,...[FWY]..[WFY],PLRDAFKILSKNSSHFTSINCFGDFIIFLGKVLVVCFTV
LALFEVL,0,,...[FWY]..[LVI],PLRNAMLALFEVLSLKGWVEVRDVIIHRVGPIHGIYIHV
LKGWVEV,0,,...[FWY]..[LVI],PLRNAMLALFEVLSLKGWVEVRDVIIHRVGPIHGIYIHV
HGIYIHV,0,,...[FWY]..[LVI],PLRNAMLALFEVLSLKGWVEVRDVIIHRVGPIHGIYIHV
SQSYISV,0,,...[FWY]..[LVI],PLRDEPITVTPPDSQSYISVNYSVRINETYFTNVTVLNG
ETYFTNV,0,,...[FWY]..[LVI],PLRDEPITVTPPDSQSYISVNYSVRINETYFTNVTVLNG
IMDWICL,0,,...[FWY]..[LVI],PLRHPPTLNQIMDWICLLLDANFTVVVMMPEAKRLLINL
DANFTVV,0,,...[FWY]..[LVI],PLRHPPTLNQIMDWICLLLDANFTVVVMMPEAKRLLINL
ERRYLLF,0,,...[FWY]..[WFY],PLRDEHTERRYLLFFLLSWGLPAFVVILLIVILKGIYHQ
YLLFFLL,0,,...[FWY]..[LVI],PLRDEHTERRYLLFFLLSWGLPAFVVILLIVILKGIYHQ
LPAFVVI,0,,...[FWY]..[LVI],PLRDEHTERRYLLFFLLSWGLPAFVVILLIVILKGIYHQ
PLRYAII,0,,...[FWY]..[LVI],PLRYAIIFTQLEFGDEPFNTVGLYSLTETASQEAMGL
AIIFTQL,0,,...[FWY]..[LVI],PLRYAIIFTQLEFGDEPFNTVGLYSLTETASQEAMGL
DEPFNTV,0,,...[FWY]..[LVI],PLRYAIIFTQLEFGDEPFNTVGLYSLTETASQEAMGL
AIQFLEF,0,,...[FWY]..[WFY],PLRYAQGLLAIQFLEFFYGIATATEIAYYSYIYSVVDLG
LEFFYGI,0,,...[FWY]..[LVI],PLRYAQGLLAIQFLEFFYGIATATEIAYYSYIYSVVDLG
EIAYYSY,0,,...[FWY]..[WFY],PLRYAQGLLAIQFLEFFYGIATATEIAYYSYIYSVVDLG
IAYYSYI,0,,...[FWY]..[LVI],PLRYAQGLLAIQFLEFFYGIATATEIAYYSYIYSVVDLG
SYIYSVV,0,,...[FWY]..[LVI],PLRYAQGLLAIQFLEFFYGIATATEIAYYSYIYSVVDLG
KQIFETI,0,,...[FWY]..[LVI],PLREAQLLNKQIFETIYYGALEASCDLAKEQGPYETYEG
TIYYGAL,0,,...[FWY]..[LVI],PLREAQLLNKQIFETIYYGALEASCDLAKEQGPYETYEG
QGPYETY,0,,...[FWY]..[WFY],PLREAQLLNKQIFETIYYGALEASCDLAKEQGPYETYEG
IHTFRDY,0,,...[FWY]..[WFY],PLRNASARDNTINLIHTFRDYLHYHIKCSKAYIHTRMRA
FRDYLHY,0,,...[FWY]..[WFY],PLRNASARDNTINLIHTFRDYLHYHIKCSKAYIHTRMRA
QAYYLTY,0,,...[FWY]..[WFY],PLRDDSLHLELEKQAYYLTYILLHLVGEVSCSHSFSSGQ
YLTYILL,0,,...[FWY]..[LVI],PLRDDSLHLELEKQAYYLTYILLHLVGEVSCSHSFSSGQ
DAEYPAY,0,,...[FWY]..[WFY],PLRDASPTPSTDAEYPAYGSGADRIYDLNIPAFVKFAYV
IPAFVKF,0,,...[FWY]..[WFY],PLRDASPTPSTDAEYPAYGSGADRIYDLNIPAFVKFAYV
FVKFAYV,0,,...[FWY]..[LVI],PLRDASPTPSTDAEYPAYGSGADRIYDLNIPAFVKFAYV
LPQYVSL,0,,...[FWY]..[LVI],PLRNASTSRGCGLDLLPQYVSLCDLDAIWGIVVEAVAGA
DAIWGIV,0,,...[FWY]..[LVI],PLRNASTSRGCGLDLLPQYVSLCDLDAIWGIVVEAVAGA
SILFSML,0,,...[FWY]..[LVI],PLRDEVEHCQSILFSMLPRASTSKEIDAGLLSIISFPAF
IISFPAF,0,,...[FWY]..[WFY],PLRDEVEHCQSILFSMLPRASTSKEIDAGLLSIISFPAF
ISGFSLF,0,,...[FWY]..[WFY],PLRDAYEHTQMKLFRSQRNLYISGFSLFFWLVLRRLVTL
FSLFFWL,0,,...[FWY]..[LVI],PLRDAYEHTQMKLFRSQRNLYISGFSLFFWLVLRRLVTL
SLFFWLV,0,,...[FWY]..[LVI],PLRDAYEHTQMKLFRSQRNLYISGFSLFFWLVLRRLVTL
LFFWLVL,0,,...[FWY]..[LVI],PLRDAYEHTQMKLFRSQRNLYISGFSLFFWLVLRRLVTL
GHSFCLV,0,,...[FWY]..[LVI],PLRECGHSFCLVCLLRSWEEHNTPLSCPECWRTLEGPHF
PECWRTL,0,,...[FWY]..[LVI],PLRECGHSFCLVCLLRSWEEHNTPLSCPECWRTLEGPHF
LKKFSSF,0,,...[FWY]..[WFY],PLRNCGRGTLIRASSFTSSLGLKKFSSFSFRKIRPWAL
SFSFRKI,0,,...[FWY]..[LVI],PLRNCGRGTLIRASSFTSSLGLKKFSSFSFRKIRPWAL
QRLYRDV,0,,...[FWY]..[LVI],PLRECLDSAQQRLYRDVMLENYGNLVSLGLAIFKPDLMT
LENYGNL,0,,...[FWY]..[LVI],PLRECLDSAQQRLYRDVMLENYGNLVSLGLAIFKPDLMT
LGIFMFV,0,,...[FWY]..[LVI],PLRVCLQMLEETRQVKVILNIGLFAVCSLGIFMFVYFSL
IFMFVYF,0,,...[FWY]..[WFY],PLRVCLQMLEETRQVKVILNIGLFAVCSLGIFMFVYFSL
MFVYFSL,0,,...[FWY]..[LVI],PLRVCLQMLEETRQVKVILNIGLFAVCSLGIFMFVYFSL
APDYMYL,0,,...[FWY]..[LVI],PLRYCRGLRFEEAPDYMYLRQLFRILFRTLNHQYDYTFD
RQLFRIL,0,,...[FWY]..[LVI],PLRYCRGLRFEEAPDYMYLRQLFRILFRTLNHQYDYTFD
RILFRTL,0,,...[FWY]..[LVI],PLRYCRGLRFEEAPDYMYLRQLFRILFRTLNHQYDYTFD
SKSWQKI,0,,...[FWY]..[LVI],PLRNCSSKSWQKIQEPNTFPAILRSMCGYQTFFAGKYLN
PNTFPAI,0,,...[FWY]..[LVI],PLRNCSSKSWQKIQEPNTFPAILRSMCGYQTFFAGKYLN
MCGYQTF,0,,...[FWY]..[WFY],PLRNCSSKSWQKIQEPNTFPAILRSMCGYQTFFAGKYLN
PLRYDFV,0,,...[FWY]..[LVI],PLRYDFVDVYNGHANGQRIGRFCGTFRPGALVSSGNKMM
RYDFVDV,0,,...[FWY]..[LVI],PLRYDFVDVYNGHANGQRIGRFCGTFRPGALVSSGNKMM
LRVYLCI,0,,...[FWY]..[LVI],PLRVYLCISVHPFILIFSNLKLRSVFSQLLLLARGFWVA
VHPFILI,0,,...[FWY]..[LVI],PLRVYLCISVHPFILIFSNLKLRSVFSQLLLLARGFWVA
ILIFSNL,0,,...[FWY]..[LVI],PLRVYLCISVHPFILIFSNLKLRSVFSQLLLLARGFWVA
RSVFSQL,0,,...[FWY]..[LVI],PLRVYLCISVHPFILIFSNLKLRSVFSQLLLLARGFWVA
LLQYINV,0,,...[FWY]..[LVI],PLRHDIELLQYINVDCAKLKRLLKETAFKFAQL
AFKFAQL,0,,...[FWY]..[LVI],PLRHDIELLQYINVDCAKLKRLLKETAFKFAQL
LTDYEYV,0,,...[FWY]..[LVI],PLRYDRGNIVLTDYEYVILNILRFRTDEADDVKFAVRER
DYEYVIL,0,,...[FWY]..[LVI],PLRYDRGNIVLTDYEYVILNILRFRTDEADDVKFAVRER
DDTFLGL,0,,...[FWY]..[LVI],PLRDDTFLGLENLEYLQVDYNYISVIEPNAFGKLHLLQV
NLEYLQV,0,,...[FWY]..[LVI],PLRDDTFLGLENLEYLQVDYNYISVIEPNAFGKLHLLQV
QVDYNYI,0,,...[FWY]..[LVI],PLRDDTFLGLENLEYLQVDYNYISVIEPNAFGKLHLLQV
DYNYISV,0,,...[FWY]..[LVI],PLRDDTFLGLENLEYLQVDYNYISVIEPNAFGKLHLLQV
PNAFGKL,0,,...[FWY]..[LVI],PLRDDTFLGLENLEYLQVDYNYISVIEPNAFGKLHLLQV
RTRYAFV,0,,...[FWY]..[LVI],PLRDENRTRYAFVMFKTLKDYNTALSLHKTVLQYRPVHI
RYAFVMF,0,,...[FWY]..[WFY],PLRDENRTRYAFVMFKTLKDYNTALSLHKTVLQYRPVHI
FVMFKTL,0,,...[FWY]..[LVI],PLRDENRTRYAFVMFKTLKDYNTALSLHKTVLQYRPVHI
VLQYRPV,0,,...[FWY]..[LVI],PLRDENRTRYAFVMFKTLKDYNTALSLHKTVLQYRPVHI
PLRYEEI,0,,...[FWY]..[LVI],PLRYEEICVYEEAREVFENEVVTDEFWRRYKGGSPCISQ
DEFWRRY,0,,...[FWY]..[WFY],PLRYEEICVYEEAREVFENEVVTDEFWRRYKGGSPCISQ
SLVFGLL,0,,...[FWY]..[LVI],PLREEERLISLVFGLLKQRKLNFLEIYGEKMVITAKNII
KLNFLEI,0,,...[FWY]..[LVI],PLREEERLISLVFGLLKQRKLNFLEIYGEKMVITAKNII
HEHWRFV,0,,...[FWY]..[LVI],PLRHEHWRFVLQRLVFLAAFVVYLETETLVTREAVTEIL
LAAFVVY,0,,...[FWY]..[WFY],PLRHEHWRFVLQRLVFLAAFVVYLETETLVTREAVTEIL
IETWREI,0,,...[FWY]..[LVI],PLRYEIEQHKIETWREIYLQGCFKPLVSISPNDSLFEAV
QGCFKPL,0,,...[FWY]..[LVI],PLRYEIEQHKIETWREIYLQGCFKPLVSISPNDSLFEAV
DSLFEAV,0,,...[FWY]..[LVI],PLRYEIEQHKIETWREIYLQGCFKPLVSISPNDSLFEAV
NEIFFTF,0,,...[FWY]..[WFY],PLRNEIFFTFFFNVLGQGDGTTSGHTSL
EIFFTFF,0,,...[FWY]..[WFY],PLRNEIFFTFFFNVLGQGDGTTSGHTSL
FTFFFNV,0,,...[FWY]..[LVI],PLRNEIFFTFFFNVLGQGDGTTSGHTSL
TFFFNVL,0,,...[FWY]..[LVI],PLRNEIFFTFFFNVLGQGDGTTSGHTSL
APWFLTL,0,,...[FWY]..[LVI],PLRLEENEISPSLYAAPWFLTLFASQFSLGFVARVFDII
ARVFDII,0,,...[FWY]..[LVI],PLRLEENEISPSLYAAPWFLTLFASQFSLGFVARVFDII
MSKWEEI,0,,...[FWY]..[LVI],PLRDFCMSKWEEILFNMVVGIVYIFCWFNVKEGRTRYRI
EILFNMV,0,,...[FWY]..[LVI],PLRDFCMSKWEEILFNMVVGIVYIFCWFNVKEGRTRYRI
VYIFCWF,0,,...[FWY]..[WFY],PLRDFCMSKWEEILFNMVVGIVYIFCWFNVKEGRTRYRI
IFCWFNV,0,,...[FWY]..[LVI],PLRDFCMSKWEEILFNMVVGIVYIFCWFNVKEGRTRYRI
LREFDVY,0,,...[FWY]..[WFY],PLREFDVYMDMVNRRIAMDLILKMADSQRFRQFILLTPQ
SQRFRQF,0,,...[FWY]..[WFY],PLREFDVYMDMVNRRIAMDLILKMADSQRFRQFILLTPQ
FRQFILL,0,,...[FWY]..[LVI],PLREFDVYMDMVNRRIAMDLILKMADSQRFRQFILLTPQ
PLRFFLL,0,,...[FWY]..[LVI],PLRFFLLRGNHECASINRIYGFYDECKRRFNIKLWKTFT
NRIYGFY,0,,...[FWY]..[WFY],PLRFFLLRGNHECASINRIYGFYDECKRRFNIKLWKTFT
IKLWKTF,0,,...[FWY]..[WFY],PLRFFLLRGNHECASINRIYGFYDECKRRFNIKLWKTFT
LRVFGPL,0,,...[FWY]..[LVI],PLRVFGPLPAFVRVWVELLIIRPAATAVISLAFGRYILE
LPAFVRV,0,,...[FWY]..[LVI],PLRVFGPLPAFVRVWVELLIIRPAATAVISLAFGRYILE
VRVWVEL,0,,...[FWY]..[LVI],PLRVFGPLPAFVRVWVELLIIRPAATAVISLAFGRYILE
SLAFGRY,0,,...[FWY]..[WFY],PLRVFGPLPAFVRVWVELLIIRPAATAVISLAFGRYILE
KNLFEQF,0,,...[FWY]..[WFY],PLRNFIPKNLFEQFRRVANFYFLIIFLVQLIIDTPTSPV
FEQFRRV,0,,...[FWY]..[LVI],PLRNFIPKNLFEQFRRVANFYFLIIFLVQLIIDTPTSPV
VANFYFL,0,,...[FWY]..[LVI],PLRNFIPKNLFEQFRRVANFYFLIIFLVQLIIDTPTSPV
ANFYFLI,0,,...[FWY]..[LVI],PLRNFIPKNLFEQFRRVANFYFLIIFLVQLIIDTPTSPV
NFYFLII,0,,...[FWY]..[LVI],PLRNFIPKNLFEQFRRVANFYFLIIFLVQLIIDTPTSPV
LKNFPAL,0,,...[FWY]..[LVI],PLRNFILKNFPALLSTGEFLKLPFERLAFVLSSNSLKHC
TGEFLKL,0,,...[FWY]..[LVI],PLRNFILKNFPALLSTGEFLKLPFERLAFVLSSNSLKHC
KLPFERL,0,,...[FWY]..[LVI],PLRNFILKNFPALLSTGEFLKLPFERLAFVLSSNSLKHC
LSVFFVI,0,,...[FWY]..[LVI],PLRHFLLSVFFVIFSFPIASKDCIPCSELAVITGFFTVT
SVFFVIF,0,,...[FWY]..[WFY],PLRHFLLSVFFVIFSFPIASKDCIPCSELAVITGFFTVT
ITGFFTV,0,,...[FWY]..[LVI],PLRHFLLSVFFVIFSFPIASKDCIPCSELAVITGFFTVT
LRDFLQI,0,,...[FWY]..[LVI],PLRDFLQILEIEHDPSAPDYLEYDIEWLTILRATDDLIN
APDYLEY,0,,...[FWY]..[WFY],PLRDFLQILEIEHDPSAPDYLEYDIEWLTILRATDDLIN
DIEWLTI,0,,...[FWY]..[LVI],PLRDFLQILEIEHDPSAPDYLEYDIEWLTILRATDDLIN
LRDFNTV,0,,...[FWY]..[LVI],PLRDFNTVNEIYKQYFKSNFPARAAYQVAALPKGSRIEI
NEIYKQY,0,,...[FWY]..[WFY],PLRDFNTVNEIYKQYFKSNFPARAAYQVAALPKGSRIEI
NFPFDKL,0,,...[FWY]..[LVI],PLRNFPFDKLMTVFYSIITLMLNPLIYSLRQSEMKNAMK
MTVFYSI,0,,...[FWY]..[LVI],PLRNFPFDKLMTVFYSIITLMLNPLIYSLRQSEMKNAMK
TVFYSII,0,,...[FWY]..[LVI],PLRNFPFDKLMTVFYSIITLMLNPLIYSLRQSEMKNAMK
LRHFRAV,0,,...[FWY]..[LVI],PLRHFRAVSLCLFLLVFPAYMAYMICQFFHMDFWLLIII
LCLFLLV,0,,...[FWY]..[LVI],PLRHFRAVSLCLFLLVFPAYMAYMICQFFHMDFWLLIII
LLVFPAY,0,,...[FWY]..[WFY],PLRHFRAVSLCLFLLVFPAYMAYMICQFFHMDFWLLIII
FPAYMAY,0,,...[FWY]..[WFY],PLRHFRAVSLCLFLLVFPAYMAYMICQFFHMDFWLLIII
HMDFWLL,0,,...[FWY]..[LVI],PLRHFRAVSLCLFLLVFPAYMAYMICQFFHMDFWLLIII
MDFWLLI,0,,...[FWY]..[LVI],PLRHFRAVSLCLFLLVFPAYMAYMICQFFHMDFWLLIII
FPAYIAY,0,,...[FWY]..[WFY],PLRHFRAVSLCLFLLVFPAYIAYMICQFSTWIFGFLYY
ICQFSTW,0,,...[FWY]..[WFY],PLRHFRAVSLCLFLLVFPAYIAYMICQFSTWIFGFLYY
TWIFGFL,0,,...[FWY]..[LVI],PLRHFRAVSLCLFLLVFPAYIAYMICQFSTWIFGFLYY
IFGFLYY,0,,...[FWY]..[WFY],PLRHFRAVSLCLFLLVFPAYIAYMICQFSTWIFGFLYY
EGNWAAI,0,,...[FWY]..[LVI],PLRYGEGNWAAISKNYPFVNRTAVMIKDRWRTMKRLGMN
SKNYPFV,0,,...[FWY]..[LVI],PLRYGEGNWAAISKNYPFVNRTAVMIKDRWRTMKRLGMN
NGSFILY,0,,...[FWY]..[WFY],PLRNGSFILYQFELFGFTLIFFKSGLNPFIYSRNSAGLR
LYQFELF,0,,...[FWY]..[WFY],PLRNGSFILYQFELFGFTLIFFKSGLNPFIYSRNSAGLR
LFGFTLI,0,,...[FWY]..[LVI],PLRNGSFILYQFELFGFTLIFFKSGLNPFIYSRNSAGLR
PLRYGGY,0,,...[FWY]..[WFY],PLRYGGYLSVHMRCHTGEKPLHCNKCGMVFTYYSCLARH
YGGYLSV,0,,...[FWY]..[LVI],PLRYGGYLSVHMRCHTGEKPLHCNKCGMVFTYYSCLARH
GMVFTYY,0,,...[FWY]..[WFY],PLRYGGYLSVHMRCHTGEKPLHCNKCGMVFTYYSCLARH
FTYYSCL,0,,...[FWY]..[LVI],PLRYGGYLSVHMRCHTGEKPLHCNKCGMVFTYYSCLARH
LREFFII,0,,...[FWY]..[LVI],PLREFFIILEGSAAVLQRRSENEEFVEVGRLGPSDYFGE
REFFIIL,0,,...[FWY]..[LVI],PLREFFIILEGSAAVLQRRSENEEFVEVGRLGPSDYFGE
NEEFVEV,0,,...[FWY]..[LVI],PLREFFIILEGSAAVLQRRSENEEFVEVGRLGPSDYFGE
RLKFNKI,0,,...[FWY]..[LVI],PLRVGASCTDDNRLKFNKILRELMESQFQIVLVIRLNY
ESQFQIV,0,,...[FWY]..[LVI],PLRVGASCTDDNRLKFNKILRELMESQFQIVLVIRLNY
VHGWAHL,0,,...[FWY]..[LVI],PLRYGPRGKVFVHGWAHLRWGVFDEYNVDQPFYISRRNT
HLRWGVF,0,,...[FWY]..[WFY],PLRYGPRGKVFVHGWAHLRWGVFDEYNVDQPFYISRRNT
WGVFDEY,0,,...[FWY]..[WFY],PLRYGPRGKVFVHGWAHLRWGVFDEYNVDQPFYISRRNT
PLRYGQF,0,,...[FWY]..[WFY],PLRYGQFYGGDSYIILYNYRHGGRQGQIIYNWQGAQSTQ
GDSYIIL,0,,...[FWY]..[LVI],PLRYGQFYGGDSYIILYNYRHGGRQGQIIYNWQGAQSTQ
PLRYGSW,0,,...[FWY]..[WFY],PLRYGSWVYGYVGCLCITYLQYLGINASSCSITAFTIEH
SWVYGYV,0,,...[FWY]..[LVI],PLRYGSWVYGYVGCLCITYLQYLGINASSCSITAFTIEH
CITYLQY,0,,...[FWY]..[WFY],PLRYGSWVYGYVGCLCITYLQYLGINASSCSITAFTIEH
YLQYLGI,0,,...[FWY]..[LVI],PLRYGSWVYGYVGCLCITYLQYLGINASSCSITAFTIEH
PYLWARL,0,,...[FWY]..[LVI],PLRDGTCCYVTTYKDQPYLWARLDRKPNKQAEKRFKNFM
EKRFKNF,0,,...[FWY]..[WFY],PLRDGTCCYVTTYKDQPYLWARLDRKPNKQAEKRFKNFM
PLRWDIV,0,,...[FWY]..[LVI],PLRWDIVKATQYGIYERCRELVEAGYDVRQPDKENVTLL
ATQYGIY,0,,...[FWY]..[WFY],PLRWDIVKATQYGIYERCRELVEAGYDVRQPDKENVTLL
PLRYGIF,0,,...[FWY]..[WFY],PLRYGIFERCKELVEAGYDVRQPDKENVSLLHWAAINNR
LLHWAAI,0,,...[FWY]..[LVI],PLRYGIFERCKELVEAGYDVRQPDKENVSLLHWAAINNR
KNVFIVF,0,,...[FWY]..[WFY],PLRYGIFLTTLHVCRRSPCPHPVNCYVSRPTEKNVFIVF
IILYYTV,0,,...[FWY]..[LVI],PLRNGIILYYTVYVWNRSSLKTINVTETSLELSDLDYNV
ILYYTVY,0,,...[FWY]..[WFY],PLRNGIILYYTVYVWNRSSLKTINVTETSLELSDLDYNV
IEDFKQF,0,,...[FWY]..[WFY],PLRYCKEHIEDFKQFEPNDFYLKNTTWEDVGLWDPSLTK
NTTWEDV,0,,...[FWY]..[LVI],PLRYCKEHIEDFKQFEPNDFYLKNTTWEDVGLWDPSLTK
VLGFLLF,0,,...[FWY]..[WFY],PLRVLGFLLFLRGFINYAKVRKMPETFSNLPRTRVLFIY
LRGFINY,0,,...[FWY]..[WFY],PLRVLGFLLFLRGFINYAKVRKMPETFSNLPRTRVLFIY
FINYAKV,0,,...[FWY]..[LVI],PLRVLGFLLFLRGFINYAKVRKMPETFSNLPRTRVLFIY
PETFSNL,0,,...[FWY]..[LVI],PLRVLGFLLFLRGFINYAKVRKMPETFSNLPRTRVLFIY
RDGYADI,0,,...[FWY]..[LVI],PLRDGYADIVDVLNSPLEGPDQKSFIPVERAESTFLFLV
QKSFIPV,0,,...[FWY]..[LVI],PLRDGYADIVDVLNSPLEGPDQKSFIPVERAESTFLFLV
ESTFLFL,0,,...[FWY]..[LVI],PLRDGYADIVDVLNSPLEGPDQKSFIPVERAESTFLFLV
RDHYQRV,0,,...[FWY]..[LVI],PLRDHYQRVKREREKEDIALNKHRSRRKWCFWNSSPAVA
RRKWCFW,0,,...[FWY]..[WFY],PLRDHYQRVKREREKEDIALNKHRSRRKWCFWNSSPAVA
PLRYHKL,0,,...[FWY]..[LVI],PLRYHKLQSLTDVFLVNLPLADLVFVCTLPFWAYAGIHE
TLPFWAY,0,,...[FWY]..[WFY],PLRYHKLQSLTDVFLVNLPLADLVFVCTLPFWAYAGIHE
FWAYAGI,0,,...[FWY]..[LVI],PLRYHKLQSLTDVFLVNLPLADLVFVCTLPFWAYAGIHE
HLSFKYV,0,,...[FWY]..[LVI],PLRGHLSFKYVKTFNMDEYVGLPRNHPESYHSYMWNNFF
MDEYVGL,0,,...[FWY]..[LVI],PLRGHLSFKYVKTFNMDEYVGLPRNHPESYHSYMWNNFF
PESYHSY,0,,...[FWY]..[WFY],PLRGHLSFKYVKTFNMDEYVGLPRNHPESYHSYMWNNFF
SYMWNNF,0,,...[FWY]..[WFY],PLRGHLSFKYVKTFNMDEYVGLPRNHPESYHSYMWNNFF
SLSFRWY,0,,...[FWY]..[WFY],PLRHHHSSICDIMEKAMVNGDTCIIAAFSLSFRWYLNF
FRWYLNF,0,,...[FWY]..[WFY],PLRHHHSSICDIMEKAMVNGDTCIIAAFSLSFRWYLNF
PGNYQYI,0,,...[FWY]..[LVI],PLRYHVCTLKDTEEVELKFPAPGKPGNYQYIVFLRSDSY
NYQYIVF,0,,...[FWY]..[WFY],PLRYHVCTLKDTEEVELKFPAPGKPGNYQYIVFLRSDSY
AVCWAPY,0,,...[FWY]..[WFY],PLREHVELLRARRLAKSLAILLGVFAVCWAPYSLFTIVL
WAPYSLF,0,,...[FWY]..[WFY],PLREHVELLRARRLAKSLAILLGVFAVCWAPYSLFTIVL
YSLFTIV,0,,...[FWY]..[LVI],PLREHVELLRARRLAKSLAILLGVFAVCWAPYSLFTIVL
HVVFAHV,0,,...[FWY]..[LVI],PLRGHVVFAHVVEQHWEWKNFQVTLTKRRAMQVRNVLND
HWEWKNF,0,,...[FWY]..[WFY],PLRGHVVFAHVVEQHWEWKNFQVTLTKRRAMQVRNVLND
IDAFILL,0,,...[FWY]..[LVI],PLRYIDAFILLSSGPEFQLLRYHIDTCKDEIKRYKQKSK
GPEFQLL,0,,...[FWY]..[LVI],PLRYIDAFILLSSGPEFQLLRYHIDTCKDEIKRYKQKSK
AKRWIFW,0,,...[FWY]..[WFY],PLRIYGGNRFIEDIEMMIGAKRWIFWLWWRAGWFVITPI
RWIFWLW,0,,...[FWY]..[WFY],PLRIYGGNRFIEDIEMMIGAKRWIFWLWWRAGWFVITPI
WIFWLWW,0,,...[FWY]..[WFY],PLRIYGGNRFIEDIEMMIGAKRWIFWLWWRAGWFVITPI
RAGWFVI,0,,...[FWY]..[LVI],PLRIYGGNRFIEDIEMMIGAKRWIFWLWWRAGWFVITPI
EVKWTKY,0,,...[FWY]..[WFY],PLRVIEVKWTKYGSLLNPQAKIVNVTANLISSSFPEANS
WTKYGSL,0,,...[FWY]..[LVI],PLRVIEVKWTKYGSLLNPQAKIVNVTANLISSSFPEANS
IGVYGKV,0,,...[FWY]..[LVI],PLRGIHIDPGTIGVYGKVHLYSAYPKNSWTHLGADIASG
VHLYSAY,0,,...[FWY]..[WFY],PLRGIHIDPGTIGVYGKVHLYSAYPKNSWTHLGADIASG
KNSWTHL,0,,...[FWY]..[LVI],PLRGIHIDPGTIGVYGKVHLYSAYPKNSWTHLGADIASG
LEEYEEW,0,,...[FWY]..[WFY],PLRNIMKVAQAKLEMIKPEEVNLEEYEEWHQDYRKFRET
HQDYRKF,0,,...[FWY]..[WFY],PLRNIMKVAQAKLEMIKPEEVNLEEYEEWHQDYRKFRET
RLYYGEY,0,,...[FWY]..[WFY],PLREIPIGDRLYYGEYYNAPLKRGSDYCIILRITSEWNK
GSDYCII,0,,...[FWY]..[LVI],PLREIPIGDRLYYGEYYNAPLKRGSDYCIILRITSEWNK
VTYFWRF,0,,...[FWY]..[WFY],PLRHIPQFLQEALEKKIESSGVTYFWRFKLFLLRILYQS
FWRFKLF,0,,...[FWY]..[WFY],PLRHIPQFLQEALEKKIESSGVTYFWRFKLFLLRILYQS
ISGFTDI,0,,...[FWY]..[LVI],PLRNISGFTDISPEELRLEYHNF
RLEYHNF,0,,...[FWY]..[WFY],PLRNISGFTDISPEELRLEYHNF
PSHFSDI,0,,...[FWY]..[LVI],PLRNIHSPSHFSDIFNFVSSTSNLELNEEIYFTDSLEIK
SDIFNFV,0,,...[FWY]..[LVI],PLRNIHSPSHFSDIFNFVSSTSNLELNEEIYFTDSLEIK
EIIFKII,0,,...[FWY]..[LVI],PLREIIFKIIGPKRLAKDLFLYSLVYFLFFKCCHVCET
LFLYSLV,0,,...[FWY]..[LVI],PLREIIFKIIGPKRLAKDLFLYSLVYFLFFKCCHVCET
SLVYFLF,0,,...[FWY]..[WFY],PLREIIFKIIGPKRLAKDLFLYSLVYFLFFKCCHVCET
LVYFLFF,0,,...[FWY]..[WFY],PLREIIFKIIGPKRLAKDLFLYSLVYFLFFKCCHVCET
PIGWHCL,0,,...[FWY]..[LVI],PLRNIKFLVCADCEIGPIGWHCLDDKNNFYVALERVSHC
NNFYVAL,0,,...[FWY]..[LVI],PLRNIKFLVCADCEIGPIGWHCLDDKNNFYVALERVSHC
LRDWIAI,0,,...[FWY]..[LVI],PLRDWIAIYQRKVEAPFIPKFRGSGDTSNFDDYEEEDIR
TSNFDDY,0,,...[FWY]..[WFY],PLRDWIAIYQRKVEAPFIPKFRGSGDTSNFDDYEEEDIR
IHYFKGW,0,,...[FWY]..[WFY],PLRDILINFRTTYVNQNEEVVSDPAKIAIHYFKGWFLID
FKGWFLI,0,,...[FWY]..[LVI],PLRDILINFRTTYVNQNEEVVSDPAKIAIHYFKGWFLID
DVTYHGF,0,,...[FWY]..[WFY],PLRDVTYHGFPSLQALAGPEVEAHLRKLGLGYRARYVSA
YHGFPSL,0,,...[FWY]..[LVI],PLRDVTYHGFPSLQALAGPEVEAHLRKLGLGYRARYVSA
LELFSEL,0,,...[FWY]..[LVI],PLRNIVKECLELFSELAEDKENYKKFYEAFSKNLKLGIH
KENYKKF,0,,...[FWY]..[WFY],PLRNIVKECLELFSELAEDKENYKKFYEAFSKNLKLGIH
KKFYEAF,0,,...[FWY]..[WFY],PLRNIVKECLELFSELAEDKENYKKFYEAFSKNLKLGIH
TKVYNYV,0,,...[FWY]..[LVI],PLRGIVSWGYGCAQKNRPGVYTKVYNYVD
CPIFYCL,0,,...[FWY]..[LVI],PLRVKDNTKYTYTPGCPIFYCLQDIMRVCSESSTHFATL
STHFATL,0,,...[FWY]..[LVI],PLRVKDNTKYTYTPGCPIFYCLQDIMRVCSESSTHFATL
PLRYKFI,0,,...[FWY]..[LVI],PLRYKFIVLNSLNQNAKPEGPEQAELGRLSPRAYTAPPA
RYKFIVL,0,,...[FWY]..[LVI],PLRYKFIVLNSLNQNAKPEGPEQAELGRLSPRAYTAPPA
DKGWSFL,0,,...[FWY]..[LVI],PLRDKGWSFLLGKYISIGSEAEKNKILEALASSEDVRKL
LGKYISI,0,,...[FWY]..[LVI],PLRDKGWSFLLGKYISIGSEAEKNKILEALASSEDVRKL
KPGWMQY,0,,...[FWY]..[WFY],PLRDKGLLPNVLKPGWMQYQQWTFARFQCSSCSRNWASA
WMQYQQW,0,,...[FWY]..[WFY],PLRDKGLLPNVLKPGWMQYQQWTFARFQCSSCSRNWASA
QWTFARF,0,,...[FWY]..[WFY],PLRDKGLLPNVLKPGWMQYQQWTFARFQCSSCSRNWASA
KERYAAW,0,,...[FWY]..[WFY],PLRDKIEDMAMMTHLHEPGVLYNLKERYAAWMIYTYSGL
YAAWMIY,0,,...[FWY]..[WFY],PLRDKIEDMAMMTHLHEPGVLYNLKERYAAWMIYTYSGL
IYTYSGL,0,,...[FWY]..[LVI],PLRDKIEDMAMMTHLHEPGVLYNLKERYAAWMIYTYSGL
INEFVSI,0,,...[FWY]..[LVI],PLRHKKLVNTFRLMRRAGYINEFVSISTNLTDRWVYISS
TDRWVYI,0,,...[FWY]..[LVI],PLRHKKLVNTFRLMRRAGYINEFVSISTNLTDRWVYISS
HKLFAPV,0,,...[FWY]..[LVI],PLRHKLFAPVRISITLVSVPLIVRYFRKVGFLNLQLQN
VRYFRKV,0,,...[FWY]..[LVI],PLRHKLFAPVRISITLVSVPLIVRYFRKVGFLNLQLQN
KVGFLNL,0,,...[FWY]..[LVI],PLRHKLFAPVRISITLVSVPLIVRYFRKVGFLNLQLQN
LMIFSKF,0,,...[FWY]..[WFY],PLRDKLRYVFSQMSDSNGLMIFSKFDQFLKEVLKLPTAV
FSKFDQF,0,,...[FWY]..[WFY],PLRDKLRYVFSQMSDSNGLMIFSKFDQFLKEVLKLPTAV
RILYQYL,0,,...[FWY]..[LVI],PLRYKLSCRILYQYLLLAQGQFHDLKQLFMSANNNFTPS
LYQYLLL,0,,...[FWY]..[LVI],PLRYKLSCRILYQYLLLAQGQFHDLKQLFMSANNNFTPS
QGQFHDL,0,,...[FWY]..[LVI],PLRYKLSCRILYQYLLLAQGQFHDLKQLFMSANNNFTPS
DNQYHYF,0,,...[FWY]..[WFY],PLRYKLTDNQYHYFLRKLRIHLTPYINWKYFLQNFSCFL
LTPYINW,0,,...[FWY]..[WFY],PLRYKLTDNQYHYFLRKLRIHLTPYINWKYFLQNFSCFL
YINWKYF,0,,...[FWY]..[WFY],PLRYKLTDNQYHYFLRKLRIHLTPYINWKYFLQNFSCFL
LQNFSCF,0,,...[FWY]..[WFY],PLRYKLTDNQYHYFLRKLRIHLTPYINWKYFLQNFSCFL
KMNFDNV,0,,...[FWY]..[LVI],PLRNKSRCESLLFNESMLWENAKMNFDNVGNGFLSLLQV
GNGFLSL,0,,...[FWY]..[LVI],PLRNKSRCESLLFNESMLWENAKMNFDNVGNGFLSLLQV
KVLYGLY,0,,...[FWY]..[WFY],PLRDKVLYGLYGIVEHSGSMREGHYTAYVKVRTPSRKLS
YGLYGIV,0,,...[FWY]..[LVI],PLRDKVLYGLYGIVEHSGSMREGHYTAYVKVRTPSRKLS
EGHYTAY,0,,...[FWY]..[WFY],PLRDKVLYGLYGIVEHSGSMREGHYTAYVKVRTPSRKLS
YTAYVKV,0,,...[FWY]..[LVI],PLRDKVLYGLYGIVEHSGSMREGHYTAYVKVRTPSRKLS
NDKFASF,0,,...[FWY]..[WFY],PLRVLNDKFASFIDKVRFLEQQNQVLETKWELLQQLDLN
ETKWELL,0,,...[FWY]..[LVI],PLRVLNDKFASFIDKVRFLEQQNQVLETKWELLQQLDLN
PLRYKWI,0,,...[FWY]..[LVI],PLRYKWILTRNYKALSKGSKGSTSAF
TRNYKAL,0,,...[FWY]..[LVI],PLRYKWILTRNYKALSKGSKGSTSAF
PLRYKYL,0,,...[FWY]..[LVI],PLRYKYLEPLYNDYRKIKSQNRNGEFELMHVDEFIDELL
EPLYNDY,0,,...[FWY]..[WFY],PLRYKYLEPLYNDYRKIKSQNRNGEFELMHVDEFIDELL
YNDYRKI,0,,...[FWY]..[LVI],PLRYKYLEPLYNDYRKIKSQNRNGEFELMHVDEFIDELL
RVKYPLL,0,,...[FWY]..[LVI],PLRVKYPLLLKEILKHTPKEHLMFSFWRMLF
HLMFSFW,0,,...[FWY]..[WFY],PLRVKYPLLLKEILKHTPKEHLMFSFWRMLF
FSFWRML,0,,...[FWY]..[LVI],PLRVKYPLLLKEILKHTPKEHLMFSFWRMLF
SAVWSLL,0,,...[FWY]..[LVI],PLRLDNSAMGQSPLSAVWSLLLLLWFLVVRAFPDGPGLL
LLLWFLV,0,,...[FWY]..[LVI],PLRLDNSAMGQSPLSAVWSLLLLLWFLVVRAFPDGPGLL
LLWFLVV,0,,...[FWY]..[LVI],PLRLDNSAMGQSPLSAVWSLLLLLWFLVVRAFPDGPGLL
QLDFSEF,0,,...[FWY]..[WFY],PLRNNDGQLDFSEFLNLIGGLAMACHDSFLKAVPSQKRT
FSEFLNL,0,,...[FWY]..[LVI],PLRNNDGQLDFSEFLNLIGGLAMACHDSFLKAVPSQKRT
LLTYFDL,0,,...[FWY]..[LVI],PLRILLTYFDLEIIDDKPIGLNYSRLLFGIQYPDSDVLF
GLNYSRL,0,,...[FWY]..[LVI],PLRILLTYFDLEIIDDKPIGLNYSRLLFGIQYPDSDVLF
VMDFRKF,0,,...[FWY]..[WFY],PLRDLKKLVKEALKESQLPTVMDFRKFSRNYQLYKSVSL
SRNYQLY,0,,...[FWY]..[WFY],PLRDLKKLVKEALKESQLPTVMDFRKFSRNYQLYKSVSL
YQLYKSV,0,,...[FWY]..[LVI],PLRDLKKLVKEALKESQLPTVMDFRKFSRNYQLYKSVSL
DEVYIKL,0,,...[FWY]..[LVI],PLRHLEPGDEVYIKLDGGKAHGGNNNKYSTFSGFIIYAD
NNKYSTF,0,,...[FWY]..[WFY],PLRHLEPGDEVYIKLDGGKAHGGNNNKYSTFSGFIIYAD
YSTFSGF,0,,...[FWY]..[WFY],PLRHLEPGDEVYIKLDGGKAHGGNNNKYSTFSGFIIYAD
FSGFIIY,0,,...[FWY]..[WFY],PLRHLEPGDEVYIKLDGGKAHGGNNNKYSTFSGFIIYAD
DTHYLSL,0,,...[FWY]..[LVI],PLRNLEVKKKREPFTDTHYLSLTRDCEHFKAERKFIQFP
ERKFIQF,0,,...[FWY]..[WFY],PLRNLEVKKKREPFTDTHYLSLTRDCEHFKAERKFIQFP
NLEYPDF,0,,...[FWY]..[WFY],PLRNLEYPDFYRKLYGLLDPSVFHVKYRARFFHLADPFL
PDFYRKL,0,,...[FWY]..[LVI],PLRNLEYPDFYRKLYGLLDPSVFHVKYRARFFHLADPFL
RKLYGLL,0,,...[FWY]..[LVI],PLRNLEYPDFYRKLYGLLDPSVFHVKYRARFFHLADPFL
RARFFHL,0,,...[FWY]..[LVI],PLRNLEYPDFYRKLYGLLDPSVFHVKYRARFFHLADPFL
DNLFTVI,0,,...[FWY]..[LVI],PLRDNLFTVIAHLYNFHVVQSLLIFDILKKLIGTFTEKD
LYNFHVV,0,,...[FWY]..[LVI],PLRDNLFTVIAHLYNFHVVQSLLIFDILKKLIGTFTEKD
LLIFDIL,0,,...[FWY]..[LVI],PLRDNLFTVIAHLYNFHVVQSLLIFDILKKLIGTFTEKD
PLRYLFV,0,,...[FWY]..[LVI],PLRYLFVILLTSELFLPVFYRSGITSTYEYLQLRFNKPV
RYLFVIL,0,,...[FWY]..[LVI],PLRYLFVILLTSELFLPVFYRSGITSTYEYLQLRFNKPV
SELFLPV,0,,...[FWY]..[LVI],PLRYLFVILLTSELFLPVFYRSGITSTYEYLQLRFNKPV
TSTYEYL,0,,...[FWY]..[LVI],PLRYLFVILLTSELFLPVFYRSGITSTYEYLQLRFNKPV
TYEYLQL,0,,...[FWY]..[LVI],PLRYLFVILLTSELFLPVFYRSGITSTYEYLQLRFNKPV
LADYSCF,0,,...[FWY]..[WFY],PLRHLGEPCAAGWTPAHLADYSCFCSLVCPQEVRACLLF
YSCFCSL,0,,...[FWY]..[LVI],PLRHLGEPCAAGWTPAHLADYSCFCSLVCPQEVRACLLF
LRIYFIV,0,,...[FWY]..[LVI],PLRIYFIVMDPFVDLAITICIVLTHYLWLWNTTQ
MDPFVDL,0,,...[FWY]..[LVI],PLRIYFIVMDPFVDLAITICIVLTHYLWLWNTTQ
LTHYLWL,0,,...[FWY]..[LVI],PLRIYFIVMDPFVDLAITICIVLTHYLWLWNTTQ
SHYFHKV,0,,...[FWY]..[LVI],PLRELGMDLFCYGSHYFHKVAGQLLPLAYNLLKRNLFAE
PLAYNLL,0,,...[FWY]..[LVI],PLRELGMDLFCYGSHYFHKVAGQLLPLAYNLLKRNLFAE
NIQWQKY,0,,...[FWY]..[WFY],PLRDLHESGKLQHQLAVDLDRNINIQWQKYCYPLIGSMT
KYCYPLI,0,,...[FWY]..[LVI],PLRDLHESGKLQHQLAVDLDRNINIQWQKYCYPLIGSMT
VHSWFSL,0,,...[FWY]..[LVI],PLRNLIRRTAIKVSVHSWFSLFITVTILVNCVCMTRTDL
HSWFSLF,0,,...[FWY]..[WFY],PLRNLIRRTAIKVSVHSWFSLFITVTILVNCVCMTRTDL
FSLFITV,0,,...[FWY]..[LVI],PLRNLIRRTAIKVSVHSWFSLFITVTILVNCVCMTRTDL
EPFFPNI,0,,...[FWY]..[LVI],PLRMIRQRSEPFFPNIDFDAITDPIMKAKMVALKGINKV
NIDFDAI,0,,...[FWY]..[LVI],PLRMIRQRSEPFFPNIDFDAITDPIMKAKMVALKGINKV
RFQFERY,0,,...[FWY]..[WFY],PLRNLMSIIIKTFMDHLRHCDAQGRFQFERYTALQAFKF
FERYTAL,0,,...[FWY]..[LVI],PLRNLMSIIIKTFMDHLRHCDAQGRFQFERYTALQAFKF
IDIFVDF,0,,...[FWY]..[WFY],PLRHLPDATLSNLIDIFVDFSQVDGQYFVCNMDDFKFSA
FVDFSQV,0,,...[FWY]..[LVI],PLRHLPDATLSNLIDIFVDFSQVDGQYFVCNMDDFKFSA
RFKFKEY,0,,...[FWY]..[WFY],PLRNLPSRFKFKEYCPMVFRNLRERFGIDDQDYQNSVTR
PMVFRNL,0,,...[FWY]..[LVI],PLRNLPSRFKFKEYCPMVFRNLRERFGIDDQDYQNSVTR
NHHYCHV,0,,...[FWY]..[LVI],PLRKSNHHYCHVFTAFDVNLAYEIILTLGQAFEVAYQLA
CHVFTAF,0,,...[FWY]..[WFY],PLRKSNHHYCHVFTAFDVNLAYEIILTLGQAFEVAYQLA
NLAYEII,0,,...[FWY]..[LVI],PLRKSNHHYCHVFTAFDVNLAYEIILTLGQAFEVAYQLA
LLLYFQL,0,,...[FWY]..[LVI],PLRHMAAHCLALLLYFQLREKITLSNSWIAFCQKNLSEY
SNSWIAF,0,,...[FWY]..[WFY],PLRHMAAHCLALLLYFQLREKITLSNSWIAFCQKNLSEY
MKHFDSF,0,,...[FWY]..[WFY],PLRKRYMAPEVLDETINMKHFDSFKCADIYALGLVYWEI
GLVYWEI,0,,...[FWY]..[LVI],PLRKRYMAPEVLDETINMKHFDSFKCADIYALGLVYWEI
PLRYMEI,0,,...[FWY]..[LVI],PLRYMEIEQSVKSFKMPSSNIEEEDSHFFFHLIIFAFCI
SHFFFHL,0,,...[FWY]..[LVI],PLRYMEIEQSVKSFKMPSSNIEEEDSHFFFHLIIFAFCI
HFFFHLI,0,,...[FWY]..[LVI],PLRYMEIEQSVKSFKMPSSNIEEEDSHFFFHLIIFAFCI
PLRYMEL,0,,...[FWY]..[LVI],PLRYMELAKYFYKVLKKKDNFKLVFDAEPEFTNVCFWYF
AKYFYKV,0,,...[FWY]..[LVI],PLRYMELAKYFYKVLKKKDNFKLVFDAEPEFTNVCFWYF
KYFYKVL,0,,...[FWY]..[LVI],PLRYMELAKYFYKVLKKKDNFKLVFDAEPEFTNVCFWYF
KDNFKLV,0,,...[FWY]..[LVI],PLRYMELAKYFYKVLKKKDNFKLVFDAEPEFTNVCFWYF
EPEFTNV,0,,...[FWY]..[LVI],PLRYMELAKYFYKVLKKKDNFKLVFDAEPEFTNVCFWYF
NVCFWYF,0,,...[FWY]..[WFY],PLRYMELAKYFYKVLKKKDNFKLVFDAEPEFTNVCFWYF
LANYLFF,0,,...[FWY]..[WFY],PLRPHGFETHTLQEHNLANYLFFLMYLINKDETEHTGQE
YLFFLMY,0,,...[FWY]..[WFY],PLRPHGFETHTLQEHNLANYLFFLMYLINKDETEHTGQE
DICFVLL,0,,...[FWY]..[LVI],PLRNMGQDICFVLLALNMSSQFKDLKVNLSAQSLLHDGS
SSQFKDL,0,,...[FWY]..[LVI],PLRNMGQDICFVLLALNMSSQFKDLKVNLSAQSLLHDGS
RNMWVRV,0,,...[FWY]..[LVI],PLRNMWVRVAAMGVNMIKYGGGVQISWTWLQSVFIFSLS
QISWTWL,0,,...[FWY]..[LVI],PLRNMWVRVAAMGVNMIKYGGGVQISWTWLQSVFIFSLS
SNCWQPV,0,,...[FWY]..[LVI],PLRDNSNCWQPVINYIDIKFEDYLNAESRVNRCQMPDGS
VINYIDI,0,,...[FWY]..[LVI],PLRDNSNCWQPVINYIDIKFEDYLNAESRVNRCQMPDGS
DIKFEDY,0,,...[FWY]..[WFY],PLRDNSNCWQPVINYIDIKFEDYLNAESRVNRCQMPDGS
EVCWPQL,0,,...[FWY]..[LVI],PLREYDCNRNEVCWPQLLYPWTQYYQGELHSQCVAKGLL
LYPWTQY,0,,...[FWY]..[WFY],PLREYDCNRNEVCWPQLLYPWTQYYQGELHSQCVAKGLL
SWDFNIF,0,,...[FWY]..[WFY],PLRDNEESWDFNIFELEAITHKRPLVYLGLKVFSRFGVC
PLVYLGL,0,,...[FWY]..[LVI],PLRDNEESWDFNIFELEAITHKRPLVYLGLKVFSRFGVC
LKVFSRF,0,,...[FWY]..[WFY],PLRDNEESWDFNIFELEAITHKRPLVYLGLKVFSRFGVC
PGIFKGL,0,,...[FWY]..[LVI],PLRNNFIKRLDPGIFKGLLNLRNLYLQYNQVSFVPRGVF
RNLYLQY,0,,...[FWY]..[WFY],PLRNNFIKRLDPGIFKGLLNLRNLYLQYNQVSFVPRGVF
YLQYNQV,0,,...[FWY]..[LVI],PLRNNFIKRLDPGIFKGLLNLRNLYLQYNQVSFVPRGVF
NQLYESY,0,,...[FWY]..[WFY],PLRENIDRMCQDLRNQLYESYYLNFISAISRSKLEDIAN
ESYYLNF,0,,...[FWY]..[WFY],PLRENIDRMCQDLRNQLYESYYLNFISAISRSKLEDIAN
RQRYNYV,0,,...[FWY]..[LVI],PLRQRYNYVTPTSYLELISTFKLLLEKKRSEVMKMKKRY
PTSYLEL,0,,...[FWY]..[LVI],PLRQRYNYVTPTSYLELISTFKLLLEKKRSEVMKMKKRY
ISTFKLL,0,,...[FWY]..[LVI],PLRQRYNYVTPTSYLELISTFKLLLEKKRSEVMKMKKRY
LRNYPYY,0,,...[FWY]..[WFY],PLRNYPYYRTADKGWQRGESFAHVGNTRIRIGLPAHKAP
GESFAHV,0,,...[FWY]..[LVI],PLRNYPYYRTADKGWQRGESFAHVGNTRIRIGLPAHKAP
LNQFNSF,0,,...[FWY]..[WFY],PLRNNLNLNQFNSFISVIKEMLNRLESEHKTKLEQLHIM
FNSFISV,0,,...[FWY]..[LVI],PLRNNLNLNQFNSFISVIKEMLNRLESEHKTKLEQLHIM
PLRYPAI,0,,...[FWY]..[LVI],PLRYPAIYELVRNQDLPNKTEYSLLKSQHVLLILLIVL
PAIYELV,0,,...[FWY]..[LVI],PLRYPAIYELVRNQDLPNKTEYSLLKSQHVLLILLIVL
KTEYSLL,0,,...[FWY]..[LVI],PLRYPAIYELVRNQDLPNKTEYSLLKSQHVLLILLIVL
VISWSHY,0,,...[FWY]..[WFY],PLRNPDGTAVSTEDALRQVISWSHYKSVAENMGCEKPVI
WSHYKSV,0,,...[FWY]..[LVI],PLRNPDGTAVSTEDALRQVISWSHYKSVAENMGCEKPVI
NEDWTCF,0,,...[FWY]..[WFY],PLRHPENEDWTCFEQSASLDIKSFFGFESTVEKIAMKQY
IKSFFGF,0,,...[FWY]..[WFY],PLRHPENEDWTCFEQSASLDIKSFFGFESTVEKIAMKQY
KQLYKIV,0,,...[FWY]..[LVI],PLRHPFQEEHLKQLYKIVPIKDIRNLYVTFPIPDLQKYY
RNLYVTF,0,,...[FWY]..[WFY],PLRHPFQEEHLKQLYKIVPIKDIRNLYVTFPIPDLQKYY
QLEFLRI,0,,...[FWY]..[LVI],PLRYPIKEIPSEIQQLEFLRIFTIAFNLITVLPIGLFSL
TIAFNLI,0,,...[FWY]..[LVI],PLRYPIKEIPSEIQQLEFLRIFTIAFNLITVLPIGLFSL
PQMFGRL,0,,...[FWY]..[LVI],PLRNPKAITAPQMFGRLDVATNDWTDGIFSTLWRKTLRA
DGIFSTL,0,,...[FWY]..[LVI],PLRNPKAITAPQMFGRLDVATNDWTDGIFSTLWRKTLRA
QIGFIDF,0,,...[FWY]..[WFY],PLRDRKSTMVAQSQIGFIDFIVEPTFSLLTDSTEKIVIP
EPTFSLL,0,,...[FWY]..[LVI],PLRDRKSTMVAQSQIGFIDFIVEPTFSLLTDSTEKIVIP
SSKFYDL,0,,...[FWY]..[LVI],PLRNPLCADVLFILQDQEHIFAHRIYLATSSSKFYDLFL
SKFYDLF,0,,...[FWY]..[WFY],PLRNPLCADVLFILQDQEHIFAHRIYLATSSSKFYDLFL
VLFYTPW,0,,...[FWY]..[WFY],PLRNPNGSDCTLVLFYTPWCRFSASLAPHFNSLPRAFPA
YTPWCRF,0,,...[FWY]..[WFY],PLRNPNGSDCTLVLFYTPWCRFSASLAPHFNSLPRAFPA
APHFNSL,0,,...[FWY]..[LVI],PLRNPNGSDCTLVLFYTPWCRFSASLAPHFNSLPRAFPA
GDSFKVY,0,,...[FWY]..[WFY],PLRDPNQGCSGDSFKVYCNFTSGGETCIYPDKKSEGVRI
FKVYCNF,0,,...[FWY]..[WFY],PLRDPNQGCSGDSFKVYCNFTSGGETCIYPDKKSEGVRI
NPNYLNF,0,,...[FWY]..[WFY],PLRNPNYLNFLAQRGYFKDKAFVNYLKYLLYWKDPEYAK
DKAFVNY,0,,...[FWY]..[WFY],PLRNPNYLNFLAQRGYFKDKAFVNYLKYLLYWKDPEYAK
FVNYLKY,0,,...[FWY]..[WFY],PLRNPNYLNFLAQRGYFKDKAFVNYLKYLLYWKDPEYAK
YLKYLLY,0,,...[FWY]..[WFY],PLRNPNYLNFLAQRGYFKDKAFVNYLKYLLYWKDPEYAK
TLIYPWL,0,,...[FWY]..[LVI],PLRKLGLWRCGPGIVGLCGLVSSILSILTLIYPWLRLKP
IYPWLRL,0,,...[FWY]..[LVI],PLRKLGLWRCGPGIVGLCGLVSSILSILTLIYPWLRLKP
SKQFVQW,0,,...[FWY]..[WFY],PLRLEEYNKTTMLLSKQFVQWDELLCQLEAATK
FVQWDEL,0,,...[FWY]..[LVI],PLRLEEYNKTTMLLSKQFVQWDELLCQLEAATK
VALFKHF,0,,...[FWY]..[WFY],PLRHPSIRTLSARATAAFILANEHNVALFKHFADLLPGF
FKHFADL,0,,...[FWY]..[LVI],PLRHPSIRTLSARATAAFILANEHNVALFKHFADLLPGF
QAAFKLY,0,,...[FWY]..[WFY],PLRYPSSVSAITDIKRLDHDLKHAHELRQAAFKLYASLG
FKLYASL,0,,...[FWY]..[LVI],PLRYPSSVSAITDIKRLDHDLKHAHELRQAAFKLYASLG
VLQYRVV,0,,...[FWY]..[LVI],PLRNSLDVRWDPAPGPVLQYRVVYSPVDGTRPSESIVVP
RVVYSPV,0,,...[FWY]..[LVI],PLRNSLDVRWDPAPGPVLQYRVVYSPVDGTRPSESIVVP
RLTYAEI,0,,...[FWY]..[LVI],PLRLTYAEIDICPANWKRIVLGAILLASKVWDDQAVWNV
PANWKRI,0,,...[FWY]..[LVI],PLRLTYAEIDICPANWKRIVLGAILLASKVWDDQAVWNV
TYSWCRI,0,,...[FWY]..[LVI],PLRYQHTILTYSWCRICKQVTPVVALSNESWSMSFAKYL
SMSFAKY,0,,...[FWY]..[WFY],PLRYQHTILTYSWCRICKQVTPVVALSNESWSMSFAKYL
PLRYQRL,0,,...[FWY]..[LVI],PLRYQRLALCGCKGPLSQEALMELFPKLQANISTGVSKI
MELFPKL,0,,...[FWY]..[LVI],PLRYQRLALCGCKGPLSQEALMELFPKLQANISTGVSKI
SKAFFLL,0,,...[FWY]..[LVI],PLRVQSKAFFLLSNGYQRQLSFKNSDGSYSVFWQQNQKG
DGSYSVF,0,,...[FWY]..[WFY],PLRVQSKAFFLLSNGYQRQLSFKNSDGSYSVFWQQNQKG
QTPFVSI,0,,...[FWY]..[LVI],PLRHQTPFVSIFYWILPLCFCLVLPCYTFSCLG
VSIFYWI,0,,...[FWY]..[LVI],PLRHQTPFVSIFYWILPLCFCLVLPCYTFSCLG
SIFYWIL,0,,...[FWY]..[LVI],PLRHQTPFVSIFYWILPLCFCLVLPCYTFSCLG
PLCFCLV,0,,...[FWY]..[LVI],PLRHQTPFVSIFYWILPLCFCLVLPCYTFSCLG
CYTFSCL,0,,...[FWY]..[LVI],PLRHQTPFVSIFYWILPLCFCLVLPCYTFSCLG
PLRYQVV,0,,...[FWY]..[LVI],PLRYQVVREAILEDLQKIGKESGLKTFEQVKAIFLHPEP
LKTFEQV,0,,...[FWY]..[LVI],PLRYQVVREAILEDLQKIGKESGLKTFEQVKAIFLHPEP
VTGYGGW,0,,...[FWY]..[WFY],PLRHQVWKQKGEEYRVTGYGGWSWISKTHVYRFVPKLPF
YGGWSWI,0,,...[FWY]..[LVI],PLRHQVWKQKGEEYRVTGYGGWSWISKTHVYRFVPKLPF
THVYRFV,0,,...[FWY]..[LVI],PLRHQVWKQKGEEYRVTGYGGWSWISKTHVYRFVPKLPF
RNQWEAL,0,,...[FWY]..[LVI],PLRNQWEALTEYGQSKGHINPYLVLECAWRVSNWTAMKE
INPYLVL,0,,...[FWY]..[LVI],PLRNQWEALTEYGQSKGHINPYLVLECAWRVSNWTAMKE
KGWYEKF,0,,...[FWY]..[WFY],PLRKGWYEKFGPGSCRGLDHDYSRYFPIIDKLKNQIISA
DHDYSRY,0,,...[FWY]..[WFY],PLRKGWYEKFGPGSCRGLDHDYSRYFPIIDKLKNQIISA
YSRYFPI,0,,...[FWY]..[LVI],PLRKGWYEKFGPGSCRGLDHDYSRYFPIIDKLKNQIISA
SRYFPII,0,,...[FWY]..[LVI],PLRKGWYEKFGPGSCRGLDHDYSRYFPIIDKLKNQIISA
VSLFAEL,0,,...[FWY]..[LVI],PLRYRLEDNKEHSFEVSLFAELFNEMLQRDFGVRIYKSL
VRIYKSL,0,,...[FWY]..[LVI],PLRYRLEDNKEHSFEVSLFAELFNEMLQRDFGVRIYKSL
PPSWLYI,0,,...[FWY]..[LVI],PLRYRNGQRLLEKQRFQFPPSWLYIDNIEGEWGAFNDIM
EGEWGAF,0,,...[FWY]..[WFY],PLRYRNGQRLLEKQRFQFPPSWLYIDNIEGEWGAFNDIM
WGAFNDI,0,,...[FWY]..[LVI],PLRYRNGQRLLEKQRFQFPPSWLYIDNIEGEWGAFNDIM
RSDYDKL,0,,...[FWY]..[LVI],PLRSDYDKLSDMVKYLDLELHFGTQKPAKPVPGPEPFRK
MVKYLDL,0,,...[FWY]..[LVI],PLRSDYDKLSDMVKYLDLELHFGTQKPAKPVPGPEPFRK
LNKFTQY,0,,...[FWY]..[WFY],PLRDSEVYTLDNLNKFTQYGLVVQACNRAGTGPSSQEII
FTQYGLV,0,,...[FWY]..[LVI],PLRDSEVYTLDNLNKFTQYGLVVQACNRAGTGPSSQEII
SHPFLAF,0,,...[FWY]..[WFY],PLRNSKVVAFMKSPVGQYLDSHPFLAFTLLVFIVMSAVP
FLAFTLL,0,,...[FWY]..[LVI],PLRNSKVVAFMKSPVGQYLDSHPFLAFTLLVFIVMSAVP
PLRYSLI,0,,...[FWY]..[LVI],PLRYSLIDKKKQFRSRGSGFPFLESENEKNAPWRKILTF
GSGFPFL,0,,...[FWY]..[LVI],PLRYSLIDKKKQFRSRGSGFPFLESENEKNAPWRKILTF
NAPWRKI,0,,...[FWY]..[LVI],PLRYSLIDKKKQFRSRGSGFPFLESENEKNAPWRKILTF
NSPFKVV,0,,...[FWY]..[LVI],PLRNSPFKVVVKSGRSYVGIGLPGLSFGSEGDSDGKLCR
GRSYVGI,0,,...[FWY]..[LVI],PLRNSPFKVVVKSGRSYVGIGLPGLSFGSEGDSDGKLCR
DLLWPDI,0,,...[FWY]..[LVI],PLRNSPKLPSEDLLWPDIGVPIMVVRTEKNSLNNRFLPW
NNRFLPW,0,,...[FWY]..[WFY],PLRNSPKLPSEDLLWPDIGVPIMVVRTEKNSLNNRFLPW
MEEYDDV,0,,...[FWY]..[LVI],PLRVSQPIDLMKIQQKLKMEEYDDVNLLTADFQLLFNNA
TADFQLL,0,,...[FWY]..[LVI],PLRVSQPIDLMKIQQKLKMEEYDDVNLLTADFQLLFNNA
PILYYII,0,,...[FWY]..[LVI],PLRESTLNCSQKPSDKHLDAIPILYYIIFVIGFLVNIVV
ILYYIIF,0,,...[FWY]..[WFY],PLRESTLNCSQKPSDKHLDAIPILYYIIFVIGFLVNIVV
ASGFPVI,0,,...[FWY]..[LVI],PLRVTASGFPVILSAPWYLDLISYGQDWRKYYKVEPLDF
APWYLDL,0,,...[FWY]..[LVI],PLRVTASGFPVILSAPWYLDLISYGQDWRKYYKVEPLDF
GQDWRKY,0,,...[FWY]..[WFY],PLRVTASGFPVILSAPWYLDLISYGQDWRKYYKVEPLDF
WRKYYKV,0,,...[FWY]..[LVI],PLRVTASGFPVILSAPWYLDLISYGQDWRKYYKVEPLDF
HTCWQVF,0,,...[FWY]..[WFY],PLRHTCWQVFVTSSGKYNELGYPFGYLKASTTLTCVNLF
SGKYNEL,0,,...[FWY]..[LVI],PLRHTCWQVFVTSSGKYNELGYPFGYLKASTTLTCVNLF
GYPFGYL,0,,...[FWY]..[LVI],PLRHTCWQVFVTSSGKYNELGYPFGYLKASTTLTCVNLF
SAHYNIW,0,,...[FWY]..[WFY],PLRNTEQRIQSLSAHYNIWYMNIFVVVCLRLIS
NIWYMNI,0,,...[FWY]..[LVI],PLRNTEQRIQSLSAHYNIWYMNIFVVVCLRLIS
MNIFVVV,0,,...[FWY]..[LVI],PLRNTEQRIQSLSAHYNIWYMNIFVVVCLRLIS
NSHYEKF,0,,...[FWY]..[WFY],PLRNTLMEVSASMLFRVQHHYNSHYEKFGDFVWRSEDVL
YEKFGDF,0,,...[FWY]..[WFY],PLRNTLMEVSASMLFRVQHHYNSHYEKFGDFVWRSEDVL
HVVFGLV,0,,...[FWY]..[LVI],PLRHTNGSQFFITTKPAPHLDGVHVVFGLVISGFEVIEQ
ISGFEVI,0,,...[FWY]..[LVI],PLRHTNGSQFFITTKPAPHLDGVHVVFGLVISGFEVIEQ
ARVFVAL,0,,...[FWY]..[LVI],PLRNTPARVFVALSDYHPLVMSANLKAAEEELVFQKRQL
LSDYHPL,0,,...[FWY]..[LVI],PLRNTPARVFVALSDYHPLVMSANLKAAEEELVFQKRQL
NLSFLDI,0,,...[FWY]..[LVI],PLRHTPMYFFLGNLSFLDICYTSSSIPPMLLIFMSERKS
HITWKGL,0,,...[FWY]..[LVI],PLRMGPLSAPPCTQHITWKGLLLTASLLNFWNLPTTAQV
LLNFWNL,0,,...[FWY]..[LVI],PLRMGPLSAPPCTQHITWKGLLLTASLLNFWNLPTTAQV
RDVYETL,0,,...[FWY]..[LVI],PLRDVYETLKDRYYPSFIVSDLYEKLLIKEEEKHASQMI
DRYYPSF,0,,...[FWY]..[WFY],PLRDVYETLKDRYYPSFIVSDLYEKLLIKEEEKHASQMI
SDLYEKL,0,,...[FWY]..[LVI],PLRDVYETLKDRYYPSFIVSDLYEKLLIKEEEKHASQMI
RHVFSTF,0,,...[FWY]..[WFY],PLRHVFSTFFYPKLKSGGYQAVKRWTKGVNLFEQEIILV
TFFYPKL,0,,...[FWY]..[LVI],PLRHVFSTFFYPKLKSGGYQAVKRWTKGVNLFEQEIILV
SGGYQAV,0,,...[FWY]..[LVI],PLRHVFSTFFYPKLKSGGYQAVKRWTKGVNLFEQEIILV
HVQWQPV,0,,...[FWY]..[LVI],PLRLNIYDVGPTTMHVQWQPVGGATGYILSYKPVKDTEP
ILSYKPV,0,,...[FWY]..[LVI],PLRLNIYDVGPTTMHVQWQPVGGATGYILSYKPVKDTEP
DSGYNSF,0,,...[FWY]..[WFY],PLRNVLDSGYNSFNDEKSVSSNLFLPFEEELYIVRTDDQ
SNLFLPF,0,,...[FWY]..[WFY],PLRNVLDSGYNSFNDEKSVSSNLFLPFEEELYIVRTDDQ
EDNYKRL,0,,...[FWY]..[LVI],PLRYVMSKEDNYKRLRDYISSLKMTPCIPYLGIYLSDLT
CIPYLGI,0,,...[FWY]..[LVI],PLRYVMSKEDNYKRLRDYISSLKMTPCIPYLGIYLSDLT
HVNFMIL,0,,...[FWY]..[LVI],PLRHVNFMILWNSFVLVVNHRIQTTYSWVTM
MILWNSF,0,,...[FWY]..[WFY],PLRHVNFMILWNSFVLVVNHRIQTTYSWVTM
WNSFVLV,0,,...[FWY]..[LVI],PLRHVNFMILWNSFVLVVNHRIQTTYSWVTM
QTTYSWV,0,,...[FWY]..[LVI],PLRHVNFMILWNSFVLVVNHRIQTTYSWVTM
MKVFFLF,0,,...[FWY]..[WFY],PLRMKVFFLFAVLFCLVQTNSVHISHQEARGPSFRICVD
FFLFAVL,0,,...[FWY]..[LVI],PLRMKVFFLFAVLFCLVQTNSVHISHQEARGPSFRICVD
AVLFCLV,0,,...[FWY]..[LVI],PLRMKVFFLFAVLFCLVQTNSVHISHQEARGPSFRICVD
MFLFSYV,0,,...[FWY]..[LVI],PLRMFLFSYVRFIPFPTKFSEKSQNPLAYSTKVCFENAP
LFSYVRF,0,,...[FWY]..[WFY],PLRMFLFSYVRFIPFPTKFSEKSQNPLAYSTKVCFENAP
YVRFIPF,0,,...[FWY]..[WFY],PLRMFLFSYVRFIPFPTKFSEKSQNPLAYSTKVCFENAP
PGGFIVL,0,,...[FWY]..[LVI],PLRYVRGENGPGGFIVLKSASNPRVCTFVWILNTDLKGR
VCTFVWI,0,,...[FWY]..[LVI],PLRYVRGENGPGGFIVLKSASNPRVCTFVWILNTDLKGR
LRYWCGI,0,,...[FWY]..[LVI],PLRYWCGIQRDFARDDMDFTELIVTDDKGTLANDFWSGK
DMDFTEL,0,,...[FWY]..[LVI],PLRYWCGIQRDFARDDMDFTELIVTDDKGTLANDFWSGK
LRNWDRY,0,,...[FWY]..[WFY],PLRNWDRYQDIEKEVNNESGESQRGTDFSVLLSSAGDSF
WDRYQDI,0,,...[FWY]..[LVI],PLRNWDRYQDIEKEVNNESGESQRGTDFSVLLSSAGDSF
GTDFSVL,0,,...[FWY]..[LVI],PLRNWDRYQDIEKEVNNESGESQRGTDFSVLLSSAGDSF
INMYGEL,0,,...[FWY]..[LVI],PLRNWLNDQVINMYGELIMDAVPDKVHFFNSFFHRQLVT
VHFFNSF,0,,...[FWY]..[WFY],PLRNWLNDQVINMYGELIMDAVPDKVHFFNSFFHRQLVT
LVPFLWL,0,,...[FWY]..[LVI],PLRNAESQELIYTFTATFTRRLVPFLWLKWPGTRLLLRP
PFLWLKW,0,,...[FWY]..[WFY],PLRNAESQELIYTFTATFTRRLVPFLWLKWPGTRLLLRP
LRHYEIL,0,,...[FWY]..[LVI],PLRHYEILIHDLQEEIEKQFDVKEDIPGRHSYAKYNNWE
RHSYAKY,0,,...[FWY]..[WFY],PLRHYEILIHDLQEEIEKQFDVKEDIPGRHSYAKYNNWE
YAKYNNW,0,,...[FWY]..[WFY],PLRHYEILIHDLQEEIEKQFDVKEDIPGRHSYAKYNNWE
NNAYGAL,0,,...[FWY]..[LVI],PLRSYGDSLYYNNAYGALDAYYKRCRAARSYEAVQLQLP
ARSYEAV,0,,...[FWY]..[LVI],PLRSYGDSLYYNNAYGALDAYYKRCRAARSYEAVQLQLP
NYGYCSY,0,,...[FWY]..[WFY],PLRNYGYCSYKASKRFSSLHAVLYFSPDFMSLGFMVWAS
SKRFSSL,0,,...[FWY]..[LVI],PLRNYGYCSYKASKRFSSLHAVLYFSPDFMSLGFMVWAS
SPDFMSL,0,,...[FWY]..[LVI],PLRNYGYCSYKASKRFSSLHAVLYFSPDFMSLGFMVWAS
SLGFMVW,0,,...[FWY]..[WFY],PLRNYGYCSYKASKRFSSLHAVLYFSPDFMSLGFMVWAS
RGYFRDY,0,,...[FWY]..[WFY],PLRNYNAHYKNHPKYWCRGYFRDYCNIIAFSPNSTNHVA
FRDYCNI,0,,...[FWY]..[LVI],PLRNYNAHYKNHPKYWCRGYFRDYCNIIAFSPNSTNHVA
HDGYLKL,0,,...[FWY]..[LVI],PLREEAHQMTHDGYLKLWQLSKPSLASFDAIFVDEAQDC
LASFDAI,0,,...[FWY]..[LVI],PLREEAHQMTHDGYLKLWQLSKPSLASFDAIFVDEAQDC
SMGWRRW,0,,...[FWY]..[WFY],PLRPLMKADGSMGWRRWDALERTRVRVGKKIELSSWKSK
WRRWDAL,0,,...[FWY]..[LVI],PLRPLMKADGSMGWRRWDALERTRVRVGKKIELSSWKSK
ISSFSEY,0,,...[FWY]..[WFY],PLRESETQIFCSELTTICCISSFSEYIYKWCSVRVALYR
IYKWCSV,0,,...[FWY]..[LVI],PLRESETQIFCSELTTICCISSFSEYIYKWCSVRVALYR
LRYYSDI,0,,...[FWY]..[LVI],PLRYYSDILFPKMPKRQGDFLHFLNVKKVKTDTENNEVS
QGDFLHF,0,,...[FWY]..[WFY],PLRYYSDILFPKMPKRQGDFLHFLNVKKVKTDTENNEVS
FLHFLNV,0,,...[FWY]..[LVI],PLRYYSDILFPKMPKRQGDFLHFLNVKKVKTDTENNEVS
INLYKLV,0,,...[FWY]..[LVI],PLRKRLLINLYKLVKSQISVYSELNKIEVSFRELQKLNQ
ISVYSEL,0,,...[FWY]..[LVI],PLRKRLLINLYKLVKSQISVYSELNKIEVSFRELQKLNQ
EVSFREL,0,,...[FWY]..[LVI],PLRKRLLINLYKLVKSQISVYSELNKIEVSFRELQKLNQ
RTNWKDF,0,,...[FWY]..[WFY],PLRTNWKDFLEEELQETRMAFQKYINYTFPKLSPGHADF
RMAFQKY,0,,...[FWY]..[WFY],PLRTNWKDFLEEELQETRMAFQKYINYTFPKLSPGHADF
FQKYINY,0,,...[FWY]..[WFY],PLRTNWKDFLEEELQETRMAFQKYINYTFPKLSPGHADF
NYTFPKL,0,,...[FWY]..[LVI],PLRTNWKDFLEEELQETRMAFQKYINYTFPKLSPGHADF
PIAYSIV,0,,...[FWY]..[LVI],PLREEAEFPIAYSIVVHHKIEMLDRLLRAIYMPQNFYCI
PQNFYCI,0,,...[FWY]..[LVI],PLREEAEFPIAYSIVVHHKIEMLDRLLRAIYMPQNFYCI
TSGYIVY,0,,...[FWY]..[WFY],PLRVPKDIIRRAKKIPKINILHKQTSGYIVYGLFMLHTK
YIVYGLF,0,,...[FWY]..[WFY],PLRVPKDIIRRAKKIPKINILHKQTSGYIVYGLFMLHTK
AELFLGW,0,,...[FWY]..[WFY],PLREAIDMWSLGCVIAELFLGWPLYPGALEYDQIRYISQ
FLGWPLY,0,,...[FWY]..[WFY],PLREAIDMWSLGCVIAELFLGWPLYPGALEYDQIRYISQ
ALEYDQI,0,,...[FWY]..[LVI],PLREAIDMWSLGCVIAELFLGWPLYPGALEYDQIRYISQ
LQTWEWI,0,,...[FWY]..[LVI],PLRKAKELQTWEWIYGKTPKFSINTSFHVLYEQSHLEIK
NTSFHVL,0,,...[FWY]..[LVI],PLRKAKELQTWEWIYGKTPKFSINTSFHVLYEQSHLEIK
IIPWILF,0,,...[FWY]..[WFY],PLRVAKIGAFCCGLSLCNQHTIILYVLCIIPWILFQLLK
WILFQLL,0,,...[FWY]..[LVI],PLRVAKIGAFCCGLSLCNQHTIILYVLCIIPWILFQLLK
MAQFYFL,0,,...[FWY]..[LVI],PLREDRIISLYECMAQFYFLCLAETTDCFLLATMAYDRY
QFYFLCL,0,,...[FWY]..[LVI],PLREDRIISLYECMAQFYFLCLAETTDCFLLATMAYDRY
GEGFGYI,0,,...[FWY]..[LVI],PLREELQNGEGFGYIIMFRPVGSTTWSKEKVSSVESSRF
IIMFRPV,0,,...[FWY]..[LVI],PLREELQNGEGFGYIIMFRPVGSTTWSKEKVSSVESSRF
DRLFEII,0,,...[FWY]..[LVI],PLRQAEDKLDRLFEIIGVKSQEASQTLLDSVYSHLPDLL
DSVYSHL,0,,...[FWY]..[LVI],PLRQAEDKLDRLFEIIGVKSQEASQTLLDSVYSHLPDLL
SHLFKFI,0,,...[FWY]..[LVI],PLRKAMLSRQHVPVESSHLFKFINWSSLLPERFIKGHVY
LFKFINW,0,,...[FWY]..[WFY],PLRKAMLSRQHVPVESSHLFKFINWSSLLPERFIKGHVY
FINWSSL,0,,...[FWY]..[LVI],PLRKAMLSRQHVPVESSHLFKFINWSSLLPERFIKGHVY
SPAFDFV,0,,...[FWY]..[LVI],PLRKAQKSTLAIDPATSKEIPLPSPAFDFVILLDVSDTS
AFDFVIL,0,,...[FWY]..[LVI],PLRKAQKSTLAIDPATSKEIPLPSPAFDFVILLDVSDTS
RQDWQAY,0,,...[FWY]..[WFY],PLREDRALESLRQDWQAYQHRLSETRTQFNNVVNKLRLM
RTQFNNV,0,,...[FWY]..[LVI],PLREDRALESLRQDWQAYQHRLSETRTQFNNVVNKLRLM
DGGWAPW,0,,...[FWY]..[WFY],PLRKPVADGGWAPWGPWGECSRTCGGGVQFSHRECKDPE
WAPWGPW,0,,...[FWY]..[WFY],PLRKPVADGGWAPWGPWGECSRTCGGGVQFSHRECKDPE
QILYNYL,0,,...[FWY]..[LVI],PLREETAKQILYNYLKEGSTDNDDATKRKVNLVFEKIQT
NLVFEKI,0,,...[FWY]..[LVI],PLREETAKQILYNYLKEGSTDNDDATKRKVNLVFEKIQT
ECLYVSV,0,,...[FWY]..[LVI],PLRECLYVSVFSNVMIHVVQYCFGLVYYVLVGLTVLSQV
VSVFSNV,0,,...[FWY]..[LVI],PLRECLYVSVFSNVMIHVVQYCFGLVYYVLVGLTVLSQV
QYCFGLV,0,,...[FWY]..[LVI],PLRECLYVSVFSNVMIHVVQYCFGLVYYVLVGLTVLSQV
GLVYYVL,0,,...[FWY]..[LVI],PLRECLYVSVFSNVMIHVVQYCFGLVYYVLVGLTVLSQV
LVYYVLV,0,,...[FWY]..[LVI],PLRECLYVSVFSNVMIHVVQYCFGLVYYVLVGLTVLSQV
GGDYFFI,0,,...[FWY]..[LVI],PLRQCILLPVSSLLLYIIKIGGDYFFIYAWLFTLVVSLV
GDYFFIY,0,,...[FWY]..[WFY],PLRQCILLPVSSLLLYIIKIGGDYFFIYAWLFTLVVSLV
FFIYAWL,0,,...[FWY]..[LVI],PLRQCILLPVSSLLLYIIKIGGDYFFIYAWLFTLVVSLV
AWLFTLV,0,,...[FWY]..[LVI],PLRQCILLPVSSLLLYIIKIGGDYFFIYAWLFTLVVSLV
TQMYFFL,0,,...[FWY]..[LVI],PLRECLTQMYFFLAFGNTDSYLLAAMAIDRYVAICNPFH
MYFFLAF,0,,...[FWY]..[WFY],PLRECLTQMYFFLAFGNTDSYLLAAMAIDRYVAICNPFH
IDRYVAI,0,,...[FWY]..[LVI],PLRECLTQMYFFLAFGNTDSYLLAAMAIDRYVAICNPFH
RKSYVYF,0,,...[FWY]..[WFY],PLRECPRDDACTRKSYVYFVIQVLDAFLCAVGLTSYSVP
SYVYFVI,0,,...[FWY]..[LVI],PLRECPRDDACTRKSYVYFVIQVLDAFLCAVGLTSYSVP
LILYFVI,0,,...[FWY]..[LVI],PLRLILYFVIDNFVINRRPWLPECTPIYIQYFVKFFIIG
TPIYIQY,0,,...[FWY]..[WFY],PLRLILYFVIDNFVINRRPWLPECTPIYIQYFVKFFIIG
IQYFVKF,0,,...[FWY]..[WFY],PLRLILYFVIDNFVINRRPWLPECTPIYIQYFVKFFIIG
FVKFFII,0,,...[FWY]..[LVI],PLRLILYFVIDNFVINRRPWLPECTPIYIQYFVKFFIIG
SRYFPAF,0,,...[FWY]..[WFY],PLRKDAKIALIKEKTKSRYFPAFEKVLQSHGQDYLVGNK
FPAFEKV,0,,...[FWY]..[LVI],PLRKDAKIALIKEKTKSRYFPAFEKVLQSHGQDYLVGNK
LLSFVEF,0,,...[FWY]..[WFY],PLREDEQMNFLLSFVEFFEKLLLPNLFDSSIVPSFHSLP
VEFFEKL,0,,...[FWY]..[LVI],PLREDEQMNFLLSFVEFFEKLLLPNLFDSSIVPSFHSLP
VPSFHSL,0,,...[FWY]..[LVI],PLREDEQMNFLLSFVEFFEKLLLPNLFDSSIVPSFHSLP
KDCFEKY,0,,...[FWY]..[WFY],PLRKDCFEKYHLIANQGCPRSKLSKSTYEEVKTILSKKI
FEKYHLI,0,,...[FWY]..[LVI],PLRKDCFEKYHLIANQGCPRSKLSKSTYEEVKTILSKKI
KSTYEEV,0,,...[FWY]..[LVI],PLRKDCFEKYHLIANQGCPRSKLSKSTYEEVKTILSKKI
LREYDLI,0,,...[FWY]..[LVI],PLREYDLIVHQLATYPDVNNLLRWRWALKIVCILNLNI
LATYPDV,0,,...[FWY]..[LVI],PLREYDLIVHQLATYPDVNNLLRWRWALKIVCILNLNI
RVPYDRV,0,,...[FWY]..[LVI],PLRQDDNDNFAMRVPYDRVIRCLGWNFDFSIFNKSLRLN
NFDFSIF,0,,...[FWY]..[WFY],PLRQDDNDNFAMRVPYDRVIRCLGWNFDFSIFNKSLRLN
LDTYNNL,0,,...[FWY]..[LVI],PLRQDFLDTYNNLTLKTIMAFRWVTEFCPNAKYVMKTDT
IMAFRWV,0,,...[FWY]..[LVI],PLRQDFLDTYNNLTLKTIMAFRWVTEFCPNAKYVMKTDT
KKSFRNL,0,,...[FWY]..[LVI],PLREDIKKSFRNLVQLYKNEDDTEISKKIKTQWTSLGLE
KTQWTSL,0,,...[FWY]..[LVI],PLREDIKKSFRNLVQLYKNEDDTEISKKIKTQWTSLGLE
ILGFSDL,0,,...[FWY]..[LVI],PLRKDILGFSDLNLPRILMRTQELLLTSHFSSILSDNQG
TSHFSSI,0,,...[FWY]..[LVI],PLRKDILGFSDLNLPRILMRTQELLLTSHFSSILSDNQG
LREYLEF,0,,...[FWY]..[WFY],PLREYLEFNKYKYTASVLIAESGQPVVPLDRQFLIHELN
YLEFNKY,0,,...[FWY]..[WFY],PLREYLEFNKYKYTASVLIAESGQPVVPLDRQFLIHELN
ECQYDYF,0,,...[FWY]..[WFY],PLREVLLPNSTLSDRFVIEVDIIPQFSECQYDYFQIKMQ
QYDYFQI,0,,...[FWY]..[LVI],PLREVLLPNSTLSDRFVIEVDIIPQFSECQYDYFQIKMQ
KDNFFEV,0,,...[FWY]..[LVI],PLRKDNFFEVFTPVFERNSRWSNKKNVPKLGDMNSSFED
DNFFEVF,0,,...[FWY]..[WFY],PLRKDNFFEVFTPVFERNSRWSNKKNVPKLGDMNSSFED
FEVFTPV,0,,...[FWY]..[LVI],PLRKDNFFEVFTPVFERNSRWSNKKNVPKLGDMNSSFED
PLRWDQF,0,,...[FWY]..[WFY],PLRWDQFYSEVLGRPTTLFETMGKAEMWLIRTYWDFEFP
DQFYSEV,0,,...[FWY]..[LVI],PLRWDQFYSEVLGRPTTLFETMGKAEMWLIRTYWDFEFP
IRTYWDF,0,,...[FWY]..[WFY],PLRWDQFYSEVLGRPTTLFETMGKAEMWLIRTYWDFEFP
SAIYNFL,0,,...[FWY]..[LVI],PLREDQKEEGAKRLPDRNGQTSVFLLCFCSAIYNFLNL
IYNFLNL,0,,...[FWY]..[LVI],PLREDQKEEGAKRLPDRNGQTSVFLLCFCSAIYNFLNL
DETFGEY,0,,...[FWY]..[WFY],PLRVDSEARPMKDETFGEYRSLESDNEEKAFGSSQPSLN
FGEYRSL,0,,...[FWY]..[LVI],PLRVDSEARPMKDETFGEYRSLESDNEEKAFGSSQPSLN
MSIFKYL,0,,...[FWY]..[LVI],PLRQDSMSIFKYLRYFTRTILDARSGTDAPTTWRKSGWS
IFKYLRY,0,,...[FWY]..[WFY],PLRQDSMSIFKYLRYFTRTILDARSGTDAPTTWRKSGWS
DSSFVSI,0,,...[FWY]..[LVI],PLREDSSFVSIYTHLWENVPRIFEALLIMESKLKEYSLI
VSIYTHL,0,,...[FWY]..[LVI],PLREDSSFVSIYTHLWENVPRIFEALLIMESKLKEYSLI
THLWENV,0,,...[FWY]..[LVI],PLREDSSFVSIYTHLWENVPRIFEALLIMESKLKEYSLI
PRIFEAL,0,,...[FWY]..[LVI],PLREDSSFVSIYTHLWENVPRIFEALLIMESKLKEYSLI
LKEYSLI,0,,...[FWY]..[LVI],PLREDSSFVSIYTHLWENVPRIFEALLIMESKLKEYSLI
SPQFNRY,0,,...[FWY]..[WFY],PLREDTKSPQFNRYFYLLENLAWVKSYNICFELEDCNEI
FNRYFYL,0,,...[FWY]..[LVI],PLREDTKSPQFNRYFYLLENLAWVKSYNICFELEDCNEI
NRYFYLL,0,,...[FWY]..[LVI],PLREDTKSPQFNRYFYLLENLAWVKSYNICFELEDCNEI
REDWVYY,0,,...[FWY]..[WFY],PLREDWVYYRISHEEKDLFFNLTVNQGFLSNSYIMEKRY
DWVYYRI,0,,...[FWY]..[LVI],PLREDWVYYRISHEEKDLFFNLTVNQGFLSNSYIMEKRY
KDLFFNL,0,,...[FWY]..[LVI],PLREDWVYYRISHEEKDLFFNLTVNQGFLSNSYIMEKRY
KEDFANV,0,,...[FWY]..[LVI],PLRKEDFANVIESCPFWAAVYFNRAHFYYCLKQYELAEE
CPFWAAV,0,,...[FWY]..[LVI],PLRKEDFANVIESCPFWAAVYFNRAHFYYCLKQYELAEE
AHFYYCL,0,,...[FWY]..[LVI],PLRKEDFANVIESCPFWAAVYFNRAHFYYCLKQYELAEE
QATFDWV,0,,...[FWY]..[LVI],PLRREALVDQAEEFSGRGEQATFDWVFKGYGVVFSNGER
DWVFKGY,0,,...[FWY]..[WFY],PLRREALVDQAEEFSGRGEQATFDWVFKGYGVVFSNGER
FKGYGVV,0,,...[FWY]..[LVI],PLRREALVDQAEEFSGRGEQATFDWVFKGYGVVFSNGER
QYNYKEY,0,,...[FWY]..[WFY],PLRKECHQIFNQSPSFNEHPRLHVGENQYNYKEYENIFY
YKEYENI,0,,...[FWY]..[LVI],PLRKECHQIFNQSPSFNEHPRLHVGENQYNYKEYENIFY
VLQFMPF,0,,...[FWY]..[WFY],PLREECVDCLEQGGRGSVLQFMPFTTVSELVKVSAMSSP
FMPFTTV,0,,...[FWY]..[LVI],PLREECVDCLEQGGRGSVLQFMPFTTVSELVKVSAMSSP
RQEFKKL,0,,...[FWY]..[LVI],PLRQEFKKLYFYSDAYRPLKFACETIIEEYEDEISSLIA
SDAYRPL,0,,...[FWY]..[LVI],PLRQEFKKLYFYSDAYRPLKFACETIIEEYEDEISSLIA
REEFMLL,0,,...[FWY]..[LVI],PLREEFMLLPANQLIDIISSDELNVRSEEQVFNAVMAWV
EQVFNAV,0,,...[FWY]..[LVI],PLREEFMLLPANQLIDIISSDELNVRSEEQVFNAVMAWV
PGIYEMF,0,,...[FWY]..[WFY],PLRKEINSTANGPGIYEMFGTPVYCHVRETERDENTYYR
TPVYCHV,0,,...[FWY]..[LVI],PLRKEINSTANGPGIYEMFGTPVYCHVRETERDENTYYR
EKDFQML,0,,...[FWY]..[LVI],PLREEKDFQMLYAYDQLKIQVAAKTVFEGFTEGELTFQP
LYAYDQL,0,,...[FWY]..[LVI],PLREEKDFQMLYAYDQLKIQVAAKTVFEGFTEGELTFQP
KTVFEGF,0,,...[FWY]..[WFY],PLREEKDFQMLYAYDQLKIQVAAKTVFEGFTEGELTFQP
TTVWQRW,0,,...[FWY]..[WFY],PLREEKASQLEKTGNDASKATLSRSMTTVWQRWTRLRAV
WQRWTRL,0,,...[FWY]..[LVI],PLREEKASQLEKTGNDASKATLSRSMTTVWQRWTRLRAV
QVKFRRW,0,,...[FWY]..[WFY],PLRKELERKERQVKFRRWKPKVAISKNCREWWYFALNAN
CREWWYF,0,,...[FWY]..[WFY],PLRKELERKERQVKFRRWKPKVAISKNCREWWYFALNAN
EWWYFAL,0,,...[FWY]..[LVI],PLRKELERKERQVKFRRWKPKVAISKNCREWWYFALNAN
PVVFVLL,0,,...[FWY]..[LVI],PLREEMQPVVFVLLLFAYLVTIGGNLSILAAVLVEPKLH
LLLFAYL,0,,...[FWY]..[LVI],PLREEMQPVVFVLLLFAYLVTIGGNLSILAAVLVEPKLH
HPLWAWV,0,,...[FWY]..[LVI],PLREEPYGVDDHPLWAWVSGGGCVVEACAMPRWFTVQAG
MPRWFTV,0,,...[FWY]..[LVI],PLREEPYGVDDHPLWAWVSGGGCVVEACAMPRWFTVQAG
REEYDVF,0,,...[FWY]..[WFY],PLREEYDVFDLIAYASTADGYSADLPLPLPIRVEDENDN
YDVFDLI,0,,...[FWY]..[LVI],PLREEYDVFDLIAYASTADGYSADLPLPLPIRVEDENDN
DLAFGQL,0,,...[FWY]..[LVI],PLREFDLAFGQLDSPGSLKIKFRSGKFMPFNLIPVIQCD
SGKFMPF,0,,...[FWY]..[WFY],PLREFDLAFGQLDSPGSLKIKFRSGKFMPFNLIPVIQCD
FMPFNLI,0,,...[FWY]..[LVI],PLREFDLAFGQLDSPGSLKIKFRSGKFMPFNLIPVIQCD
REFFLSL,0,,...[FWY]..[LVI],PLREFFLSLDIPIGELYGLSESSGPHTISNQNNYRLLSC
QNNYRLL,0,,...[FWY]..[LVI],PLREFFLSLDIPIGELYGLSESSGPHTISNQNNYRLLSC
DYDWHVF,0,,...[FWY]..[WFY],PLRQFGASIQQQATVMLKIMQDYDWHVFSLVTTIFPGYR
WHVFSLV,0,,...[FWY]..[LVI],PLRQFGASIQQQATVMLKIMQDYDWHVFSLVTTIFPGYR
TTIFPGY,0,,...[FWY]..[WFY],PLRQFGASIQQQATVMLKIMQDYDWHVFSLVTTIFPGYR
LREFGIL,0,,...[FWY]..[LVI],PLREFGILFANRSFLVLRGRYGYVGSSSGHDLIQCNQDQ
NRSFLVL,0,,...[FWY]..[LVI],PLREFGILFANRSFLVLRGRYGYVGSSSGHDLIQCNQDQ
RGRYGYV,0,,...[FWY]..[LVI],PLREFGILFANRSFLVLRGRYGYVGSSSGHDLIQCNQDQ
PLRFIGI,0,,...[FWY]..[LVI],PLRFIGIMKDRLHRGFRGYKKSRSTRLSNPA
HRGFRGY,0,,...[FWY]..[WFY],PLRFIGIMKDRLHRGFRGYKKSRSTRLSNPA
GPQWKKF,0,,...[FWY]..[WFY],PLREIIRKMTEEFDEDSGDYPLTMPGPQWKKFRSNFCEF
RSNFCEF,0,,...[FWY]..[WFY],PLREIIRKMTEEFDEDSGDYPLTMPGPQWKKFRSNFCEF
EFSWRGY,0,,...[FWY]..[WFY],PLREFSWRGYAQMTSVQNDVRITLNVGKSSGSLFRVILR
GSLFRVI,0,,...[FWY]..[LVI],PLREFSWRGYAQMTSVQNDVRITLNVGKSSGSLFRVILR
LRKFLGV,0,,...[FWY]..[LVI],PLRKFLGVTPRYNYSEALTFDPQKGFWCQLLEGGKTKCL
KGFWCQL,0,,...[FWY]..[LVI],PLRKFLGVTPRYNYSEALTFDPQKGFWCQLLEGGKTKCL
KQMYVLV,0,,...[FWY]..[LVI],PLRQFLKQMYVLVLGLDVLGNPFGLIRGLSEGVEALFYE
GNPFGLI,0,,...[FWY]..[LVI],PLRQFLKQMYVLVLGLDVLGNPFGLIRGLSEGVEALFYE
LRKFNVW,0,,...[FWY]..[WFY],PLRKFNVWDTASREQFGRLRDGYYIQAPCAIIMFDVTSR
REQFGRL,0,,...[FWY]..[LVI],PLRKFNVWDTASREQFGRLRDGYYIQAPCAIIMFDVTSR
EDEYKAF,0,,...[FWY]..[WFY],PLREVEEDEYKAFYKSFSKESDDPMAYIHFTAEGEVTFK
KAFYKSF,0,,...[FWY]..[WFY],PLREVEEDEYKAFYKSFSKESDDPMAYIHFTAEGEVTFK
PMAYIHF,0,,...[FWY]..[WFY],PLREVEEDEYKAFYKSFSKESDDPMAYIHFTAEGEVTFK
REGFSEL,0,,...[FWY]..[LVI],PLREGFSELIQRNMKQLNYSLLCLPEDIRTRVLKTSQA
QLNYSLL,0,,...[FWY]..[LVI],PLREGFSELIQRNMKQLNYSLLCLPEDIRTRVLKTSQA
KRTWLGL,0,,...[FWY]..[LVI],PLRKAKKNDRKRTWLGLLEEAYTLVQHQVSEGLSP
EEAYTLV,0,,...[FWY]..[LVI],PLRKAKKNDRKRTWLGLLEEAYTLVQHQVSEGLSP
ISIFFII,0,,...[FWY]..[LVI],PLRKGPIYNYRVEISIFFIIYIIIIAFFMMNIFVGFVIV
SIFFIIY,0,,...[FWY]..[WFY],PLRKGPIYNYRVEISIFFIIYIIIIAFFMMNIFVGFVIV
FIIYIII,0,,...[FWY]..[LVI],PLRKGPIYNYRVEISIFFIIYIIIIAFFMMNIFVGFVIV
MNIFVGF,0,,...[FWY]..[WFY],PLRKGPIYNYRVEISIFFIIYIIIIAFFMMNIFVGFVIV
FVGFVIV,0,,...[FWY]..[LVI],PLRKGPIYNYRVEISIFFIIYIIIIAFFMMNIFVGFVIV
SMQYRTL,0,,...[FWY]..[LVI],PLRKGQLLHVDATTSMQYRTLLEAEMLAFHINASYPRIW
NASYPRI,0,,...[FWY]..[LVI],PLRKGQLLHVDATTSMQYRTLLEAEMLAFHINASYPRIW
ADPYNPV,0,,...[FWY]..[LVI],PLRQGKYDEAIDCYTKGMDADPYNPVLPTNRASAYFRLQ
ASAYFRL,0,,...[FWY]..[LVI],PLRQGKYDEAIDCYTKGMDADPYNPVLPTNRASAYFRLQ
GLDYGGV,0,,...[FWY]..[LVI],PLREGLDYGGVAREWLYLLCHEMLNPYYGLFQYSTDNIY
AREWLYL,0,,...[FWY]..[LVI],PLREGLDYGGVAREWLYLLCHEMLNPYYGLFQYSTDNIY
LNPYYGL,0,,...[FWY]..[LVI],PLREGLDYGGVAREWLYLLCHEMLNPYYGLFQYSTDNIY
NPYYGLF,0,,...[FWY]..[WFY],PLREGLDYGGVAREWLYLLCHEMLNPYYGLFQYSTDNIY
VCKYDFV,0,,...[FWY]..[LVI],PLREGNDVCKYDFVEVRSGLTADSKLHGKFCGSEKPEVI
KYDFVEV,0,,...[FWY]..[LVI],PLREGNDVCKYDFVEVRSGLTADSKLHGKFCGSEKPEVI
EVLFTSL,0,,...[FWY]..[LVI],PLREGNVVIAPEPHSGSEVLFTSLGRKLVIFSWLNV
LVIFSWL,0,,...[FWY]..[LVI],PLREGNVVIAPEPHSGSEVLFTSLGRKLVIFSWLNV
IFSWLNV,0,,...[FWY]..[LVI],PLREGNVVIAPEPHSGSEVLFTSLGRKLVIFSWLNV
ENGYINF,0,,...[FWY]..[WFY],PLRLKDLVMLDAASKDELENGYINFDKRRKEFAVLSELR
RKEFAVL,0,,...[FWY]..[LVI],PLRLKDLVMLDAASKDELENGYINFDKRRKEFAVLSELR
GPCWLEV,0,,...[FWY]..[LVI],PLRKGPCWLEVKKSTALNQPVSWCKVEAMALKPDLVNVI
PVSWCKV,0,,...[FWY]..[LVI],PLRKGPCWLEVKKSTALNQPVSWCKVEAMALKPDLVNVI
GSEWKKV,0,,...[FWY]..[LVI],PLRKGSEWKKVAKVIDRFFMWIFFIMVFVMTILIIARAD
IDRFFMW,0,,...[FWY]..[WFY],PLRKGSEWKKVAKVIDRFFMWIFFIMVFVMTILIIARAD
DRFFMWI,0,,...[FWY]..[LVI],PLRKGSEWKKVAKVIDRFFMWIFFIMVFVMTILIIARAD
FFMWIFF,0,,...[FWY]..[WFY],PLRKGSEWKKVAKVIDRFFMWIFFIMVFVMTILIIARAD
WIFFIMV,0,,...[FWY]..[LVI],PLRKGSEWKKVAKVIDRFFMWIFFIMVFVMTILIIARAD
ICYYNTY,0,,...[FWY]..[WFY],PLRQGSKLGLSKNKSIICYYNTYQVVQFNRLPLVVSFIA
YNTYQVV,0,,...[FWY]..[LVI],PLRQGSKLGLSKNKSIICYYNTYQVVQFNRLPLVVSFIA
VVQFNRL,0,,...[FWY]..[LVI],PLRQGSKLGLSKNKSIICYYNTYQVVQFNRLPLVVSFIA
NECFVKV,0,,...[FWY]..[LVI],PLRQNSIRHNLSLNECFVKVPRDDKKPGKGSYWTLDPDS
KGSYWTL,0,,...[FWY]..[LVI],PLRQNSIRHNLSLNECFVKVPRDDKKPGKGSYWTLDPDS
DENFWTI,0,,...[FWY]..[LVI],PLRLVAQKVRPRRWKLQVLDLRDVDENFWTIWSGARVLS
ENFWTIW,0,,...[FWY]..[WFY],PLRLVAQKVRPRRWKLQVLDLRDVDENFWTIWSGARVLS
WTIWSGV,0,,...[FWY]..[LVI],PLRKGTRSGRWKLQVLDLRDVDENFWTIWSGVRVLPCSP
REVYQKI,0,,...[FWY]..[LVI],PLREVYQKIILKFPLLNSETHIKFCCHLKRGNVEHGDSS
ILKFPLL,0,,...[FWY]..[LVI],PLREVYQKIILKFPLLNSETHIKFCCHLKRGNVEHGDSS
RKHFSQL,0,,...[FWY]..[LVI],PLRKHFSQLKMLLSQNESQKIPKVDFRNFLSSLKGGLLK
KVDFRNF,0,,...[FWY]..[WFY],PLRKHFSQLKMLLSQNESQKIPKVDFRNFLSSLKGGLLK
IPPYGFL,0,,...[FWY]..[LVI],PLRKHIPPYGFLYYKQLQSLFRQCGQVKSIVFDGAKAFV
PYGFLYY,0,,...[FWY]..[WFY],PLRKHIPPYGFLYYKQLQSLFRQCGQVKSIVFDGAKAFV
FLYYKQL,0,,...[FWY]..[LVI],PLRKHIPPYGFLYYKQLQSLFRQCGQVKSIVFDGAKAFV
PEIFYTF,0,,...[FWY]..[WFY],PLRQHLQKVLAKKRDPVSHICFIEEIVKDGQPEIFYTFW
EIFYTFW,0,,...[FWY]..[WFY],PLRQHLQKVLAKKRDPVSHICFIEEIVKDGQPEIFYTFW
REFYYTF,0,,...[FWY]..[WFY],PLRENMQQLLFPLGILSVGREFYYTFHFGQILGFDIRPL
TFHFGQI,0,,...[FWY]..[LVI],PLRENMQQLLFPLGILSVGREFYYTFHFGQILGFDIRPL
VDIYVNY,0,,...[FWY]..[WFY],PLRLTRICADAQSVVDIYVNYDCDLNAANIFERLVNDLS
ANIFERL,0,,...[FWY]..[LVI],PLRLTRICADAQSVVDIYVNYDCDLNAANIFERLVNDLS
RSLFHGF,0,,...[FWY]..[WFY],PLRQHWATGYSKSSHPLIRSLFHGFLFMIFQIGVLGFGP
GFLFMIF,0,,...[FWY]..[WFY],PLRQHWATGYSKSSHPLIRSLFHGFLFMIFQIGVLGFGP
RKHWKRF,0,,...[FWY]..[WFY],PLRKHWKRFLSDLKFYCCFITQTFWSWLHILQD
LKFYCCF,0,,...[FWY]..[WFY],PLRKHWKRFLSDLKFYCCFITQTFWSWLHILQD
TQTFWSW,0,,...[FWY]..[WFY],PLRKHWKRFLSDLKFYCCFITQTFWSWLHILQD
QTFWSWL,0,,...[FWY]..[LVI],PLRKHWKRFLSDLKFYCCFITQTFWSWLHILQD
FWSWLHI,0,,...[FWY]..[LVI],PLRKHWKRFLSDLKFYCCFITQTFWSWLHILQD
ALIYRLL,0,,...[FWY]..[LVI],PLREIDEDTSMEDLQKMMVVALIYRLLVCFYEIICIWGA
LVCFYEI,0,,...[FWY]..[LVI],PLREIDEDTSMEDLQKMMVVALIYRLLVCFYEIICIWGA
VCFYEII,0,,...[FWY]..[LVI],PLREIDEDTSMEDLQKMMVVALIYRLLVCFYEIICIWGA
MLKFSVF,0,,...[FWY]..[WFY],PLRVIAGRMLKFSVFYRNQHKEYFDYVREHHGNAMQPSV
HKEYFDY,0,,...[FWY]..[WFY],PLRVIAGRMLKFSVFYRNQHKEYFDYVREHHGNAMQPSV
KEYFDYV,0,,...[FWY]..[LVI],PLRVIAGRMLKFSVFYRNQHKEYFDYVREHHGNAMQPSV
ITKFNDI,0,,...[FWY]..[LVI],PLREIAVDIVKHAFITKFNDITADVYSEYRASLAFDLVG
ADVYSEY,0,,...[FWY]..[WFY],PLREIAVDIVKHAFITKFNDITADVYSEYRASLAFDLVG
SLAFDLV,0,,...[FWY]..[LVI],PLREIAVDIVKHAFITKFNDITADVYSEYRASLAFDLVG
PLRFGLV,0,,...[FWY]..[LVI],PLRFGLVLWEVARRMVSNGIVEDYKPPFYDVVPNDPSFE
KPPFYDV,0,,...[FWY]..[LVI],PLRFGLVLWEVARRMVSNGIVEDYKPPFYDVVPNDPSFE
PPFYDVV,0,,...[FWY]..[LVI],PLRFGLVLWEVARRMVSNGIVEDYKPPFYDVVPNDPSFE
PGCFWVI,0,,...[FWY]..[LVI],PLRKIEDPGCFWVIIKGCSPFLDHDVDYQKLNSAMNDFY
GCFWVII,0,,...[FWY]..[LVI],PLRKIEDPGCFWVIIKGCSPFLDHDVDYQKLNSAMNDFY
DVDYQKL,0,,...[FWY]..[LVI],PLRKIEDPGCFWVIIKGCSPFLDHDVDYQKLNSAMNDFY
RRAFQSV,0,,...[FWY]..[LVI],PLRLDRRAFQSVLEVVAAPGSPYHRLLTCLRNVHKVTTR
GSPYHRL,0,,...[FWY]..[LVI],PLRLDRRAFQSVLEVVAAPGSPYHRLLTCLRNVHKVTTR
HERFFRF,0,,...[FWY]..[WFY],PLREIERRRNTPFHERFFRFLLRKLYVFRRSFLMTCISL
ERFFRFL,0,,...[FWY]..[LVI],PLREIERRRNTPFHERFFRFLLRKLYVFRRSFLMTCISL
LETYEGW,0,,...[FWY]..[WFY],PLRLQIGDTVHILETYEGWYRGYTLRKKSKKGIFPASYI
EGWYRGY,0,,...[FWY]..[WFY],PLRLQIGDTVHILETYEGWYRGYTLRKKSKKGIFPASYI
LLIYHVL,0,,...[FWY]..[LVI],PLRQINGDLLIYHVLLTLKPYYAKPYEIVVDLTHTGPSN
AKPYEIV,0,,...[FWY]..[LVI],PLRQINGDLLIYHVLLTLKPYYAKPYEIVVDLTHTGPSN
TEKFLCF,0,,...[FWY]..[WFY],PLRQIRKCTEKFLCFMKGHFDNLFSKMEQLFLQLILRIP
KGHFDNL,0,,...[FWY]..[LVI],PLRQIRKCTEKFLCFMKGHFDNLFSKMEQLFLQLILRIP
EQLFLQL,0,,...[FWY]..[LVI],PLRQIRKCTEKFLCFMKGHFDNLFSKMEQLFLQLILRIP
RKVYGPV,0,,...[FWY]..[LVI],PLRKVYGPVFTVYFGMNPIVVFHGYEAVKEALIDNGEEF
GPVFTVY,0,,...[FWY]..[WFY],PLRKVYGPVFTVYFGMNPIVVFHGYEAVKEALIDNGEEF
IVVFHGY,0,,...[FWY]..[WFY],PLRKVYGPVFTVYFGMNPIVVFHGYEAVKEALIDNGEEF
FHGYEAV,0,,...[FWY]..[LVI],PLRKVYGPVFTVYFGMNPIVVFHGYEAVKEALIDNGEEF
IGMYFTY,0,,...[FWY]..[WFY],PLRKIYLMMLFIGMYFTYSHLYSERRDILGIFPIKKKKM
YFTYSHL,0,,...[FWY]..[LVI],PLRKIYLMMLFIGMYFTYSHLYSERRDILGIFPIKKKKM
AAFYKNI,0,,...[FWY]..[LVI],PLREKAAAFYKNILGAQVSEAVPLPEHGVSVVFVNLGNT
SVVFVNL,0,,...[FWY]..[LVI],PLREKAAAFYKNILGAQVSEAVPLPEHGVSVVFVNLGNT
NGKYLYL,0,,...[FWY]..[LVI],PLREKDENGKYLYLDFVPVTYMLPADYNLFVEEFRKSPS
KYLYLDF,0,,...[FWY]..[WFY],PLREKDENGKYLYLDFVPVTYMLPADYNLFVEEFRKSPS
YLDFVPV,0,,...[FWY]..[LVI],PLREKDENGKYLYLDFVPVTYMLPADYNLFVEEFRKSPS
PADYNLF,0,,...[FWY]..[WFY],PLREKDENGKYLYLDFVPVTYMLPADYNLFVEEFRKSPS
KDSYGYI,0,,...[FWY]..[LVI],PLREKDSYGYIFLSNKDGLLGSRYKKAVFREYTDGTFRI
SYGYIFL,0,,...[FWY]..[LVI],PLREKDSYGYIFLSNKDGLLGSRYKKAVFREYTDGTFRI
KAVFREY,0,,...[FWY]..[WFY],PLREKDSYGYIFLSNKDGLLGSRYKKAVFREYTDGTFRI
SAIYIFI,0,,...[FWY]..[LVI],PLRKKETESAIYIFISDTGRPFVEMYSEIPEIIHMTEGR
VEMYSEI,0,,...[FWY]..[LVI],PLRKKETESAIYIFISDTGRPFVEMYSEIPEIIHMTEGR
MSRFFKI,0,,...[FWY]..[LVI],PLRKKFKRNDDECRAFVKRVIMSRFFKIIMISTVTSNAF
SRFFKII,0,,...[FWY]..[LVI],PLRKKFKRNDDECRAFVKRVIMSRFFKIIMISTVTSNAF
PLYWYKF,0,,...[FWY]..[WFY],PLREKSKKICPLYWYKFAKTFLIWNCSPCWLKLKEFVHR
AKTFLIW,0,,...[FWY]..[WFY],PLREKSKKICPLYWYKFAKTFLIWNCSPCWLKLKEFVHR
SPCWLKL,0,,...[FWY]..[LVI],PLREKSKKICPLYWYKFAKTFLIWNCSPCWLKLKEFVHR
EKKFKQL,0,,...[FWY]..[LVI],PLREKKFKQLLSWRAHSLEIIQVIYVEEKKWFLLPPSM
EKKWFLL,0,,...[FWY]..[LVI],PLREKKFKQLLSWRAHSLEIIQVIYVEEKKWFLLPPSM
KAAYESL,0,,...[FWY]..[LVI],PLREKKPTWICPVCDKKAAYESLILDGLFMEILNDCSDV
DGLFMEI,0,,...[FWY]..[LVI],PLREKKPTWICPVCDKKAAYESLILDGLFMEILNDCSDV
QKKYCFL,0,,...[FWY]..[LVI],PLRQKKYCFLKFKSFGSAQQALNILTGKDWKLKGRHALT
KYCFLKF,0,,...[FWY]..[WFY],PLRQKKYCFLKFKSFGSAQQALNILTGKDWKLKGRHALT
FLKFKSF,0,,...[FWY]..[WFY],PLRQKKYCFLKFKSFGSAQQALNILTGKDWKLKGRHALT
VESYTKL,0,,...[FWY]..[LVI],PLRVKLASRNVESYTKLGNPTRSEDLLDYGPFRDVPAYS
LLDYGPF,0,,...[FWY]..[WFY],PLRVKLASRNVESYTKLGNPTRSEDLLDYGPFRDVPAYS
YGPFRDV,0,,...[FWY]..[LVI],PLRVKLASRNVESYTKLGNPTRSEDLLDYGPFRDVPAYS
DASFGYI,0,,...[FWY]..[LVI],PLREMLGYDASFGYIHAIKLAQQGNLLEKRVGYLAVSLF
RVGYLAV,0,,...[FWY]..[LVI],PLREMLGYDASFGYIHAIKLAQQGNLLEKRVGYLAVSLF
KVIFFEL,0,,...[FWY]..[LVI],PLREKVIFFELILDNMGEQAQEQEDWKKYITGTDILDMK
VIFFELI,0,,...[FWY]..[LVI],PLREKVIFFELILDNMGEQAQEQEDWKKYITGTDILDMK
QEDWKKY,0,,...[FWY]..[WFY],PLREKVIFFELILDNMGEQAQEQEDWKKYITGTDILDMK
KICFKYY,0,,...[FWY]..[WFY],PLRQKGQIVWRIEPGPYFMEPEIKICFKYYHGISGALRA
FKYYHGI,0,,...[FWY]..[LVI],PLRQKGQIVWRIEPGPYFMEPEIKICFKYYHGISGALRA
TEIYKYI,0,,...[FWY]..[LVI],PLRKKHENEFNEEVALTEIYKYIVKYFDEILNKLERERG
VKYFDEI,0,,...[FWY]..[LVI],PLRKKHENEFNEEVALTEIYKYIVKYFDEILNKLERERG
GKDFSFV,0,,...[FWY]..[LVI],PLREKLLECKECGKDFSFVSVLVRHQRIHTGEKPYECKE
DFSFVSV,0,,...[FWY]..[LVI],PLREKLLECKECGKDFSFVSVLVRHQRIHTGEKPYECKE
VLTWNTV,0,,...[FWY]..[LVI],PLRSVLTWNTVLSFKGYWEKLNSNLEYVKYAKPHFHYNN
VLSFKGY,0,,...[FWY]..[WFY],PLRSVLTWNTVLSFKGYWEKLNSNLEYVKYAKPHFHYNN
KGYWEKL,0,,...[FWY]..[LVI],PLRSVLTWNTVLSFKGYWEKLNSNLEYVKYAKPHFHYNN
NLEYVKY,0,,...[FWY]..[WFY],PLRSVLTWNTVLSFKGYWEKLNSNLEYVKYAKPHFHYNN
KNFFTDL,0,,...[FWY]..[LVI],PLRQKNFFTDLIHWSSDSPPDIFSFVPYTWNFKIMFHQ
PDIFSFV,0,,...[FWY]..[LVI],PLRQKNFFTDLIHWSSDSPPDIFSFVPYTWNFKIMFHQ
IFSFVPY,0,,...[FWY]..[WFY],PLRQKNFFTDLIHWSSDSPPDIFSFVPYTWNFKIMFHQ
GGCFAQI,0,,...[FWY]..[LVI],PLREKTTISFGGCFAQIISSFFLVGLNVFFWCNGL
ISSFFLV,0,,...[FWY]..[LVI],PLREKTTISFGGCFAQIISSFFLVGLNVFFWCNGL
RKLFAHF,0,,...[FWY]..[WFY],PLRKLFAHFKKNNLTPDIYLIDWIFTLYSKSLPLDLAC
DWIFTLY,0,,...[FWY]..[WFY],PLRKLFAHFKKNNLTPDIYLIDWIFTLYSKSLPLDLAC
GAVWKQI,0,,...[FWY]..[LVI],PLRLVYHQGGCDNIDSGAVWKQIYMDLGIPILNSAASYN
KQIYMDL,0,,...[FWY]..[LVI],PLRLVYHQGGCDNIDSGAVWKQIYMDLGIPILNSAASYN
LEMYGHF,0,,...[FWY]..[WFY],PLREKTGKLEQLKSVLEMYGHFSGINRKVQLTYYPHGVK
YGHFSGI,0,,...[FWY]..[LVI],PLREKTGKLEQLKSVLEMYGHFSGINRKVQLTYYPHGVK
LMKFLTF,0,,...[FWY]..[WFY],PLRMVEKRMLMKFLTFCLEYEQHPDEYQAFRQCSFSEYL
PDEYQAF,0,,...[FWY]..[WFY],PLRMVEKRMLMKFLTFCLEYEQHPDEYQAFRQCSFSEYL
QCSFSEY,0,,...[FWY]..[WFY],PLRMVEKRMLMKFLTFCLEYEQHPDEYQAFRQCSFSEYL
IDPFEDL,0,,...[FWY]..[LVI],PLRVKTNGISDGKRESPLKIDPFEDLSFNLLAVSKAQLS
DLSFNLL,0,,...[FWY]..[LVI],PLRVKTNGISDGKRESPLKIDPFEDLSFNLLAVSKAQLS
ETTFHLL,0,,...[FWY]..[LVI],PLRKKTQRVCAPEETTFHLLHLSLMREYIDYEFSVLKEK
MREYIDY,0,,...[FWY]..[WFY],PLRKKTQRVCAPEETTFHLLHLSLMREYIDYEFSVLKEK
DYEFSVL,0,,...[FWY]..[LVI],PLRKKTQRVCAPEETTFHLLHLSLMREYIDYEFSVLKEK
REKYNKW,0,,...[FWY]..[WFY],PLREKYNKWETIEAWTQQVATENPALISRSVIGTTFEGR
YNKWETI,0,,...[FWY]..[LVI],PLREKYNKWETIEAWTQQVATENPALISRSVIGTTFEGR
DLSFNKL,0,,...[FWY]..[LVI],PLRQLCEIPKRMVELKEMVSDVDLSFNKLSFISLELCVL
KLSFISL,0,,...[FWY]..[LVI],PLRQLCEIPKRMVELKEMVSDVDLSFNKLSFISLELCVL
GGPYGSL,0,,...[FWY]..[LVI],PLRELYKATGGPYGSLGVDYEFEKLLYKIFGEDFIEQFK
DYEFEKL,0,,...[FWY]..[LVI],PLRELYKATGGPYGSLGVDYEFEKLLYKIFGEDFIEQFK
KLLYKIF,0,,...[FWY]..[WFY],PLRELYKATGGPYGSLGVDYEFEKLLYKIFGEDFIEQFK
AKVFDQY,0,,...[FWY]..[WFY],PLRKLEDIANAALAASAVTQVAKVFDQYLNFITLEDDMF
FDQYLNF,0,,...[FWY]..[WFY],PLRKLEDIANAALAASAVTQVAKVFDQYLNFITLEDDMF
YLNFITL,0,,...[FWY]..[LVI],PLRKLEDIANAALAASAVTQVAKVFDQYLNFITLEDDMF
CLLFIAL,0,,...[FWY]..[LVI],PLREQKTISYAGCFTQCLLFIALVITEFYILASMALDRY
ITEFYIL,0,,...[FWY]..[LVI],PLREQKTISYAGCFTQCLLFIALVITEFYILASMALDRY
LLCFVAV,0,,...[FWY]..[LVI],PLRELLLLLLCFVAVSFNTYYNVQIFLLLGQLLKSTEKY
AVSFNTY,0,,...[FWY]..[WFY],PLRELLLLLLCFVAVSFNTYYNVQIFLLLGQLLKSTEKY
FNTYYNV,0,,...[FWY]..[LVI],PLRELLLLLLCFVAVSFNTYYNVQIFLLLGQLLKSTEKY
VQIFLLL,0,,...[FWY]..[LVI],PLRELLLLLLCFVAVSFNTYYNVQIFLLLGQLLKSTEKY
RRHFLEL,0,,...[FWY]..[LVI],PLRRHFLELLQFNINVPASVYAKYYFDLRSLADDNNLNF
ASVYAKY,0,,...[FWY]..[WFY],PLRRHFLELLQFNINVPASVYAKYYFDLRSLADDNNLNF
AKYYFDL,0,,...[FWY]..[LVI],PLRRHFLELLQFNINVPASVYAKYYFDLRSLADDNNLNF
QKEYFHL,0,,...[FWY]..[LVI],PLRKLLSGYLPANVDRRPATLQRKQKEYFHLLSTITIL
KEYFHLL,0,,...[FWY]..[LVI],PLRKLLSGYLPANVDRRPATLQRKQKEYFHLLSTITIL
RSAFTFW,0,,...[FWY]..[WFY],PLRELTDSCQPYRSAFTFWSNSVLAWLLTWMKLKSTKK
LLTWMKL,0,,...[FWY]..[LVI],PLRELTDSCQPYRSAFTFWSNSVLAWLLTWMKLKSTKK
KLLYKEF,0,,...[FWY]..[WFY],PLRKLLYKEFLLFGALYAVLSITYRLLLTQEQLQV
YKEFLLF,0,,...[FWY]..[WFY],PLRKLLYKEFLLFGALYAVLSITYRLLLTQEQLQV
FLLFGAL,0,,...[FWY]..[LVI],PLRKLLYKEFLLFGALYAVLSITYRLLLTQEQLQV
GALYAVL,0,,...[FWY]..[LVI],PLRKLLYKEFLLFGALYAVLSITYRLLLTQEQLQV
SITYRLL,0,,...[FWY]..[LVI],PLRKLLYKEFLLFGALYAVLSITYRLLLTQEQLQV
KSIFISY,0,,...[FWY]..[WFY],PLRKLMEFNLGTDKQTFLSKLIKSIFISYLENYIEVETG
LENYIEV,0,,...[FWY]..[LVI],PLRKLMEFNLGTDKQTFLSKLIKSIFISYLENYIEVETG
ENEWDTF,0,,...[FWY]..[WFY],PLRQLMFALHFVRGMHPELFQENEWDTFTGVVVGDMLRK
WDTFTGV,0,,...[FWY]..[LVI],PLRQLMFALHFVRGMHPELFQENEWDTFTGVVVGDMLRK
REGFVTV,0,,...[FWY]..[LVI],PLRELNDFIVALSSVQPSAKREGFVTVPNVTWADIGALE
NVTWADI,0,,...[FWY]..[LVI],PLRELNDFIVALSSVQPSAKREGFVTVPNVTWADIGALE
IQCFLLF,0,,...[FWY]..[WFY],PLRQLPNKKNCLRILVMGWRMNLQQLIQCFLLFRKVAK
FLLFRKV,0,,...[FWY]..[LVI],PLRQLPNKKNCLRILVMGWRMNLQQLIQCFLLFRKVAK
KLRFLNL,0,,...[FWY]..[LVI],PLRKLRFLNLSANELQPSLRHAATFAPLRSLSSLILSAN
AATFAPL,0,,...[FWY]..[LVI],PLRKLRFLNLSANELQPSLRHAATFAPLRSLSSLILSAN
KFVYKFV,0,,...[FWY]..[LVI],PLRKLSRALRYYYDKNIIRKVSGQKFVYKFVSYPEVAGC
VYKFVSY,0,,...[FWY]..[WFY],PLRKLSRALRYYYDKNIIRKVSGQKFVYKFVSYPEVAGC
FVSYPEV,0,,...[FWY]..[LVI],PLRKLSRALRYYYDKNIIRKVSGQKFVYKFVSYPEVAGC
IPHFSVI,0,,...[FWY]..[LVI],PLRQLTMFQIGIPHFSVIFANVHLHVKHTFVFIIK
SVIFANV,0,,...[FWY]..[LVI],PLRQLTMFQIGIPHFSVIFANVHLHVKHTFVFIIK
KHTFVFI,0,,...[FWY]..[LVI],PLRQLTMFQIGIPHFSVIFANVHLHVKHTFVFIIK
EGDYTFV,0,,...[FWY]..[LVI],PLRKLVIDDVRPEDEGDYTFVPDGYALSLSAKLNFLEIK
VRSFLNI,0,,...[FWY]..[LVI],PLRQLVRSFLNIKLPAPLPGLQDGEVEGHPVWALIYYCI
HPVWALI,0,,...[FWY]..[LVI],PLRQLVRSFLNIKLPAPLPGLQDGEVEGHPVWALIYYCI
ALIYYCI,0,,...[FWY]..[LVI],PLRQLVRSFLNIKLPAPLPGLQDGEVEGHPVWALIYYCI
LWDFQGF,0,,...[FWY]..[WFY],PLRKLWDFQGFECIRTMHGHDHNVSSVAIMPNGDHIVSA
FQGFECI,0,,...[FWY]..[LVI],PLRKLWDFQGFECIRTMHGHDHNVSSVAIMPNGDHIVSA
REQWKTI,0,,...[FWY]..[LVI],PLREQWKTIELPVDKTIQANVLEIISPDLFYALPKGMPE
PDLFYAL,0,,...[FWY]..[LVI],PLREQWKTIELPVDKTIQANVLEIISPDLFYALPKGMPE
KKVYLKV,0,,...[FWY]..[LVI],PLRQLWYTHEKKVYLKVRPDATTKEVKDSLGKQWSQLSD
GKQWSQL,0,,...[FWY]..[LVI],PLRQLWYTHEKKVYLKVRPDATTKEVKDSLGKQWSQLSD
QVRFKGF,0,,...[FWY]..[WFY],PLRRYRNTPSSRIFTPGFRPTPATTPVSFQVRFKGFLII
FKGFLII,0,,...[FWY]..[LVI],PLRRYRNTPSSRIFTPGFRPTPATTPVSFQVRFKGFLII
LHSFHTL,0,,...[FWY]..[LVI],PLRPNIDGPNAKSVQREQSLHSFHTLFCRRCFKYDCFLH
CFKYDCF,0,,...[FWY]..[WFY],PLRPNIDGPNAKSVQREQSLHSFHTLFCRRCFKYDCFLH
RENFWKV,0,,...[FWY]..[LVI],PLRENFWKVWPLQQHDAPEYCEKDCSTCLMITPICVYYW
ENFWKVW,0,,...[FWY]..[WFY],PLRENFWKVWPLQQHDAPEYCEKDCSTCLMITPICVYYW
ENGWPSV,0,,...[FWY]..[LVI],PLRENGWPSVCIDLTLCFSYKGKEVPGYIVLFYNMSLDV
VPGYIVL,0,,...[FWY]..[LVI],PLRENGWPSVCIDLTLCFSYKGKEVPGYIVLFYNMSLDV
QTHFHTI,0,,...[FWY]..[LVI],PLRENPGQTHFHTIQKSSWDAFIRHSPKVNLVMYFFLYE
KSSWDAF,0,,...[FWY]..[WFY],PLRENPGQTHFHTIQKSSWDAFIRHSPKVNLVMYFFLYE
LVMYFFL,0,,...[FWY]..[LVI],PLRENPGQTHFHTIQKSSWDAFIRHSPKVNLVMYFFLYE
VMYFFLY,0,,...[FWY]..[WFY],PLRENPGQTHFHTIQKSSWDAFIRHSPKVNLVMYFFLYE
PIIFLLL,0,,...[FWY]..[LVI],PLRRSSTDPIIFLLLDKTFEKTLYNLFTKSNSAHMQSYG
KTLYNLF,0,,...[FWY]..[WFY],PLRRSSTDPIIFLLLDKTFEKTLYNLFTKSNSAHMQSYG
RRCFVEF,0,,...[FWY]..[WFY],PLRENLKLLGPRRCFVEFGAGKGKLSHWVDIALKDAEKV
LSHWVDI,0,,...[FWY]..[LVI],PLRENLKLLGPRRCFVEFGAGKGKLSHWVDIALKDAEKV
DDTFLVF,0,,...[FWY]..[WFY],PLRKNLNEDDTFLVFSKAELGALPNDFITV
PNDFITV,0,,...[FWY]..[LVI],PLRKNLNEDDTFLVFSKAELGALPNDFITV
LRDWLRV,0,,...[FWY]..[LVI],PLRKKNNLRDWLRVVASDKETYELRYFQISQDEDESESE
ELRYFQI,0,,...[FWY]..[LVI],PLRKKNNLRDWLRVVASDKETYELRYFQISQDEDESESE
SLLFSLF,0,,...[FWY]..[WFY],PLRKNPASLLFSLFEAINKDQVLTIGFDINEFLSCSSSS
FSLFEAI,0,,...[FWY]..[LVI],PLRKNPASLLFSLFEAINKDQVLTIGFDINEFLSCSSSS
LTDFEPI,0,,...[FWY]..[LVI],PLRKNSGYISRYLTDFEPIQCLGRGGFGVVFEAKNKVDD
RGGFGVV,0,,...[FWY]..[LVI],PLRKNSGYISRYLTDFEPIQCLGRGGFGVVFEAKNKVDD
PEEFFRI,0,,...[FWY]..[LVI],PLRENSSKDLKKSFKSPEPRLFTPEEFFRIFNRSIDAFK
EEFFRIF,0,,...[FWY]..[WFY],PLRENSSKDLKKSFKSPEPRLFTPEEFFRIFNRSIDAFK
NKVFSAL,0,,...[FWY]..[LVI],PLRKNYCGETVALFKNKVFSALFIAILLFDIGGFPPSLL
SALFIAI,0,,...[FWY]..[LVI],PLRKNYCGETVALFKNKVFSALFIAILLFDIGGFPPSLL
EEKYLTL,0,,...[FWY]..[LVI],PLRKPDEKDPEKSPTKKQEVPEEKYLTLEGFHKFVIDRA
LEGFHKF,0,,...[FWY]..[WFY],PLRKPDEKDPEKSPTKKQEVPEEKYLTLEGFHKFVIDRA
PGAFTYY,0,,...[FWY]..[WFY],PLRQPGAFTYYLDASLARTTTGNQVFGALKGTVDEGLSI
NQVFGAL,0,,...[FWY]..[LVI],PLRQPGAFTYYLDASLARTTTGNQVFGALKGTVDEGLSI
NGAYGVV,0,,...[FWY]..[LVI],PLRETIGNGAYGVVSSARRRLTGQQVAIKKIPNAFDVVT
PNAFDVV,0,,...[FWY]..[LVI],PLRETIGNGAYGVVSSARRRLTGQQVAIKKIPNAFDVVT
QHMFMKF,0,,...[FWY]..[WFY],PLRKPSMQHMFMKFYSAHLFQNGSVLVGELYSYGTLLNA
LYSYGTL,0,,...[FWY]..[LVI],PLRKPSMQHMFMKFYSAHLFQNGSVLVGELYSYGTLLNA
KRNYEEL,0,,...[FWY]..[LVI],PLRKPSYWSKSKRNYEELSEGNVNGNISFSEIIEPVSSE
NISFSEI,0,,...[FWY]..[LVI],PLRKPSYWSKSKRNYEELSEGNVNGNISFSEIIEPVSSE
PLRFSLI,0,,...[FWY]..[LVI],PLRFSLIQQEIFMVKECKHCNIVAYFGSYLSREKLWICM
VAYFGSY,0,,...[FWY]..[WFY],PLRFSLIQQEIFMVKECKHCNIVAYFGSYLSREKLWICM
NGMFLNY,0,,...[FWY]..[WFY],PLRKQESAERAIDVMNGMFLNYRKIFVGRFKSHKEREAE
FLNYRKI,0,,...[FWY]..[LVI],PLRKQESAERAIDVMNGMFLNYRKIFVGRFKSHKEREAE
REQYNKI,0,,...[FWY]..[LVI],PLREQYNKIVIPNEASVVIYYKIRQQLPNWVKKLKNIF
VVIYYKI,0,,...[FWY]..[LVI],PLREQYNKIVIPNEASVVIYYKIRQQLPNWVKKLKNIF
LGCFLTF,0,,...[FWY]..[WFY],PLRKQNVISFDACATQLGCFLTFMISESLLLASMAYDRY
SMAYDRY,0,,...[FWY]..[WFY],PLRKQNVISFDACATQLGCFLTFMISESLLLASMAYDRY
VACFLLL,0,,...[FWY]..[LVI],PLRVQTGLYMHKNRSHIKDLIKVACFLLLAAISLFISLY
ISLFISL,0,,...[FWY]..[LVI],PLRVQTGLYMHKNRSHIKDLIKVACFLLLAAISLFISLY
RKQWNHV,0,,...[FWY]..[LVI],PLRKQWNHVCEQFQENIRKLNKRINDFNLIVPILTRQKV
INDFNLI,0,,...[FWY]..[LVI],PLRKQWNHVCEQFQENIRKLNKRINDFNLIVPILTRQKV
KRMFPVF,0,,...[FWY]..[WFY],PLRKRCGPCKRMFPVFHAMSVKYQNVFFANVDVNNSPEL
SVKYQNV,0,,...[FWY]..[LVI],PLRKRCGPCKRMFPVFHAMSVKYQNVFFANVDVNNSPEL
NVFFANV,0,,...[FWY]..[LVI],PLRKRCGPCKRMFPVFHAMSVKYQNVFFANVDVNNSPEL
KALYDTF,0,,...[FWY]..[WFY],PLRQRDPSLRKSGVGNVFIKNLDKSIDNKALYDTFSAFG
YDTFSAF,0,,...[FWY]..[WFY],PLRQRDPSLRKSGVGNVFIKNLDKSIDNKALYDTFSAFG
RESFGKI,0,,...[FWY]..[LVI],PLRESFGKIKNVDILMLGPYREVMTDRSFGGFSFGLQTF
LGPYREV,0,,...[FWY]..[LVI],PLRESFGKIKNVDILMLGPYREVMTDRSFGGFSFGLQTF
DRSFGGF,0,,...[FWY]..[WFY],PLRESFGKIKNVDILMLGPYREVMTDRSFGGFSFGLQTF
SKKFVEL,0,,...[FWY]..[LVI],PLRERKMSKKFVELKKAGLLVWNLIVIICRIFEDGNTVE
LLVWNLI,0,,...[FWY]..[LVI],PLRERKMSKKFVELKKAGLLVWNLIVIICRIFEDGNTVE
PFLYEIF,0,,...[FWY]..[WFY],PLRERLTYFLESEPFLYEIFRYLIGKDITNKLYSLNDPT
YEIFRYL,0,,...[FWY]..[LVI],PLRERLTYFLESEPFLYEIFRYLIGKDITNKLYSLNDPT
QKQYDTY,0,,...[FWY]..[WFY],PLRTLQSVRPCFMDEYEKTEEELQKQYDTYLEKFQNLTY
LEKFQNL,0,,...[FWY]..[LVI],PLRTLQSVRPCFMDEYEKTEEELQKQYDTYLEKFQNLTY
VKIFKNF,0,,...[FWY]..[WFY],PLRESNSIVKIFKNFKEKKSFKPDFGAESIYGGFLLGVR
ESIYGGF,0,,...[FWY]..[WFY],PLRESNSIVKIFKNFKEKKSFKPDFGAESIYGGFLLGVR
QGSYVQV,0,,...[FWY]..[LVI],PLRKRQGMTGGPNNGGYDDDQGSYVQVPHDHVAYRYEVL
AYRYEVL,0,,...[FWY]..[LVI],PLRKRQGMTGGPNNGGYDDDQGSYVQVPHDHVAYRYEVL
AEWFCKW,0,,...[FWY]..[WFY],PLRESAEWFCKWLEEASIDFRFGKTYLKGMRYAVFGLGN
GMRYAVF,0,,...[FWY]..[WFY],PLRESAEWFCKWLEEASIDFRFGKTYLKGMRYAVFGLGN
DLAYVPY,0,,...[FWY]..[WFY],PLRKSEDLAYVPYYLDLSDHKYLLEGAPLFNKEEHHYSA
VPYYLDL,0,,...[FWY]..[LVI],PLRKSEDLAYVPYYLDLSDHKYLLEGAPLFNKEEHHYSA
PETYWVL,0,,...[FWY]..[LVI],PLRQSFKPETYWVLQAKVNTDKDRSLLLDWDRVRVFDRE
LLDWDRV,0,,...[FWY]..[LVI],PLRQSFKPETYWVLQAKVNTDKDRSLLLDWDRVRVFDRE
SLSYPRI,0,,...[FWY]..[LVI],PLRESLSYPRIVSSSSLQQYVAQGGSFPCFGMPWNFISD
GGSFPCF,0,,...[FWY]..[WFY],PLRESLSYPRIVSSSSLQQYVAQGGSFPCFGMPWNFISD
GMPWNFI,0,,...[FWY]..[LVI],PLRESLSYPRIVSSSSLQQYVAQGGSFPCFGMPWNFISD
RESFTSL,0,,...[FWY]..[LVI],PLRESFTSLQMSKKGCVWSIISQVIYYLLVCYYAFIQGC
GCVWSII,0,,...[FWY]..[LVI],PLRESFTSLQMSKKGCVWSIISQVIYYLLVCYYAFIQGC
QVIYYLL,0,,...[FWY]..[LVI],PLRESFTSLQMSKKGCVWSIISQVIYYLLVCYYAFIQGC
VIYYLLV,0,,...[FWY]..[LVI],PLRESFTSLQMSKKGCVWSIISQVIYYLLVCYYAFIQGC
LVCYYAF,0,,...[FWY]..[WFY],PLRESFTSLQMSKKGCVWSIISQVIYYLLVCYYAFIQGC
VCYYAFI,0,,...[FWY]..[LVI],PLRESFTSLQMSKKGCVWSIISQVIYYLLVCYYAFIQGC
TCWYWSW,0,,...[FWY]..[WFY],PLRQSILYLAHTCWYWSWLAFPCATRRSCTVLSSQLTSA
CWYWSWL,0,,...[FWY]..[LVI],PLRQSILYLAHTCWYWSWLAFPCATRRSCTVLSSQLTSA
YWSWLAF,0,,...[FWY]..[WFY],PLRQSILYLAHTCWYWSWLAFPCATRRSCTVLSSQLTSA
RKVFQLL,0,,...[FWY]..[LVI],PLRKVFQLLHKNMLFYVFKAEDAHSAQKWIEAFQEGTIL
NMLFYVF,0,,...[FWY]..[WFY],PLRKVFQLLHKNMLFYVFKAEDAHSAQKWIEAFQEGTIL
VLDFQSL,0,,...[FWY]..[LVI],PLRESRFYSNSVLVLDFQSLYPSIVIAYNYCFSTCLGHV
QSLYPSI,0,,...[FWY]..[LVI],PLRESRFYSNSVLVLDFQSLYPSIVIAYNYCFSTCLGHV
AMLWDKV,0,,...[FWY]..[LVI],PLRKSSVINAMLWDKVLPSGIGHITNYFLSVEGTDGDKA
TNYFLSV,0,,...[FWY]..[LVI],PLRKSSVINAMLWDKVLPSGIGHITNYFLSVEGTDGDKA
VHKFDIY,0,,...[FWY]..[WFY],PLRKSVFLTQQKVPTIQQVHKFDIYDQLFPQNSVIIEYK
FDIYDQL,0,,...[FWY]..[LVI],PLRKSVFLTQQKVPTIQQVHKFDIYDQLFPQNSVIIEYK
LHLFIQI,0,,...[FWY]..[LVI],PLRKTEELTSALVHLKLHLFIQIFTLAFFPATIWLFLQL
ATIWLFL,0,,...[FWY]..[LVI],PLRKTEELTSALVHLKLHLFIQIFTLAFFPATIWLFLQL
IWLFLQL,0,,...[FWY]..[LVI],PLRKTEELTSALVHLKLHLFIQIFTLAFFPATIWLFLQL
LNWYLGI,0,,...[FWY]..[LVI],PLRVTEKLDLNWYLGIYSGLTVATVLFGIARSLLVFYVL
LGIYSGL,0,,...[FWY]..[LVI],PLRVTEKLDLNWYLGIYSGLTVATVLFGIARSLLVFYVL
LLVFYVL,0,,...[FWY]..[LVI],PLRVTEKLDLNWYLGIYSGLTVATVLFGIARSLLVFYVL
TNIFILL,0,,...[FWY]..[LVI],PLRKTFFCCSSLLDIREFILKRNPTNIFILLYTDVNLTA
ILLYTDV,0,,...[FWY]..[LVI],PLRKTFFCCSSLLDIREFILKRNPTNIFILLYTDVNLTA
DDGFFPF,0,,...[FWY]..[WFY],PLRKTFKKTLDDGFFPFIILDAINDRVRHFDQFWSAAKT
DGFFPFI,0,,...[FWY]..[LVI],PLRKTFKKTLDDGFFPFIILDAINDRVRHFDQFWSAAKT
FFPFIIL,0,,...[FWY]..[LVI],PLRKTFKKTLDDGFFPFIILDAINDRVRHFDQFWSAAKT
VRHFDQF,0,,...[FWY]..[WFY],PLRKTFKKTLDDGFFPFIILDAINDRVRHFDQFWSAAKT
RKTFNYI,0,,...[FWY]..[LVI],PLRKTFNYIIVHNGLGGLFKTKEVTLQERQNGIKEAESG
TFNYIIV,0,,...[FWY]..[LVI],PLRKTFNYIIVHNGLGGLFKTKEVTLQERQNGIKEAESG
VLKFIPI,0,,...[FWY]..[LVI],PLRFILMGLSVFMTSVLKFIPILFCMVFSFIWVFPH
PILFCMV,0,,...[FWY]..[LVI],PLRFILMGLSVFMTSVLKFIPILFCMVFSFIWVFPH
CMVFSFI,0,,...[FWY]..[LVI],PLRFILMGLSVFMTSVLKFIPILFCMVFSFIWVFPH
VFSFIWV,0,,...[FWY]..[LVI],PLRFILMGLSVFMTSVLKFIPILFCMVFSFIWVFPH
HIDFGHI,0,,...[FWY]..[LVI],PLRGNLFHIDFGHILGNYKSFLGINKERVPFVLTPDFLF
LGNYKSF,0,,...[FWY]..[WFY],PLRGNLFHIDFGHILGNYKSFLGINKERVPFVLTPDFLF
YKSFLGI,0,,...[FWY]..[LVI],PLRGNLFHIDFGHILGNYKSFLGINKERVPFVLTPDFLF
CLPYFSF,0,,...[FWY]..[WFY],PLRQTHYIIPKGECLPYFSFAEVAKRGVEGAYSDNPIIR
YFSFAEV,0,,...[FWY]..[LVI],PLRQTHYIIPKGECLPYFSFAEVAKRGVEGAYSDNPIIR
PCDFSAF,0,,...[FWY]..[WFY],PLRKTVRTCTFKNSNPCDFSAFGVFGCQYFSSGKYYWEV
FSAFGVF,0,,...[FWY]..[WFY],PLRKTVRTCTFKNSNPCDFSAFGVFGCQYFSSGKYYWEV
GKYYWEV,0,,...[FWY]..[LVI],PLRKTVRTCTFKNSNPCDFSAFGVFGCQYFSSGKYYWEV
LNIFQNL,0,,...[FWY]..[LVI],PLRKTLLQDESLNIFQNLNKRQFETVIHLFEVAIIATDL
KRQFETV,0,,...[FWY]..[LVI],PLRKTLLQDESLNIFQNLNKRQFETVIHLFEVAIIATDL
VSVFTFV,0,,...[FWY]..[LVI],PLRVTLSTVSVFTFVAEVKGFVRENVWTYYVSYAVFFIS
ENVWTYY,0,,...[FWY]..[WFY],PLRVTLSTVSVFTFVAEVKGFVRENVWTYYVSYAVFFIS
WTYYVSY,0,,...[FWY]..[WFY],PLRVTLSTVSVFTFVAEVKGFVRENVWTYYVSYAVFFIS
YVSYAVF,0,,...[FWY]..[WFY],PLRVTLSTVSVFTFVAEVKGFVRENVWTYYVSYAVFFIS
QGNFPYL,0,,...[FWY]..[LVI],PLREVAEVIALPVEQGNFPYLQWVRQVTESVSDSITVLP
NFPYLQW,0,,...[FWY]..[WFY],PLREVAEVIALPVEQGNFPYLQWVRQVTESVSDSITVLP
EVIYCSF,0,,...[FWY]..[WFY],PLRKVAEVIYCSFGGTSKGLHFNNLIVGLVLLTRGKDEE
GLHFNNL,0,,...[FWY]..[LVI],PLRKVAEVIYCSFGGTSKGLHFNNLIVGLVLLTRGKDEE
RRHYYLL,0,,...[FWY]..[LVI],PLREVELIPTLEWLSERRHYYLLRQFKIFSDFRMNKAFV
LRQFKIF,0,,...[FWY]..[WFY],PLREVELIPTLEWLSERRHYYLLRQFKIFSDFRMNKAFV
FKIFSDF,0,,...[FWY]..[WFY],PLREVELIPTLEWLSERRHYYLLRQFKIFSDFRMNKAFV
NANYRNV,0,,...[FWY]..[LVI],PLREVATNANYRNVIHTYNMLPDAMSFELAKNMMQIQSD
IHTYNML,0,,...[FWY]..[LVI],PLREVATNANYRNVIHTYNMLPDAMSFELAKNMMQIQSD
TNGFGSL,0,,...[FWY]..[LVI],PLRQVEREDAGVYVCKATNGFGSLSVNYTLVVLDDISPG
SVNYTLV,0,,...[FWY]..[LVI],PLRQVEREDAGVYVCKATNGFGSLSVNYTLVVLDDISPG
SVGYEIF,0,,...[FWY]..[WFY],PLRMAEGNTLISVGYEIFGKVQGVFFRKHTQEMTVENRI
YEIFGKV,0,,...[FWY]..[LVI],PLRMAEGNTLISVGYEIFGKVQGVFFRKHTQEMTVENRI
REVFLFL,0,,...[FWY]..[LVI],PLREVFLFLWFIAPIYACVCRIFKIQVRNTVKNSSTASL
VFLFLWF,0,,...[FWY]..[WFY],PLREVFLFLWFIAPIYACVCRIFKIQVRNTVKNSSTASL
APIYACV,0,,...[FWY]..[LVI],PLREVFLFLWFIAPIYACVCRIFKIQVRNTVKNSSTASL
HLNFQDY,0,,...[FWY]..[WFY],PLRQVHEHLNFQDYDNMDFEDQNTEEFLLNDTFNFLFPN
NDTFNFL,0,,...[FWY]..[LVI],PLRQVHEHLNFQDYDNMDFEDQNTEEFLLNDTFNFLFPN
QGAYEII,0,,...[FWY]..[LVI],PLRQVIQGAYEIIKLKGYTSWAIGLSVMDLVGSILKNLR
LKGYTSW,0,,...[FWY]..[WFY],PLRQVIQGAYEIIKLKGYTSWAIGLSVMDLVGSILKNLR
PGGYGPI,0,,...[FWY]..[LVI],PLRKVKQDMPPPGGYGPIDYKRNLPRRGLSGYSMLAIGI
LSGYSML,0,,...[FWY]..[LVI],PLRKVKQDMPPPGGYGPIDYKRNLPRRGLSGYSMLAIGI
CYNYTGI,0,,...[FWY]..[LVI],PLRQVTFDVAWSPKNIDRRCYNYTGIADACDFLFVMSYD
ACDFLFV,0,,...[FWY]..[LVI],PLRQVTFDVAWSPKNIDRRCYNYTGIADACDFLFVMSYD
AQSFENL,0,,...[FWY]..[LVI],PLRQWAQSFENLMATKYGPVVYAAYLKMEHSDENIQFWM
ATKYGPV,0,,...[FWY]..[LVI],PLRQWAQSFENLMATKYGPVVYAAYLKMEHSDENIQFWM
PVVYAAY,0,,...[FWY]..[WFY],PLRQWAQSFENLMATKYGPVVYAAYLKMEHSDENIQFWM
RQKFVRF,0,,...[FWY]..[WFY],PLRQWDEGRQKFVRFQELAVQAPRAFCYMPAGDAQLLLA
FVRFQEL,0,,...[FWY]..[LVI],PLRQWDEGRQKFVRFQELAVQAPRAFCYMPAGDAQLLLA
LRQWLQI,0,,...[FWY]..[LVI],PLRQWLQIDLNKEKKITGIITTGSTMVEHNYYVSAYRIL
VSAYRIL,0,,...[FWY]..[LVI],PLRQWLQIDLNKEKKITGIITTGSTMVEHNYYVSAYRIL
LRQWNIV,0,,...[FWY]..[LVI],PLRQWNIVGEFSNLPQEELIEWIKYSTKPDAVFAGAMPT
VGEFSNL,0,,...[FWY]..[LVI],PLRQWNIVGEFSNLPQEELIEWIKYSTKPDAVFAGAMPT
LIEWIKY,0,,...[FWY]..[WFY],PLRQWNIVGEFSNLPQEELIEWIKYSTKPDAVFAGAMPT
LRKWVAW,0,,...[FWY]..[WFY],PLRKWVAWRLLGKAGVLLLLRDSLEVNIPQDANVVFKRA
WVAWRLL,0,,...[FWY]..[LVI],PLRKWVAWRLLGKAGVLLLLRDSLEVNIPQDANVVFKRA
LDEYVRV,0,,...[FWY]..[LVI],PLRHLDEYVRVWAEYDPAACGRIHYKDMYSLLRVISPPL
VRVWAEY,0,,...[FWY]..[WFY],PLRHLDEYVRVWAEYDPAACGRIHYKDMYSLLRVISPPL
KDMYSLL,0,,...[FWY]..[LVI],PLRHLDEYVRVWAEYDPAACGRIHYKDMYSLLRVISPPL
LRKYMAI,0,,...[FWY]..[LVI],PLRKYMAINQKKAYILVTPLKSRKVIEQRCMRYNLSAGT
KKAYILV,0,,...[FWY]..[LVI],PLRKYMAINQKKAYILVTPLKSRKVIEQRCMRYNLSAGT
LRKYWLI,0,,...[FWY]..[LVI],PLRKYWLISEEEKTQKNQCWKSLFIDTYSE
NQCWKSL,0,,...[FWY]..[LVI],PLRKYWLISEEEKTQKNQCWKSLFIDTYSE
ELAFYKI,0,,...[FWY]..[LVI],PLRQYELEQELAFYKIDAKFEPLNYYPSEYAEIDKAPDE
DAKFEPL,0,,...[FWY]..[LVI],PLRQYELEQELAFYKIDAKFEPLNYYPSEYAEIDKAPDE
PSEYAEI,0,,...[FWY]..[LVI],PLRQYELEQELAFYKIDAKFEPLNYYPSEYAEIDKAPDE
LRQYFPL,0,,...[FWY]..[LVI],PLRQYFPLAQIHFVSGERLITDPAGEMGRVQDFLGIKRF
VQDFLGI,0,,...[FWY]..[LVI],PLRQYFPLAQIHFVSGERLITDPAGEMGRVQDFLGIKRF
LRQYITL,0,,...[FWY]..[LVI],PLRQYITLMRRIFLIDCPGWFTRLRTPRQTLC
PGWFTRL,0,,...[FWY]..[LVI],PLRQYITLMRRIFLIDCPGWFTRLRTPRQTLC
LRIYVCL,0,,...[FWY]..[LVI],PLRPFDLRIYVCLNEYEVKVNGEYIYAFVHRIPPSYVKM
EYIYAFV,0,,...[FWY]..[LVI],PLRPFDLRIYVCLNEYEVKVNGEYIYAFVHRIPPSYVKM
EYLFTNF,0,,...[FWY]..[WFY],PLREYLFTNFYWICIFFLLKISEMTQWTPPPQNHLGNKN
FTNFYWI,0,,...[FWY]..[LVI],PLREYLFTNFYWICIFFLLKISEMTQWTPPPQNHLGNKN
NFYWICI,0,,...[FWY]..[LVI],PLREYLFTNFYWICIFFLLKISEMTQWTPPPQNHLGNKN
ICIFFLL,0,,...[FWY]..[LVI],PLREYLFTNFYWICIFFLLKISEMTQWTPPPQNHLGNKN
EMLYYKV,0,,...[FWY]..[LVI],PLRFAEMLYYKVLESVIEQEQKRLGDMDLSGILEQDAFH
MLYYKVL,0,,...[FWY]..[LVI],PLRFAEMLYYKVLESVIEQEQKRLGDMDLSGILEQDAFH
IHPWRTF,0,,...[FWY]..[WFY],PLRIAFMFQLQGIHPWRTFQRWIRRNQEKFSSISLSELI
WRTFQRW,0,,...[FWY]..[WFY],PLRIAFMFQLQGIHPWRTFQRWIRRNQEKFSSISLSELI
QEKFSSI,0,,...[FWY]..[LVI],PLRIAFMFQLQGIHPWRTFQRWIRRNQEKFSSISLSELI
LSIYWII,0,,...[FWY]..[LVI],PLRIAFMVNLSIYWIIGNTSPVTYNMFGHFKFCITLFGG
PVTYNMF,0,,...[FWY]..[WFY],PLRIAFMVNLSIYWIIGNTSPVTYNMFGHFKFCITLFGG
YNMFGHF,0,,...[FWY]..[WFY],PLRIAFMVNLSIYWIIGNTSPVTYNMFGHFKFCITLFGG
RFAFTPI,0,,...[FWY]..[LVI],PLRFAFTPIYSPICLHGFQFKTFLLVWLQVLALQFVIG
TPIYSPI,0,,...[FWY]..[LVI],PLRFAFTPIYSPICLHGFQFKTFLLVWLQVLALQFVIG
GFQFKTF,0,,...[FWY]..[WFY],PLRFAFTPIYSPICLHGFQFKTFLLVWLQVLALQFVIG
FKTFLLV,0,,...[FWY]..[LVI],PLRFAFTPIYSPICLHGFQFKTFLLVWLQVLALQFVIG
LLVWLQV,0,,...[FWY]..[LVI],PLRFAFTPIYSPICLHGFQFKTFLLVWLQVLALQFVIG
PLRFAGL,0,,...[FWY]..[LVI],PLRFAGLHIEILDENNQSPYFTMPSYQGYILESAPVGAT
MPSYQGY,0,,...[FWY]..[WFY],PLRFAGLHIEILDENNQSPYFTMPSYQGYILESAPVGAT
PLRFEHI,0,,...[FWY]..[LVI],PLRFEHIEEQAEGIFGGSEENTPLDLDDHGGRTFLRVLL
GRTFLRV,0,,...[FWY]..[LVI],PLRFEHIEEQAEGIFGGSEENTPLDLDDHGGRTFLRVLL
VTQFSSV,0,,...[FWY]..[LVI],PLRFEHIVTQFSSVSVSVVSDSYDIYNACEKIWGEDLRH
SDSYDIY,0,,...[FWY]..[WFY],PLRFEHIVTQFSSVSVSVVSDSYDIYNACEKIWGEDLRH
TASYTDV,0,,...[FWY]..[LVI],PLRWGRTASYTDVWEKWYIPDPTGKFNLIRRYTEISNIK
TDVWEKW,0,,...[FWY]..[WFY],PLRWGRTASYTDVWEKWYIPDPTGKFNLIRRYTEISNIK
TGKFNLI,0,,...[FWY]..[LVI],PLRWGRTASYTDVWEKWYIPDPTGKFNLIRRYTEISNIK
IRRYTEI,0,,...[FWY]..[LVI],PLRWGRTASYTDVWEKWYIPDPTGKFNLIRRYTEISNIK
PYRYSGV,0,,...[FWY]..[LVI],PLRFALDVEPYRYSGVNMTGFRILNTENTQVSSIIEKWS
MTGFRIL,0,,...[FWY]..[LVI],PLRFALDVEPYRYSGVNMTGFRILNTENTQVSSIIEKWS
HSHFYVI,0,,...[FWY]..[LVI],PLRIALKEAGLNIFPTRHSHFYVIINNKVPLVEVKAYRQ
SHFYVII,0,,...[FWY]..[LVI],PLRIALKEAGLNIFPTRHSHFYVIINNKVPLVEVKAYRQ
SNKYIAL,0,,...[FWY]..[LVI],PLRLALSNPTHLESQDNSRRPLCNKRSNKYIALHVYLML
LHVYLML,0,,...[FWY]..[LVI],PLRLALSNPTHLESQDNSRRPLCNKRSNKYIALHVYLML
PLRFANL,0,,...[FWY]..[LVI],PLRFANLNNLGFNELAGKASFAHSFVSGCVAGSIAAVAV
NLGFNEL,0,,...[FWY]..[LVI],PLRFANLNNLGFNELAGKASFAHSFVSGCVAGSIAAVAV
PLRFDNV,0,,...[FWY]..[LVI],PLRFDNVRALRAREGTRHFTLQIPNLFLKIMFKTYGKNK
PNLFLKI,0,,...[FWY]..[LVI],PLRFDNVRALRAREGTRHFTLQIPNLFLKIMFKTYGKNK
KIMFKTY,0,,...[FWY]..[WFY],PLRFDNVRALRAREGTRHFTLQIPNLFLKIMFKTYGKNK
PLRFERF,0,,...[FWY]..[WFY],PLRFERFHALIQKRSFRSLPELKDAVLDQYSMWGNKFGV
FERFHAL,0,,...[FWY]..[LVI],PLRFERFHALIQKRSFRSLPELKDAVLDQYSMWGNKFGV
KRSFRSL,0,,...[FWY]..[LVI],PLRFERFHALIQKRSFRSLPELKDAVLDQYSMWGNKFGV
LDQYSMW,0,,...[FWY]..[WFY],PLRFERFHALIQKRSFRSLPELKDAVLDQYSMWGNKFGV
PLRFDRY,0,,...[FWY]..[WFY],PLRFDRYYKCKASLDFFHPVSELQQTSVSDCMDAHAPP
LDFFHPV,0,,...[FWY]..[LVI],PLRFDRYYKCKASLDFFHPVSELQQTSVSDCMDAHAPP
NRYYFTV,0,,...[FWY]..[LVI],PLRLASNRYYFTVQSKDIFGRYSPFCDIKSIPGFSENLT
KDIFGRY,0,,...[FWY]..[WFY],PLRLASNRYYFTVQSKDIFGRYSPFCDIKSIPGFSENLT
FGRYSPF,0,,...[FWY]..[WFY],PLRLASNRYYFTVQSKDIFGRYSPFCDIKSIPGFSENLT
YSPFCDI,0,,...[FWY]..[LVI],PLRLASNRYYFTVQSKDIFGRYSPFCDIKSIPGFSENLT
RDFFSSL,0,,...[FWY]..[LVI],PLRFASSRDFFSSLQPLFAEAVDSIFSYSALLWAWCTVN
IFSYSAL,0,,...[FWY]..[LVI],PLRFASSRDFFSSLQPLFAEAVDSIFSYSALLWAWCTVN
LWAWCTV,0,,...[FWY]..[LVI],PLRFASSRDFFSSLQPLFAEAVDSIFSYSALLWAWCTVN
NEAFDQL,0,,...[FWY]..[LVI],PLRLNEAFDQLRRKVPTFAYEKHLSRIETLRLAIVYISF
AIVYISF,0,,...[FWY]..[WFY],PLRLNEAFDQLRRKVPTFAYEKHLSRIETLRLAIVYISF
NNIFSVL,0,,...[FWY]..[LVI],PLRFCAQINNIFSVLDKVCENKTTVVSLKNTTESFVPVL
TESFVPV,0,,...[FWY]..[LVI],PLRFCAQINNIFSVLDKVCENKTTVVSLKNTTESFVPVL
APRYFGF,0,,...[FWY]..[WFY],PLRFCLGGVFINGLDIAPRYFGFIKVCSTLTGMIGGLIA
PRYFGFI,0,,...[FWY]..[LVI],PLRFCLGGVFINGLDIAPRYFGFIKVCSTLTGMIGGLIA
YFGFIKV,0,,...[FWY]..[LVI],PLRFCLGGVFINGLDIAPRYFGFIKVCSTLTGMIGGLIA
GALFKPW,0,,...[FWY]..[WFY],PLRICIRKRTSQPVPGSARTRGALFKPWVRSLVSKYEVF
VSKYEVF,0,,...[FWY]..[WFY],PLRICIRKRTSQPVPGSARTRGALFKPWVRSLVSKYEVF
PLRFCIY,0,,...[FWY]..[WFY],PLRFCIYNRNPNACSYGVAVGVLAFLTCLLYLALDVYFP
CLLYLAL,0,,...[FWY]..[LVI],PLRFCIYNRNPNACSYGVAVGVLAFLTCLLYLALDVYFP
PLRYCMY,0,,...[FWY]..[WFY],PLRYCMYHFDLGYVQGMSDLLSPILYVIQNEVDAFWCFC
VDAFWCF,0,,...[FWY]..[WFY],PLRYCMYHFDLGYVQGMSDLLSPILYVIQNEVDAFWCFC
CARYGSF,0,,...[FWY]..[WFY],PLRICSVKMEVSKCARYGSFPIFISALLFGNFWTHPITD
YGSFPIF,0,,...[FWY]..[WFY],PLRICSVKMEVSKCARYGSFPIFISALLFGNFWTHPITD
ALLFGNF,0,,...[FWY]..[WFY],PLRICSVKMEVSKCARYGSFPIFISALLFGNFWTHPITD
PLRFYTF,0,,...[FWY]..[WFY],PLRFYTFLQPYMAQFAKETFLSADERILVIRKDLGNIIH
LRFYTFL,0,,...[FWY]..[LVI],PLRFYTFLQPYMAQFAKETFLSADERILVIRKDLGNIIH
PLRYSGL,0,,...[FWY]..[LVI],PLRYSGLFCVVINPYKNLPIYSENIIEMYRGKKRHEMPP
SGLFCVV,0,,...[FWY]..[LVI],PLRYSGLFCVVINPYKNLPIYSENIIEMYRGKKRHEMPP
INPYKNL,0,,...[FWY]..[LVI],PLRYSGLFCVVINPYKNLPIYSENIIEMYRGKKRHEMPP
GLDYQVV,0,,...[FWY]..[LVI],PLRLDDLELFPNGLDYQVVQKYLFQIINGIGFCHSHNII
KYLFQII,0,,...[FWY]..[LVI],PLRLDDLELFPNGLDYQVVQKYLFQIINGIGFCHSHNII
ICKYQKL,0,,...[FWY]..[LVI],PLRIDEICKYQKLIEEIQYTSLRLFV
EIQYTSL,0,,...[FWY]..[LVI],PLRIDEICKYQKLIEEIQYTSLRLFV
LKYFCEL,0,,...[FWY]..[LVI],PLRIGTFDLKYFCELRPGLIGWVVINLVMLLAEMRIQG
LIGWVVI,0,,...[FWY]..[LVI],PLRIGTFDLKYFCELRPGLIGWVVINLVMLLAEMRIQG
RIDFRIF,0,,...[FWY]..[WFY],PLRIDFRIFHSQSEIEVSVSARNIRRLLSFQRYLRSSRF
LLSFQRY,0,,...[FWY]..[WFY],PLRIDFRIFHSQSEIEVSVSARNIRRLLSFQRYLRSSRF
PLRFDGL,0,,...[FWY]..[LVI],PLRFDGLPLQDVWRIYSGILNLSDITKDTPFSQIKEIII
QDVWRIY,0,,...[FWY]..[WFY],PLRFDGLPLQDVWRIYSGILNLSDITKDTPFSQIKEIII
WRIYSGI,0,,...[FWY]..[LVI],PLRFDGLPLQDVWRIYSGILNLSDITKDTPFSQIKEIII
DTPFSQI,0,,...[FWY]..[LVI],PLRFDGLPLQDVWRIYSGILNLSDITKDTPFSQIKEIII
RQKFDMI,0,,...[FWY]..[LVI],PLRQKFDMIKDQFLKSWHRLKNKRDLNSILPVRAAVLKR
LKSWHRL,0,,...[FWY]..[LVI],PLRQKFDMIKDQFLKSWHRLKNKRDLNSILPVRAAVLKR
EVDFQEY,0,,...[FWY]..[WFY],PLRRDNEVDFQEYCVFLSCIAMMCNEFFEGFPDKQPRKK
FQEYCVF,0,,...[FWY]..[WFY],PLRRDNEVDFQEYCVFLSCIAMMCNEFFEGFPDKQPRKK
NEFFEGF,0,,...[FWY]..[WFY],PLRRDNEVDFQEYCVFLSCIAMMCNEFFEGFPDKQPRKK
LSLWDIY,0,,...[FWY]..[WFY],PLRIDNLLFVLDTDNVLSLWDIYTLTPVWNWPSLHVEEF
VWNWPSL,0,,...[FWY]..[LVI],PLRIDNLLFVLDTDNVLSLWDIYTLTPVWNWPSLHVEEF
PLRFDQV,0,,...[FWY]..[LVI],PLRFDQVTENTTGKAATYHVDRSGNVHHQFQKLLTEFNK
HHQFQKL,0,,...[FWY]..[LVI],PLRFDQVTENTTGKAATYHVDRSGNVHHQFQKLLTEFNK
MLHFCRI,0,,...[FWY]..[LVI],PLRIDQYMLHFCRIWQTRLPNYINNMILVKLFGCYGRF
VKLFGCY,0,,...[FWY]..[WFY],PLRIDQYMLHFCRIWQTRLPNYINNMILVKLFGCYGRF
FGCYGRF,0,,...[FWY]..[WFY],PLRIDQYMLHFCRIWQTRLPNYINNMILVKLFGCYGRF
PLRFDSF,0,,...[FWY]..[WFY],PLRFDSFSQVTESPVGREEEPHLHMVSKKYRKVTIKYSK
FDSFSQV,0,,...[FWY]..[LVI],PLRFDSFSQVTESPVGREEEPHLHMVSKKYRKVTIKYSK
SKKYRKV,0,,...[FWY]..[LVI],PLRFDSFSQVTESPVGREEEPHLHMVSKKYRKVTIKYSK
SEYFLAF,0,,...[FWY]..[WFY],PLRFVSGFPRGVDSAQLSEYFLAFGPVASVVMDKDKGVF
FLAFGPV,0,,...[FWY]..[LVI],PLRFVSGFPRGVDSAQLSEYFLAFGPVASVVMDKDKGVF
MFGWGDF,0,,...[FWY]..[WFY],PLRKMFGWGDFHSNIKTVKLNLLITGKIVDHGNGTFSVY
NGTFSVY,0,,...[FWY]..[WFY],PLRKMFGWGDFHSNIKTVKLNLLITGKIVDHGNGTFSVY
RFDWTDY,0,,...[FWY]..[WFY],PLRFDWTDYEDLKLMVGRLQRRKRNTAVNSPVMVTKHH
WTDYEDL,0,,...[FWY]..[LVI],PLRFDWTDYEDLKLMVGRLQRRKRNTAVNSPVMVTKHH
NGMYADL,0,,...[FWY]..[LVI],PLRIEASFNGMYADLLQLVKVPISLSIDRLEFDLLYPAI
RLEFDLL,0,,...[FWY]..[LVI],PLRIEASFNGMYADLLQLVKVPISLSIDRLEFDLLYPAI
DLLYPAI,0,,...[FWY]..[LVI],PLRIEASFNGMYADLLQLVKVPISLSIDRLEFDLLYPAI
PLRYVPW,0,,...[FWY]..[WFY],PLRYVPWVTVNGKPLEDQTQLLTLVCQLYQGKKPDVCPS
YVPWVTV,0,,...[FWY]..[LVI],PLRYVPWVTVNGKPLEDQTQLLTLVCQLYQGKKPDVCPS
QDKYQSF,0,,...[FWY]..[WFY],PLRFKEMKVWIEQFERDLTRAQMVESNLQDKYQSFKHFR
YQSFKHF,0,,...[FWY]..[WFY],PLRFKEMKVWIEQFERDLTRAQMVESNLQDKYQSFKHFR
PLRFEEV,0,,...[FWY]..[LVI],PLRFEEVSKINSVLKDLSDTNDGQAPLLKLKVFFNIELK
LKVFFNI,0,,...[FWY]..[LVI],PLRFEEVSKINSVLKDLSDTNDGQAPLLKLKVFFNIELK
PLRYINV,0,,...[FWY]..[LVI],PLRYINVWYDPSEAEAPPPKIPDKQLDEREHTIEEWKEL
IEEWKEL,0,,...[FWY]..[LVI],PLRYINVWYDPSEAEAPPPKIPDKQLDEREHTIEEWKEL
PTSFKYV,0,,...[FWY]..[LVI],PLRIEHCSPTSFKYVEYFRWPMLLNMRDNNPEVRQAAAY
SFKYVEY,0,,...[FWY]..[WFY],PLRIEHCSPTSFKYVEYFRWPMLLNMRDNNPEVRQAAAY
YVEYFRW,0,,...[FWY]..[WFY],PLRIEHCSPTSFKYVEYFRWPMLLNMRDNNPEVRQAAAY
YFRWPML,0,,...[FWY]..[LVI],PLRIEHCSPTSFKYVEYFRWPMLLNMRDNNPEVRQAAAY
ICGYGCW,0,,...[FWY]..[WFY],PLRIEIAKNRGARYRLGPELEICGYGCWDHYYESDTLLH
YGCWDHY,0,,...[FWY]..[WFY],PLRIEIAKNRGARYRLGPELEICGYGCWDHYYESDTLLH
PLRFENI,0,,...[FWY]..[LVI],PLRFENILINLINNLAGNSQEAAWNLNDTDLQIMNFINL
IMNFINL,0,,...[FWY]..[LVI],PLRFENILINLINNLAGNSQEAAWNLNDTDLQIMNFINL
PLRFGKI,0,,...[FWY]..[LVI],PLRFGKITNDFYPEEDGKTKGYIFLEYASPAHAVDAVKN
TKGYIFL,0,,...[FWY]..[LVI],PLRFGKITNDFYPEEDGKTKGYIFLEYASPAHAVDAVKN
GYIFLEY,0,,...[FWY]..[WFY],PLRFGKITNDFYPEEDGKTKGYIFLEYASPAHAVDAVKN
IYGFETF,0,,...[FWY]..[WFY],PLRLDIYGFETFEINSFEQFCINHANEKLQQQFNMHVFK
INSFEQF,0,,...[FWY]..[WFY],PLRLDIYGFETFEINSFEQFCINHANEKLQQQFNMHVFK
GRLWSNF,0,,...[FWY]..[WFY],PLRLMTRHGRLWSNFWGALSADGYYARSEDYVDIVQGRR
SNFWGAL,0,,...[FWY]..[LVI],PLRLMTRHGRLWSNFWGALSADGYYARSEDYVDIVQGRR
SEDYVDI,0,,...[FWY]..[LVI],PLRLMTRHGRLWSNFWGALSADGYYARSEDYVDIVQGRR
ILDFSAV,0,,...[FWY]..[LVI],PLRIEVPKISLHSLILDFSAVSFLDVSSVRGLKSILQEF
AVSFLDV,0,,...[FWY]..[LVI],PLRIEVPKISLHSLILDFSAVSFLDVSSVRGLKSILQEF
PLRFFDI,0,,...[FWY]..[LVI],PLRFFDIAVDGGPLDRVSLELFADKFPKTAGNFHALSTG
AGNFHAL,0,,...[FWY]..[LVI],PLRFFDIAVDGGPLDRVSLELFADKFPKTAGNFHALSTG
LRNFSFL,0,,...[FWY]..[LVI],PLRFLRNFSFLEISFTTVCIPRFLGAIITRNKTISYNNC
NFSFLEI,0,,...[FWY]..[LVI],PLRFLRNFSFLEISFTTVCIPRFLGAIITRNKTISYNNC
EISFTTV,0,,...[FWY]..[LVI],PLRFLRNFSFLEISFTTVCIPRFLGAIITRNKTISYNNC
PLRFLMV,0,,...[FWY]..[LVI],PLRFLMVAEPGAAVCAARRLFLGLGTTLSYSALLTKTNR
RRLFLGL,0,,...[FWY]..[LVI],PLRFLMVAEPGAAVCAARRLFLGLGTTLSYSALLTKTNR
TLSYSAL,0,,...[FWY]..[LVI],PLRFLMVAEPGAAVCAARRLFLGLGTTLSYSALLTKTNR
PLRFIPV,0,,...[FWY]..[LVI],PLRFIPVFYRLHLTSAYEYLELRFNKTVRVCGTVTFIFQ
IPVFYRL,0,,...[FWY]..[LVI],PLRFIPVFYRLHLTSAYEYLELRFNKTVRVCGTVTFIFQ
TSAYEYL,0,,...[FWY]..[LVI],PLRFIPVFYRLHLTSAYEYLELRFNKTVRVCGTVTFIFQ
AYEYLEL,0,,...[FWY]..[LVI],PLRFIPVFYRLHLTSAYEYLELRFNKTVRVCGTVTFIFQ
RGAFSNV,0,,...[FWY]..[LVI],PLRFFRGAFSNVFAVQGVLWCWYYIIKLKSSFILILWS
GVLWCWY,0,,...[FWY]..[WFY],PLRFFRGAFSNVFAVQGVLWCWYYIIKLKSSFILILWS
LWCWYYI,0,,...[FWY]..[LVI],PLRFFRGAFSNVFAVQGVLWCWYYIIKLKSSFILILWS
WCWYYII,0,,...[FWY]..[LVI],PLRFFRGAFSNVFAVQGVLWCWYYIIKLKSSFILILWS
KSSFILI,0,,...[FWY]..[LVI],PLRFFRGAFSNVFAVQGVLWCWYYIIKLKSSFILILWS
LRFFSGV,0,,...[FWY]..[LVI],PLRFFSGVGSFVGSGLLALVSIKAIGWMSSHTDFGNING
HTDFGNI,0,,...[FWY]..[LVI],PLRFFSGVGSFVGSGLLALVSIKAIGWMSSHTDFGNING
LRFFEDI,0,,...[FWY]..[LVI],PLRFFEDIRLPASALLGEENKGFYYIMKELPQERLLIAD
NKGFYYI,0,,...[FWY]..[LVI],PLRFFEDIRLPASALLGEENKGFYYIMKELPQERLLIAD
PLRFFFI,0,,...[FWY]..[LVI],PLRFFFIVVIFLGSFYLINLTLAVVTMAYEEQNKNVAAE
LRFFFIV,0,,...[FWY]..[LVI],PLRFFFIVVIFLGSFYLINLTLAVVTMAYEEQNKNVAAE
RFFFIVV,0,,...[FWY]..[LVI],PLRFFFIVVIFLGSFYLINLTLAVVTMAYEEQNKNVAAE
LGSFYLI,0,,...[FWY]..[LVI],PLRFFFIVVIFLGSFYLINLTLAVVTMAYEEQNKNVAAE
TGWYNRL,0,,...[FWY]..[LVI],PLRFHTTSRLAFYSSTGWYNRLYINFTLRRHIFFFLLQT
NRLYINF,0,,...[FWY]..[WFY],PLRFHTTSRLAFYSSTGWYNRLYINFTLRRHIFFFLLQT
RHIFFFL,0,,...[FWY]..[LVI],PLRFHTTSRLAFYSSTGWYNRLYINFTLRRHIFFFLLQT
HIFFFLL,0,,...[FWY]..[LVI],PLRFHTTSRLAFYSSTGWYNRLYINFTLRRHIFFFLLQT
PLRFFFV,0,,...[FWY]..[LVI],PLRFFFVQMWSVWDANAPKEASAFIIVMLLASLNSCCNP
VQMWSVW,0,,...[FWY]..[WFY],PLRFFFVQMWSVWDANAPKEASAFIIVMLLASLNSCCNP
ASAFIIV,0,,...[FWY]..[LVI],PLRFFFVQMWSVWDANAPKEASAFIIVMLLASLNSCCNP
ANYFSEL,0,,...[FWY]..[LVI],PLRFVHHYIVANYFSELFHLLSSGNCKTRNLVLELLLNM
SELFHLL,0,,...[FWY]..[LVI],PLRFVHHYIVANYFSELFHLLSSGNCKTRNLVLELLLNM
PLRFLII,0,,...[FWY]..[LVI],PLRFLIILVPFLLILLSYIRVLFAILKMPSTTGRQKAFS
LVPFLLI,0,,...[FWY]..[LVI],PLRFLIILVPFLLILLSYIRVLFAILKMPSTTGRQKAFS
LLSYIRV,0,,...[FWY]..[LVI],PLRFLIILVPFLLILLSYIRVLFAILKMPSTTGRQKAFS
RVLFAIL,0,,...[FWY]..[LVI],PLRFLIILVPFLLILLSYIRVLFAILKMPSTTGRQKAFS
IQVFTIV,0,,...[FWY]..[LVI],PLRVFILSGSIQVFTIVTVLNSYTFALFTILKKKSVRGV
SYTFALF,0,,...[FWY]..[WFY],PLRVFILSGSIQVFTIVTVLNSYTFALFTILKKKSVRGV
FALFTIL,0,,...[FWY]..[LVI],PLRVFILSGSIQVFTIVTVLNSYTFALFTILKKKSVRGV
PLRFFLV,0,,...[FWY]..[LVI],PLRFFLVSHKITKKLFLRIQGFLGFWKSFLYTKQSLKGL
KKLFLRI,0,,...[FWY]..[LVI],PLRFFLVSHKITKKLFLRIQGFLGFWKSFLYTKQSLKGL
IQGFLGF,0,,...[FWY]..[WFY],PLRFFLVSHKITKKLFLRIQGFLGFWKSFLYTKQSLKGL
LGFWKSF,0,,...[FWY]..[WFY],PLRFFLVSHKITKKLFLRIQGFLGFWKSFLYTKQSLKGL
LRLFKAL,0,,...[FWY]..[LVI],PLRLFKALKNFPHYQQLQKNCLLSLTNSRILVDVPFDRF
LKNFPHY,0,,...[FWY]..[WFY],PLRLFKALKNFPHYQQLQKNCLLSLTNSRILVDVPFDRF
FPHYQQL,0,,...[FWY]..[LVI],PLRLFKALKNFPHYQQLQKNCLLSLTNSRILVDVPFDRF
DVPFDRF,0,,...[FWY]..[WFY],PLRLFKALKNFPHYQQLQKNCLLSLTNSRILVDVPFDRF
LRIFKLL,0,,...[FWY]..[LVI],PLRIFKLLDIENKGYLNVFSLNYFFRAIQELMKIHGQDP
NKGYLNV,0,,...[FWY]..[LVI],PLRIFKLLDIENKGYLNVFSLNYFFRAIQELMKIHGQDP
NYFFRAI,0,,...[FWY]..[LVI],PLRIFKLLDIENKGYLNVFSLNYFFRAIQELMKIHGQDP
LRLFLFI,0,,...[FWY]..[LVI],PLRLFLFIVVFALLGMQLFGGRFNFNDGTPSANFDTFPA
LFLFIVV,0,,...[FWY]..[LVI],PLRLFLFIVVFALLGMQLFGGRFNFNDGTPSANFDTFPA
IVVFALL,0,,...[FWY]..[LVI],PLRLFLFIVVFALLGMQLFGGRFNFNDGTPSANFDTFPA
SANFDTF,0,,...[FWY]..[WFY],PLRLFLFIVVFALLGMQLFGGRFNFNDGTPSANFDTFPA
IGEFEFI,0,,...[FWY]..[LVI],PLRIGEFEFIRFDNPGFTALAHPSSLTIGTTHGVFVLDP
EFEFIRF,0,,...[FWY]..[WFY],PLRIGEFEFIRFDNPGFTALAHPSSLTIGTTHGVFVLDP
NPGFTAL,0,,...[FWY]..[LVI],PLRIGEFEFIRFDNPGFTALAHPSSLTIGTTHGVFVLDP
PLRFGFF,0,,...[FWY]..[WFY],PLRFGFFIWFFGRFLKNEPRMENQDKTYTRMKRKSPSEH
RFGFFIW,0,,...[FWY]..[WFY],PLRFGFFIWFFGRFLKNEPRMENQDKTYTRMKRKSPSEH
FGFFIWF,0,,...[FWY]..[WFY],PLRFGFFIWFFGRFLKNEPRMENQDKTYTRMKRKSPSEH
IWFFGRF,0,,...[FWY]..[WFY],PLRFGFFIWFFGRFLKNEPRMENQDKTYTRMKRKSPSEH
ISLYHGY,0,,...[FWY]..[WFY],PLRIVGIQQGIIEGEFAICISLYHGYELLQQMGMRSLYF
YHGYELL,0,,...[FWY]..[LVI],PLRIVGIQQGIIEGEFAICISLYHGYELLQQMGMRSLYF
ACSYVRF,0,,...[FWY]..[WFY],PLRLGHACSYVRFDIIRRILTKVFGCSIVMVMGITDVDD
YVRFDII,0,,...[FWY]..[LVI],PLRLGHACSYVRFDIIRRILTKVFGCSIVMVMGITDVDD
EMRYISW,0,,...[FWY]..[WFY],PLRLGHALLVGTCTEMRYISWEAIHGRKDDWSGHGNIIR
YISWEAI,0,,...[FWY]..[LVI],PLRLGHALLVGTCTEMRYISWEAIHGRKDDWSGHGNIIR
PLRFGKW,0,,...[FWY]..[WFY],PLRFGKWGTSGLVGRHKFSDVTGKIKLKREFFLPPKGWE
RHKFSDV,0,,...[FWY]..[LVI],PLRFGKWGTSGLVGRHKFSDVTGKIKLKREFFLPPKGWE
GSVWWVI,0,,...[FWY]..[LVI],PLRMILYFFTMAGSVWWVILTITWFLAAVPKWGSEAIEK
SVWWVIL,0,,...[FWY]..[LVI],PLRMILYFFTMAGSVWWVILTITWFLAAVPKWGSEAIEK
EGMFIVF,0,,...[FWY]..[WFY],PLRFGAYLIQAGRMTPEGMFIVFTAIAYGAMAIGKTLVL
FIVFTAI,0,,...[FWY]..[LVI],PLRFGAYLIQAGRMTPEGMFIVFTAIAYGAMAIGKTLVL
DSAWYYF,0,,...[FWY]..[WFY],PLRFVDSAWYYFRYTDPHNPHSPFNTAVADYWMPVDLYI
AWYYFRY,0,,...[FWY]..[WFY],PLRFVDSAWYYFRYTDPHNPHSPFNTAVADYWMPVDLYI
ADYWMPV,0,,...[FWY]..[LVI],PLRFVDSAWYYFRYTDPHNPHSPFNTAVADYWMPVDLYI
PLRFGLL,0,,...[FWY]..[LVI],PLRFGLLEENYPKTLKFMLIVKATKLFPVGYNLMKPFLS
TLKFMLI,0,,...[FWY]..[LVI],PLRFGLLEENYPKTLKFMLIVKATKLFPVGYNLMKPFLS
PLRFGTI,0,,...[FWY]..[LVI],PLRFGTIDSWLIWSLTGGVNGGVHCTDVTNASRTMLFNI
IDSWLIW,0,,...[FWY]..[WFY],PLRFGTIDSWLIWSLTGGVNGGVHCTDVTNASRTMLFNI
DHAYETY,0,,...[FWY]..[WFY],PLRFRTRLVDHAYETYFTNQTYYKVINMDGRLANPDQSL
NQTYYKV,0,,...[FWY]..[LVI],PLRFRTRLVDHAYETYFTNQTYYKVINMDGRLANPDQSL
QTYYKVI,0,,...[FWY]..[LVI],PLRFRTRLVDHAYETYFTNQTYYKVINMDGRLANPDQSL
GVPFVII,0,,...[FWY]..[LVI],PLRIGVPFVIIVANSPFLILGVGVDDMFIMISAWHKTNL
NSPFLIL,0,,...[FWY]..[LVI],PLRIGVPFVIIVANSPFLILGVGVDDMFIMISAWHKTNL
DDMFIMI,0,,...[FWY]..[LVI],PLRIGVPFVIIVANSPFLILGVGVDDMFIMISAWHKTNL
PLRFRDF,0,,...[FWY]..[WFY],PLRFRDFCSTSSFQDSGYNELKSCSFDNIDKEYLGKKEK
DSGYNEL,0,,...[FWY]..[LVI],PLRFRDFCSTSSFQDSGYNELKSCSFDNIDKEYLGKKEK
SCSFDNI,0,,...[FWY]..[LVI],PLRFRDFCSTSSFQDSGYNELKSCSFDNIDKEYLGKKEK
PLRFHEL,0,,...[FWY]..[LVI],PLRFHELTALAIRFQLLIICMSQHSPLKRP
AIRFQLL,0,,...[FWY]..[LVI],PLRFHELTALAIRFQLLIICMSQHSPLKRP
IQLYHRF,0,,...[FWY]..[WFY],PLRRNGTSIIQGALTQLIQLYHRFHRVLSQPQLRALPAR
YHRFHRV,0,,...[FWY]..[LVI],PLRRNGTSIIQGALTQLIQLYHRFHRVLSQPQLRALPAR
IIFYQEF,0,,...[FWY]..[WFY],PLRIIAGIIFYQEFLGAPFLTVFIYLFVCFLSFLGVFLV
GAPFLTV,0,,...[FWY]..[LVI],PLRIIAGIIFYQEFLGAPFLTVFIYLFVCFLSFLGVFLV
LTVFIYL,0,,...[FWY]..[LVI],PLRIIAGIIFYQEFLGAPFLTVFIYLFVCFLSFLGVFLV
VFIYLFV,0,,...[FWY]..[LVI],PLRIIAGIIFYQEFLGAPFLTVFIYLFVCFLSFLGVFLV
IYLFVCF,0,,...[FWY]..[WFY],PLRIIAGIIFYQEFLGAPFLTVFIYLFVCFLSFLGVFLV
FVCFLSF,0,,...[FWY]..[WFY],PLRIIAGIIFYQEFLGAPFLTVFIYLFVCFLSFLGVFLV
FLSFLGV,0,,...[FWY]..[LVI],PLRIIAGIIFYQEFLGAPFLTVFIYLFVCFLSFLGVFLV
IDSYFEI,0,,...[FWY]..[LVI],PLRFIDSYFEILFLFQALLTVVSQVLCFLAIEWYLPLLV
DSYFEIL,0,,...[FWY]..[LVI],PLRFIDSYFEILFLFQALLTVVSQVLCFLAIEWYLPLLV
LFLFQAL,0,,...[FWY]..[LVI],PLRFIDSYFEILFLFQALLTVVSQVLCFLAIEWYLPLLV
VLCFLAI,0,,...[FWY]..[LVI],PLRFIDSYFEILFLFQALLTVVSQVLCFLAIEWYLPLLV
IEWYLPL,0,,...[FWY]..[LVI],PLRFIDSYFEILFLFQALLTVVSQVLCFLAIEWYLPLLV
PQKWPDL,0,,...[FWY]..[LVI],PLRIIGREDFPQKWPDLLTEMVNRFQSGDFHVINGVLRT
SGDFHVI,0,,...[FWY]..[LVI],PLRIIGREDFPQKWPDLLTEMVNRFQSGDFHVINGVLRT
PYAFTRV,0,,...[FWY]..[LVI],PLRFIKSLAERTMSVTTDSTVTTSPYAFTRVTGPYNRYI
TGPYNRY,0,,...[FWY]..[WFY],PLRFIKSLAERTMSVTTDSTVTTSPYAFTRVTGPYNRYI
INQYVIW,0,,...[FWY]..[WFY],PLRLINQLSDPDYINQYVIWMIRDSNCNYEAFMNIIKLS
NCNYEAF,0,,...[FWY]..[WFY],PLRLINQLSDPDYINQYVIWMIRDSNCNYEAFMNIIKLS
YEAFMNI,0,,...[FWY]..[LVI],PLRLINQLSDPDYINQYVIWMIRDSNCNYEAFMNIIKLS
PLRFITF,0,,...[FWY]..[WFY],PLRFITFVCPTSSDPLRTCAVLLCVGYQDLPNPVFRYLQ
CVGYQDL,0,,...[FWY]..[LVI],PLRFITFVCPTSSDPLRTCAVLLCVGYQDLPNPVFRYLQ
NPVFRYL,0,,...[FWY]..[LVI],PLRFITFVCPTSSDPLRTCAVLLCVGYQDLPNPVFRYLQ
NKLWLKF,0,,...[FWY]..[WFY],PLRIISHSNKLWLKFKSDQIDTRSGFSAYWDGSSTGCGG
RSGFSAY,0,,...[FWY]..[WFY],PLRIISHSNKLWLKFKSDQIDTRSGFSAYWDGSSTGCGG
PLRFQAF,0,,...[FWY]..[WFY],PLRFQAFHSVAFPSCGPCLEQQDEERSTRLKDLLGRYFE
FQAFHSV,0,,...[FWY]..[LVI],PLRFQAFHSVAFPSCGPCLEQQDEERSTRLKDLLGRYFE
PLRFKTI,0,,...[FWY]..[LVI],PLRFKTIYAKEGGFFGFYRGLMPTILGMAPYAGVSFFTF
EGGFFGF,0,,...[FWY]..[WFY],PLRFKTIYAKEGGFFGFYRGLMPTILGMAPYAGVSFFTF
GGFFGFY,0,,...[FWY]..[WFY],PLRFKTIYAKEGGFFGFYRGLMPTILGMAPYAGVSFFTF
FGFYRGL,0,,...[FWY]..[LVI],PLRFKTIYAKEGGFFGFYRGLMPTILGMAPYAGVSFFTF
MAPYAGV,0,,...[FWY]..[LVI],PLRFKTIYAKEGGFFGFYRGLMPTILGMAPYAGVSFFTF
GVSFFTF,0,,...[FWY]..[WFY],PLRFKTIYAKEGGFFGFYRGLMPTILGMAPYAGVSFFTF
SCVWNCY,0,,...[FWY]..[WFY],PLRYLISCVWNCYRYINGRNSSDVLVYVTSNDTTVLLPP
WNCYRYI,0,,...[FWY]..[LVI],PLRYLISCVWNCYRYINGRNSSDVLVYVTSNDTTVLLPP
PLRFKGV,0,,...[FWY]..[LVI],PLRFKGVGEAGDESIFSIMIDRNASGFLTIFSKAEDLFR
ASGFLTI,0,,...[FWY]..[LVI],PLRFKGVGEAGDESIFSIMIDRNASGFLTIFSKAEDLFR
PLRFKGI,0,,...[FWY]..[LVI],PLRFKGIVYAVSSDRFRSFDALLADLTRSLSDNINLPQG
SDRFRSF,0,,...[FWY]..[WFY],PLRFKGIVYAVSSDRFRSFDALLADLTRSLSDNINLPQG
FRSFDAL,0,,...[FWY]..[LVI],PLRFKGIVYAVSSDRFRSFDALLADLTRSLSDNINLPQG
PLRFKKL,0,,...[FWY]..[LVI],PLRFKKLLSLPPLPVITLRSEPQYDHTAGSSQSLSFPKL
SLSFPKL,0,,...[FWY]..[LVI],PLRFKKLLSLPPLPVITLRSEPQYDHTAGSSQSLSFPKL
PLRFKLV,0,,...[FWY]..[LVI],PLRFKLVLDSIIWAFKHTMRNVADTGLQILFTLLQNVAQ
QILFTLL,0,,...[FWY]..[LVI],PLRFKLVLDSIIWAFKHTMRNVADTGLQILFTLLQNVAQ
LLVYFPY,0,,...[FWY]..[WFY],PLRMKLNVDGLLVYFPYDYIYPEQFSYMRELKRTLDAKG
YFPYDYI,0,,...[FWY]..[LVI],PLRMKLNVDGLLVYFPYDYIYPEQFSYMRELKRTLDAKG
CNKYRKI,0,,...[FWY]..[LVI],PLRVKNICNKYRKILKYPLLHTQYGRTHIREKSYKCNDC
ILKYPLL,0,,...[FWY]..[LVI],PLRVKNICNKYRKILKYPLLHTQYGRTHIREKSYKCNDC
KASFELL,0,,...[FWY]..[LVI],PLRIKQKASFELLQLSYEIELRKHRDIYRQLENLVQELS
RDIYRQL,0,,...[FWY]..[LVI],PLRIKQKASFELLQLSYEIELRKHRDIYRQLENLVQELS
HAAYVHV,0,,...[FWY]..[LVI],PLRIKYHEESIHAAYVHVIENSRHYIYIENQFFISCADD
SRHYIYI,0,,...[FWY]..[LVI],PLRIKYHEESIHAAYVHVIENSRHYIYIENQFFISCADD
PLRFLAV,0,,...[FWY]..[LVI],PLRFLAVDIYQMSLVEPDVSRLGWGVVKFAGLLQDMQVT
RLGWGVV,0,,...[FWY]..[LVI],PLRFLAVDIYQMSLVEPDVSRLGWGVVKFAGLLQDMQVT
VVKFAGL,0,,...[FWY]..[LVI],PLRFLAVDIYQMSLVEPDVSRLGWGVVKFAGLLQDMQVT
PLRFLVI,0,,...[FWY]..[LVI],PLRFLVILSWLHCFVVKRVLKRFLAFTSSTSLWLIYSF
LKRFLAF,0,,...[FWY]..[WFY],PLRFLVILSWLHCFVVKRVLKRFLAFTSSTSLWLIYSF
TSLWLIY,0,,...[FWY]..[WFY],PLRFLVILSWLHCFVVKRVLKRFLAFTSSTSLWLIYSF
PLRFLAL,0,,...[FWY]..[LVI],PLRFLALKGPSFYVFSTPPVSTFDWVRAERTYHLCEVLF
GPSFYVF,0,,...[FWY]..[WFY],PLRFLALKGPSFYVFSTPPVSTFDWVRAERTYHLCEVLF
VSTFDWV,0,,...[FWY]..[LVI],PLRFLALKGPSFYVFSTPPVSTFDWVRAERTYHLCEVLF
LTHFKGF,0,,...[FWY]..[WFY],PLRFLTRIKLFLKPTPNTVHYILTHFKGFWNVVNNIPFL
FKGFWNV,0,,...[FWY]..[LVI],PLRFLTRIKLFLKPTPNTVHYILTHFKGFWNVVNNIPFL
KGFWNVV,0,,...[FWY]..[LVI],PLRFLTRIKLFLKPTPNTVHYILTHFKGFWNVVNNIPFL
LAGFLAW,0,,...[FWY]..[WFY],PLRLLAGFLAWTYAFYDNCRRLQYFPQPPKQKWFWGQPG
AWTYAFY,0,,...[FWY]..[WFY],PLRLLAGFLAWTYAFYDNCRRLQYFPQPPKQKWFWGQPG
STEYGFY,0,,...[FWY]..[WFY],PLRFLGAVLCRGPSTEYGFYHDFFLGKERTIRGSELPVF
YGFYHDF,0,,...[FWY]..[WFY],PLRFLGAVLCRGPSTEYGFYHDFFLGKERTIRGSELPVF
IWQFGRW,0,,...[FWY]..[WFY],PLRLLDQVIPPGQPSWADQEYRGSFTCRIWQFGRWVEVT
FGRWVEV,0,,...[FWY]..[LVI],PLRLLDQVIPPGQPSWADQEYRGSFTCRIWQFGRWVEVT
RLTYAHL,0,,...[FWY]..[LVI],PLRFLVSVPASRLTYAHLAQLLEGYARYSVSVFQPPFQP
LEGYARY,0,,...[FWY]..[WFY],PLRFLVSVPASRLTYAHLAQLLEGYARYSVSVFQPPFQP
ACGFTTV,0,,...[FWY]..[LVI],PLRFLGMACGFTTVSMGIVLIQVFKEFNFNLGEMNKSNM
IQVFKEF,0,,...[FWY]..[WFY],PLRFLGMACGFTTVSMGIVLIQVFKEFNFNLGEMNKSNM
GQLWNII,0,,...[FWY]..[LVI],PLRILENFEENCCVMPYTTAGQLWNIISPREFVDFSYTG
PREFVDF,0,,...[FWY]..[WFY],PLRILENFEENCCVMPYTTAGQLWNIISPREFVDFSYTG
PLRYLFF,0,,...[FWY]..[WFY],PLRYLFFAVIGFGILVPLLPHHWVPAGSCMGAIFAGHL
RYLFFAV,0,,...[FWY]..[LVI],PLRYLFFAVIGFGILVPLLPHHWVPAGSCMGAIFAGHL
YLFFAVI,0,,...[FWY]..[LVI],PLRYLFFAVIGFGILVPLLPHHWVPAGSCMGAIFAGHL
VIGFGIL,0,,...[FWY]..[LVI],PLRYLFFAVIGFGILVPLLPHHWVPAGSCMGAIFAGHL
NTVFQVV,0,,...[FWY]..[LVI],PLRLLGKTQTAMDQLHMHFTQAIHNTVFQVVLGYVELCA
VLGYVEL,0,,...[FWY]..[LVI],PLRLLGKTQTAMDQLHMHFTQAIHNTVFQVVLGYVELCA
PLRFLHI,0,,...[FWY]..[LVI],PLRFLHIYHAVKDRHKDVLKWGDEVEYMLVSFDHENKKV
LHIYHAV,0,,...[FWY]..[LVI],PLRFLHIYHAVKDRHKDVLKWGDEVEYMLVSFDHENKKV
EVEYMLV,0,,...[FWY]..[LVI],PLRFLHIYHAVKDRHKDVLKWGDEVEYMLVSFDHENKKV
PLRFLQL,0,,...[FWY]..[LVI],PLRFLQLKFWKIYLEQEQQILKSKATEHATELAKENIKC
QLKFWKI,0,,...[FWY]..[LVI],PLRFLQLKFWKIYLEQEQQILKSKATEHATELAKENIKC
LKFWKIY,0,,...[FWY]..[WFY],PLRFLQLKFWKIYLEQEQQILKSKATEHATELAKENIKC
PLRFLQV,0,,...[FWY]..[LVI],PLRFLQVIPCFQRDGLFCLHENGCITLRVRRSYNNIFTT
RRSYNNI,0,,...[FWY]..[LVI],PLRFLQVIPCFQRDGLFCLHENGCITLRVRRSYNNIFTT
TLEFLKI,0,,...[FWY]..[LVI],PLRFLNDQTLEFLKIPSTLAPPMDPRADLIIIFGVIFC
IIIFGVI,0,,...[FWY]..[LVI],PLRFLNDQTLEFLKIPSTLAPPMDPRADLIIIFGVIFC
ILKYPYL,0,,...[FWY]..[LVI],PLRILKYPYLLLHERVNELCVEALCRMEQANCSFQVFDK
KYPYLLL,0,,...[FWY]..[LVI],PLRILKYPYLLLHERVNELCVEALCRMEQANCSFQVFDK
NCSFQVF,0,,...[FWY]..[WFY],PLRILKYPYLLLHERVNELCVEALCRMEQANCSFQVFDK
LVSFDGF,0,,...[FWY]..[WFY],PLRVLLVSFDGFRWDYLYKVPTPHFHYIMKYGVHVKQVT
GFRWDYL,0,,...[FWY]..[LVI],PLRVLLVSFDGFRWDYLYKVPTPHFHYIMKYGVHVKQVT
TPHFHYI,0,,...[FWY]..[LVI],PLRVLLVSFDGFRWDYLYKVPTPHFHYIMKYGVHVKQVT
PNDFFRL,0,,...[FWY]..[LVI],PLRILPNDFFRLIKIKIIVKDTNDNAPMFPSPVINISIP
NDFFRLI,0,,...[FWY]..[LVI],PLRILPNDFFRLIKIKIIVKDTNDNAPMFPSPVINISIP
PLRFLPV,0,,...[FWY]..[LVI],PLRFLPVTLLLLLLIAYFRIKLIEVNEELSCDRQHNP
LIAYFRI,0,,...[FWY]..[LVI],PLRFLPVTLLLLLLIAYFRIKLIEVNEELSCDRQHNP
EELFLCL,0,,...[FWY]..[LVI],PLRILQELPDLEELFLCLNDYETVSCPSICCHSLKLLHI
LNDYETV,0,,...[FWY]..[LVI],PLRILQELPDLEELFLCLNDYETVSCPSICCHSLKLLHI
PLRFLRF,0,,...[FWY]..[WFY],PLRFLRFEAEHISNYTALLLSRDGRTLYVGAREALFALS
ISNYTAL,0,,...[FWY]..[LVI],PLRFLRFEAEHISNYTALLLSRDGRTLYVGAREALFALS
LCHFILI,0,,...[FWY]..[LVI],PLRFLSASLCHFILIVVYMYLHICNHANTSVVIFQHSI
IVVYMYL,0,,...[FWY]..[LVI],PLRFLSASLCHFILIVVYMYLHICNHANTSVVIFQHSI
VYMYLHI,0,,...[FWY]..[LVI],PLRFLSASLCHFILIVVYMYLHICNHANTSVVIFQHSI
RILYQQV,0,,...[FWY]..[LVI],PLRILYQQVILKGDFNYLEEFKQQRLLKSSIFEEISKEY
KGDFNYL,0,,...[FWY]..[LVI],PLRILYQQVILKGDFNYLEEFKQQRLLKSSIFEEISKEY
SSIFEEI,0,,...[FWY]..[LVI],PLRILYQQVILKGDFNYLEEFKQQRLLKSSIFEEISKEY
MDEFQEY,0,,...[FWY]..[WFY],PLRIMDEFQEYTMLCLLCGKAEDTISILPDDPRQMTLLF
FQEYTML,0,,...[FWY]..[LVI],PLRIMDEFQEYTMLCLLCGKAEDTISILPDDPRQMTLLF
VEDWKFI,0,,...[FWY]..[LVI],PLRIMKENDVREVVEDWKFIAQVLDRMFLWTFLFVSIVG
MFLWTFL,0,,...[FWY]..[LVI],PLRIMKENDVREVVEDWKFIAQVLDRMFLWTFLFVSIVG
LWTFLFV,0,,...[FWY]..[LVI],PLRIMKENDVREVVEDWKFIAQVLDRMFLWTFLFVSIVG
TFLFVSI,0,,...[FWY]..[LVI],PLRIMKENDVREVVEDWKFIAQVLDRMFLWTFLFVSIVG
SCVFNSL,0,,...[FWY]..[LVI],PLRFVPNSLIGMGVLSCVFNSLAGKICYDALDPAKYARW
KICYDAL,0,,...[FWY]..[LVI],PLRFVPNSLIGMGVLSCVFNSLAGKICYDALDPAKYARW
PAKYARW,0,,...[FWY]..[WFY],PLRFVPNSLIGMGVLSCVFNSLAGKICYDALDPAKYARW
RYMWNNF,0,,...[FWY]..[WFY],PLRYMWNNFFKHIDIDPNNAHILDGMLQIYKQNVMLLK
NNFFKHI,0,,...[FWY]..[LVI],PLRYMWNNFFKHIDIDPNNAHILDGMLQIYKQNVMLLK
SGFFFGV,0,,...[FWY]..[LVI],PLRMNENNETLTRGFTLMGLFTHNKCSGFFFGVICAVFF
GFFFGVI,0,,...[FWY]..[LVI],PLRMNENNETLTRGFTLMGLFTHNKCSGFFFGVICAVFF
PLRFNFL,0,,...[FWY]..[LVI],PLRFNFLFPNESSLSIFSEIFQRLYRSDVFKGENYQKEL
LSIFSEI,0,,...[FWY]..[LVI],PLRFNFLFPNESSLSIFSEIFQRLYRSDVFKGENYQKEL
SEIFQRL,0,,...[FWY]..[LVI],PLRFNFLFPNESSLSIFSEIFQRLYRSDVFKGENYQKEL
PLRFNQF,0,,...[FWY]..[WFY],PLRFNQFSNLTKHKITHIGDTSYKYLECDKAFSQSSTLT
FNQFSNL,0,,...[FWY]..[LVI],PLRFNQFSNLTKHKITHIGDTSYKYLECDKAFSQSSTLT
DTSYKYL,0,,...[FWY]..[LVI],PLRFNQFSNLTKHKITHIGDTSYKYLECDKAFSQSSTLT
KSTYPLL,0,,...[FWY]..[LVI],PLRINKEEELLEKEKSTYPLLQAMLKNKVPYEQLWSTAY
KVPYEQL,0,,...[FWY]..[LVI],PLRINKEEELLEKEKSTYPLLQAMLKNKVPYEQLWSTAY
SDTFSLL,0,,...[FWY]..[LVI],PLRLNSDTFSLLKNLIYLKLDRNRIISIDNDTFENMGAS
NLIYLKL,0,,...[FWY]..[LVI],PLRLNSDTFSLLKNLIYLKLDRNRIISIDNDTFENMGAS
VQFYNSI,0,,...[FWY]..[LVI],PLRFTVQFYNSIGEKFHTHNTQLYLALNRDDLLHIGPGN
TQLYLAL,0,,...[FWY]..[LVI],PLRFTVQFYNSIGEKFHTHNTQLYLALNRDDLLHIGPGN
NISFTVW,0,,...[FWY]..[WFY],PLRKNISFTVWDVGGQDKIRPLWRHYFQNTQGLIFVVDS
RPLWRHY,0,,...[FWY]..[WFY],PLRKNISFTVWDVGGQDKIRPLWRHYFQNTQGLIFVVDS
IPAFGTI,0,,...[FWY]..[LVI],PLRIPAFGTIMETVIQRELLERVKCSWLLSWKILSIKT
LLSWKIL,0,,...[FWY]..[LVI],PLRIPAFGTIMETVIQRELLERVKCSWLLSWKILSIKT
MMFFSNF,0,,...[FWY]..[WFY],PLRFPARKAVTMMFFSNFPFSWIRHFLITLALNIIIVLL
NFPFSWI,0,,...[FWY]..[LVI],PLRFPARKAVTMMFFSNFPFSWIRHFLITLALNIIIVLL
SSVWRSF,0,,...[FWY]..[WFY],PLRMPEGKDRWRSSYNLPTKALSSVWRSFELLFAAYQEQ
WRSFELL,0,,...[FWY]..[LVI],PLRMPEGKDRWRSSYNLPTKALSSVWRSFELLFAAYQEQ
ELLFAAY,0,,...[FWY]..[WFY],PLRMPEGKDRWRSSYNLPTKALSSVWRSFELLFAAYQEQ
DDVFKEI,0,,...[FWY]..[LVI],PLRFTFHKPDDVFKEIFMNVIHFLFTSLKTRLRTC
KEIFMNV,0,,...[FWY]..[LVI],PLRFTFHKPDDVFKEIFMNVIHFLFTSLKTRLRTC
HFLFTSL,0,,...[FWY]..[LVI],PLRFTFHKPDDVFKEIFMNVIHFLFTSLKTRLRTC
RMLFQGL,0,,...[FWY]..[LVI],PLRMLFQGLHPHYSRTFPMLFQNSSRAVPGPSPMLTFPM
SRTFPML,0,,...[FWY]..[LVI],PLRMLFQGLHPHYSRTFPMLFQNSSRAVPGPSPMLTFPM
KSSYHRL,0,,...[FWY]..[LVI],PLRRTKGNKSSYHRLSELVEHVFPLLSKEQNSAFPCPEF
EHVFPLL,0,,...[FWY]..[LVI],PLRRTKGNKSSYHRLSELVEHVFPLLSKEQNSAFPCPEF
PLRYPLL,0,,...[FWY]..[LVI],PLRYPLLGATLNGWYFLATEVDDMCFNYAKKNVEQNNLS
LNGWYFL,0,,...[FWY]..[LVI],PLRYPLLGATLNGWYFLATEVDDMCFNYAKKNVEQNNLS
VYSFSPV,0,,...[FWY]..[LVI],PLRFQLPVFLDSHFVYSFSPVAGPNKLFIRLTEAPSAKV
NKLFIRL,0,,...[FWY]..[LVI],PLRFQLPVFLDSHFVYSFSPVAGPNKLFIRLTEAPSAKV
PLRFPPV,0,,...[FWY]..[LVI],PLRFPPVEGCVSSLPGKLLSPQTIFFQILWLYSKSSLAL
QTIFFQI,0,,...[FWY]..[LVI],PLRFPPVEGCVSSLPGKLLSPQTIFFQILWLYSKSSLAL
TIFFQIL,0,,...[FWY]..[LVI],PLRFPPVEGCVSSLPGKLLSPQTIFFQILWLYSKSSLAL
VVDFCLL,0,,...[FWY]..[LVI],PLRFPPVVDFCLLSDFIQEICCIAFAMQALEPPLDIAYG
PLRFPSI,0,,...[FWY]..[LVI],PLRFPSIMVPLARILPNKNRDELNGFFNKLIRNVIALRD
NGFFNKL,0,,...[FWY]..[LVI],PLRFPSIMVPLARILPNKNRDELNGFFNKLIRNVIALRD
LIYFYSY,0,,...[FWY]..[WFY],PLRIPFKDMDKQCTVYPVSSSGLIYFYSYIIDLLSGTGF
IYFYSYI,0,,...[FWY]..[LVI],PLRIPFKDMDKQCTVYPVSSSGLIYFYSYIIDLLSGTGF
PLRFPVI,0,,...[FWY]..[LVI],PLRFPVIYTQLMNPGLPDSALDINECLRGARRDLKVFGN
PVIYTQL,0,,...[FWY]..[LVI],PLRFPVIYTQLMNPGLPDSALDINECLRGARRDLKVFGN
KNGFLSV,0,,...[FWY]..[LVI],PLRLPKNGFLSVKLPNWKLCVFVKTTALTVYVFVVTGK
LTVYVFV,0,,...[FWY]..[LVI],PLRLPKNGFLSVKLPNWKLCVFVKTTALTVYVFVVTGK
RIQYHEL,0,,...[FWY]..[LVI],PLRIQYHELSFVLILIQRKLLQTPMHSTGLVVFLHVTV
ELSFVLI,0,,...[FWY]..[LVI],PLRIQYHELSFVLILIQRKLLQTPMHSTGLVVFLHVTV
LVVFLHV,0,,...[FWY]..[LVI],PLRIQYHELSFVLILIQRKLLQTPMHSTGLVVFLHVTV
NNAFSTL,0,,...[FWY]..[LVI],PLRNCKGIRCEKQNNAFSTLFETLQSLFWSVFGLLNLYV
STLFETL,0,,...[FWY]..[LVI],PLRNCKGIRCEKQNNAFSTLFETLQSLFWSVFGLLNLYV
QSLFWSV,0,,...[FWY]..[LVI],PLRNCKGIRCEKQNNAFSTLFETLQSLFWSVFGLLNLYV
SLFWSVF,0,,...[FWY]..[WFY],PLRNCKGIRCEKQNNAFSTLFETLQSLFWSVFGLLNLYV
WSVFGLL,0,,...[FWY]..[LVI],PLRNCKGIRCEKQNNAFSTLFETLQSLFWSVFGLLNLYV
VSDYPSV,0,,...[FWY]..[LVI],PLRIREVFSLAVSDYPSVFWVVMPHRSLAQQKVIVCPL
PSVFWVV,0,,...[FWY]..[LVI],PLRIREVFSLAVSDYPSVFWVVMPHRSLAQQKVIVCPL
QVPYWLW,0,,...[FWY]..[WFY],PLRFRGRHYKREFRLEGEPVALRCPQVPYWLWASVSPRI
YWLWASV,0,,...[FWY]..[LVI],PLRFRGRHYKREFRLEGEPVALRCPQVPYWLWASVSPRI
PLRFWIY,0,,...[FWY]..[WFY],PLRFWIYKVPSIHLLNRTLHVSMFQVVQEQSNRESDLFF
VSMFQVV,0,,...[FWY]..[LVI],PLRFWIYKVPSIHLLNRTLHVSMFQVVQEQSNRESDLFF
RLHFKNI,0,,...[FWY]..[LVI],PLRRLHFKNISRIMDCVGCDKCRLWGKLQTQGLGTALKI
CRLWGKL,0,,...[FWY]..[LVI],PLRRLHFKNISRIMDCVGCDKCRLWGKLQTQGLGTALKI
SDFYSDF,0,,...[FWY]..[WFY],PLRIRNLASDFYSDFMCLLLLLQL
YSDFMCL,0,,...[FWY]..[LVI],PLRIRNLASDFYSDFMCLLLLLQL
LEKWIRV,0,,...[FWY]..[LVI],PLRIRPLRPPQRARLLEKWIRVAEECRLLRNFSSVPG
LRNFSSV,0,,...[FWY]..[LVI],PLRIRPLRPPQRARLLEKWIRVAEECRLLRNFSSVPG
PLRYRQL,0,,...[FWY]..[LVI],PLRYRQLSALHRAPHPTWPDKAGRLGYKAKQGYLIYRIR
KQGYLIY,0,,...[FWY]..[WFY],PLRYRQLSALHRAPHPTWPDKAGRLGYKAKQGYLIYRIR
ELSWYNI,0,,...[FWY]..[LVI],PLRFRWTASEGELSWYNIFLYNPDGNLQERAQVDPLGQ
LSWYNIF,0,,...[FWY]..[WFY],PLRFRWTASEGELSWYNIFLYNPDGNLQERAQVDPLGQ
PLRFRTV,0,,...[FWY]..[LVI],PLRFRTVLDYYKTGIINCPDGISIPDLRDTCDYLCINFD
TCDYLCI,0,,...[FWY]..[LVI],PLRFRTVLDYYKTGIINCPDGISIPDLRDTCDYLCINFD
GKDYLVL,0,,...[FWY]..[LVI],PLRIYKWCSVRVALYRQRSRTALSKGKDYLVLAHHRYC
IRLWDTY,0,,...[FWY]..[WFY],PLRFRWMNNLLMRELPLRCTIRLWDTYQSEPEGFSHFHL
PEGFSHF,0,,...[FWY]..[WFY],PLRFRWMNNLLMRELPLRCTIRLWDTYQSEPEGFSHFHL
RIRYQHL,0,,...[FWY]..[LVI],PLRIRYQHLMTIMQITVCCSQAHLYRTIC
AHLYRTI,0,,...[FWY]..[LVI],PLRIRYQHLMTIMQITVCCSQAHLYRTIC
PLRFSSF,0,,...[FWY]..[WFY],PLRFSSFFLLGKTLMQTLAQMMADSPSSYSSSSSSSSSS
FSSFFLL,0,,...[FWY]..[LVI],PLRFSSFFLLGKTLMQTLAQMMADSPSSYSSSSSSSSSS
HLQFLEL,0,,...[FWY]..[LVI],PLRMSMIPPKIFKLPHLQFLELKRNRIKIVEGLTFQGLD
GLTFQGL,0,,...[FWY]..[LVI],PLRMSMIPPKIFKLPHLQFLELKRNRIKIVEGLTFQGLD
KSIFQGF,0,,...[FWY]..[WFY],PLRKWDPTVCALLMDKSIFQGFLNLYFQNNPNAFDFGLC
FQGFLNL,0,,...[FWY]..[LVI],PLRKWDPTVCALLMDKSIFQGFLNLYFQNNPNAFDFGLC
PLRYSHF,0,,...[FWY]..[WFY],PLRYSHFIWATCQTGESTSHVKKLYCLVLL
KKLYCLV,0,,...[FWY]..[LVI],PLRYSHFIWATCQTGESTSHVKKLYCLVLL
PFFFCCF,0,,...[FWY]..[WFY],PLRFSTRWQKQRCPVVKSKCRENASPFFFCCFIAVAMGI
FCCFIAV,0,,...[FWY]..[LVI],PLRFSTRWQKQRCPVVKSKCRENASPFFFCCFIAVAMGI
RTSFQFY,0,,...[FWY]..[WFY],PLRISKNQKLDAGTQRTSFQFYSTLPNTIYRFSIAAVNE
FQFYSTL,0,,...[FWY]..[LVI],PLRISKNQKLDAGTQRTSFQFYSTLPNTIYRFSIAAVNE
KTNYVVW,0,,...[FWY]..[WFY],PLRFSWPKNVKTNYVVWGTGKEGQPREYYTLDSILFLLN
PREYYTL,0,,...[FWY]..[LVI],PLRFSWPKNVKTNYVVWGTGKEGQPREYYTLDSILFLLN
RVFYLSY,0,,...[FWY]..[WFY],PLRVFYLSYFSINAKSNSFSLDIIIALGIPHNTQAHFNH
YLSYFSI,0,,...[FWY]..[LVI],PLRVFYLSYFSINAKSNSFSLDIIIALGIPHNTQAHFNH
VERFLGV,0,,...[FWY]..[LVI],PLRISVERFLGVLYPLSSKRWRRRRYAVAACAGTWLLLL
AGTWLLL,0,,...[FWY]..[LVI],PLRISVERFLGVLYPLSSKRWRRRRYAVAACAGTWLLLL
PLRFSLF,0,,...[FWY]..[WFY],PLRFSLFYVFTLLGNGTILGLISLDSRLHAPMYFFLSHL
FSLFYVF,0,,...[FWY]..[WFY],PLRFSLFYVFTLLGNGTILGLISLDSRLHAPMYFFLSHL
FYVFTLL,0,,...[FWY]..[LVI],PLRFSLFYVFTLLGNGTILGLISLDSRLHAPMYFFLSHL
APMYFFL,0,,...[FWY]..[LVI],PLRFSLFYVFTLLGNGTILGLISLDSRLHAPMYFFLSHL
RKNFWKL,0,,...[FWY]..[LVI],PLRVSLKFRKNFWKLVKDIGCLPYLGVSHQWKSSEDNSK
KNFWKLV,0,,...[FWY]..[LVI],PLRVSLKFRKNFWKLVKDIGCLPYLGVSHQWKSSEDNSK
CLPYLGV,0,,...[FWY]..[LVI],PLRVSLKFRKNFWKLVKDIGCLPYLGVSHQWKSSEDNSK
ISLYTIL,0,,...[FWY]..[LVI],PLRISLYTILTYIPFYFFSESRQKNQTVLKQSL
ILTYIPF,0,,...[FWY]..[WFY],PLRISLYTILTYIPFYFFSESRQKNQTVLKQSL
YIPFYFF,0,,...[FWY]..[WFY],PLRISLYTILTYIPFYFFSESRQKNQTVLKQSL
PLRFSNI,0,,...[FWY]..[LVI],PLRFSNISEGLSNYSIIDKLVNIVDDLVECVKENSSKDL
LSNYSII,0,,...[FWY]..[LVI],PLRFSNISEGLSNYSIIDKLVNIVDDLVECVKENSSKDL
PLRFSPY,0,,...[FWY]..[WFY],PLRFSPYEIGMAKYGTFMAPDLFGSKFFMGTVVKKYEEN
MAKYGTF,0,,...[FWY]..[WFY],PLRFSPYEIGMAKYGTFMAPDLFGSKFFMGTVVKKYEEN
STPWRRF,0,,...[FWY]..[WFY],PLRFSTPWRRFFTSMPVYAIIVANFCRSWTFYLLLISQP
MPVYAII,0,,...[FWY]..[LVI],PLRFSTPWRRFFTSMPVYAIIVANFCRSWTFYLLLISQP
CRSWTFY,0,,...[FWY]..[WFY],PLRFSTPWRRFFTSMPVYAIIVANFCRSWTFYLLLISQP
SWTFYLL,0,,...[FWY]..[LVI],PLRFSTPWRRFFTSMPVYAIIVANFCRSWTFYLLLISQP
WTFYLLL,0,,...[FWY]..[LVI],PLRFSTPWRRFFTSMPVYAIIVANFCRSWTFYLLLISQP
LHMFTIW,0,,...[FWY]..[WFY],PLRMVIAFCKNCCNEHLHMFTIWLGYINSTLNPLIYPLC
FTIWLGY,0,,...[FWY]..[WFY],PLRMVIAFCKNCCNEHLHMFTIWLGYINSTLNPLIYPLC
HFTFSAL,0,,...[FWY]..[LVI],PLRFTLDAPIDSVTMPHFTFSALPGLLLWNKHSIYYCYH
HSIYYCY,0,,...[FWY]..[WFY],PLRFTLDAPIDSVTMPHFTFSALPGLLLWNKHSIYYCYH
SFVYSLF,0,,...[FWY]..[WFY],PLRPTWFSSPNSLISSFVYSLFTLSQAHWLLLTNTRHFR
QAHWLLL,0,,...[FWY]..[LVI],PLRPTWFSSPNSLISSFVYSLFTLSQAHWLLLTNTRHFR
VTSFDEL,0,,...[FWY]..[LVI],PLRITAEALVVTSFDELQRRASEARGKIVVYNQPYINYS
NQPYINY,0,,...[FWY]..[WFY],PLRITAEALVVTSFDELQRRASEARGKIVVYNQPYINYS
SGRFVRL,0,,...[FWY]..[LVI],PLRYTARPITSSSGRFVRLGTASMLTSPDGPFINLSRLN
DGPFINL,0,,...[FWY]..[LVI],PLRYTARPITSSSGRFVRLGTASMLTSPDGPFINLSRLN
VSQFTTF,0,,...[FWY]..[WFY],PLRLTDLRKKNPNIKSLVVSQFTTFLSLIEIPLKASGFV
FTTFLSL,0,,...[FWY]..[LVI],PLRLTDLRKKNPNIKSLVVSQFTTFLSLIEIPLKASGFV
SVNYQPL,0,,...[FWY]..[LVI],PLRSGTAISSWSVNYQPLKYTRLLAAKVGCDREDSAEAV
PLKYTRL,0,,...[FWY]..[LVI],PLRSGTAISSWSVNYQPLKYTRLLAAKVGCDREDSAEAV
PLRFTYV,0,,...[FWY]..[LVI],PLRFTYVLYINGGHPPWTILDYIQHLGSALASLSPCSIP
RFTYVLY,0,,...[FWY]..[WFY],PLRFTYVLYINGGHPPWTILDYIQHLGSALASLSPCSIP
HPPWTIL,0,,...[FWY]..[LVI],PLRFTYVLYINGGHPPWTILDYIQHLGSALASLSPCSIP
LKPWGLF,0,,...[FWY]..[WFY],PLRIVAGKYSKEFFTKKGDLKHITKLKPWGLFEVLVEKY
WGLFEVL,0,,...[FWY]..[LVI],PLRIVAGKYSKEFFTKKGDLKHITKLKPWGLFEVLVEKY
KSFWTRI,0,,...[FWY]..[LVI],PLRFVSPSKSFWTRITCAEEGWSQHQSVSVCVSFLLWK
CVSFLLW,0,,...[FWY]..[WFY],PLRFVSPSKSFWTRITCAEEGWSQHQSVSVCVSFLLWK
CSLWTPF,0,,...[FWY]..[WFY],PLRVVDCSLWTPFSRCHTAGRMFASDSYICFASREDG
SDSYICF,0,,...[FWY]..[WFY],PLRVVDCSLWTPFSRCHTAGRMFASDSYICFASREDG
IISFVGY,0,,...[FWY]..[WFY],PLRIVESGNIISFVGYINSGCCNVYRSIIGFVKLRSNKV
CNVYRSI,0,,...[FWY]..[LVI],PLRIVESGNIISFVGYINSGCCNVYRSIIGFVKLRSNKV
IIGFVKL,0,,...[FWY]..[LVI],PLRIVESGNIISFVGYINSGCCNVYRSIIGFVKLRSNKV
AIMFFII,0,,...[FWY]..[LVI],PLRIVGFAIMFFIIFFAYAQLGFLVFGSQVDDFSTFQNS
IMFFIIF,0,,...[FWY]..[WFY],PLRIVGFAIMFFIIFFAYAQLGFLVFGSQVDDFSTFQNS
FIIFFAY,0,,...[FWY]..[WFY],PLRIVGFAIMFFIIFFAYAQLGFLVFGSQVDDFSTFQNS
FFAYAQL,0,,...[FWY]..[LVI],PLRIVGFAIMFFIIFFAYAQLGFLVFGSQVDDFSTFQNS
QLGFLVF,0,,...[FWY]..[WFY],PLRIVGFAIMFFIIFFAYAQLGFLVFGSQVDDFSTFQNS
VDDFSTF,0,,...[FWY]..[WFY],PLRIVGFAIMFFIIFFAYAQLGFLVFGSQVDDFSTFQNS
VSRYVEF,0,,...[FWY]..[WFY],PLRLVSKLLYSQGLLIDLLIKSDVSRYVEFKNVTRILAF
YVEFKNV,0,,...[FWY]..[LVI],PLRLVSKLLYSQGLLIDLLIKSDVSRYVEFKNVTRILAF
QQIFIEL,0,,...[FWY]..[LVI],PLRFVNEKLQQIFIELTLKAEQEEYVQEGIRWTPIEYFN
GIRWTPI,0,,...[FWY]..[LVI],PLRFVNEKLQQIFIELTLKAEQEEYVQEGIRWTPIEYFN
EDPYYLV,0,,...[FWY]..[LVI],PLRFVQKKLGTLNLWEDPYYLVKESLKAGISICEQWVIV
CEQWVIV,0,,...[FWY]..[LVI],PLRFVQKKLGTLNLWEDPYYLVKESLKAGISICEQWVIV
SMDFVLV,0,,...[FWY]..[LVI],PLRIVSMDFVLVPVLAWLFWVNVWSAPCL
VLAWLFW,0,,...[FWY]..[WFY],PLRIVSMDFVLVPVLAWLFWVNVWSAPCL
WLFWVNV,0,,...[FWY]..[LVI],PLRIVSMDFVLVPVLAWLFWVNVWSAPCL
LRLFKNL,0,,...[FWY]..[LVI],PLRLRLFKNLPVRKQFYQLQKNVKMKLKRSKISS
RKQFYQL,0,,...[FWY]..[LVI],PLRLRLFKNLPVRKQFYQLQKNVKMKLKRSKISS
RHVYRNF,0,,...[FWY]..[WFY],PLRIWLFGARHVYRNFFNKNKFVEYYQYVDFHNQLGLDR
KNKFVEY,0,,...[FWY]..[WFY],PLRIWLFGARHVYRNFFNKNKFVEYYQYVDFHNQLGLDR
FVEYYQY,0,,...[FWY]..[WFY],PLRIWLFGARHVYRNFFNKNKFVEYYQYVDFHNQLGLDR
VEYYQYV,0,,...[FWY]..[LVI],PLRIWLFGARHVYRNFFNKNKFVEYYQYVDFHNQLGLDR
YYQYVDF,0,,...[FWY]..[WFY],PLRIWLFGARHVYRNFFNKNKFVEYYQYVDFHNQLGLDR
LRIWSIL,0,,...[FWY]..[LVI],PLRIWSILESVWITIYQNSTDVFQRLGSNSALTTSNIAS
ESVWITI,0,,...[FWY]..[LVI],PLRIWSILESVWITIYQNSTDVFQRLGSNSALTTSNIAS
TDVFQRL,0,,...[FWY]..[LVI],PLRIWSILESVWITIYQNSTDVFQRLGSNSALTTSNIAS
PLRFYCL,0,,...[FWY]..[LVI],PLRFYCLHEIREEAFVSQALNDYHKVVLRIGNNKEVQVS
LNDYHKV,0,,...[FWY]..[LVI],PLRFYCLHEIREEAFVSQALNDYHKVVLRIGNNKEVQVS
LRIYCRV,0,,...[FWY]..[LVI],PLRIYCRVWRWPDLQSHHELKPLDICEFPFGSKQKEVCI
VWRWPDL,0,,...[FWY]..[LVI],PLRIYCRVWRWPDLQSHHELKPLDICEFPFGSKQKEVCI
PLRFYDY,0,,...[FWY]..[WFY],PLRFYDYPMALFTTFELFLTVIDAPANYDVDLPFMSAL
MALFTTF,0,,...[FWY]..[WFY],PLRFYDYPMALFTTFELFLTVIDAPANYDVDLPFMSAL
FTTFELF,0,,...[FWY]..[WFY],PLRFYDYPMALFTTFELFLTVIDAPANYDVDLPFMSAL
FELFLTV,0,,...[FWY]..[LVI],PLRFYDYPMALFTTFELFLTVIDAPANYDVDLPFMSAL
LRFYGKW,0,,...[FWY]..[WFY],PLRFYGKWESVVKQKDTDVSFEAQNSGKVGPSWVCREQT
YGKWESV,0,,...[FWY]..[LVI],PLRFYGKWESVVKQKDTDVSFEAQNSGKVGPSWVCREQT
LRVYEVY,0,,...[FWY]..[WFY],PLRVYEVYFVFACIWAFGGTLLQDQISDYQADFSRWWQK
YEVYFVF,0,,...[FWY]..[WFY],PLRVYEVYFVFACIWAFGGTLLQDQISDYQADFSRWWQK
YFVFACI,0,,...[FWY]..[LVI],PLRVYEVYFVFACIWAFGGTLLQDQISDYQADFSRWWQK
QADFSRW,0,,...[FWY]..[WFY],PLRVYEVYFVFACIWAFGGTLLQDQISDYQADFSRWWQK
HTNYCFL,0,,...[FWY]..[LVI],PLRIYHSELKHTNYCFLTLYILEALLKIAAMRKDFFSHA
NYCFLTL,0,,...[FWY]..[LVI],PLRIYHSELKHTNYCFLTLYILEALLKIAAMRKDFFSHA
LRIYIIF,0,,...[FWY]..[WFY],PLRIYIIFFLERYYRLLPGAVQIVLFIFLEIQQIFFLIK
LERYYRL,0,,...[FWY]..[LVI],PLRIYIIFFLERYYRLLPGAVQIVLFIFLEIQQIFFLIK
ERYYRLL,0,,...[FWY]..[LVI],PLRIYIIFFLERYYRLLPGAVQIVLFIFLEIQQIFFLIK
IVLFIFL,0,,...[FWY]..[LVI],PLRIYIIFFLERYYRLLPGAVQIVLFIFLEIQQIFFLIK
LFIFLEI,0,,...[FWY]..[LVI],PLRIYIIFFLERYYRLLPGAVQIVLFIFLEIQQIFFLIK
QQIFFLI,0,,...[FWY]..[LVI],PLRIYIIFFLERYYRLLPGAVQIVLFIFLEIQQIFFLIK
LRYYLRI,0,,...[FWY]..[LVI],PLRYYLRIESTVPIICSVFSELDQECKISLKLKTIDQGN
CSVFSEL,0,,...[FWY]..[LVI],PLRYYLRIESTVPIICSVFSELDQECKISLKLKTIDQGN
QPVYATI,0,,...[FWY]..[LVI],PLRFYYSTSIFEKAGVQQPVYATIGSGIVNTAFTVVSLL
NTAFTVV,0,,...[FWY]..[LVI],PLRFYYSTSIFEKAGVQQPVYATIGSGIVNTAFTVVSLL
PLRFYPL,0,,...[FWY]..[LVI],PLRFYPLSVAWGGLVALLSYNKFKNNCFSDAIVVFLTNC
SVAWGGL,0,,...[FWY]..[LVI],PLRFYPLSVAWGGLVALLSYNKFKNNCFSDAIVVFLTNC
LLSYNKF,0,,...[FWY]..[WFY],PLRFYPLSVAWGGLVALLSYNKFKNNCFSDAIVVFLTNC
LRFYQRV,0,,...[FWY]..[LVI],PLRFYQRVSREGILSPSELRKIFSNLEDILQLHIGLNEQ
RKIFSNL,0,,...[FWY]..[LVI],PLRFYQRVSREGILSPSELRKIFSNLEDILQLHIGLNEQ
IYQFRLI,0,,...[FWY]..[LVI],PLRMETIWIYQFRLIVIGDSTVGKSCLLHRFTQGRFPGL
QGRFPGL,0,,...[FWY]..[LVI],PLRMETIWIYQFRLIVIGDSTVGKSCLLHRFTQGRFPGL
RIRFQKY,0,,...[FWY]..[WFY],PLRVAARIRFQKYRGLKSFRTSPWDPKENLPQDYARIFQ
FQKYRGL,0,,...[FWY]..[LVI],PLRVAARIRFQKYRGLKSFRTSPWDPKENLPQDYARIFQ
PQDYARI,0,,...[FWY]..[LVI],PLRVAARIRFQKYRGLKSFRTSPWDPKENLPQDYARIFQ
LRLFQPF,0,,...[FWY]..[WFY],PLRSEEDVLRLFQPFGVIDECTVLRGPDGSSKGCAFVKF
FQPFGVI,0,,...[FWY]..[LVI],PLRSEEDVLRLFQPFGVIDECTVLRGPDGSSKGCAFVKF
GCAFVKF,0,,...[FWY]..[WFY],PLRSEEDVLRLFQPFGVIDECTVLRGPDGSSKGCAFVKF
VDLYIKI,0,,...[FWY]..[LVI],PLRRAEIEFAVSRVDLYIKINQNFRVILMR
NQNFRVI,0,,...[FWY]..[LVI],PLRRAEIEFAVSRVDLYIKINQNFRVILMR
QFGWTVY,0,,...[FWY]..[WFY],PLRVAEQFGWTVYIVMAGFAFSCLLTLPPWPIYRRHPLK
GFAFSCL,0,,...[FWY]..[LVI],PLRVAEQFGWTVYIVMAGFAFSCLLTLPPWPIYRRHPLK
LPPWPIY,0,,...[FWY]..[WFY],PLRVAEQFGWTVYIVMAGFAFSCLLTLPPWPIYRRHPLK
CTEWDMF,0,,...[FWY]..[WFY],PLRGAHTVVICTEWDMFKELDYERIHKKMLKPAFIFDGR
WDMFKEL,0,,...[FWY]..[LVI],PLRGAHTVVICTEWDMFKELDYERIHKKMLKPAFIFDGR
ELDYERI,0,,...[FWY]..[LVI],PLRGAHTVVICTEWDMFKELDYERIHKKMLKPAFIFDGR
QKDFLDV,0,,...[FWY]..[LVI],PLRGDIIQKDFLDVYYNLTLKTMMGIEWVHRFCPQAAFV
LDVYYNL,0,,...[FWY]..[LVI],PLRGDIIQKDFLDVYYNLTLKTMMGIEWVHRFCPQAAFV
RAPYTGY,0,,...[FWY]..[WFY],PLRRAPYTGYSPYGSELPATAAFSAFGRAMGAGHFSVPA
YTGYSPY,0,,...[FWY]..[WFY],PLRRAPYTGYSPYGSELPATAAFSAFGRAMGAGHFSVPA
TAAFSAF,0,,...[FWY]..[WFY],PLRRAPYTGYSPYGSELPATAAFSAFGRAMGAGHFSVPA
SRFYVQF,0,,...[FWY]..[WFY],PLRLSRFYVQFYPLLPQASKGPISAFYQKCVSKRLH
YVQFYPL,0,,...[FWY]..[LVI],PLRLSRFYVQFYPLLPQASKGPISAFYQKCVSKRLH
VQFYPLL,0,,...[FWY]..[LVI],PLRLSRFYVQFYPLLPQASKGPISAFYQKCVSKRLH
KIIFSYL,0,,...[FWY]..[LVI],PLRLARKIIFSYLNLLVNSKNDLAVAYILNIPDRGLGRE
IFSYLNL,0,,...[FWY]..[LVI],PLRLARKIIFSYLNLLVNSKNDLAVAYILNIPDRGLGRE
RLDFNLI,0,,...[FWY]..[LVI],PLRMARLDFNLIRVVACNLYPFVKTVASPDVTVEEAVEQ
CNLYPFV,0,,...[FWY]..[LVI],PLRMARLDFNLIRVVACNLYPFVKTVASPDVTVEEAVEQ
AFLFDVI,0,,...[FWY]..[LVI],PLRRASEMPQAFLFDVIYEAYQQCSDYDLEFGTECLQLA
DVIYEAY,0,,...[FWY]..[WFY],PLRRASEMPQAFLFDVIYEAYQQCSDYDLEFGTECLQLA
LINYIFF,0,,...[FWY]..[WFY],PLRLAIILTSLIDLINYIFFTGSLWSILLMIGILRRRYQ
GSLWSIL,0,,...[FWY]..[LVI],PLRLAIILTSLIDLINYIFFTGSLWSILLMIGILRRRYQ
LGPFGFF,0,,...[FWY]..[WFY],PLRRASLAEIAGRLGPFGFFGTTLSPLRNFSGLSPPGET
LRNFSGL,0,,...[FWY]..[LVI],PLRRASLAEIAGRLGPFGFFGTTLSPLRNFSGLSPPGET
PLRWASL,0,,...[FWY]..[LVI],PLRWASLRTVLFSFYFKDFVAANSLSPFVSCCSTASLC
TVLFSFY,0,,...[FWY]..[WFY],PLRWASLRTVLFSFYFKDFVAANSLSPFVSCCSTASLC
SFYFKDF,0,,...[FWY]..[WFY],PLRWASLRTVLFSFYFKDFVAANSLSPFVSCCSTASLC
ITSFQLI,0,,...[FWY]..[LVI],PLRWSSSGNKGQRWNEAHVNIYPITSFQLIFEGIRGPGI
QLIFEGI,0,,...[FWY]..[LVI],PLRWSSSGNKGQRWNEAHVNIYPITSFQLIFEGIRGPGI
VSAFGVV,0,,...[FWY]..[LVI],PLRRAVSAFGVVGFVRFLEGYYIVLITKRRKMADIGGHA
VVGFVRF,0,,...[FWY]..[WFY],PLRRAVSAFGVVGFVRFLEGYYIVLITKRRKMADIGGHA
LEGYYIV,0,,...[FWY]..[LVI],PLRRAVSAFGVVGFVRFLEGYYIVLITKRRKMADIGGHA
EGYYIVL,0,,...[FWY]..[LVI],PLRRAVSAFGVVGFVRFLEGYYIVLITKRRKMADIGGHA
EPNYLHI,0,,...[FWY]..[LVI],PLRGDYAMEPNYLHIWPRNTFMMIALPNMNKSFTCTLFM
RNTFMMI,0,,...[FWY]..[LVI],PLRGDYAMEPNYLHIWPRNTFMMIALPNMNKSFTCTLFM
RVAYVLV,0,,...[FWY]..[LVI],PLRVAYVLVCMLGLFVHEFFYSFLLFDLVYREETLLNVI
HEFFYSF,0,,...[FWY]..[WFY],PLRVAYVLVCMLGLFVHEFFYSFLLFDLVYREETLLNVI
EFFYSFL,0,,...[FWY]..[LVI],PLRVAYVLVCMLGLFVHEFFYSFLLFDLVYREETLLNVI
FYSFLLF,0,,...[FWY]..[WFY],PLRVAYVLVCMLGLFVHEFFYSFLLFDLVYREETLLNVI
FLLFDLV,0,,...[FWY]..[LVI],PLRVAYVLVCMLGLFVHEFFYSFLLFDLVYREETLLNVI
NCEWSIF,0,,...[FWY]..[WFY],PLRRCICSHLWMENLIQRYIWDGESNCEWSIFYVTVLAF
SIFYVTV,0,,...[FWY]..[LVI],PLRRCICSHLWMENLIQRYIWDGESNCEWSIFYVTVLAF
AAVYSFL,0,,...[FWY]..[LVI],PLRGSSLSPVTAAVYSFLTMILFCRF
MILFCRF,0,,...[FWY]..[WFY],PLRGSSLSPVTAAVYSFLTMILFCRF
LRGYEVW,0,,...[FWY]..[WFY],PLRGYEVWREFPDRLVGYPGRLHLWDHEMNKWKYESEWT
YEVWREF,0,,...[FWY]..[WFY],PLRGYEVWREFPDRLVGYPGRLHLWDHEMNKWKYESEWT
RLNYQEF,0,,...[FWY]..[WFY],PLRRDFDITGDNRLNYQEFKLYTIIYTDKLQKRQKTEEK
YQEFKLY,0,,...[FWY]..[WFY],PLRRDFDITGDNRLNYQEFKLYTIIYTDKLQKRQKTEEK
FKLYTII,0,,...[FWY]..[LVI],PLRRDFDITGDNRLNYQEFKLYTIIYTDKLQKRQKTEEK
SCRYYDF,0,,...[FWY]..[WFY],PLRGDGGNYSCRYYDFSIWSEPSALWSSW
YYDFSIW,0,,...[FWY]..[WFY],PLRGDGGNYSCRYYDFSIWSEPSALWSSW
SALWSSW,0,,...[FWY]..[WFY],PLRGDGGNYSCRYYDFSIWSEPSALWSSW
DKVWPHL,0,,...[FWY]..[LVI],PLRVDHDFFQDKVWPHLALRVPAFETLKVQSAWAGYYDY
VPAFETL,0,,...[FWY]..[LVI],PLRVDHDFFQDKVWPHLALRVPAFETLKVQSAWAGYYDY
QSAWAGY,0,,...[FWY]..[WFY],PLRVDHDFFQDKVWPHLALRVPAFETLKVQSAWAGYYDY
WAGYYDY,0,,...[FWY]..[WFY],PLRVDHDFFQDKVWPHLALRVPAFETLKVQSAWAGYYDY
NAIWRAW,0,,...[FWY]..[WFY],PLRRDKIRLNNAIWRAWYIQYVKRRKSPVCGFVTPLQGP
RAWYIQY,0,,...[FWY]..[WFY],PLRRDKIRLNNAIWRAWYIQYVKRRKSPVCGFVTPLQGP
EREFGFL,0,,...[FWY]..[LVI],PLRGETSLAEMIATLSDACEREFGFLATRLFRVFKTEDT
TRLFRVF,0,,...[FWY]..[WFY],PLRGETSLAEMIATLSDACEREFGFLATRLFRVFKTEDT
LRQYVPI,0,,...[FWY]..[LVI],PLRQYVPITHLDLRGNRLKTLPYEEVLEQIPGIAEILLE
TLPYEEV,0,,...[FWY]..[LVI],PLRQYVPITHLDLRGNRLKTLPYEEVLEQIPGIAEILLE
TEPFVIY,0,,...[FWY]..[WFY],PLRRDWQNTDKAVNWLRKEAINYTEPFVIYLGLNLPHPY
FVIYLGL,0,,...[FWY]..[LVI],PLRRDWQNTDKAVNWLRKEAINYTEPFVIYLGLNLPHPY
RRDYSAI,0,,...[FWY]..[LVI],PLRRDYSAILYLNGDFDGGNFYFTELDAKTVTAEVQPQG
NFYFTEL,0,,...[FWY]..[LVI],PLRRDYSAILYLNGDFDGGNFYFTELDAKTVTAEVQPQG
CKRWSHY,0,,...[FWY]..[WFY],PLRGEDNCKRWSHYWDDKYWFENTMQNFPAEYQIILKLQ
PAEYQII,0,,...[FWY]..[LVI],PLRGEDNCKRWSHYWDDKYWFENTMQNFPAEYQIILKLQ
QKGWMVL,0,,...[FWY]..[LVI],PLRWEAPRNADIQKGWMVLEYELQYKEVNKLNGK
ELQYKEV,0,,...[FWY]..[LVI],PLRWEAPRNADIQKGWMVLEYELQYKEVNKLNGK
ECTFLSY,0,,...[FWY]..[WFY],PLRGECTFLSYFVLFPGKGKGRHAVSLKSLGHFTPALGS
FLSYFVL,0,,...[FWY]..[LVI],PLRGECTFLSYFVLFPGKGKGRHAVSLKSLGHFTPALGS
LSYFVLF,0,,...[FWY]..[WFY],PLRGECTFLSYFVLFPGKGKGRHAVSLKSLGHFTPALGS
VCIWRGW,0,,...[FWY]..[WFY],PLRSEDSMGPPRVGRVLPTTNGTFPVCIWRGWWSCWLEQ
RGWWSCW,0,,...[FWY]..[WFY],PLRSEDSMGPPRVGRVLPTTNGTFPVCIWRGWWSCWLEQ
IRNYFQV,0,,...[FWY]..[LVI],PLRREDVPAHLVKDIRNYFQVSPEYFSMLLVGKDGNVKS
PEYFSML,0,,...[FWY]..[LVI],PLRREDVPAHLVKDIRNYFQVSPEYFSMLLVGKDGNVKS
QEAFATI,0,,...[FWY]..[LVI],PLRGQEAFATILLPNGADPNIMDFFGRTALHYAVYNEDT
ALHYAVY,0,,...[FWY]..[WFY],PLRGQEAFATILLPNGADPNIMDFFGRTALHYAVYNEDT
ISNFEYL,0,,...[FWY]..[LVI],PLRREISNFEYLMFLNTIAGRTYNDLNQYPVFPWVLTNY
NFEYLMF,0,,...[FWY]..[WFY],PLRREISNFEYLMFLNTIAGRTYNDLNQYPVFPWVLTNY
GRTYNDL,0,,...[FWY]..[LVI],PLRREISNFEYLMFLNTIAGRTYNDLNQYPVFPWVLTNY
LNQYPVF,0,,...[FWY]..[WFY],PLRREISNFEYLMFLNTIAGRTYNDLNQYPVFPWVLTNY
YPVFPWV,0,,...[FWY]..[LVI],PLRREISNFEYLMFLNTIAGRTYNDLNQYPVFPWVLTNY
EKQFKAF,0,,...[FWY]..[WFY],PLRVEKQFKAFRRGFHMVTNESPLKYLFRPEEIELLICG
RRGFHMV,0,,...[FWY]..[LVI],PLRVEKQFKAFRRGFHMVTNESPLKYLFRPEEIELLICG
DPKYGMF,0,,...[FWY]..[WFY],PLRRELLDPKYGMFRYLKVPVSFGFLIRHLRQ
YGMFRYL,0,,...[FWY]..[LVI],PLRRELLDPKYGMFRYLKVPVSFGFLIRHLRQ
MFRYLKV,0,,...[FWY]..[LVI],PLRRELLDPKYGMFRYLKVPVSFGFLIRHLRQ
PVSFGFL,0,,...[FWY]..[LVI],PLRRELLDPKYGMFRYLKVPVSFGFLIRHLRQ
LCPYDFL,0,,...[FWY]..[LVI],PLRVETHPETLCPYDFLKIQTDREEHGPFCGKTLPHRIE
PYDFLKI,0,,...[FWY]..[LVI],PLRVETHPETLCPYDFLKIQTDREEHGPFCGKTLPHRIE
VELWVQF,0,,...[FWY]..[WFY],PLRQREHEAQKQHSVELWVQFSHAMDALLFRLYLLFMAS
ALLFRLY,0,,...[FWY]..[WFY],PLRQREHEAQKQHSVELWVQFSHAMDALLFRLYLLFMAS
FRLYLLF,0,,...[FWY]..[WFY],PLRQREHEAQKQHSVELWVQFSHAMDALLFRLYLLFMAS
LLAWASW,0,,...[FWY]..[WFY],PLRMEVAGLFLGGRGAGQRVPSVLLAWASWRLLGCIPSP
WASWRLL,0,,...[FWY]..[LVI],PLRMEVAGLFLGGRGAGQRVPSVLLAWASWRLLGCIPSP
SDGYVRI,0,,...[FWY]..[LVI],PLRGEVITVGSDGYVRIWDFETIDTADVIDETGLLEIET
IWDFETI,0,,...[FWY]..[LVI],PLRGEVITVGSDGYVRIWDFETIDTADVIDETGLLEIET
LRVFFQF,0,,...[FWY]..[WFY],PLRVFFQFLNIMVVGITGAAVVITILKVFFPVSEYKGIL
RVFFQFL,0,,...[FWY]..[LVI],PLRVFFQFLNIMVVGITGAAVVITILKVFFPVSEYKGIL
FFQFLNI,0,,...[FWY]..[LVI],PLRVFFQFLNIMVVGITGAAVVITILKVFFPVSEYKGIL
LKVFFPV,0,,...[FWY]..[LVI],PLRVFFQFLNIMVVGITGAAVVITILKVFFPVSEYKGIL
VSEYKGI,0,,...[FWY]..[LVI],PLRVFFQFLNIMVVGITGAAVVITILKVFFPVSEYKGIL
ILHFRLF,0,,...[FWY]..[WFY],PLRGIGLLYSLSGPDPSTAILHFRLFVGARIYHTIAYLT
ARIYHTI,0,,...[FWY]..[LVI],PLRGIGLLYSLSGPDPSTAILHFRLFVGARIYHTIAYLT
MNTFASW,0,,...[FWY]..[WFY],PLRHFAQRQSCMNTFASWFGYMPLIHSQMHLDPVLFKDQ
FASWFGY,0,,...[FWY]..[WFY],PLRHFAQRQSCMNTFASWFGYMPLIHSQMHLDPVLFKDQ
WFGYMPL,0,,...[FWY]..[LVI],PLRHFAQRQSCMNTFASWFGYMPLIHSQMHLDPVLFKDQ
LRVFILF,0,,...[FWY]..[WFY],PLRVFILFRKAVFQRLKLWVSACASGLPTVTRRHRFPS
KAVFQRL,0,,...[FWY]..[LVI],PLRVFILFRKAVFQRLKLWVSACASGLPTVTRRHRFPS
LRGFKLL,0,,...[FWY]..[LVI],PLRGFKLLQAENCDIFQNLSAKQRLSLRRMVIDMVLATD
CDIFQNL,0,,...[FWY]..[LVI],PLRGFKLLQAENCDIFQNLSAKQRLSLRRMVIDMVLATD
LRVFLGI,0,,...[FWY]..[LVI],PLRVFLGIYVVTLMGNISIIVLIRRSHHLHTPMYIFLCH
TPMYIFL,0,,...[FWY]..[LVI],PLRVFLGIYVVTLMGNISIIVLIRRSHHLHTPMYIFLCH
VTSWYWL,0,,...[FWY]..[LVI],PLRRFYENGELCDVTLKVGSKLTLVTSWYWLVLFRTFV
TSWYWLV,0,,...[FWY]..[LVI],PLRRFYENGELCDVTLKVGSKLTLVTSWYWLVLFRTFV
SWYWLVL,0,,...[FWY]..[LVI],PLRRFYENGELCDVTLKVGSKLTLVTSWYWLVLFRTFV
LVLFRTF,0,,...[FWY]..[WFY],PLRRFYENGELCDVTLKVGSKLTLVTSWYWLVLFRTFV
KIQFTSL,0,,...[FWY]..[LVI],PLRRFPSTAIKIQFTSLYHKEEAPASPLRPLYPQISPLK
RPLYPQI,0,,...[FWY]..[LVI],PLRRFPSTAIKIQFTSLYHKEEAPASPLRPLYPQISPLK
LRHFSRF,0,,...[FWY]..[WFY],PLRHFSRFGTLVNLQVAYNGDPEGALIQFATYEEAKKAI
FSRFGTL,0,,...[FWY]..[LVI],PLRHFSRFGTLVNLQVAYNGDPEGALIQFATYEEAKKAI
LIQFATY,0,,...[FWY]..[WFY],PLRHFSRFGTLVNLQVAYNGDPEGALIQFATYEEAKKAI
TRMFAYF,0,,...[FWY]..[WFY],PLRWFTRMFAYFRRNAATWKNAVRHNLSLHKCFVRVENV
HKCFVRV,0,,...[FWY]..[LVI],PLRWFTRMFAYFRRNAATWKNAVRHNLSLHKCFVRVENV
EEEFMKI,0,,...[FWY]..[LVI],PLRGGSEEEFMKILDHLEVSCNKPSTNKTMLWNSFQISS
TMLWNSF,0,,...[FWY]..[WFY],PLRGGSEEEFMKILDHLEVSCNKPSTNKTMLWNSFQISS
SYYFAGF,0,,...[FWY]..[WFY],PLRVGIIGGKPKQSYYFAGFQDDSLIYMDPHYCQSFVDV
CQSFVDV,0,,...[FWY]..[LVI],PLRVGIIGGKPKQSYYFAGFQDDSLIYMDPHYCQSFVDV
LRGWMQL,0,,...[FWY]..[LVI],PLRGWMQLVILIYHISGASTFLPVYMHIRVLVAAYLFQT
ASTFLPV,0,,...[FWY]..[LVI],PLRGWMQLVILIYHISGASTFLPVYMHIRVLVAAYLFQT
LPVYMHI,0,,...[FWY]..[LVI],PLRGWMQLVILIYHISGASTFLPVYMHIRVLVAAYLFQT
EEKWNWL,0,,...[FWY]..[LVI],PLRRGNCWIINNCKTKCENMKKTEEKWNWLLLLEIDLLS
KWNWLLL,0,,...[FWY]..[LVI],PLRRGNCWIINNCKTKCENMKKTEEKWNWLLLLEIDLLS
PTVFAPV,0,,...[FWY]..[LVI],PLRLGPTVFAPVKMDLVGNIKKVNQKYITNKEEFTTLQK
KEEFTTL,0,,...[FWY]..[LVI],PLRLGPTVFAPVKMDLVGNIKKVNQKYITNKEEFTTLQK
IQLFDRI,0,,...[FWY]..[LVI],PLRGVSSLKGIQLFDRIKLFGMPAKHQPDLIYLRYVPLW
DLIYLRY,0,,...[FWY]..[WFY],PLRGVSSLKGIQLFDRIKLFGMPAKHQPDLIYLRYVPLW
YLRYVPL,0,,...[FWY]..[LVI],PLRGVSSLKGIQLFDRIKLFGMPAKHQPDLIYLRYVPLW
GTCYYTL,0,,...[FWY]..[LVI],PLRGNPLRGTCYYTLLIDYQFTFSLSQEDDRYYTAINFV
TCYYTLL,0,,...[FWY]..[LVI],PLRGNPLRGTCYYTLLIDYQFTFSLSQEDDRYYTAINFV
DRYYTAI,0,,...[FWY]..[LVI],PLRGNPLRGTCYYTLLIDYQFTFSLSQEDDRYYTAINFV
RRGWNIF,0,,...[FWY]..[WFY],PLRRGWNIFDSIVALLSFADVMNCVLQKRSWPFLRSFRV
WNIFDSI,0,,...[FWY]..[LVI],PLRRGWNIFDSIVALLSFADVMNCVLQKRSWPFLRSFRV
LLSFADV,0,,...[FWY]..[LVI],PLRRGWNIFDSIVALLSFADVMNCVLQKRSWPFLRSFRV
KRSWPFL,0,,...[FWY]..[LVI],PLRRGWNIFDSIVALLSFADVMNCVLQKRSWPFLRSFRV
INAYKGL,0,,...[FWY]..[LVI],PLRQKHDSFSHSRSRINAYKGLASPAYLSLSSEDPVMTA
SPAYLSL,0,,...[FWY]..[LVI],PLRQKHDSFSHSRSRINAYKGLASPAYLSLSSEDPVMTA
ERKFKEV,0,,...[FWY]..[LVI],PLRWHPDKNPENKEEAERKFKEVAEAYEVLSNDEKRGHL
AEAYEVL,0,,...[FWY]..[LVI],PLRWHPDKNPENKEEAERKFKEVAEAYEVLSNDEKRGHL
QFGYRKF,0,,...[FWY]..[WFY],PLRGRGRGRGRGRGRGRGGTRTHFDYQFGYRKFDGVEGP
YRKFDGV,0,,...[FWY]..[LVI],PLRGRGRGRGRGRGRGRGGTRTHFDYQFGYRKFDGVEGP
QEIWKKL,0,,...[FWY]..[LVI],PLRGLIQQEIWKKLQFPVVYCNLVARSFLSMC
KLQFPVV,0,,...[FWY]..[LVI],PLRGLIQQEIWKKLQFPVVYCNLVARSFLSMC
PVVYCNL,0,,...[FWY]..[LVI],PLRGLIQQEIWKKLQFPVVYCNLVARSFLSMC
MNMFLYF,0,,...[FWY]..[WFY],PLRMNMFLYFQTIIKEGMLTKQNNSFQRSKRRYFKLRGR
FLYFQTI,0,,...[FWY]..[LVI],PLRMNMFLYFQTIIKEGMLTKQNNSFQRSKRRYFKLRGR
KRRYFKL,0,,...[FWY]..[LVI],PLRMNMFLYFQTIIKEGMLTKQNNSFQRSKRRYFKLRGR
SLLFSTI,0,,...[FWY]..[LVI],PLRHHISLLFSTINSSANPFIYFFVGSSKKKRFKESLKV
ANPFIYF,0,,...[FWY]..[WFY],PLRHHISLLFSTINSSANPFIYFFVGSSKKKRFKESLKV
PFIYFFV,0,,...[FWY]..[LVI],PLRHHISLLFSTINSSANPFIYFFVGSSKKKRFKESLKV
RLHFQQF,0,,...[FWY]..[WFY],PLRRHLQMQATKELSSQRLHFQQFMEVLESRRDALLKQV
FQQFMEV,0,,...[FWY]..[LVI],PLRRHLQMQATKELSSQRLHFQQFMEVLESRRDALLKQV
QLVWIWV,0,,...[FWY]..[LVI],PLRGQLVWIWVFCFFILMTSCTIVFISPLIVRVIFSLM
IWVFCFF,0,,...[FWY]..[WFY],PLRGQLVWIWVFCFFILMTSCTIVFISPLIVRVIFSLM
VFCFFIL,0,,...[FWY]..[LVI],PLRGQLVWIWVFCFFILMTSCTIVFISPLIVRVIFSLM
PLRWIEI,0,,...[FWY]..[LVI],PLRWIEIYNFVQQLAERFVSPEMRLSFIVFSSQATIILP
IEIYNFV,0,,...[FWY]..[LVI],PLRWIEIYNFVQQLAERFVSPEMRLSFIVFSSQATIILP
RLSFIVF,0,,...[FWY]..[WFY],PLRWIEIYNFVQQLAERFVSPEMRLSFIVFSSQATIILP
RIGFVGL,0,,...[FWY]..[LVI],PLRRIGFVGLFRSVAIVSPFIFLLRRLPYCGHRVMTHTY
VGLFRSV,0,,...[FWY]..[LVI],PLRRIGFVGLFRSVAIVSPFIFLLRRLPYCGHRVMTHTY
VSPFIFL,0,,...[FWY]..[LVI],PLRRIGFVGLFRSVAIVSPFIFLLRRLPYCGHRVMTHTY
HLLFRVL,0,,...[FWY]..[LVI],PLRSILGMTPGFGIKHLLFRVLVMWACTLCVIYIVLVL
CVIYIVL,0,,...[FWY]..[LVI],PLRSILGMTPGFGIKHLLFRVLVMWACTLCVIYIVLVL
RKMYEEF,0,,...[FWY]..[WFY],PLRRILMGSTLRKRKMYEEFLSKVSILESLDKWERLTVT
LDKWERL,0,,...[FWY]..[LVI],PLRRILMGSTLRKRKMYEEFLSKVSILESLDKWERLTVT
PLRYHSY,0,,...[FWY]..[WFY],PLRYHSYDLPWFRTLSWYFLLCVNYFFYGETVTDYFFTL
LPWFRTL,0,,...[FWY]..[LVI],PLRYHSYDLPWFRTLSWYFLLCVNYFFYGETVTDYFFTL
TLSWYFL,0,,...[FWY]..[LVI],PLRYHSYDLPWFRTLSWYFLLCVNYFFYGETVTDYFFTL
LSWYFLL,0,,...[FWY]..[LVI],PLRYHSYDLPWFRTLSWYFLLCVNYFFYGETVTDYFFTL
CVNYFFY,0,,...[FWY]..[WFY],PLRYHSYDLPWFRTLSWYFLLCVNYFFYGETVTDYFFTL
TDYFFTL,0,,...[FWY]..[LVI],PLRYHSYDLPWFRTLSWYFLLCVNYFFYGETVTDYFFTL
PGEFRAI,0,,...[FWY]..[LVI],PLRSIRAAPGEFRAIVEMPSFYSHGLPRCSPYMKLTECQ
CSPYMKL,0,,...[FWY]..[LVI],PLRSIRAAPGEFRAIVEMPSFYSHGLPRCSPYMKLTECQ
SAGYVPV,0,,...[FWY]..[LVI],PLRGITGVGKSVIAKGLLNKIQESAGYVPVYLNFSAQTS
VPVYLNF,0,,...[FWY]..[WFY],PLRGITGVGKSVIAKGLLNKIQESAGYVPVYLNFSAQTS
VIVFRFF,0,,...[FWY]..[WFY],PLRVIVFRFFSICGKHVTLKMLLLTVVVSMYKSFFIVVD
VFRFFSI,0,,...[FWY]..[LVI],PLRVIVFRFFSICGKHVTLKMLLLTVVVSMYKSFFIVVD
VSMYKSF,0,,...[FWY]..[WFY],PLRVIVFRFFSICGKHVTLKMLLLTVVVSMYKSFFIVVD
YKSFFIV,0,,...[FWY]..[LVI],PLRVIVFRFFSICGKHVTLKMLLLTVVVSMYKSFFIVVD
KSFFIVV,0,,...[FWY]..[LVI],PLRVIVFRFFSICGKHVTLKMLLLTVVVSMYKSFFIVVD
GLVYKDW,0,,...[FWY]..[WFY],PLRGLVHKESGKKLGLGTVVGLVYKDWVRNWVLLLAWW
VRNWVLL,0,,...[FWY]..[LVI],PLRGLVHKESGKKLGLGTVVGLVYKDWVRNWVLLLAWW
RKAFIYY,0,,...[FWY]..[WFY],PLRRKAFIYYQPFQRHELLMLVRNRMNVSNVVKPLFIT
FIYYQPF,0,,...[FWY]..[WFY],PLRRKAFIYYQPFQRHELLMLVRNRMNVSNVVKPLFIT
DTFWMSF,0,,...[FWY]..[WFY],PLRRKANDTFWMSFTISFIIVGAILDQIILMFFNKDLRR
TISFIIV,0,,...[FWY]..[LVI],PLRRKANDTFWMSFTISFIIVGAILDQIILMFFNKDLRR
RLVFTDL,0,,...[FWY]..[LVI],PLRQKKSRLVFTDLQRRTLFAIFKENKRPSKEMQITISQ
RTLFAIF,0,,...[FWY]..[WFY],PLRQKKSRLVFTDLQRRTLFAIFKENKRPSKEMQITISQ
DIRYIVL,0,,...[FWY]..[LVI],PLRGKVKFDIRYIVLLRSVRPLRLFVYDVFWLRFSNRAF
LFVYDVF,0,,...[FWY]..[WFY],PLRGKVKFDIRYIVLLRSVRPLRLFVYDVFWLRFSNRAF
DVFWLRF,0,,...[FWY]..[WFY],PLRGKVKFDIRYIVLLRSVRPLRLFVYDVFWLRFSNRAF
SKDFQKV,0,,...[FWY]..[LVI],PLRSKILALHNMVQFSHSKDFQKVNRSVFSGVLQDINSS
RSVFSGV,0,,...[FWY]..[LVI],PLRSKILALHNMVQFSHSKDFQKVNRSVFSGVLQDINSS
TVHFFHL,0,,...[FWY]..[LVI],PLRGKQCLDFTVTVHFFHLLGCWFYSSRFPSALTWWLVQ
VHFFHLL,0,,...[FWY]..[LVI],PLRGKQCLDFTVTVHFFHLLGCWFYSSRFPSALTWWLVQ
ALTWWLV,0,,...[FWY]..[LVI],PLRGKQCLDFTVTVHFFHLLGCWFYSSRFPSALTWWLVQ
KKSFSCF,0,,...[FWY]..[WFY],PLRWKKSFSCFEKGIHNFESIEDATNAALLLCNTGRLMR
IHNFESI,0,,...[FWY]..[LVI],PLRWKKSFSCFEKGIHNFESIEDATNAALLLCNTGRLMR
LEYFRMY,0,,...[FWY]..[WFY],PLRVLEYFRMYAKEFDLLKYIRFKTTVCSVKKQPDFATS
AKEFDLL,0,,...[FWY]..[LVI],PLRVLEYFRMYAKEFDLLKYIRFKTTVCSVKKQPDFATS
LLKYIRF,0,,...[FWY]..[WFY],PLRVLEYFRMYAKEFDLLKYIRFKTTVCSVKKQPDFATS
IDVFFFL,0,,...[FWY]..[LVI],PLRRLIHIFTVSRNLGPKIIMLQRMLIDVFFFLFLFAVC
DVFFFLF,0,,...[FWY]..[WFY],PLRRLIHIFTVSRNLGPKIIMLQRMLIDVFFFLFLFAVC
VFFFLFL,0,,...[FWY]..[LVI],PLRRLIHIFTVSRNLGPKIIMLQRMLIDVFFFLFLFAVC
SYSFTSY,0,,...[FWY]..[WFY],PLRGLIKGDPAASLPIISYSFTSYSPYVTELIMESNVEL
FTSYSPY,0,,...[FWY]..[WFY],PLRGLIKGDPAASLPIISYSFTSYSPYVTELIMESNVEL
LKKYGDI,0,,...[FWY]..[LVI],PLRGLKKYGDIPEYVLAYIDYLSHLNEDNNTRVLFERVL
VLAYIDY,0,,...[FWY]..[WFY],PLRGLKKYGDIPEYVLAYIDYLSHLNEDNNTRVLFERVL
RVLFERV,0,,...[FWY]..[LVI],PLRGLKKYGDIPEYVLAYIDYLSHLNEDNNTRVLFERVL
LLQYDLI,0,,...[FWY]..[LVI],PLRSLLQYDLIGQTVSSETIKSNTGEYVIMTVYFHLQRK
MTVYFHL,0,,...[FWY]..[LVI],PLRSLLQYDLIGQTVSSETIKSNTGEYVIMTVYFHLQRK
NSMWFVY,0,,...[FWY]..[WFY],PLRGLLVYLLNWLNPPRLQMGSMTSTTLYNSMWFVYGSF
WFVYGSF,0,,...[FWY]..[WFY],PLRGLLVYLLNWLNPPRLQMGSMTSTTLYNSMWFVYGSF
LEIYHTL,0,,...[FWY]..[LVI],PLRGLSEEKAIEVYKKENLEIYHTLFWPLEWTVAGRENN
HTLFWPL,0,,...[FWY]..[LVI],PLRGLSEEKAIEVYKKENLEIYHTLFWPLEWTVAGRENN
LSGFLTI,0,,...[FWY]..[LVI],PLRWLSGFLTIFPPLMLLLQLDYCASNVIDHFACDYFPL
LTIFPPL,0,,...[FWY]..[LVI],PLRWLSGFLTIFPPLMLLLQLDYCASNVIDHFACDYFPL
ACDYFPL,0,,...[FWY]..[LVI],PLRWLSGFLTIFPPLMLLLQLDYCASNVIDHFACDYFPL
PLRWLSV,0,,...[FWY]..[LVI],PLRWLSVQRLFWDVSPGAPRGVPSFLQGMPATPSLPLSC
QRLFWDV,0,,...[FWY]..[LVI],PLRWLSVQRLFWDVSPGAPRGVPSFLQGMPATPSLPLSC
ELAFSAL,0,,...[FWY]..[LVI],PLRRLSYELAFSALKYQDILETILIDSCIFPSTTIPNHL
ALKYQDI,0,,...[FWY]..[LVI],PLRRLSYELAFSALKYQDILETILIDSCIFPSTTIPNHL
GIVFLAF,0,,...[FWY]..[WFY],PLRRMIAQKISVRTVTIIGGIVFLAFAFSALFIPDSGY
AFAFSAL,0,,...[FWY]..[LVI],PLRRMIAQKISVRTVTIIGGIVFLAFAFSALFIPDSGY
ALQYMNF,0,,...[FWY]..[WFY],PLRRMNKEVKDNQEMKSRILVIKAAEDSALQYMNFMNVI
YMNFMNV,0,,...[FWY]..[LVI],PLRRMNKEVKDNQEMKSRILVIKAAEDSALQYMNFMNVI
NQPFPGY,0,,...[FWY]..[WFY],PLRRMQNCTEANRNQPFPGYIDPDSLIVQDHYVFVQLTS
QDHYVFV,0,,...[FWY]..[LVI],PLRRMQNCTEANRNQPFPGYIDPDSLIVQDHYVFVQLTS
HYVFVQL,0,,...[FWY]..[LVI],PLRRMQNCTEANRNQPFPGYIDPDSLIVQDHYVFVQLTS
PLRWMTY,0,,...[FWY]..[WFY],PLRWMTYESVVTGFFPFFLIATVFSFSTGAASGTFSSS
WMTYESV,0,,...[FWY]..[LVI],PLRWMTYESVVTGFFPFFLIATVFSFSTGAASGTFSSS
VTGFFPF,0,,...[FWY]..[WFY],PLRWMTYESVVTGFFPFFLIATVFSFSTGAASGTFSSS
TGFFPFF,0,,...[FWY]..[WFY],PLRWMTYESVVTGFFPFFLIATVFSFSTGAASGTFSSS
FFPFFLI,0,,...[FWY]..[LVI],PLRWMTYESVVTGFFPFFLIATVFSFSTGAASGTFSSS
RSNFPRL,0,,...[FWY]..[LVI],PLRSNFPRLPGILAPETVLLPFCYKVFRKKEKVKRSQKA
PFCYKVF,0,,...[FWY]..[WFY],PLRSNFPRLPGILAPETVLLPFCYKVFRKKEKVKRSQKA
NSNWTKI,0,,...[FWY]..[LVI],PLRLNGINSLAKKNSNWTKIKLSKFNSVQHNKLDSQVSP
LSKFNSV,0,,...[FWY]..[LVI],PLRLNGINSLAKKNSNWTKIKLSKFNSVQHNKLDSQVSP
MEWWNDI,0,,...[FWY]..[LVI],PLRGNLVTMEWWNDIWLKEGFAKYMELIAVNATYPELQF
KEGFAKY,0,,...[FWY]..[WFY],PLRGNLVTMEWWNDIWLKEGFAKYMELIAVNATYPELQF
FAKYMEL,0,,...[FWY]..[LVI],PLRGNLVTMEWWNDIWLKEGFAKYMELIAVNATYPELQF
NATYPEL,0,,...[FWY]..[LVI],PLRGNLVTMEWWNDIWLKEGFAKYMELIAVNATYPELQF
NLSFSLF,0,,...[FWY]..[WFY],PLRWNLSFSLFIICISYLYIFPAI
CISYLYI,0,,...[FWY]..[LVI],PLRWNLSFSLFIICISYLYIFPAI
LYIFPAI,0,,...[FWY]..[LVI],PLRWNLSFSLFIICISYLYIFPAI
MVNFRNV,0,,...[FWY]..[LVI],PLRRNMVNFRNVVDGQPFTNWYDNGSNQVAFGRGNRGFI
GQPFTNW,0,,...[FWY]..[WFY],PLRRNMVNFRNVVDGQPFTNWYDNGSNQVAFGRGNRGFI
KLIYFSV,0,,...[FWY]..[LVI],PLRGNNEKLPVVIRVPKLIYFSVMSVCLMPVSILGFGDI
ILGFGDI,0,,...[FWY]..[LVI],PLRGNNEKLPVVIRVPKLIYFSVMSVCLMPVSILGFGDI
TDTYILF,0,,...[FWY]..[WFY],PLRRNPETDTYILFNPWWKMMLCIWTMRKNGRVCPE
YILFNPW,0,,...[FWY]..[WFY],PLRRNPETDTYILFNPWWKMMLCIWTMRKNGRVCPE
PLRWNQY,0,,...[FWY]..[WFY],PLRWNQYLEYQQSLLNESDGKSRWFYSPWLLVECYSR
WNQYLEY,0,,...[FWY]..[WFY],PLRWNQYLEYQQSLLNESDGKSRWFYSPWLLVECYSR
RWFYSPW,0,,...[FWY]..[WFY],PLRWNQYLEYQQSLLNESDGKSRWFYSPWLLVECYSR
YSPWLLV,0,,...[FWY]..[LVI],PLRWNQYLEYQQSLLNESDGKSRWFYSPWLLVECYSR
GTVFLGI,0,,...[FWY]..[LVI],PLRSNTGNGTVFLGIPGDNKQVVSEGFYFYMLKCVEDDT
SEGFYFY,0,,...[FWY]..[WFY],PLRSNTGNGTVFLGIPGDNKQVVSEGFYFYMLKCVEDDT
GFYFYML,0,,...[FWY]..[LVI],PLRSNTGNGTVFLGIPGDNKQVVSEGFYFYMLKCVEDDT
LRRWFHF,0,,...[FWY]..[WFY],PLRRPGCCGGRCGGRRCLRRWFHFWGAPVTIFMGNVVSY
RRWFHFW,0,,...[FWY]..[WFY],PLRRPGCCGGRCGGRRCLRRWFHFWGAPVTIFMGNVVSY
DLQYKYL,0,,...[FWY]..[LVI],PLRGPKRQNRILLLSEEKSLHQIDLDLQYKYLRFLLGLP
QYKYLRF,0,,...[FWY]..[WFY],PLRGPKRQNRILLLSEEKSLHQIDLDLQYKYLRFLLGLP
PDLYIEI,0,,...[FWY]..[LVI],PLRGPTLHDPDLYIEIVKNTKSVPEYSEVAYPDYFGHIP
VPEYSEV,0,,...[FWY]..[LVI],PLRGPTLHDPDLYIEIVKNTKSVPEYSEVAYPDYFGHIP
EVAYPDY,0,,...[FWY]..[WFY],PLRGPTLHDPDLYIEIVKNTKSVPEYSEVAYPDYFGHIP
PDYFGHI,0,,...[FWY]..[LVI],PLRGPTLHDPDLYIEIVKNTKSVPEYSEVAYPDYFGHIP
QMLFHYW,0,,...[FWY]..[WFY],PLRGPSQVKPPAVQMLFHYWPNLKPPGAISEYRGLQYTA
FHYWPNL,0,,...[FWY]..[LVI],PLRGPSQVKPPAVQMLFHYWPNLKPPGAISEYRGLQYTA
ISEYRGL,0,,...[FWY]..[LVI],PLRGPSQVKPPAVQMLFHYWPNLKPPGAISEYRGLQYTA
DDDFLSL,0,,...[FWY]..[LVI],PLRSPSYTVCVSEPDKDDDFLSLNFPRKLWKIVESDQFK
RKLWKIV,0,,...[FWY]..[LVI],PLRSPSYTVCVSEPDKDDDFLSLNFPRKLWKIVESDQFK
TGHYLHL,0,,...[FWY]..[LVI],PLRMPTDMEHTGHYLHLAFLMTTVFSLSPGTKANYTRLK
KANYTRL,0,,...[FWY]..[LVI],PLRMPTDMEHTGHYLHLAFLMTTVFSLSPGTKANYTRLK
DETYQDI,0,,...[FWY]..[LVI],PLRLRLARMNEEMRESEGLYGQPGDETYQDIFRDFSQMA
QDIFRDF,0,,...[FWY]..[WFY],PLRLRLARMNEEMRESEGLYGQPGDETYQDIFRDFSQMA
KLYYQQL,0,,...[FWY]..[LVI],PLRRQPKKLYYQQLKMKITDFENRRSFKCIWLNSQFREE
RRSFKCI,0,,...[FWY]..[LVI],PLRRQPKKLYYQQLKMKITDFENRRSFKCIWLNSQFREE
LSSFIIL,0,,...[FWY]..[LVI],PLRRQSGYKGHLSSFIILNLWPEFDIDTNLDEHFSPASR
LNLWPEF,0,,...[FWY]..[WFY],PLRRQSGYKGHLSSFIILNLWPEFDIDTNLDEHFSPASR
RDFFHGL,0,,...[FWY]..[LVI],PLRVRDFFHGLRVDAVHLLKDHVGRNNGNGLVNFSPLK
LVNFSPL,0,,...[FWY]..[LVI],PLRVRDFFHGLRVDAVHLLKDHVGRNNGNGLVNFSPLK
RDLWSLL,0,,...[FWY]..[LVI],PLRLRDLWSLLHHQKVSPEEITSLWSELFNSMFMAFQR
TSLWSEL,0,,...[FWY]..[LVI],PLRLRDLWSLLHHQKVSPEEITSLWSELFNSMFMAFQR
NSMFMAF,0,,...[FWY]..[WFY],PLRLRDLWSLLHHQKVSPEEITSLWSELFNSMFMAFQR
MDSYARI,0,,...[FWY]..[LVI],PLRHGRIHIRIAKMDSYARIFFPTAFCLFNLVYWVSYLY
PTAFCLF,0,,...[FWY]..[WFY],PLRHGRIHIRIAKMDSYARIFFPTAFCLFNLVYWVSYLY
FCLFNLV,0,,...[FWY]..[LVI],PLRHGRIHIRIAKMDSYARIFFPTAFCLFNLVYWVSYLY
LVYWVSY,0,,...[FWY]..[WFY],PLRHGRIHIRIAKMDSYARIFFPTAFCLFNLVYWVSYLY
PLRWRGF,0,,...[FWY]..[WFY],PLRWRGFVLTRSFRLACDSRRVSFSQSSSIFRDYYSKTF
SSIFRDY,0,,...[FWY]..[WFY],PLRWRGFVLTRSFRLACDSRRVSFSQSSSIFRDYYSKTF
PLRWRKI,0,,...[FWY]..[LVI],PLRWRKILTFEQAVARGFFNYIEKLKYEHHLKESLKQMN
ARGFFNY,0,,...[FWY]..[WFY],PLRWRKILTFEQAVARGFFNYIEKLKYEHHLKESLKQMN
RGFFNYI,0,,...[FWY]..[LVI],PLRWRKILTFEQAVARGFFNYIEKLKYEHHLKESLKQMN
CGPWQQV,0,,...[FWY]..[LVI],PLRVGLPVVQPGGECSCGPWQQVSILRWHGVLGKRGSPP
ILRWHGV,0,,...[FWY]..[LVI],PLRVGLPVVQPGGECSCGPWQQVSILRWHGVLGKRGSPP
RRDFAFV,0,,...[FWY]..[LVI],PLRWRQGRARRDFAFVFSDHFDLVVKSLRGLLFEMRSTR
SDHFDLV,0,,...[FWY]..[LVI],PLRWRQGRARRDFAFVFSDHFDLVVKSLRGLLFEMRSTR
HNRFKNI,0,,...[FWY]..[LVI],PLRLEKEINALQWEIEFDHNRFKNIEESWIQKYDRLNCE
IQKYDRL,0,,...[FWY]..[LVI],PLRLEKEINALQWEIEFDHNRFKNIEESWIQKYDRLNCE
SPLYSPV,0,,...[FWY]..[LVI],PLRGRVMIWELKSAVCNRNSRNSSSGVSPLYSPVSFCGI
PVSFCGI,0,,...[FWY]..[LVI],PLRGRVMIWELKSAVCNRNSRNSSSGVSPLYSPVSFCGI
RSEYYLI,0,,...[FWY]..[LVI],PLRRSEYYLIHVLGTLWYLPPLIVSLASYSLLIFSLGRH
LASYSLL,0,,...[FWY]..[LVI],PLRRSEYYLIHVLGTLWYLPPLIVSLASYSLLIFSLGRH
RLSFIFI,0,,...[FWY]..[LVI],PLRLSFIFIMGNHARESAVWAFLRGLGVQAGRKHVITCR
SAVWAFL,0,,...[FWY]..[LVI],PLRLSFIFIMGNHARESAVWAFLRGLGVQAGRKHVITCR
SGPWSEI,0,,...[FWY]..[LVI],PLRWSGPWSEISEEWQQLTASDRKNLGLVMSDDGEFWMS
SEEWQQL,0,,...[FWY]..[LVI],PLRWSGPWSEISEEWQQLTASDRKNLGLVMSDDGEFWMS
EIGFPPV,0,,...[FWY]..[LVI],PLRRSGYCKTRLEIGFPPVLERYTSVVTLVKPHLVKASC
LERYTSV,0,,...[FWY]..[LVI],PLRRSGYCKTRLEIGFPPVLERYTSVVTLVKPHLVKASC
QLSFISF,0,,...[FWY]..[WFY],PLRSSPGNRLQLSFISFQLEDSQDCSRDFVEIREGNATG
SRDFVEI,0,,...[FWY]..[LVI],PLRSSPGNRLQLSFISFQLEDSQDCSRDFVEIREGNATG
LFIYAAL,0,,...[FWY]..[LVI],PLRGSSVGLFIYAALQRMLVEFYGLDGCLLIVGALALNI
LVEFYGL,0,,...[FWY]..[LVI],PLRGSSVGLFIYAALQRMLVEFYGLDGCLLIVGALALNI
PLRWSSL,0,,...[FWY]..[LVI],PLRWSSLNLTSSKFEEFMTRHQVHEKEEFKALKTLSIFY
SSKFEEF,0,,...[FWY]..[WFY],PLRWSSLNLTSSKFEEFMTRHQVHEKEEFKALKTLSIFY
KEEFKAL,0,,...[FWY]..[LVI],PLRWSSLNLTSSKFEEFMTRHQVHEKEEFKALKTLSIFY
SSVWDTV,0,,...[FWY]..[LVI],PLRSSSVWDTVCLSARDVMAAYGLSEQAGVTPEAWAQLS
PEAWAQL,0,,...[FWY]..[LVI],PLRSSSVWDTVCLSARDVMAAYGLSEQAGVTPEAWAQLS
SSTYLLI,0,,...[FWY]..[LVI],PLRSSTYLLIHYMSPRSFLCLRRPWNWIAHFRNTTCFPA
PRSFLCL,0,,...[FWY]..[LVI],PLRSSTYLLIHYMSPRSFLCLRRPWNWIAHFRNTTCFPA
RRPWNWI,0,,...[FWY]..[LVI],PLRSSTYLLIHYMSPRSFLCLRRPWNWIAHFRNTTCFPA
SLRYHLF,0,,...[FWY]..[WFY],PLRLVTSLRYHLFIWSVFSPKLLYEGMHLLITAAVCVFF
LFIWSVF,0,,...[FWY]..[WFY],PLRLVTSLRYHLFIWSVFSPKLLYEGMHLLITAAVCVFF
RVTFTEV,0,,...[FWY]..[LVI],PLRVTFTEVVEGKEWGSFYYSFKTGAMILCGFLFVFTIV
GKEWGSF,0,,...[FWY]..[WFY],PLRVTFTEVVEGKEWGSFYYSFKTGAMILCGFLFVFTIV
GSFYYSF,0,,...[FWY]..[WFY],PLRVTFTEVVEGKEWGSFYYSFKTGAMILCGFLFVFTIV
LCGFLFV,0,,...[FWY]..[LVI],PLRVTFTEVVEGKEWGSFYYSFKTGAMILCGFLFVFTIV
LFVFTIV,0,,...[FWY]..[LVI],PLRVTFTEVVEGKEWGSFYYSFKTGAMILCGFLFVFTIV
LVDFSPV,0,,...[FWY]..[LVI],PLRLVDFSPVYRCLHIYSVLGDEETFENYYRKQRKKQAR
SPVYRCL,0,,...[FWY]..[LVI],PLRLVDFSPVYRCLHIYSVLGDEETFENYYRKQRKKQAR
LHIYSVL,0,,...[FWY]..[LVI],PLRLVDFSPVYRCLHIYSVLGDEETFENYYRKQRKKQAR
EETFENY,0,,...[FWY]..[WFY],PLRLVDFSPVYRCLHIYSVLGDEETFENYYRKQRKKQAR
NNMYCGY,0,,...[FWY]..[WFY],PLRRVDNIINSSAWVIRNAPDLNNMYCGYINRLYVQYYH
NRLYVQY,0,,...[FWY]..[WFY],PLRRVDNIINSSAWVIRNAPDLNNMYCGYINRLYVQYYH
DVEFEIL,0,,...[FWY]..[LVI],PLRMVEQIFDVEFEILGCSSMSLFERYIIDDPKAFYILA
MSLFERY,0,,...[FWY]..[WFY],PLRMVEQIFDVEFEILGCSSMSLFERYIIDDPKAFYILA
PKAFYIL,0,,...[FWY]..[LVI],PLRMVEQIFDVEFEILGCSSMSLFERYIIDDPKAFYILA
SLPYCGL,0,,...[FWY]..[LVI],PLRLVESVIILSVLGEWSLPYCGLDRLFLIFIGLFGLGG
DRLFLIF,0,,...[FWY]..[WFY],PLRLVESVIILSVLGEWSLPYCGLDRLFLIFIGLFGLGG
FLIFIGL,0,,...[FWY]..[LVI],PLRLVESVIILSVLGEWSLPYCGLDRLFLIFIGLFGLGG
SGNFIIV,0,,...[FWY]..[LVI],PLRRVFSESGNFIIVLYSMTHKEPEFYECFPCDGKIPDF
PEFYECF,0,,...[FWY]..[WFY],PLRRVFSESGNFIIVLYSMTHKEPEFYECFPCDGKIPDF
SANWMAV,0,,...[FWY]..[LVI],PLRRVIDLDEEFSANWMAVIFFISGNEGNWFEIEMNERT
EGNWFEI,0,,...[FWY]..[LVI],PLRRVIDLDEEFSANWMAVIFFISGNEGNWFEIEMNERT
PLRWVKL,0,,...[FWY]..[LVI],PLRWVKLYKSENLDNPIQTVSLGQSLFFHFPPLLRDGEN
QSLFFHF,0,,...[FWY]..[WFY],PLRWVKLYKSENLDNPIQTVSLGQSLFFHFPPLLRDGEN
FFHFPPL,0,,...[FWY]..[LVI],PLRWVKLYKSENLDNPIQTVSLGQSLFFHFPPLLRDGEN
TELWTYV,0,,...[FWY]..[LVI],PLRVVLVATELWTYVRWYTQLRRVLIISFLFSLGWNWMY
LWTYVRW,0,,...[FWY]..[WFY],PLRVVLVATELWTYVRWYTQLRRVLIISFLFSLGWNWMY
VRWYTQL,0,,...[FWY]..[LVI],PLRVVLVATELWTYVRWYTQLRRVLIISFLFSLGWNWMY
MTQFLSI,0,,...[FWY]..[LVI],PLRLVPQELTMTQFLSIIRSRMVLRATEAFYLLVNTRA
TEAFYLL,0,,...[FWY]..[LVI],PLRLVPQELTMTQFLSIIRSRMVLRATEAFYLLVNTRA
EAFYLLV,0,,...[FWY]..[LVI],PLRLVPQELTMTQFLSIIRSRMVLRATEAFYLLVNTRA
SDSYTTV,0,,...[FWY]..[LVI],PLRRVRRQSFTARSDSYTTVRDFLAVPRTISSTSATLTM
VRDFLAV,0,,...[FWY]..[LVI],PLRRVRRQSFTARSDSYTTVRDFLAVPRTISSTSATLTM
SKVFFTL,0,,...[FWY]..[LVI],PLRRVSSKVFFTLFALLGFFICFFGHRFWKTELFFIGFI
KVFFTLF,0,,...[FWY]..[WFY],PLRRVSSKVFFTLFALLGFFICFFGHRFWKTELFFIGFI
FTLFALL,0,,...[FWY]..[LVI],PLRRVSSKVFFTLFALLGFFICFFGHRFWKTELFFIGFI
LGFFICF,0,,...[FWY]..[WFY],PLRRVSSKVFFTLFALLGFFICFFGHRFWKTELFFIGFI
ELFFIGF,0,,...[FWY]..[WFY],PLRRVSSKVFFTLFALLGFFICFFGHRFWKTELFFIGFI
QGNYEPI,0,,...[FWY]..[LVI],PLRLVSVNVQGNYEPIDATGFININYLRLKEYHYFQSKV
ATGFINI,0,,...[FWY]..[LVI],PLRLVSVNVQGNYEPIDATGFININYLRLKEYHYFQSKV
NINYLRL,0,,...[FWY]..[LVI],PLRLVSVNVQGNYEPIDATGFININYLRLKEYHYFQSKV
LKEYHYF,0,,...[FWY]..[WFY],PLRLVSVNVQGNYEPIDATGFININYLRLKEYHYFQSKV
TTAFFSV,0,,...[FWY]..[LVI],PLRSVTTAFFSVITSILLDSSFSVIANKNTPSLAVRDPS
TAFFSVI,0,,...[FWY]..[LVI],PLRSVTTAFFSVITSILLDSSFSVIANKNTPSLAVRDPS
DSSFSVI,0,,...[FWY]..[LVI],PLRSVTTAFFSVITSILLDSSFSVIANKNTPSLAVRDPS
PLRWVYW,0,,...[FWY]..[WFY],PLRWVYWIMTLLFLGTTGSPVQNEQGFVEFKISGPLQYM
EQGFVEF,0,,...[FWY]..[WFY],PLRWVYWIMTLLFLGTTGSPVQNEQGFVEFKISGPLQYM
LRRWAIL,0,,...[FWY]..[LVI],PLRRWAILFMALYPNIQGQVQKEIDLIMGPNGKPSWDDK
AILFMAL,0,,...[FWY]..[LVI],PLRRWAILFMALYPNIQGQVQKEIDLIMGPNGKPSWDDK
MALYPNI,0,,...[FWY]..[LVI],PLRRWAILFMALYPNIQGQVQKEIDLIMGPNGKPSWDDK
LRRWEYF,0,,...[FWY]..[WFY],PLRRWEYFIAAEEVIWDYAPVIPANMTKNTVLSIWIIS
IWDYAPV,0,,...[FWY]..[LVI],PLRRWEYFIAAEEVIWDYAPVIPANMTKNTVLSIWIIS
HQLFHIF,0,,...[FWY]..[WFY],PLRRWFPGSCHVFGQGHQLFHIFLVL
FHIFLVL,0,,...[FWY]..[LVI],PLRRWFPGSCHVFGQGHQLFHIFLVL
LRRWLSF,0,,...[FWY]..[WFY],PLRRWLSFEGMLLFYTDFMGEVVFQGDPKAPHTSEAYQK
LLFYTDF,0,,...[FWY]..[WFY],PLRRWLSFEGMLLFYTDFMGEVVFQGDPKAPHTSEAYQK
LRVWSIV,0,,...[FWY]..[LVI],PLRVWSIVGLSGFHTYLISSNQTTNEDIKGSWSNKRGKE
LSGFHTY,0,,...[FWY]..[WFY],PLRVWSIVGLSGFHTYLISSNQTTNEDIKGSWSNKRGKE
LRVWTPI,0,,...[FWY]..[LVI],PLRVWTPIEKRLFKKAFYAHKKDFYLIHKMIQTKTVAQC
KKDFYLI,0,,...[FWY]..[LVI],PLRVWTPIEKRLFKKAFYAHKKDFYLIHKMIQTKTVAQC
LRVWVAY,0,,...[FWY]..[WFY],PLRVWVAYQQKFFCGEQYILEKGKYKCFFDWGGSNNIIM
KGKYKCF,0,,...[FWY]..[WFY],PLRVWVAYQQKFFCGEQYILEKGKYKCFFDWGGSNNIIM
YKCFFDW,0,,...[FWY]..[WFY],PLRVWVAYQQKFFCGEQYILEKGKYKCFFDWGGSNNIIM
LRRYEEF,0,,...[FWY]..[WFY],PLRRYEEFQEHKTEKPSLSQQAAHYMFFPSVVLSNCLTR
AAHYMFF,0,,...[FWY]..[WFY],PLRRYEEFQEHKTEKPSLSQQAAHYMFFPSVVLSNCLTR
YMFFPSV,0,,...[FWY]..[LVI],PLRRYEEFQEHKTEKPSLSQQAAHYMFFPSVVLSNCLTR
LRRYFHI,0,,...[FWY]..[LVI],PLRRYFHILSALLHLHPPWKSPAMSRYYLELFQCPTCMK
RRYFHIL,0,,...[FWY]..[LVI],PLRRYFHILSALLHLHPPWKSPAMSRYYLELFQCPTCMK
SRYYLEL,0,,...[FWY]..[LVI],PLRRYFHILSALLHLHPPWKSPAMSRYYLELFQCPTCMK
ECLFRYY,0,,...[FWY]..[WFY],PLRRYGLECLFRYYSYGLEKKLRLDIFKDFQEETVKDYE
LFRYYSY,0,,...[FWY]..[WFY],PLRRYGLECLFRYYSYGLEKKLRLDIFKDFQEETVKDYE
LDIFKDF,0,,...[FWY]..[WFY],PLRRYGLECLFRYYSYGLEKKLRLDIFKDFQEETVKDYE
LRRYIQV,0,,...[FWY]..[LVI],PLRRYIQVKAAASAHRLQMVAYWIRLRRPRTCWAPLRV
VAYWIRL,0,,...[FWY]..[LVI],PLRRYIQVKAAASAHRLQMVAYWIRLRRPRTCWAPLRV
RTCWAPL,0,,...[FWY]..[LVI],PLRRYIQVKAAASAHRLQMVAYWIRLRRPRTCWAPLRV
LRRYKGY,0,,...[FWY]..[WFY],PLRRYKGYMKALNGFVKLGLINREALPAFRPEANPLTWK
LNGFVKL,0,,...[FWY]..[LVI],PLRRYKGYMKALNGFVKLGLINREALPAFRPEANPLTWK
RYPWMAF,0,,...[FWY]..[WFY],PLRRYPWMAFPRNSIMHLNHTANPTSNSNFLDLNLPPQH
NSNFLDL,0,,...[FWY]..[LVI],PLRRYPWMAFPRNSIMHLNHTANPTSNSNFLDLNLPPQH
LRSYYVI,0,,...[FWY]..[LVI],PLRSYYVIYFELETFYQQLYKTQWWGAINEIVNNLRLKR
RSYYVIY,0,,...[FWY]..[WFY],PLRSYYVIYFELETFYQQLYKTQWWGAINEIVNNLRLKR
YVIYFEL,0,,...[FWY]..[LVI],PLRSYYVIYFELETFYQQLYKTQWWGAINEIVNNLRLKR
ETFYQQL,0,,...[FWY]..[LVI],PLRSYYVIYFELETFYQQLYKTQWWGAINEIVNNLRLKR
TQWWGAI,0,,...[FWY]..[LVI],PLRSYYVIYFELETFYQQLYKTQWWGAINEIVNNLRLKR
RKVWLLF,0,,...[FWY]..[WFY],PLRHSDRKVWLLFDYAEHDLWHIIKFHRASKANKKPMQL
HDLWHII,0,,...[FWY]..[LVI],PLRHSDRKVWLLFDYAEHDLWHIIKFHRASKANKKPMQL
QSFFDTL,0,,...[FWY]..[LVI],PLRLALCHRARNQSFFDTLQEGWPTLCFVETLQRWMESP
QEGWPTL,0,,...[FWY]..[LVI],PLRLALCHRARNQSFFDTLQEGWPTLCFVETLQRWMESP
HARFYFL,0,,...[FWY]..[LVI],PLRHARFYFLFHRPLRLLNLLILIEGSVVFYQLYSLLRS
ARFYFLF,0,,...[FWY]..[WFY],PLRHARFYFLFHRPLRLLNLLILIEGSVVFYQLYSLLRS
SVVFYQL,0,,...[FWY]..[LVI],PLRHARFYFLFHRPLRLLNLLILIEGSVVFYQLYSLLRS
VVFYQLY,0,,...[FWY]..[WFY],PLRHARFYFLFHRPLRLLNLLILIEGSVVFYQLYSLLRS
YQLYSLL,0,,...[FWY]..[LVI],PLRHARFYFLFHRPLRLLNLLILIEGSVVFYQLYSLLRS
KPNYVCF,0,,...[FWY]..[WFY],PLRHVLKPNYVCFFGYPSFKYSHPHHFLKTTAALRGQVV
YVCFFGY,0,,...[FWY]..[WFY],PLRHVLKPNYVCFFGYPSFKYSHPHHFLKTTAALRGQVV
FFGYPSF,0,,...[FWY]..[WFY],PLRHVLKPNYVCFFGYPSFKYSHPHHFLKTTAALRGQVV
GPAWNVL,0,,...[FWY]..[LVI],PLRHDQRTGPAWNVLMWTMLFLGQGIQVSLYCQEWYARR
VLMWTML,0,,...[FWY]..[LVI],PLRHDQRTGPAWNVLMWTMLFLGQGIQVSLYCQEWYARR
LRHYKFF,0,,...[FWY]..[WFY],PLRHYKFFRDVSSDVFYILQLAYDSTSYYSANNLNVFLM
YKFFRDV,0,,...[FWY]..[LVI],PLRHYKFFRDVSSDVFYILQLAYDSTSYYSANNLNVFLM
SDVFYIL,0,,...[FWY]..[LVI],PLRHYKFFRDVSSDVFYILQLAYDSTSYYSANNLNVFLM
LRHWVTV,0,,...[FWY]..[LVI],PLRHWVTVVTLETTLIIHRETVVTREAIGIIPWITVVTH
IIPWITV,0,,...[FWY]..[LVI],PLRHWVTVVTLETTLIIHRETVVTREAIGIIPWITVVTH
PESFFTW,0,,...[FWY]..[WFY],PLRHEEPESFFTWFTDHSDAGADELGEVIKDDIWPNPLQ
ESFFTWF,0,,...[FWY]..[WFY],PLRHEEPESFFTWFTDHSDAGADELGEVIKDDIWPNPLQ
GALYCLL,0,,...[FWY]..[LVI],PLRPDRQGVTQQQFKGALYCLLGNHSGVCLANLHDWDCI
LHDWDCI,0,,...[FWY]..[LVI],PLRPDRQGVTQQQFKGALYCLLGNHSGVCLANLHDWDCI
QKLFHLF,0,,...[FWY]..[WFY],PLRHVENYVCQKLFHLFRIIRNLGLVYHKSVKLLQKKI
FHLFRII,0,,...[FWY]..[LVI],PLRHVENYVCQKLFHLFRIIRNLGLVYHKSVKLLQKKI
LRLFDAF,0,,...[FWY]..[WFY],PLRLFDAFVSVLGLLQKEKVAVEAFQICCLLLPPENLV
FDAFVSV,0,,...[FWY]..[LVI],PLRLFDAFVSVLGLLQKEKVAVEAFQICCLLLPPENLV
AEAFVYF,0,,...[FWY]..[WFY],PLRHFRAEAFVYFYWYSLLIWLI
AFVYFYW,0,,...[FWY]..[WFY],PLRHFRAEAFVYFYWYSLLIWLI
FVYFYWY,0,,...[FWY]..[WFY],PLRHFRAEAFVYFYWYSLLIWLI
YFYWYSL,0,,...[FWY]..[LVI],PLRHFRAEAFVYFYWYSLLIWLI
FYWYSLL,0,,...[FWY]..[LVI],PLRHFRAEAFVYFYWYSLLIWLI
LRYFRSL,0,,...[FWY]..[LVI],PLRYFRSLLDEHHISYVIDEDVKSGRYMELEQRYMDLAE
SGRYMEL,0,,...[FWY]..[LVI],PLRYFRSLLDEHHISYVIDEDVKSGRYMELEQRYMDLAE
EQRYMDL,0,,...[FWY]..[LVI],PLRYFRSLLDEHHISYVIDEDVKSGRYMELEQRYMDLAE
KPQWHDL,0,,...[FWY]..[LVI],PLRLGASEKNERLLMKPQWHDLLPCKLGIWFCLTLKALP
LGIWFCL,0,,...[FWY]..[LVI],PLRLGASEKNERLLMKPQWHDLLPCKLGIWFCLTLKALP
SVLYFSW,0,,...[FWY]..[WFY],PLRHGQGIQYLFEDDPSVLYFSWHRYEHGRFWPFLRESD
YFSWHRY,0,,...[FWY]..[WFY],PLRHGQGIQYLFEDDPSVLYFSWHRYEHGRFWPFLRESD
HGRFWPF,0,,...[FWY]..[WFY],PLRHGQGIQYLFEDDPSVLYFSWHRYEHGRFWPFLRESD
GRFWPFL,0,,...[FWY]..[LVI],PLRHGQGIQYLFEDDPSVLYFSWHRYEHGRFWPFLRESD
VEIYVIV,0,,...[FWY]..[LVI],PLRLPQFLGMYRLNVDGVEIYVIVTRNVFSHRLSVYRKY
LSVYRKY,0,,...[FWY]..[WFY],PLRLPQFLGMYRLNVDGVEIYVIVTRNVFSHRLSVYRKY
KMFFREL,0,,...[FWY]..[LVI],PLRITGALKMFFRELPEPLFTFIILMILLM
EPLFTFI,0,,...[FWY]..[LVI],PLRITGALKMFFRELPEPLFTFIILMILLM
LFTFIIL,0,,...[FWY]..[LVI],PLRITGALKMFFRELPEPLFTFIILMILLM
HHDFPSI,0,,...[FWY]..[LVI],PLRHHDFPSIPGYNLPLVRKIAPEYYDHLPQHHSWVKVL
PEYYDHL,0,,...[FWY]..[LVI],PLRHHDFPSIPGYNLPLVRKIAPEYYDHLPQHHSWVKVL
HHSWVKV,0,,...[FWY]..[LVI],PLRHHDFPSIPGYNLPLVRKIAPEYYDHLPQHHSWVKVL
LPKFYLL,0,,...[FWY]..[LVI],PLRLHFSEETKQVLRLSLTEFSLPKFYLLFGISKVKSAA
PKFYLLF,0,,...[FWY]..[WFY],PLRLHFSEETKQVLRLSLTEFSLPKFYLLFGISKVKSAA
ASQYFML,0,,...[FWY]..[LVI],PLRHQGTASQYFMLLLLTDGAVTDVEATREAVVRASNLP
SQYFMLL,0,,...[FWY]..[LVI],PLRHQGTASQYFMLLLLTDGAVTDVEATREAVVRASNLP
LAVFVTL,0,,...[FWY]..[LVI],PLRLILAVFVTLWRRPWLMVIPVLFAAFSLSFRWYLNF
RRPWLMV,0,,...[FWY]..[LVI],PLRLILAVFVTLWRRPWLMVIPVLFAAFSLSFRWYLNF
PVLFAAF,0,,...[FWY]..[WFY],PLRLILAVFVTLWRRPWLMVIPVLFAAFSLSFRWYLNF
HQGWAAI,0,,...[FWY]..[LVI],PLRQHQGWAAIMANLEDCSNSYQKLLFKFESIYSNYLQS
SNSYQKL,0,,...[FWY]..[LVI],PLRQHQGWAAIMANLEDCSNSYQKLLFKFESIYSNYLQS
LFKFESI,0,,...[FWY]..[LVI],PLRQHQGWAAIMANLEDCSNSYQKLLFKFESIYSNYLQS
ESIYSNY,0,,...[FWY]..[WFY],PLRQHQGWAAIMANLEDCSNSYQKLLFKFESIYSNYLQS
RQVYLQI,0,,...[FWY]..[LVI],PLRHQRQVYLQIRSSVIIIQARSKGFIQKWKFQEIKNST
KWKFQEI,0,,...[FWY]..[LVI],PLRHQRQVYLQIRSSVIIIQARSKGFIQKWKFQEIKNST
AVAYHNI,0,,...[FWY]..[LVI],PLRQIAVAYHNIRDIDKALSIFNELRKQDPYRIENMDTF
LSIFNEL,0,,...[FWY]..[LVI],PLRQIAVAYHNIRDIDKALSIFNELRKQDPYRIENMDTF
EDEFDAY,0,,...[FWY]..[WFY],PLRHIEDEFDAYIIVSFVNATLVLSIGETVEEVTDSGFL
FDAYIIV,0,,...[FWY]..[LVI],PLRHIEDEFDAYIIVSFVNATLVLSIGETVEEVTDSGFL
RHIFATY,0,,...[FWY]..[WFY],PLRHIFATYPAPYLSLANAFADQVVATMILLIIVFAIFD
PAPYLSL,0,,...[FWY]..[LVI],PLRHIFATYPAPYLSLANAFADQVVATMILLIIVFAIFD
IIVFAIF,0,,...[FWY]..[WFY],PLRHIFATYPAPYLSLANAFADQVVATMILLIIVFAIFD
KPRYDTF,0,,...[FWY]..[WFY],PLRHTGDGKPRYDTFWKHFIFVMMDILLDWSMHNILWYP
DTFWKHF,0,,...[FWY]..[WFY],PLRHTGDGKPRYDTFWKHFIFVMMDILLDWSMHNILWYP
WKHFIFV,0,,...[FWY]..[LVI],PLRHTGDGKPRYDTFWKHFIFVMMDILLDWSMHNILWYP
ENGYYNF,0,,...[FWY]..[WFY],PLRYIGPNCNKCENGYYNFDSICRKCQCHGHVDPVKTPK
YYNFDSI,0,,...[FWY]..[LVI],PLRYIGPNCNKCENGYYNFDSICRKCQCHGHVDPVKTPK
RSVFQTI,0,,...[FWY]..[LVI],PLRLIGRHPKQEKRSVFQTINQFLDLTLFTHRGFLLYLS
INQFLDL,0,,...[FWY]..[LVI],PLRLIGRHPKQEKRSVFQTINQFLDLTLFTHRGFLLYLS
HRGFLLY,0,,...[FWY]..[WFY],PLRLIGRHPKQEKRSVFQTINQFLDLTLFTHRGFLLYLS
RDTYEGL,0,,...[FWY]..[LVI],PLRNIPHLQTRDTYEGLCQTLGSQPTLYQIPSLYCSYET
PSLYCSY,0,,...[FWY]..[WFY],PLRNIPHLQTRDTYEGLCQTLGSQPTLYQIPSLYCSYET
VVTYSDL,0,,...[FWY]..[LVI],PLRLISRDEKSVLVVTYSDLKRCFENTFQELIAAANGHL
ENTFQEL,0,,...[FWY]..[LVI],PLRLISRDEKSVLVVTYSDLKRCFENTFQELIAAANGHL
IVGYQFI,0,,...[FWY]..[LVI],PLRYIVGYQFIQTDNYYFSFGLYGAFLASHLIIQSLFAF
DNYYFSF,0,,...[FWY]..[WFY],PLRYIVGYQFIQTDNYYFSFGLYGAFLASHLIIQSLFAF
YFSFGLY,0,,...[FWY]..[WFY],PLRYIVGYQFIQTDNYYFSFGLYGAFLASHLIIQSLFAF
FGLYGAF,0,,...[FWY]..[WFY],PLRYIVGYQFIQTDNYYFSFGLYGAFLASHLIIQSLFAF
NILWYLV,0,,...[FWY]..[LVI],PLRHNILWYLVVFQLSSCKRILYPRPT
ILWYLVV,0,,...[FWY]..[LVI],PLRHNILWYLVVFQLSSCKRILYPRPT
LKVWKGL,0,,...[FWY]..[LVI],PLRRKLRKYIVARTQRAAGGFTHDELLKVWKGLFYCMWM
GLFYCMW,0,,...[FWY]..[WFY],PLRRKLRKYIVARTQRAAGGFTHDELLKVWKGLFYCMWM
HKRYVEL,0,,...[FWY]..[LVI],PLRHKRYVELTDLEQKWKNLCLPKEKFKALLQLDPCENK
EQKWKNL,0,,...[FWY]..[LVI],PLRHKRYVELTDLEQKWKNLCLPKEKFKALLQLDPCENK
KEKFKAL,0,,...[FWY]..[LVI],PLRHKRYVELTDLEQKWKNLCLPKEKFKALLQLDPCENK
SDLFYFI,0,,...[FWY]..[LVI],PLRQKNFILKRLFWKTSDLFYFIVNKLHEYLPESRDKNA
DLFYFIV,0,,...[FWY]..[LVI],PLRQKNFILKRLFWKTSDLFYFIVNKLHEYLPESRDKNA
HKTFSEI,0,,...[FWY]..[LVI],PLRHKTFSEILNRVQKAVDDLNLHSYSNLPIWVNKLDME
LHSYSNL,0,,...[FWY]..[LVI],PLRHKTFSEILNRVQKAVDDLNLHSYSNLPIWVNKLDME
TKAFLFY,0,,...[FWY]..[WFY],PLRHMTKAFLFYGTDFNIDSLPLPRKAHHDWAVFHEESP
HHDWAVF,0,,...[FWY]..[WFY],PLRHMTKAFLFYGTDFNIDSLPLPRKAHHDWAVFHEESP
DETFTFY,0,,...[FWY]..[WFY],PLRPDKRHRVKTRVLRKTLDPVFDETFTFYVIPYSQLQD
TFTFYVI,0,,...[FWY]..[LVI],PLRPDKRHRVKTRVLRKTLDPVFDETFTFYVIPYSQLQD
VIPYSQL,0,,...[FWY]..[LVI],PLRPDKRHRVKTRVLRKTLDPVFDETFTFYVIPYSQLQD
DLLWASV,0,,...[FWY]..[LVI],PLRHLDEQGQVIDLLWASVSSPINWSKVISKTAGTMFTL
PINWSKV,0,,...[FWY]..[LVI],PLRHLDEQGQVIDLLWASVSSPINWSKVISKTAGTMFTL
LLEFWTF,0,,...[FWY]..[WFY],PLRLLEFWTFLSRMLFSWCLLSLVF
LEFWTFL,0,,...[FWY]..[LVI],PLRLLEFWTFLSRMLFSWCLLSLVF
LFSWCLL,0,,...[FWY]..[LVI],PLRLLEFWTFLSRMLFSWCLLSLVF
LEEYYSL,0,,...[FWY]..[LVI],PLRLLGGIQVVYIEELQPVLTLEEYYSLLDVFYNRLLKS
EEYYSLL,0,,...[FWY]..[LVI],PLRLLGGIQVVYIEELQPVLTLEEYYSLLDVFYNRLLKS
DVFYNRL,0,,...[FWY]..[LVI],PLRLLGGIQVVYIEELQPVLTLEEYYSLLDVFYNRLLKS
IKKYKYF,0,,...[FWY]..[WFY],PLRHLKECIDQYEKEKAEREVSIKKYKYFSTFLKENGLG
YKYFSTF,0,,...[FWY]..[WFY],PLRHLKECIDQYEKEKAEREVSIKKYKYFSTFLKENGLG
QDKFEHL,0,,...[FWY]..[LVI],PLRQLQDKFEHLKMIQQEEFVNWRKRKNNWKVKSLIFI
QEEFVNW,0,,...[FWY]..[WFY],PLRQLQDKFEHLKMIQQEEFVNWRKRKNNWKVKSLIFI
EKGYCFV,0,,...[FWY]..[LVI],PLRHLMNLFTYEKGYCFVYYLSQLCGDPQRFDDFLRAYV
GYCFVYY,0,,...[FWY]..[WFY],PLRHLMNLFTYEKGYCFVYYLSQLCGDPQRFDDFLRAYV
PQRFDDF,0,,...[FWY]..[WFY],PLRHLMNLFTYEKGYCFVYYLSQLCGDPQRFDDFLRAYV
IISFDEF,0,,...[FWY]..[WFY],PLRLLNIDSNGIISFDEFVLAIFNLLTSVILTLNHY
LAIFNLL,0,,...[FWY]..[LVI],PLRLLNIDSNGIISFDEFVLAIFNLLTSVILTLNHY
LIVWLLV,0,,...[FWY]..[LVI],PLRLLPTYNERENLPLIVWLLVKSFSESGINYEIIIIDD
GINYEII,0,,...[FWY]..[LVI],PLRLLPTYNERENLPLIVWLLVKSFSESGINYEIIIIDD
SRKFLTI,0,,...[FWY]..[LVI],PLRQMDYGVQFTASRKFLTITPIVLYFLTSFYTKYDQIH
TSFYTKY,0,,...[FWY]..[WFY],PLRQMDYGVQFTASRKFLTITPIVLYFLTSFYTKYDQIH
YTKYDQI,0,,...[FWY]..[LVI],PLRQMDYGVQFTASRKFLTITPIVLYFLTSFYTKYDQIH
SRKFFTI,0,,...[FWY]..[LVI],PLRQLDYGVQFTSSRKFFTISPIILYFLASFYTKYDPTH
ASFYTKY,0,,...[FWY]..[WFY],PLRQLDYGVQFTSSRKFFTISPIILYFLASFYTKYDPTH
RLNYAAL,0,,...[FWY]..[LVI],PLRLNYAALVSGAGPSQAALWAKSPGVLAGQPFFDAIFT
QPFFDAI,0,,...[FWY]..[LVI],PLRLNYAALVSGAGPSQAALWAKSPGVLAGQPFFDAIFT
HTCFNRL,0,,...[FWY]..[LVI],PLRHTCFNRLDLPPYETFEDLREKLLMAVENAQGFEGVD
LPPYETF,0,,...[FWY]..[WFY],PLRHTCFNRLDLPPYETFEDLREKLLMAVENAQGFEGVD
YETFEDL,0,,...[FWY]..[LVI],PLRHTCFNRLDLPPYETFEDLREKLLMAVENAQGFEGVD
AQGFEGV,0,,...[FWY]..[LVI],PLRHTCFNRLDLPPYETFEDLREKLLMAVENAQGFEGVD
RNPFVQI,0,,...[FWY]..[LVI],PLRNPFVQIQNHQHALVKSHFTHCHLVQYLLLRSLA
LVQYLLL,0,,...[FWY]..[LVI],PLRNPFVQIQNHQHALVKSHFTHCHLVQYLLLRSLA
KDNFLGL,0,,...[FWY]..[LVI],PLRQKDNFLGLRGKSDPYAKVSIGLQHFRSRTIYRNLNP
SDPYAKV,0,,...[FWY]..[LVI],PLRQKDNFLGLRGKSDPYAKVSIGLQHFRSRTIYRNLNP
RTIYRNL,0,,...[FWY]..[LVI],PLRQKDNFLGLRGKSDPYAKVSIGLQHFRSRTIYRNLNP
NWFFAKL,0,,...[FWY]..[LVI],PLRHNWFFAKLNITNIWVLDYFGGPKIVTPEEYYNVTVH
PEEYYNV,0,,...[FWY]..[LVI],PLRHNWFFAKLNITNIWVLDYFGGPKIVTPEEYYNVTVH
AAIFYII,0,,...[FWY]..[LVI],PLRLDKMAAIFYIILNPLLNPLIYTFRNKEVKQAMRRIW
AIFYIIL,0,,...[FWY]..[LVI],PLRLDKMAAIFYIILNPLLNPLIYTFRNKEVKQAMRRIW
ERFYLKV,0,,...[FWY]..[LVI],PLRHTPKERFYLKVKGKDHEGNPLLRVSGVSYSGVAPGA
GVSYSGV,0,,...[FWY]..[LVI],PLRHTPKERFYLKVKGKDHEGNPLLRVSGVSYSGVAPGA
PGHYWPV,0,,...[FWY]..[LVI],PLRHPPMPPHPGHYWPVHNELAFQPPISNHPAPEYWCSI
PEYWCSI,0,,...[FWY]..[LVI],PLRHPPMPPHPGHYWPVHNELAFQPPISNHPAPEYWCSI
EKPYEYY,0,,...[FWY]..[WFY],PLRHRRIHKGEKPYEYYICGKFFSQMSYLTIHHRIHSGE
QMSYLTI,0,,...[FWY]..[LVI],PLRHRRIHKGEKPYEYYICGKFFSQMSYLTIHHRIHSGE
SVSWSQF,0,,...[FWY]..[WFY],PLRHRSVSWSQFNKEILLGRGFTFWQWFDGVLDLTKRC
GRGFTFW,0,,...[FWY]..[WFY],PLRHRSVSWSQFNKEILLGRGFTFWQWFDGVLDLTKRC
GFTFWQW,0,,...[FWY]..[WFY],PLRHRSVSWSQFNKEILLGRGFTFWQWFDGVLDLTKRC
FTFWQWF,0,,...[FWY]..[WFY],PLRHRSVSWSQFNKEILLGRGFTFWQWFDGVLDLTKRC
WQWFDGV,0,,...[FWY]..[LVI],PLRHRSVSWSQFNKEILLGRGFTFWQWFDGVLDLTKRC
RPTFHRI,0,,...[FWY]..[LVI],PLRRPTFHRIQDQLQLFRNFFLNSIYKSRDEANNSGVIN
LQLFRNF,0,,...[FWY]..[WFY],PLRRPTFHRIQDQLQLFRNFFLNSIYKSRDEANNSGVIN
RHPWLCL,0,,...[FWY]..[LVI],PLRHPWLCLTLGLQRSKNNKTLEKPDLGFLSPQVFVYVV
PQVFVYV,0,,...[FWY]..[LVI],PLRHPWLCLTLGLQRSKNNKTLEKPDLGFLSPQVFVYVV
AHYFLEV,0,,...[FWY]..[LVI],PLRLQFMQECAHYFLEVKDKDIKHALAGLFVKILVPVAA
AGLFVKI,0,,...[FWY]..[LVI],PLRLQFMQECAHYFLEVKDKDIKHALAGLFVKILVPVAA
VVEYDEF,0,,...[FWY]..[WFY],PLRQQIQKKYSQQVVEYDEFTTLMNKVQDTEISLQQQQQ
YDEFTTL,0,,...[FWY]..[LVI],PLRQQIQKKYSQQVVEYDEFTTLMNKVQDTEISLQQQQQ
NLQWYIY,0,,...[FWY]..[WFY],PLRHQNIPPLNNLQWYIYEKQALDNMFSSKYTWVKYNPL
SSKYTWV,0,,...[FWY]..[LVI],PLRHQNIPPLNNLQWYIYEKQALDNMFSSKYTWVKYNPL
KYTWVKY,0,,...[FWY]..[WFY],PLRHQNIPPLNNLQWYIYEKQALDNMFSSKYTWVKYNPL
WVKYNPL,0,,...[FWY]..[LVI],PLRHQNIPPLNNLQWYIYEKQALDNMFSSKYTWVKYNPL
RPRYIMV,0,,...[FWY]..[LVI],PLRPRYIMVYTVWTALWVTWNVFIICFYLEVGGLSKDTD
IMVYTVW,0,,...[FWY]..[WFY],PLRPRYIMVYTVWTALWVTWNVFIICFYLEVGGLSKDTD
YTVWTAL,0,,...[FWY]..[LVI],PLRPRYIMVYTVWTALWVTWNVFIICFYLEVGGLSKDTD
TALWVTW,0,,...[FWY]..[WFY],PLRPRYIMVYTVWTALWVTWNVFIICFYLEVGGLSKDTD
WVTWNVF,0,,...[FWY]..[WFY],PLRPRYIMVYTVWTALWVTWNVFIICFYLEVGGLSKDTD
ICFYLEV,0,,...[FWY]..[LVI],PLRPRYIMVYTVWTALWVTWNVFIICFYLEVGGLSKDTD
SGLWNTL,0,,...[FWY]..[LVI],PLRLSGQQSEVPGPFQTPGSGLWNTLSIKPCAHTFCLL
AHTFCLL,0,,...[FWY]..[LVI],PLRLSGQQSEVPGPFQTPGSGLWNTLSIKPCAHTFCLL
LTLFKGF,0,,...[FWY]..[WFY],PLRQLAMHSIREMACTTGVLQTLTLFKGFFELFPSLSHN
FKGFFEL,0,,...[FWY]..[LVI],PLRQLAMHSIREMACTTGVLQTLTLFKGFFELFPSLSHN
KGFFELF,0,,...[FWY]..[WFY],PLRQLAMHSIREMACTTGVLQTLTLFKGFFELFPSLSHN
FELFPSL,0,,...[FWY]..[LVI],PLRQLAMHSIREMACTTGVLQTLTLFKGFFELFPSLSHN
SVLYADI,0,,...[FWY]..[LVI],PLRHSLYVKRHQGVSVLYADIVGFTRLASECSPKELVLM
IVGFTRL,0,,...[FWY]..[LVI],PLRHSLYVKRHQGVSVLYADIVGFTRLASECSPKELVLM
PFAFKGL,0,,...[FWY]..[LVI],PLRLSLSHNPIEAIQPFAFKGLANLEYLLLKNSRIRNVT
NLEYLLL,0,,...[FWY]..[LVI],PLRLSLSHNPIEAIQPFAFKGLANLEYLLLKNSRIRNVT
ISVYIGY,0,,...[FWY]..[WFY],PLRLSMGITMMCMASNTYGSNPISVYIGYTIWGSVMFII
YIGYTIW,0,,...[FWY]..[WFY],PLRLSMGITMMCMASNTYGSNPISVYIGYTIWGSVMFII
YTIWGSV,0,,...[FWY]..[LVI],PLRLSMGITMMCMASNTYGSNPISVYIGYTIWGSVMFII
HPTWRPF,0,,...[FWY]..[WFY],PLRHSPTCVCCVLPSSRRHPTWRPFHFHHLAVRRKLHS
PFHFHHL,0,,...[FWY]..[LVI],PLRHSPTCVCCVLPSSRRHPTWRPFHFHHLAVRRKLHS
SAVFAGF,0,,...[FWY]..[WFY],PLRKEGSAVFAGFEGRRTNEINEVLSWKLVPDNYPPGDQ
VLSWKLV,0,,...[FWY]..[LVI],PLRKEGSAVFAGFEGRRTNEINEVLSWKLVPDNYPPGDQ
TQLFPLF,0,,...[FWY]..[WFY],PLRHSSSPGVRRTQLFPLFIRLVSDPCRWVHQAAFQSLG
FPLFIRL,0,,...[FWY]..[LVI],PLRHSSSPGVRRTQLFPLFIRLVSDPCRWVHQAAFQSLG
QAAFQSL,0,,...[FWY]..[LVI],PLRHSSSPGVRRTQLFPLFIRLVSDPCRWVHQAAFQSLG
LSVFASY,0,,...[FWY]..[WFY],PLRLSVFASYAFWNKEDFSSFRAFCVTLAVSSGLGFLGT
FASYAFW,0,,...[FWY]..[WFY],PLRLSVFASYAFWNKEDFSSFRAFCVTLAVSSGLGFLGT
KEDFSSF,0,,...[FWY]..[WFY],PLRLSVFASYAFWNKEDFSSFRAFCVTLAVSSGLGFLGT
FSSFRAF,0,,...[FWY]..[WFY],PLRLSVFASYAFWNKEDFSSFRAFCVTLAVSSGLGFLGT
TENYLEI,0,,...[FWY]..[LVI],PLRLTANGFKIKLIPGVSITENYLEIEGMANCLPFYGVA
CLPFYGV,0,,...[FWY]..[LVI],PLRLTANGFKIKLIPGVSITENYLEIEGMANCLPFYGVA
SSPYTII,0,,...[FWY]..[LVI],PLRQTASKECQTSSPYTIILPHKFLENVISALFSKIFST
SALFSKI,0,,...[FWY]..[LVI],PLRQTASKECQTSSPYTIILPHKFLENVISALFSKIFST
LRMYFFL,0,,...[FWY]..[LVI],PLRMYFFLGHLSFVDICYSSNVTPNMLHNFLSEQKTISY
HLSFVDI,0,,...[FWY]..[LVI],PLRMYFFLGHLSFVDICYSSNVTPNMLHNFLSEQKTISY
DQVFWKF,0,,...[FWY]..[WFY],PLRLTSGLLTGLLLNLKIWKAPHVAKYFDDQVFWKFPHL
FWKFPHL,0,,...[FWY]..[LVI],PLRLTSGLLTGLLLNLKIWKAPHVAKYFDDQVFWKFPHL
QFIYEKL,0,,...[FWY]..[LVI],PLRHTVSLQQFIYEKLKAQQEMLGEQGFQSLMETVDTEI
EQGFQSL,0,,...[FWY]..[LVI],PLRHTVSLQQFIYEKLKAQQEMLGEQGFQSLMETVDTEI
ERLYDIV,0,,...[FWY]..[LVI],PLRPVERLYDIVTDLRARLGPHAKHVVGYGHLGDGNLHL
VVGYGHL,0,,...[FWY]..[LVI],PLRPVERLYDIVTDLRARLGPHAKHVVGYGHLGDGNLHL
QLLFKEI,0,,...[FWY]..[LVI],PLRRVIQLLFKEIDKKSDFEFTLKVSYLEIYNEEILDLL
KVSYLEI,0,,...[FWY]..[LVI],PLRRVIQLLFKEIDKKSDFEFTLKVSYLEIYNEEILDLL
EPFFNKL,0,,...[FWY]..[LVI],PLRHVSARSKLIEPFFNKLFLMRVMDIPYLNLEGPDLQF
DIPYLNL,0,,...[FWY]..[LVI],PLRHVSARSKLIEPFFNKLFLMRVMDIPYLNLEGPDLQF
HWNFSFF,0,,...[FWY]..[WFY],PLRHWNFSFFPLYYVGHVCKSTEKQSVKQRYRECCRFL
NFSFFPL,0,,...[FWY]..[LVI],PLRHWNFSFFPLYYVGHVCKSTEKQSVKQRYRECCRFL
FSFFPLY,0,,...[FWY]..[WFY],PLRHWNFSFFPLYYVGHVCKSTEKQSVKQRYRECCRFL
LRHYDPV,0,,...[FWY]..[LVI],PLRHYDPVLVSLLVRFQVFTIFHTTCM
LVRFQVF,0,,...[FWY]..[WFY],PLRHYDPVLVSLLVRFQVFTIFHTTCM
FQVFTIF,0,,...[FWY]..[WFY],PLRHYDPVLVSLLVRFQVFTIFHTTCM
LIKWRDL,0,,...[FWY]..[LVI],PLRHYLIKWRDLPYDQASWESEDVEIQDYDLFKQSYWNH
IQDYDLF,0,,...[FWY]..[WFY],PLRHYLIKWRDLPYDQASWESEDVEIQDYDLFKQSYWNH
LRHYHSL,0,,...[FWY]..[LVI],PLRHYHSLVKIILKMLLCAWVIWHAW
LCAWVIW,0,,...[FWY]..[WFY],PLRHYHSLVKIILKMLLCAWVIWHAW
WVIWHAW,0,,...[FWY]..[WFY],PLRHYHSLVKIILKMLLCAWVIWHAW
RAHYPQL,0,,...[FWY]..[LVI],PLRREVRAHYPQLYGAQSRRVSVAERRRVWDGIAAKING
RRVWDGI,0,,...[FWY]..[LVI],PLRREVRAHYPQLYGAQSRRVSVAERRRVWDGIAAKING
LRLYSLL,0,,...[FWY]..[LVI],PLRLYSLLRSEKWNHTLSMALILFCNYMFYLNFSGTVL
LILFCNY,0,,...[FWY]..[WFY],PLRLYSLLRSEKWNHTLSMALILFCNYMFYLNFSGTVL
FCNYMFY,0,,...[FWY]..[WFY],PLRLYSLLRSEKWNHTLSMALILFCNYMFYLNFSGTVL
YMFYLNF,0,,...[FWY]..[WFY],PLRLYSLLRSEKWNHTLSMALILFCNYMFYLNFSGTVL
LYVFHSF,0,,...[FWY]..[WFY],PLRLYVFHSFYPKYILPPVVKCHADPCPNIVDCFISKPS
HSFYPKY,0,,...[FWY]..[WFY],PLRLYVFHSFYPKYILPPVVKCHADPCPNIVDCFISKPS
RPYYLEL,0,,...[FWY]..[LVI],PLRPYYLELEASGFPEDPPPCAVTLSNSNLKFGIIPQEL
NLKFGII,0,,...[FWY]..[LVI],PLRPYYLELEASGFPEDPPPCAVTLSNSNLKFGIIPQEL
QRDFEEF,0,,...[FWY]..[WFY],PLRIADQRDFEEFVSFMTSGLSYILVVSQGSKHNPPSEE
FEEFVSF,0,,...[FWY]..[WFY],PLRIADQRDFEEFVSFMTSGLSYILVVSQGSKHNPPSEE
GLSYILV,0,,...[FWY]..[LVI],PLRIADQRDFEEFVSFMTSGLSYILVVSQGSKHNPPSEE
QDRFICI,0,,...[FWY]..[LVI],PLRMACAAARSPADQDRFICIYPAYLNNKKTIAEGRRIP
ICIYPAY,0,,...[FWY]..[WFY],PLRMACAAARSPADQDRFICIYPAYLNNKKTIAEGRRIP
VCSWNSW,0,,...[FWY]..[WFY],PLRIATLRMKRTATVCSWNSWNLVTTRLNFSTWFYFCK
WNSWNLV,0,,...[FWY]..[LVI],PLRIATLRMKRTATVCSWNSWNLVTTRLNFSTWFYFCK
RLNFSTW,0,,...[FWY]..[WFY],PLRIATLRMKRTATVCSWNSWNLVTTRLNFSTWFYFCK
FSTWFYF,0,,...[FWY]..[WFY],PLRIATLRMKRTATVCSWNSWNLVTTRLNFSTWFYFCK
MAYWMNY,0,,...[FWY]..[WFY],PLRMAHKVLKEKRKLFIHSMGEGTIMAYWMNYYRHVC
MNYYRHV,0,,...[FWY]..[LVI],PLRMAHKVLKEKRKLFIHSMGEGTIMAYWMNYYRHVC
EGPYIDV,0,,...[FWY]..[LVI],PLRIAEGPYIDVVKLQTMRCLFEAYEHVLSLLENVFTPV
RCLFEAY,0,,...[FWY]..[WFY],PLRIAEGPYIDVVKLQTMRCLFEAYEHVLSLLENVFTPV
FEAYEHV,0,,...[FWY]..[LVI],PLRIAEGPYIDVVKLQTMRCLFEAYEHVLSLLENVFTPV
ENVFTPV,0,,...[FWY]..[LVI],PLRIAEGPYIDVVKLQTMRCLFEAYEHVLSLLENVFTPV
IAGFLHY,0,,...[FWY]..[WFY],PLRIAGFLHYLFLACFFWMLVKAVILFLMVRNLKVVNYS
FLHYLFL,0,,...[FWY]..[LVI],PLRIAGFLHYLFLACFFWMLVKAVILFLMVRNLKVVNYS
ACFFWML,0,,...[FWY]..[LVI],PLRIAGFLHYLFLACFFWMLVKAVILFLMVRNLKVVNYS
CFFWMLV,0,,...[FWY]..[LVI],PLRIAGFLHYLFLACFFWMLVKAVILFLMVRNLKVVNYS
VILFLMV,0,,...[FWY]..[LVI],PLRIAGFLHYLFLACFFWMLVKAVILFLMVRNLKVVNYS
PLRYAGL,0,,...[FWY]..[LVI],PLRYAGLSAVLILRSVSTAVFKRFPTIDHVVEAGFMTRE
TAVFKRF,0,,...[FWY]..[WFY],PLRYAGLSAVLILRSVSTAVFKRFPTIDHVVEAGFMTRE
FKRFPTI,0,,...[FWY]..[LVI],PLRYAGLSAVLILRSVSTAVFKRFPTIDHVVEAGFMTRE
QYQFTGI,0,,...[FWY]..[LVI],PLRMAGPESDAQYQFTGIKKYFNSYTLTGRMNCVLATYG
KKYFNSY,0,,...[FWY]..[WFY],PLRMAGPESDAQYQFTGIKKYFNSYTLTGRMNCVLATYG
VGHWAKI,0,,...[FWY]..[LVI],PLRIELIEKYGVGHWAKIASELPHHWLPVSERGRS
PHHWLPV,0,,...[FWY]..[LVI],PLRIELIEKYGVGHWAKIASELPHHWLPVSERGRS
PDAWIGL,0,,...[FWY]..[LVI],PLRMAMASVKLLAGVLRKPDAWIGLWGVLRGTPSSYKLC
IGLWGVL,0,,...[FWY]..[LVI],PLRMAMASVKLLAGVLRKPDAWIGLWGVLRGTPSSYKLC
NLSFMYI,0,,...[FWY]..[LVI],PLRLAMDLKGKMPNKMIRKGVFKDQHFDQNLSFMYIEVD
SFMYIEV,0,,...[FWY]..[LVI],PLRLAMDLKGKMPNKMIRKGVFKDQHFDQNLSFMYIEVD
ANNYKKI,0,,...[FWY]..[LVI],PLRMANNYKKIVLLKGLEVINDYHFRIVKSLLSNDLKLN
DYHFRIV,0,,...[FWY]..[LVI],PLRMANNYKKIVLLKGLEVINDYHFRIVKSLLSNDLKLN
RKPFIKF,0,,...[FWY]..[WFY],PLRIAPKSPLGLFIRKPFIKFICHTASYLTFLFLLLLAS
TASYLTF,0,,...[FWY]..[WFY],PLRIAPKSPLGLFIRKPFIKFICHTASYLTFLFLLLLAS
YLTFLFL,0,,...[FWY]..[LVI],PLRIAPKSPLGLFIRKPFIKFICHTASYLTFLFLLLLAS
TFLFLLL,0,,...[FWY]..[LVI],PLRIAPKSPLGLFIRKPFIKFICHTASYLTFLFLLLLAS
PRPFPKL,0,,...[FWY]..[LVI],PLRIEPLKIQLQREPRPFPKLVFFVKLRKLMTSKLKTF
LVFFVKL,0,,...[FWY]..[LVI],PLRIEPLKIQLQREPRPFPKLVFFVKLRKLMTSKLKTF
LIKFVVF,0,,...[FWY]..[WFY],PLRMASGRLIKFVVFELLEFAAFSIPTLVITEQFATAYQ
FVVFELL,0,,...[FWY]..[LVI],PLRMASGRLIKFVVFELLEFAAFSIPTLVITEQFATAYQ
LLEFAAF,0,,...[FWY]..[WFY],PLRMASGRLIKFVVFELLEFAAFSIPTLVITEQFATAYQ
RIAYIDF,0,,...[FWY]..[WFY],PLRIAYIDFENAFRTVRPSVSPKDLELYENWNKTFGCGK
ENAFRTV,0,,...[FWY]..[LVI],PLRIAYIDFENAFRTVRPSVSPKDLELYENWNKTFGCGK
LELYENW,0,,...[FWY]..[WFY],PLRIAYIDFENAFRTVRPSVSPKDLELYENWNKTFGCGK
AIPYFPF,0,,...[FWY]..[WFY],PLRKAVFTDRQLLRNSCISGERGEEQSAIPYFPFIPDQP
IPYFPFI,0,,...[FWY]..[LVI],PLRKAVFTDRQLLRNSCISGERGEEQSAIPYFPFIPDQP
LPYYIGL,0,,...[FWY]..[LVI],PLRMSIIDVVAILPYYIGLVMTDNEDVSGAFVTLRVFRV
SGAFVTL,0,,...[FWY]..[LVI],PLRMSIIDVVAILPYYIGLVMTDNEDVSGAFVTLRVFRV
RMAWPCI,0,,...[FWY]..[LVI],PLRMAWPCISRLCCLARRWNQLDRSDVAVPLTLHGYSDL
ARRWNQL,0,,...[FWY]..[LVI],PLRMAWPCISRLCCLARRWNQLDRSDVAVPLTLHGYSDL
LHGYSDL,0,,...[FWY]..[LVI],PLRMAWPCISRLCCLARRWNQLDRSDVAVPLTLHGYSDL
LRIYALF,0,,...[FWY]..[WFY],PLRIYALFYPWFRKAIKVIVTGQVLKNSSATMNLFSEHI
CATFRGF,0,,...[FWY]..[WFY],PLRICSWKHKCATFRGFSLEDEAVTTTVGTVSYSVLLCY
TVSYSVL,0,,...[FWY]..[LVI],PLRICSWKHKCATFRGFSLEDEAVTTTVGTVSYSVLLCY
DITFNQL,0,,...[FWY]..[LVI],PLRICSNLSVSKLSCDDITFNQLYQFVAGWTLLGSDLIL
NQLYQFV,0,,...[FWY]..[LVI],PLRICSNLSVSKLSCDDITFNQLYQFVAGWTLLGSDLIL
VAGWTLL,0,,...[FWY]..[LVI],PLRICSNLSVSKLSCDDITFNQLYQFVAGWTLLGSDLIL
RMMYAPV,0,,...[FWY]..[LVI],PLRMMYAPVEFSEAGSHVLNINVSSNFGTQYGWLFSH
GTQYGWL,0,,...[FWY]..[LVI],PLRMMYAPVEFSEAGSHVLNINVSSNFGTQYGWLFSH
RSCWTTL,0,,...[FWY]..[LVI],PLRLDGRSCWTTLISAFRILLESDEDRLLVVFNRGLILM
ISAFRIL,0,,...[FWY]..[LVI],PLRLDGRSCWTTLISAFRILLESDEDRLLVVFNRGLILM
LDKWFLI,0,,...[FWY]..[LVI],PLRIDRPNTLDKWFLILRGQQRAVSHKTFGISLEEVLVN
DKWFLIL,0,,...[FWY]..[LVI],PLRIDRPNTLDKWFLILRGQQRAVSHKTFGISLEEVLVN
DPFYYDY,0,,...[FWY]..[WFY],PLRMDRWYLGGSPKGDVDPFYYDYETVRNGGLIFAGLAF
YYDYETV,0,,...[FWY]..[LVI],PLRMDRWYLGGSPKGDVDPFYYDYETVRNGGLIFAGLAF
GLIFAGL,0,,...[FWY]..[LVI],PLRMDRWYLGGSPKGDVDPFYYDYETVRNGGLIFAGLAF
DWQFNHF,0,,...[FWY]..[WFY],PLRMEDDSLYLGGDWQFNHFSKLTSSRLDAAFAEIQRTS
FNHFSKL,0,,...[FWY]..[LVI],PLRMEDDSLYLGGDWQFNHFSKLTSSRLDAAFAEIQRTS
DAAFAEI,0,,...[FWY]..[LVI],PLRMEDDSLYLGGDWQFNHFSKLTSSRLDAAFAEIQRTS
TNTFRGV,0,,...[FWY]..[LVI],PLRLEDTNTFRGVVIKYSEPPEARIPKKRWRLYPFKNDE
KKRWRLY,0,,...[FWY]..[WFY],PLRLEDTNTFRGVVIKYSEPPEARIPKKRWRLYPFKNDE
HVNFEKF,0,,...[FWY]..[WFY],PLRIKDIYFLNEGCANRLPNGHVNFEKFWELAKQVSEFM
FEKFWEL,0,,...[FWY]..[LVI],PLRIKDIYFLNEGCANRLPNGHVNFEKFWELAKQVSEFM
LSTFSAY,0,,...[FWY]..[WFY],PLRMEGCLGVAVLRKLSTFSAYLEDHSYNVEQIWRDIED
EQIWRDI,0,,...[FWY]..[LVI],PLRMEGCLGVAVLRKLSTFSAYLEDHSYNVEQIWRDIED
GVPFFFL,0,,...[FWY]..[LVI],PLRIERDILSSFKAGYPFGVPFFFLFLVCCQLFLNVVM
VPFFFLF,0,,...[FWY]..[WFY],PLRIERDILSSFKAGYPFGVPFFFLFLVCCQLFLNVVM
PFFFLFL,0,,...[FWY]..[LVI],PLRIERDILSSFKAGYPFGVPFFFLFLVCCQLFLNVVM
CQLFLNV,0,,...[FWY]..[LVI],PLRIERDILSSFKAGYPFGVPFFFLFLVCCQLFLNVVM
ITDFVLL,0,,...[FWY]..[LVI],PLRMEIVSTGNETITDFVLLGFYDIPELHFLFFIVFAA
LLGFYDI,0,,...[FWY]..[LVI],PLRMEIVSTGNETITDFVLLGFYDIPELHFLFFIVFAA
ELHFLFF,0,,...[FWY]..[WFY],PLRMEIVSTGNETITDFVLLGFYDIPELHFLFFIVFAA
HFLFFIV,0,,...[FWY]..[LVI],PLRMEIVSTGNETITDFVLLGFYDIPELHFLFFIVFAA
FLFFIVF,0,,...[FWY]..[WFY],PLRMEIVSTGNETITDFVLLGFYDIPELHFLFFIVFAA
NHEYVLV,0,,...[FWY]..[LVI],PLRIEKPSAKSSDVLGSLNHEYVLVDITTSFTLLVAIFF
TTSFTLL,0,,...[FWY]..[LVI],PLRIEKPSAKSSDVLGSLNHEYVLVDITTSFTLLVAIFF
LLTFRDV,0,,...[FWY]..[LVI],PLRMELLTFRDVAIEFSPEEWKCLDPAQQNLYRDVMLEN
PEEWKCL,0,,...[FWY]..[LVI],PLRMELLTFRDVAIEFSPEEWKCLDPAQQNLYRDVMLEN
QNLYRDV,0,,...[FWY]..[LVI],PLRMELLTFRDVAIEFSPEEWKCLDPAQQNLYRDVMLEN
PAPFWEV,0,,...[FWY]..[LVI],PLRMEPLFPAPFWEVIYGSHLQGNLSLLSPNHSLPPPHL
APFWEVI,0,,...[FWY]..[LVI],PLRMEPLFPAPFWEVIYGSHLQGNLSLLSPNHSLPPPHL
IFSWACV,0,,...[FWY]..[LVI],PLRIFSWACVNYELDNKISYPTFSRTLPSPIRVLVTVMK
KISYPTF,0,,...[FWY]..[WFY],PLRIFSWACVNYELDNKISYPTFSRTLPSPIRVLVTVMK
LLCYILF,0,,...[FWY]..[WFY],PLRVTGLLCYILFFGATFLFERVLLRMLGCRTTWDLREM
TFLFERV,0,,...[FWY]..[LVI],PLRVTGLLCYILFFGATFLFERVLLRMLGCRTTWDLREM
MTIYFEL,0,,...[FWY]..[LVI],PLRVTTSAGDYVVMTIYFELSRRMGYFTIQTYIPCILTV
RMGYFTI,0,,...[FWY]..[LVI],PLRVTTSAGDYVVMTIYFELSRRMGYFTIQTYIPCILTV
LRIFFTV,0,,...[FWY]..[LVI],PLRIFFTVQIFMFLVHHSFKNAVVPIKLAPLIFSETW
VQIFMFL,0,,...[FWY]..[LVI],PLRIFFTVQIFMFLVHHSFKNAVVPIKLAPLIFSETW
LRIFFKI,0,,...[FWY]..[LVI],PLRIFFKISWLYKKYEKSVKDLKDAIEVLIAEKRRRIST
SWLYKKY,0,,...[FWY]..[WFY],PLRIFFKISWLYKKYEKSVKDLKDAIEVLIAEKRRRIST
MFIFNSI,0,,...[FWY]..[LVI],PLRMFIFNSIADDIFPLISCVGAIHCNTLAIALATTLL
DDIFPLI,0,,...[FWY]..[LVI],PLRMFIFNSIADDIFPLISCVGAIHCNTLAIALATTLL
MFLFSYI,0,,...[FWY]..[LVI],PLRMFLFSYILTIFGNLTIILVSHVDFKLHTPMYFFLSN
LTIFGNL,0,,...[FWY]..[LVI],PLRMFLFSYILTIFGNLTIILVSHVDFKLHTPMYFFLSN
LRIFLGV,0,,...[FWY]..[LVI],PLRIFLGVAVVTYIAFHKLRKDYPAKILINLCTALLMLN
VVTYIAF,0,,...[FWY]..[WFY],PLRIFLGVAVVTYIAFHKLRKDYPAKILINLCTALLMLN
YIAFHKL,0,,...[FWY]..[LVI],PLRIFLGVAVVTYIAFHKLRKDYPAKILINLCTALLMLN
IFPYRFV,0,,...[FWY]..[LVI],PLRIFPYRFVKLCPDTRVEETMALPQEGSLARIPETSLD
PYRFVKL,0,,...[FWY]..[LVI],PLRIFPYRFVKLCPDTRVEETMALPQEGSLARIPETSLD
KSSYYYF,0,,...[FWY]..[WFY],PLRILRHPAQLLKSSYYYFFQIPWFPEFMFSINDFKVLK
SSYYYFF,0,,...[FWY]..[WFY],PLRILRHPAQLLKSSYYYFFQIPWFPEFMFSINDFKVLK
YYYFFQI,0,,...[FWY]..[LVI],PLRILRHPAQLLKSSYYYFFQIPWFPEFMFSINDFKVLK
IPWFPEF,0,,...[FWY]..[WFY],PLRILRHPAQLLKSSYYYFFQIPWFPEFMFSINDFKVLK
INDFKVL,0,,...[FWY]..[LVI],PLRILRHPAQLLKSSYYYFFQIPWFPEFMFSINDFKVLK
LRIFSEV,0,,...[FWY]..[LVI],PLRIFSEVRMSKEEDSIWFHSAEAQDSGFYTCVLRNSTY
SGFYTCV,0,,...[FWY]..[LVI],PLRIFSEVRMSKEEDSIWFHSAEAQDSGFYTCVLRNSTY
LRMFSTL,0,,...[FWY]..[LVI],PLRMFSTLRFFEGFCLAGIILTLYALRIELCPPGKRFMI
LRFFEGF,0,,...[FWY]..[WFY],PLRMFSTLRFFEGFCLAGIILTLYALRIELCPPGKRFMI
GGFFSSI,0,,...[FWY]..[LVI],PLRMGGFFSSIFSSLFGTREMRILILGLDGAGKTTILYR
SSIFSSL,0,,...[FWY]..[LVI],PLRMGGFFSSIFSSLFGTREMRILILGLDGAGKTTILYR
QGKYGNV,0,,...[FWY]..[LVI],PLRIGHGGRTRMLKELQGKYGNVTKEVIVLYLTLCKQCH
IVLYLTL,0,,...[FWY]..[LVI],PLRIGHGGRTRMLKELQGKYGNVTKEVIVLYLTLCKQCH
TKSFTTL,0,,...[FWY]..[LVI],PLRMGLGILTKSFTTLFPFPFVVKRLPFCKGNVLHHST
LFPFPFV,0,,...[FWY]..[LVI],PLRMGLGILTKSFTTLFPFPFVVKRLPFCKGNVLHHST
ALGFMYI,0,,...[FWY]..[LVI],PLRMGLITHTDSPYIRALGFMYIRYTQPPTDLWDWFESF
GFMYIRY,0,,...[FWY]..[WFY],PLRMGLITHTDSPYIRALGFMYIRYTQPPTDLWDWFESF
TDLWDWF,0,,...[FWY]..[WFY],PLRMGLITHTDSPYIRALGFMYIRYTQPPTDLWDWFESF
WDWFESF,0,,...[FWY]..[WFY],PLRMGLITHTDSPYIRALGFMYIRYTQPPTDLWDWFESF
KLMYFII,0,,...[FWY]..[LVI],PLRIVSWILSPSDYKLMYFIIEWKNLNEDGEIKWLRISS
IIEWKNL,0,,...[FWY]..[LVI],PLRIVSWILSPSDYKLMYFIIEWKNLNEDGEIKWLRISS
EIKWLRI,0,,...[FWY]..[LVI],PLRIVSWILSPSDYKLMYFIIEWKNLNEDGEIKWLRISS
LKPFSFI,0,,...[FWY]..[LVI],PLRLHEALMQNEITKMSIIDKLKPFSFILVENAYVDSEK
PFSFILV,0,,...[FWY]..[LVI],PLRLHEALMQNEITKMSIIDKLKPFSFILVENAYVDSEK
ESDYEGF,0,,...[FWY]..[WFY],PLRLHEFLESDYEGFATLIREWPGDLYNNSVIVQAVRDH
YEGFATL,0,,...[FWY]..[LVI],PLRLHEFLESDYEGFATLIREWPGDLYNNSVIVQAVRDH
RKAFHHF,0,,...[FWY]..[WFY],PLRKAFHHFSYLVKHQRIHTGEKPCACKEYGKAFISGSH
FHHFSYL,0,,...[FWY]..[LVI],PLRKAFHHFSYLVKHQRIHTGEKPCACKEYGKAFISGSH
VILFVLI,0,,...[FWY]..[LVI],PLRIIVKVILFVLIITYVPYFLTHITLEIDCSVDVQAFT
IITYVPY,0,,...[FWY]..[WFY],PLRIIVKVILFVLIITYVPYFLTHITLEIDCSVDVQAFT
HYFYCEI,0,,...[FWY]..[LVI],PLRIIHYFYCEILQLFKISCNGPSINALMIFIFGAFIQI
IFIFGAF,0,,...[FWY]..[WFY],PLRIIHYFYCEILQLFKISCNGPSINALMIFIFGAFIQI
FGAFIQI,0,,...[FWY]..[LVI],PLRIIHYFYCEILQLFKISCNGPSINALMIFIFGAFIQI
VTIYELL,0,,...[FWY]..[LVI],PLRMIEVIMPGVTIYELLFLFLWKWKGPLHPPLPPPHQ
ELLFLFL,0,,...[FWY]..[LVI],PLRMIEVIMPGVTIYELLFLFLWKWKGPLHPPLPPPHQ
VIVFAGF,0,,...[FWY]..[WFY],PLRIIIQVVIVFAGFLLQGAVLARRYRRLWCARPTSWS
ARRYRRL,0,,...[FWY]..[LVI],PLRIIIQVVIVFAGFLLQGAVLARRYRRLWCARPTSWS
DINFAEI,0,,...[FWY]..[LVI],PLRIILGDINFAEIEEANRVLVQFISLHLCSLCSSFF
LVQFISL,0,,...[FWY]..[LVI],PLRIILGDINFAEIEEANRVLVQFISLHLCSLCSSFF
IISFNML,0,,...[FWY]..[LVI],PLRIISFNMLPSIAVSEPKGRNESMPLTLIREKGTYGMV
KGTYGMV,0,,...[FWY]..[LVI],PLRIISFNMLPSIAVSEPKGRNESMPLTLIREKGTYGMV
GVIWKTI,0,,...[FWY]..[LVI],PLRMITLVTGLASVTSRTSMGIIIVGGVIWKTIGWKFLS
TIGWKFL,0,,...[FWY]..[LVI],PLRMITLVTGLASVTSRTSMGIIIVGGVIWKTIGWKFLS
CPIWYNI,0,,...[FWY]..[LVI],PLRIKCPIWYNILLSYNHHRLEEHEAETYEDGFTGNPSS
PIWYNIL,0,,...[FWY]..[LVI],PLRIKCPIWYNILLSYNHHRLEEHEAETYEDGFTGNPSS
DIMFLLV,0,,...[FWY]..[LVI],PLRIKRPPGDIMFLLVQRFGELMRKLWNPRNFKAHVSPH
VQRFGEL,0,,...[FWY]..[LVI],PLRIKRPPGDIMFLLVQRFGELMRKLWNPRNFKAHVSPH
TATYWPL,0,,...[FWY]..[LVI],PLRIKKDTATYWPLNWRSKLCTCQDCMKMYGDLDVLFLT
MKMYGDL,0,,...[FWY]..[LVI],PLRIKKDTATYWPLNWRSKLCTCQDCMKMYGDLDVLFLT
KVEFCHF,0,,...[FWY]..[WFY],PLRMKLGKVEFCHFLQLIALFLCFSGMSQAELSRSRSKP
FCHFLQL,0,,...[FWY]..[LVI],PLRMKLGKVEFCHFLQLIALFLCFSGMSQAELSRSRSKP
IALFLCF,0,,...[FWY]..[WFY],PLRMKLGKVEFCHFLQLIALFLCFSGMSQAELSRSRSKP
KQRFGEI,0,,...[FWY]..[LVI],PLRLKLVINELKQRFGEIYEKYKIPACPEEEPLLDNSTR
GEIYEKY,0,,...[FWY]..[WFY],PLRLKLVINELKQRFGEIYEKYKIPACPEEEPLLDNSTR
KKVWILV,0,,...[FWY]..[LVI],PLRLLAYFTKAKVKFAGKKVWILVVVQVYWVLLHSRVG
VQVYWVL,0,,...[FWY]..[LVI],PLRLLAYFTKAKVKFAGKKVWILVVVQVYWVLLHSRVG
QVYWVLL,0,,...[FWY]..[LVI],PLRLLAYFTKAKVKFAGKKVWILVVVQVYWVLLHSRVG
MSLFSAV,0,,...[FWY]..[LVI],PLRMSLFSAVGHVCGFGGIKRRVIILCPEV
VCGFGGI,0,,...[FWY]..[LVI],PLRMSLFSAVGHVCGFGGIKRRVIILCPEV
LQVFSLF,0,,...[FWY]..[WFY],PLRMLGDLQVFSLFPITHDVYITSKHASHSSAERPFFYI
ERPFFYI,0,,...[FWY]..[LVI],PLRMLGDLQVFSLFPITHDVYITSKHASHSSAERPFFYI
KSDFQKI,0,,...[FWY]..[LVI],PLRILGLSGAKIQKSDFQKIAHLHLNTVFLGFRTLPHYE
NTVFLGF,0,,...[FWY]..[WFY],PLRILGLSGAKIQKSDFQKIAHLHLNTVFLGFRTLPHYE
FLGFRTL,0,,...[FWY]..[LVI],PLRILGLSGAKIQKSDFQKIAHLHLNTVFLGFRTLPHYE
LRIWGVL,0,,...[FWY]..[LVI],PLRIWGVLPLRGFLGIAGFCLINAGVLYLYFSNYLQIDE
LRGFLGI,0,,...[FWY]..[LVI],PLRIWGVLPLRGFLGIAGFCLINAGVLYLYFSNYLQIDE
IAGFCLI,0,,...[FWY]..[LVI],PLRIWGVLPLRGFLGIAGFCLINAGVLYLYFSNYLQIDE
GVLYLYF,0,,...[FWY]..[WFY],PLRIWGVLPLRGFLGIAGFCLINAGVLYLYFSNYLQIDE
YLYFSNY,0,,...[FWY]..[WFY],PLRIWGVLPLRGFLGIAGFCLINAGVLYLYFSNYLQIDE
FSNYLQI,0,,...[FWY]..[LVI],PLRIWGVLPLRGFLGIAGFCLINAGVLYLYFSNYLQIDE
LPLFLLF,0,,...[FWY]..[WFY],PLRMTMENYSMAAQFVLDGLTQQAELQLPLFLLFLGIYV
FLLFLGI,0,,...[FWY]..[LVI],PLRMTMENYSMAAQFVLDGLTQQAELQLPLFLLFLGIYV
LTDFYFV,0,,...[FWY]..[LVI],PLRLLKILIKLTDFYFVFSVQEVPLKSLLLYFDFSRKIV
TDFYFVF,0,,...[FWY]..[WFY],PLRLLKILIKLTDFYFVFSVQEVPLKSLLLYFDFSRKIV
LLLYFDF,0,,...[FWY]..[WFY],PLRLLKILIKLTDFYFVFSVQEVPLKSLLLYFDFSRKIV
ILPFVSV,0,,...[FWY]..[LVI],PLRILKRVLEMRKKALFILPFVSVAKEKKYYLQSLFQEV
QSLFQEV,0,,...[FWY]..[LVI],PLRILKRVLEMRKKALFILPFVSVAKEKKYYLQSLFQEV
GSHFILI,0,,...[FWY]..[LVI],PLRKALSTCGSHFILILFFSTVLLVLVITNLARKRIPPD
ILFFSTV,0,,...[FWY]..[LVI],PLRKALSTCGSHFILILFFSTVLLVLVITNLARKRIPPD
MLLFLWI,0,,...[FWY]..[LVI],PLRMLLFLWIETSSEYFNFDWVTFLGTGYWFFWSIFILS
SSEYFNF,0,,...[FWY]..[WFY],PLRMLLFLWIETSSEYFNFDWVTFLGTGYWFFWSIFILS
YFNFDWV,0,,...[FWY]..[LVI],PLRMLLFLWIETSSEYFNFDWVTFLGTGYWFFWSIFILS
NFDWVTF,0,,...[FWY]..[WFY],PLRMLLFLWIETSSEYFNFDWVTFLGTGYWFFWSIFILS
GTGYWFF,0,,...[FWY]..[WFY],PLRMLLFLWIETSSEYFNFDWVTFLGTGYWFFWSIFILS
TGYWFFW,0,,...[FWY]..[WFY],PLRMLLFLWIETSSEYFNFDWVTFLGTGYWFFWSIFILS
YWFFWSI,0,,...[FWY]..[LVI],PLRMLLFLWIETSSEYFNFDWVTFLGTGYWFFWSIFILS
WFFWSIF,0,,...[FWY]..[WFY],PLRMLLFLWIETSSEYFNFDWVTFLGTGYWFFWSIFILS
LEFWTEF,0,,...[FWY]..[WFY],PLRMLQQVPENINFPAEEEKILEFWTEFNCFQECLKQSK
WTEFNCF,0,,...[FWY]..[WFY],PLRMLQQVPENINFPAEEEKILEFWTEFNCFQECLKQSK
SLSFVML,0,,...[FWY]..[LVI],PLRSLSFVMLTSKGWSLDASCWHEDSLFRFCYYILFTAG
LFRFCYY,0,,...[FWY]..[WFY],PLRSLSFVMLTSKGWSLDASCWHEDSLFRFCYYILFTAG
RFCYYIL,0,,...[FWY]..[LVI],PLRSLSFVMLTSKGWSLDASCWHEDSLFRFCYYILFTAG
FCYYILF,0,,...[FWY]..[WFY],PLRSLSFVMLTSKGWSLDASCWHEDSLFRFCYYILFTAG
CILYPVV,0,,...[FWY]..[LVI],PLRLLSMLEESSLCILYPVVVVSVSEINADFSQTYASFF
SQTYASF,0,,...[FWY]..[WFY],PLRLLSMLEESSLCILYPVVVVSVSEINADFSQTYASFF
ARAYLRI,0,,...[FWY]..[LVI],PLRMLSVEKLIKDLKSKEVPEARAYLRILGEELGFASLH
ELGFASL,0,,...[FWY]..[LVI],PLRMLSVEKLIKDLKSKEVPEARAYLRILGEELGFASLH
LLIFFYI,0,,...[FWY]..[LVI],PLRVLVRALKSMTFLLMLLLIFFYIFAVTGVYVFSEYTH
LIFFYIF,0,,...[FWY]..[WFY],PLRVLVRALKSMTFLLMLLLIFFYIFAVTGVYVFSEYTH
VYVFSEY,0,,...[FWY]..[WFY],PLRVLVRALKSMTFLLMLLLIFFYIFAVTGVYVFSEYTH
EENFFEW,0,,...[FWY]..[WFY],PLRMNEENFFEWEALIMGPEDTCFEFGVFPAILSFPLDY
FFEWEAL,0,,...[FWY]..[LVI],PLRMNEENFFEWEALIMGPEDTCFEFGVFPAILSFPLDY
CFEFGVF,0,,...[FWY]..[WFY],PLRMNEENFFEWEALIMGPEDTCFEFGVFPAILSFPLDY
FGVFPAI,0,,...[FWY]..[LVI],PLRMNEENFFEWEALIMGPEDTCFEFGVFPAILSFPLDY
IDLFKDY,0,,...[FWY]..[WFY],PLRINIDLFKDYKLIFQDKSRSLAVHSVKALLNMDDDVL
FKDYKLI,0,,...[FWY]..[LVI],PLRINIDLFKDYKLIFQDKSRSLAVHSVKALLNMDDDVL
GQAFVHV,0,,...[FWY]..[LVI],PLRMNPEWGQAFVHVAVAGGLCAVAVFTGIFDSVSVQVG
VAVFTGI,0,,...[FWY]..[LVI],PLRMNPEWGQAFVHVAVAGGLCAVAVFTGIFDSVSVQVG
TGIFDSV,0,,...[FWY]..[LVI],PLRMNPEWGQAFVHVAVAGGLCAVAVFTGIFDSVSVQVG
RSNFLLI,0,,...[FWY]..[LVI],PLRMNQILHADDAIVTKRSSNQSIICRSNFLLIYFAITT
LLIYFAI,0,,...[FWY]..[LVI],PLRMNQILHADDAIVTKRSSNQSIICRSNFLLIYFAITT
VEDYFTL,0,,...[FWY]..[LVI],PLRINRRHGVITGQDGVEDYFTLYADVPLNDMFGYSTEL
EDYFTLY,0,,...[FWY]..[WFY],PLRINRRHGVITGQDGVEDYFTLYADVPLNDMFGYSTEL
FTLYADV,0,,...[FWY]..[LVI],PLRINRRHGVITGQDGVEDYFTLYADVPLNDMFGYSTEL
TLQFAHF,0,,...[FWY]..[WFY],PLRINSMALQKITLQFAHFLEILDSPSLKTLEIIEDFLF
FAHFLEI,0,,...[FWY]..[LVI],PLRINSMALQKITLQFAHFLEILDSPSLKTLEIIEDFLF
NVCFNKL,0,,...[FWY]..[LVI],PLRLNVCFNKLFSMLQVHHVQLESLLQLWLTLSLNSSSS
NKLFSML,0,,...[FWY]..[LVI],PLRLNVCFNKLFSMLQVHHVQLESLLQLWLTLSLNSSSS
LQLWLTL,0,,...[FWY]..[LVI],PLRLNVCFNKLFSMLQVHHVQLESLLQLWLTLSLNSSSS
EEGWNKY,0,,...[FWY]..[WFY],PLRIPASPEWKRESESTAADQEVCEEGWNKYQGHCYRHF
GHCYRHF,0,,...[FWY]..[WFY],PLRIPASPEWKRESESTAADQEVCEEGWNKYQGHCYRHF
IPEYRKI,0,,...[FWY]..[LVI],PLRIPEYRKIVQRYYKQIQDMTPLSEQEMNAHLAEESRK
QRYYKQI,0,,...[FWY]..[LVI],PLRIPEYRKIVQRYYKQIQDMTPLSEQEMNAHLAEESRK
QPNYRYL,0,,...[FWY]..[LVI],PLRMPESSQPNYRYLMDNLFKYVIGTLELLVAENYMIVY
DNLFKYV,0,,...[FWY]..[LVI],PLRMPESSQPNYRYLMDNLFKYVIGTLELLVAENYMIVY
AENYMIV,0,,...[FWY]..[LVI],PLRMPESSQPNYRYLMDNLFKYVIGTLELLVAENYMIVY
TSSFLLL,0,,...[FWY]..[LVI],PLRMPIANDTQFHTSSFLLLGIPGLEDVHIWIGFPFFSV
VHIWIGF,0,,...[FWY]..[WFY],PLRMPIANDTQFHTSSFLLLGIPGLEDVHIWIGFPFFSV
WIGFPFF,0,,...[FWY]..[WFY],PLRMPIANDTQFHTSSFLLLGIPGLEDVHIWIGFPFFSV
GFPFFSV,0,,...[FWY]..[LVI],PLRMPIANDTQFHTSSFLLLGIPGLEDVHIWIGFPFFSV
MPLFLVF,0,,...[FWY]..[WFY],PLRMPLFLVFLVIYLITIVWNLGLIALIWNDPHIPMY
FLVFLVI,0,,...[FWY]..[LVI],PLRMPLFLVFLVIYLITIVWNLGLIALIWNDPHIPMY
RRVFEKY,0,,...[FWY]..[WFY],PLRITLKVDNLTYRTSPDSLRRVFEKYGRVGDVYIPLEP
FEKYGRV,0,,...[FWY]..[LVI],PLRITLKVDNLTYRTSPDSLRRVFEKYGRVGDVYIPLEP
GDVYIPL,0,,...[FWY]..[LVI],PLRITLKVDNLTYRTSPDSLRRVFEKYGRVGDVYIPLEP
DTRFHSF,0,,...[FWY]..[WFY],PLRMPPDSSSPENKSLEVSDTRFHSFSFYELKNVTNNFD
FHSFSFY,0,,...[FWY]..[WFY],PLRMPPDSSSPENKSLEVSDTRFHSFSFYELKNVTNNFD
SFSFYEL,0,,...[FWY]..[LVI],PLRMPPDSSSPENKSLEVSDTRFHSFSFYELKNVTNNFD
PIQYLCW,0,,...[FWY]..[WFY],PLRLPRPIQYLCWSPVGSKLAYVYQNNIYLKQRPGDPPF
YLCWSPV,0,,...[FWY]..[LVI],PLRLPRPIQYLCWSPVGSKLAYVYQNNIYLKQRPGDPPF
MPVFTYV,0,,...[FWY]..[LVI],PLRMPVFTYVSINPNSGDIYALRSFNHEQTKAFEFKVLA
VFTYVSI,0,,...[FWY]..[LVI],PLRMPVFTYVSINPNSGDIYALRSFNHEQTKAFEFKVLA
AFEFKVL,0,,...[FWY]..[LVI],PLRMPVFTYVSINPNSGDIYALRSFNHEQTKAFEFKVLA
LKTYFKF,0,,...[FWY]..[WFY],PLRIQKRLKTYFKFFIVRDPFERLISAFKDKFVHNPRFE
KTYFKFF,0,,...[FWY]..[WFY],PLRIQKRLKTYFKFFIVRDPFERLISAFKDKFVHNPRFE
YFKFFIV,0,,...[FWY]..[LVI],PLRIQKRLKTYFKFFIVRDPFERLISAFKDKFVHNPRFE
RDPFERL,0,,...[FWY]..[LVI],PLRIQKRLKTYFKFFIVRDPFERLISAFKDKFVHNPRFE
DLLWDDL,0,,...[FWY]..[LVI],PLRMQRNLSLENAKTSVLLLNKVDLLWDDLFLILQFVWH
DDLFLIL,0,,...[FWY]..[LVI],PLRMQRNLSLENAKTSVLLLNKVDLLWDDLFLILQFVWH
LMHFDFL,0,,...[FWY]..[LVI],PLRIQRTSLGNVVLLLKSLGIHDLMHFDFLDPPPYETLL
PPPYETL,0,,...[FWY]..[LVI],PLRIQRTSLGNVVLLLKSLGIHDLMHFDFLDPPPYETLL
NGLYLWL,0,,...[FWY]..[LVI],PLRLREIRDIPGTLNGLYLWLCQRLFVRKQFAKVQPILN
RKQFAKV,0,,...[FWY]..[LVI],PLRLREIRDIPGTLNGLYLWLCQRLFVRKQFAKVQPILN
STRFEFI,0,,...[FWY]..[LVI],PLRLRGQTEALYILTKCNSTRFEFIFTNLVPGSPRLFTS
EFIFTNL,0,,...[FWY]..[LVI],PLRLRGQTEALYILTKCNSTRFEFIFTNLVPGSPRLFTS
IDAYDNF,0,,...[FWY]..[WFY],PLRLRASIDAYDNFDNISPLSSWRSIS
YDNFDNI,0,,...[FWY]..[LVI],PLRLRASIDAYDNFDNISPLSSWRSIS
LSSWRSI,0,,...[FWY]..[LVI],PLRLRASIDAYDNFDNISPLSSWRSIS
RRQFISY,0,,...[FWY]..[WFY],PLRSRLRRQFISYTKMHPNNENLPQLANMFLQYLSQSLH
ANMFLQY,0,,...[FWY]..[WFY],PLRSRLRRQFISYTKMHPNNENLPQLANMFLQYLSQSLH
GGRFYFL,0,,...[FWY]..[LVI],PLRIRRAYWRPGPNTGGRFYFLYGFVWIQDMMERAIIDT
GRFYFLY,0,,...[FWY]..[WFY],PLRIRRAYWRPGPNTGGRFYFLYGFVWIQDMMERAIIDT
YFLYGFV,0,,...[FWY]..[LVI],PLRIRRAYWRPGPNTGGRFYFLYGFVWIQDMMERAIIDT
LYGFVWI,0,,...[FWY]..[LVI],PLRIRRAYWRPGPNTGGRFYFLYGFVWIQDMMERAIIDT
SLRYNSL,0,,...[FWY]..[LVI],PLRISAGCLGLSLRYNSLQKLKYNQFKGLNQLTWLYLDH
KLKYNQF,0,,...[FWY]..[WFY],PLRISAGCLGLSLRYNSLQKLKYNQFKGLNQLTWLYLDH
YNQFKGL,0,,...[FWY]..[LVI],PLRISAGCLGLSLRYNSLQKLKYNQFKGLNQLTWLYLDH
QLTWLYL,0,,...[FWY]..[LVI],PLRISAGCLGLSLRYNSLQKLKYNQFKGLNQLTWLYLDH
LKHFKIV,0,,...[FWY]..[LVI],PLRLSAVLKHFKIVVDWYSSKTFSDEDYYQFQHILLEIY
DEDYYQF,0,,...[FWY]..[WFY],PLRLSAVLKHFKIVVDWYSSKTFSDEDYYQFQHILLEIY
YYQFQHI,0,,...[FWY]..[LVI],PLRLSAVLKHFKIVVDWYSSKTFSDEDYYQFQHILLEIY
LEEFPML,0,,...[FWY]..[LVI],PLRLSEESEDEELQLEEFPMLKTLDPKDWKNQDHYAVLG
QDHYAVL,0,,...[FWY]..[LVI],PLRLSEESEDEELQLEEFPMLKTLDPKDWKNQDHYAVLG
SFIFDWI,0,,...[FWY]..[LVI],PLRMSFIFDWIYSGFSSVLQFLGLYKKTGKLVFLGLDNA
DWIYSGF,0,,...[FWY]..[WFY],PLRMSFIFDWIYSGFSSVLQFLGLYKKTGKLVFLGLDNA
YSGFSSV,0,,...[FWY]..[LVI],PLRMSFIFDWIYSGFSSVLQFLGLYKKTGKLVFLGLDNA
VLQFLGL,0,,...[FWY]..[LVI],PLRMSFIFDWIYSGFSSVLQFLGLYKKTGKLVFLGLDNA
KLVFLGL,0,,...[FWY]..[LVI],PLRMSFIFDWIYSGFSSVLQFLGLYKKTGKLVFLGLDNA
RMSFNRL,0,,...[FWY]..[LVI],PLRMSFNRLLSVKLNDGKFMPILGFGTSVARKVAMSNVE
DGKFMPI,0,,...[FWY]..[LVI],PLRMSFNRLLSVKLNDGKFMPILGFGTSVARKVAMSNVE
IQPFSFL,0,,...[FWY]..[LVI],PLRISHIQPFSFLDLESLRSLHLDSNRLPSLGEDTLRGL
PFSFLDL,0,,...[FWY]..[LVI],PLRISHIQPFSFLDLESLRSLHLDSNRLPSLGEDTLRGL
HHSYRSF,0,,...[FWY]..[WFY],PLRISSLDELVELNEKLLNCQEFAVDLEHHSYRSFLGLT
YRSFLGL,0,,...[FWY]..[LVI],PLRISSLDELVELNEKLLNCQEFAVDLEHHSYRSFLGLT
RVDWEIF,0,,...[FWY]..[WFY],PLRNSLVRVDWEIFALLRAELMCTLREVRQPKRIFIGPT
WEIFALL,0,,...[FWY]..[LVI],PLRNSLVRVDWEIFALLRAELMCTLREVRQPKRIFIGPT
TLHFPRL,0,,...[FWY]..[LVI],PLRISSKLTLLTLHFPRLRILWCPSPHATAELFEELKQS
AELFEEL,0,,...[FWY]..[LVI],PLRISSKLTLLTLHFPRLRILWCPSPHATAELFEELKQS
SSFFCPV,0,,...[FWY]..[LVI],PLRMTNSSFFCPVYKDLEPFTYFFYLVFLVGIIGSCFAT
CPVYKDL,0,,...[FWY]..[LVI],PLRMTNSSFFCPVYKDLEPFTYFFYLVFLVGIIGSCFAT
LEPFTYF,0,,...[FWY]..[WFY],PLRMTNSSFFCPVYKDLEPFTYFFYLVFLVGIIGSCFAT
PFTYFFY,0,,...[FWY]..[WFY],PLRMTNSSFFCPVYKDLEPFTYFFYLVFLVGIIGSCFAT
FTYFFYL,0,,...[FWY]..[LVI],PLRMTNSSFFCPVYKDLEPFTYFFYLVFLVGIIGSCFAT
TYFFYLV,0,,...[FWY]..[LVI],PLRMTNSSFFCPVYKDLEPFTYFFYLVFLVGIIGSCFAT
YFFYLVF,0,,...[FWY]..[WFY],PLRMTNSSFFCPVYKDLEPFTYFFYLVFLVGIIGSCFAT
ANVYTEV,0,,...[FWY]..[LVI],PLRMTQNKLKLCSKANVYTEVPDGGWGWAVAVSFFFVEV
AVSFFFV,0,,...[FWY]..[LVI],PLRMTQNKLKLCSKANVYTEVPDGGWGWAVAVSFFFVEV
SFFFVEV,0,,...[FWY]..[LVI],PLRMTQNKLKLCSKANVYTEVPDGGWGWAVAVSFFFVEV
KRLYCIV,0,,...[FWY]..[LVI],PLRMTRDAKRLYCIVYKVLFGAFVVCLNSASTHAFTSFR
CIVYKVL,0,,...[FWY]..[LVI],PLRMTRDAKRLYCIVYKVLFGAFVVCLNSASTHAFTSFR
KVLFGAF,0,,...[FWY]..[WFY],PLRMTRDAKRLYCIVYKVLFGAFVVCLNSASTHAFTSFR
THAFTSF,0,,...[FWY]..[WFY],PLRMTRDAKRLYCIVYKVLFGAFVVCLNSASTHAFTSFR
ISPWAKY,0,,...[FWY]..[WFY],PLRITSKSGEILYRISPWAKYVVREGDNVNYDWIHWDPE
NVNYDWI,0,,...[FWY]..[LVI],PLRITSKSGEILYRISPWAKYVVREGDNVNYDWIHWDPE
NYDWIHW,0,,...[FWY]..[WFY],PLRITSKSGEILYRISPWAKYVVREGDNVNYDWIHWDPE
QKMFEKL,0,,...[FWY]..[LVI],PLRPIQKMFEKLGITTIKVNIRNANSLGGGFHCWTCDVR
GGGFHCW,0,,...[FWY]..[WFY],PLRPIQKMFEKLGITTIKVNIRNANSLGGGFHCWTCDVR
TSEFSTV,0,,...[FWY]..[LVI],PLRITVVSTKSEEEVCSSSFGTSEFSTVDSAQKNFNDYA
QKNFNDY,0,,...[FWY]..[WFY],PLRITVVSTKSEEEVCSSSFGTSEFSTVDSAQKNFNDYA
TVLFVLL,0,,...[FWY]..[LVI],PLRMTVLFVLLTSRYKLTVPRFLMCNLSFADFCMGLYLL
NLSFADF,0,,...[FWY]..[WFY],PLRMTVLFVLLTSRYKLTVPRFLMCNLSFADFCMGLYLL
VMPYPGL,0,,...[FWY]..[LVI],PLRMTVMPYPGLSASCSQAGGFPSQSLMVSTWCHLTRR
VSTWCHL,0,,...[FWY]..[LVI],PLRMTVMPYPGLSASCSQAGGFPSQSLMVSTWCHLTRR
SNYYWAF,0,,...[FWY]..[WFY],PLRMVDCERTGTSNYYWAFPSKALHAVNISWRFWNLSC
NISWRFW,0,,...[FWY]..[WFY],PLRMVDCERTGTSNYYWAFPSKALHAVNISWRFWNLSC
SWRFWNL,0,,...[FWY]..[LVI],PLRMVDCERTGTSNYYWAFPSKALHAVNISWRFWNLSC
SPGFSLL,0,,...[FWY]..[LVI],PLRMVLTLLLLSVPQALRRKAELEVPLSSPGFSLLFYLV
SLLFYLV,0,,...[FWY]..[LVI],PLRMVLTLLLLSVPQALRRKAELEVPLSSPGFSLLFYLV
MVYYPEL,0,,...[FWY]..[LVI],PLRRIEAKTKILKMVYYPELFLWVSQEPFPNKDMEGRLP
PELFLWV,0,,...[FWY]..[LVI],PLRRIEAKTKILKMVYYPELFLWVSQEPFPNKDMEGRLP
LRMYDYY,0,,...[FWY]..[WFY],PLRMYDYYDMDNYPIGTNAIVAVISYTGYDMEDAMIVNK
VISYTGY,0,,...[FWY]..[WFY],PLRMYDYYDMDNYPIGTNAIVAVISYTGYDMEDAMIVNK
LRNYEVI,0,,...[FWY]..[LVI],PLRNYEVIRNQPLMIAPVSTDNTFAVSHLGSKYNSLDLR
GSKYNSL,0,,...[FWY]..[LVI],PLRNYEVIRNQPLMIAPVSTDNTFAVSHLGSKYNSLDLR
LRMYFKL,0,,...[FWY]..[LVI],PLRMYFKLQCVKTLLKILTFEMFKYRLFFIVLPTLGLFC
ILTFEMF,0,,...[FWY]..[WFY],PLRMYFKLQCVKTLLKILTFEMFKYRLFFIVLPTLGLFC
MFKYRLF,0,,...[FWY]..[WFY],PLRMYFKLQCVKTLLKILTFEMFKYRLFFIVLPTLGLFC
YRLFFIV,0,,...[FWY]..[LVI],PLRMYFKLQCVKTLLKILTFEMFKYRLFFIVLPTLGLFC
RLFFIVL,0,,...[FWY]..[LVI],PLRMYFKLQCVKTLLKILTFEMFKYRLFFIVLPTLGLFC
RKPYNFL,0,,...[FWY]..[LVI],PLRKYFRKPYNFLKYHFEALADTGISSEFYDNANDLLSK
PYNFLKY,0,,...[FWY]..[WFY],PLRKYFRKPYNFLKYHFEALADTGISSEFYDNANDLLSK
KYHFEAL,0,,...[FWY]..[LVI],PLRKYFRKPYNFLKYHFEALADTGISSEFYDNANDLLSK
LRIYILV,0,,...[FWY]..[LVI],PLRIYILVLGVFNNENTKETKVLNREQTDKWKGWMQLVI
TDKWKGW,0,,...[FWY]..[WFY],PLRIYILVLGVFNNENTKETKVLNREQTDKWKGWMQLVI
WKGWMQL,0,,...[FWY]..[LVI],PLRIYILVLGVFNNENTKETKVLNREQTDKWKGWMQLVI
LRNYKSY,0,,...[FWY]..[WFY],PLRNYKSYWLGICMLLTILEEQAMDSLLLGSDKQNDFMQ
KSYWLGI,0,,...[FWY]..[LVI],PLRNYKSYWLGICMLLTILEEQAMDSLLLGSDKQNDFMQ
VSGYFFW,0,,...[FWY]..[WFY],PLRIYLMRNPRDVLVSGYFFWKNMKFIKKPKSWEEYFEW
PKSWEEY,0,,...[FWY]..[WFY],PLRIYLMRNPRDVLVSGYFFWKNMKFIKKPKSWEEYFEW
WEEYFEW,0,,...[FWY]..[WFY],PLRIYLMRNPRDVLVSGYFFWKNMKFIKKPKSWEEYFEW
LGLFMAY,0,,...[FWY]..[WFY],PLRMAFMKKYLLPILGLFMAYYYYSANEEFRPEMLQGKK
FMAYYYY,0,,...[FWY]..[WFY],PLRMAFMKKYLLPILGLFMAYYYYSANEEFRPEMLQGKK
AKRFEFL,0,,...[FWY]..[LVI],PLRKADRAKRFEFLLKQTELFAHFIQPSAQKSPTSPLNM
TELFAHF,0,,...[FWY]..[WFY],PLRKADRAKRFEFLLKQTELFAHFIQPSAQKSPTSPLNM
SSSWSEW,0,,...[FWY]..[WFY],PLRKTSATVICRKNASISVRAQDRYYSSSWSEWASVPCS
WSEWASV,0,,...[FWY]..[LVI],PLRKTSATVICRKNASISVRAQDRYYSSSWSEWASVPCS
CKVFAAL,0,,...[FWY]..[LVI],PLRMCKVFAALLSMEWAFHVLSFPKWDPSIRDKRIQFEQ
EWAFHVL,0,,...[FWY]..[LVI],PLRMCKVFAALLSMEWAFHVLSFPKWDPSIRDKRIQFEQ
VLSFPKW,0,,...[FWY]..[WFY],PLRMCKVFAALLSMEWAFHVLSFPKWDPSIRDKRIQFEQ
RIFWLGL,0,,...[FWY]..[LVI],PLRKTVSEAESRIFWLGLIACSVLWVIFAFSALFSFTVK
SVLWVIF,0,,...[FWY]..[WFY],PLRKTVSEAESRIFWLGLIACSVLWVIFAFSALFSFTVK
IFAFSAL,0,,...[FWY]..[LVI],PLRKTVSEAESRIFWLGLIACSVLWVIFAFSALFSFTVK
ALLFQLL,0,,...[FWY]..[LVI],PLRMDPLGAAKPQWPWRRCLAALLFQLLVAVCFFSYLRM
AVCFFSY,0,,...[FWY]..[WFY],PLRMDPLGAAKPQWPWRRCLAALLFQLLVAVCFFSYLRM
VCFFSYL,0,,...[FWY]..[LVI],PLRMDPLGAAKPQWPWRRCLAALLFQLLVAVCFFSYLRM
TYVWQVL,0,,...[FWY]..[LVI],PLRKVFPGGSHTYVWQVLKENGPMASDPLCLTYSYLSHV
CLTYSYL,0,,...[FWY]..[LVI],PLRKVFPGGSHTYVWQVLKENGPMASDPLCLTYSYLSHV
IEVFVSL,0,,...[FWY]..[LVI],PLRKEKPQCVQNCIEVFVSLTNFEPVLHECHVTQARALN
LTNFEPV,0,,...[FWY]..[LVI],PLRKEKPQCVQNCIEVFVSLTNFEPVLHECHVTQARALN
DEEFQKL,0,,...[FWY]..[LVI],PLRNDKSCQFSVDEEFQKLWRSVTVDSMDEEKIEEYLKR
QKLWRSV,0,,...[FWY]..[LVI],PLRNDKSCQFSVDEEFQKLWRSVTVDSMDEEKIEEYLKR
RKEFKEV,0,,...[FWY]..[LVI],PLRKEFKEVEKVQLHSRFPQISNSRHFITPNEWLKLPTR
HSRFPQI,0,,...[FWY]..[LVI],PLRKEFKEVEKVQLHSRFPQISNSRHFITPNEWLKLPTR
PNEWLKL,0,,...[FWY]..[LVI],PLRKEFKEVEKVQLHSRFPQISNSRHFITPNEWLKLPTR
DGSFVTL,0,,...[FWY]..[LVI],PLRKFRAKDGSFVTLKSQWFSFTNPWTKELEYIVSVNTL
KSQWFSF,0,,...[FWY]..[WFY],PLRKFRAKDGSFVTLKSQWFSFTNPWTKELEYIVSVNTL
LRKFSQV,0,,...[FWY]..[LVI],PLRKFSQVKEVKRTLSGLEAAWLLQFRVVCQS
LLQFRVV,0,,...[FWY]..[LVI],PLRKFSQVKEVKRTLSGLEAAWLLQFRVVCQS
HLKYVML,0,,...[FWY]..[LVI],PLRKLTDHLKYVMLPVADQYDCITHYEGSTCPKWKAPKS
ADQYDCI,0,,...[FWY]..[LVI],PLRKLTDHLKYVMLPVADQYDCITHYEGSTCPKWKAPKS
LRKFDSL,0,,...[FWY]..[LVI],PLRKFDSLLELVEYYQCHSLKESFKQLDTTLKYPYKSRE
KESFKQL,0,,...[FWY]..[LVI],PLRKFDSLLELVEYYQCHSLKESFKQLDTTLKYPYKSRE
VDRFKEL,0,,...[FWY]..[LVI],PLRLEKENKFVDRFKELFDLEEISSFPSLNIKLYKAVKK
ISSFPSL,0,,...[FWY]..[LVI],PLRLEKENKFVDRFKELFDLEEISSFPSLNIKLYKAVKK
IKLYKAV,0,,...[FWY]..[LVI],PLRLEKENKFVDRFKELFDLEEISSFPSLNIKLYKAVKK
AAFYHKY,0,,...[FWY]..[WFY],PLRKYESEWTNEVSMVLTGAAFYHKYFNYLYPTKCLGI
YHKYFNY,0,,...[FWY]..[WFY],PLRKYESEWTNEVSMVLTGAAFYHKYFNYLYPTKCLGI
HKYFNYL,0,,...[FWY]..[LVI],PLRKYESEWTNEVSMVLTGAAFYHKYFNYLYPTKCLGI
VSHYTWF,0,,...[FWY]..[WFY],PLRKSATLTCESDANPPVSHYTWFDWNNQSLPHHSQKLR
HYTWFDW,0,,...[FWY]..[WFY],PLRKSATLTCESDANPPVSHYTWFDWNNQSLPHHSQKLR
KNRYQSF,0,,...[FWY]..[WFY],PLRKNRYQSFGNNHFAERSFLTVLRQSTVIT
ERSFLTV,0,,...[FWY]..[LVI],PLRKNRYQSFGNNHFAERSFLTVLRQSTVIT
NITFLNF,0,,...[FWY]..[WFY],PLRKMSNITFLNFDPPIEEFHHIINIL
IEEFHHI,0,,...[FWY]..[LVI],PLRKMSNITFLNFDPPIEEFHHIINIL
LILFSSF,0,,...[FWY]..[WFY],PLRMISPVLILFSSFLCHVAIAGRTCPKPDDLPFSTVVP
DLPFSTV,0,,...[FWY]..[LVI],PLRMISPVLILFSSFLCHVAIAGRTCPKPDDLPFSTVVP
VLNFSNV,0,,...[FWY]..[LVI],PLRKNMVVLNFSNVDWSFLYSILIAKASVFFIVCVLTLL
NVDWSFL,0,,...[FWY]..[LVI],PLRKNMVVLNFSNVDWSFLYSILIAKASVFFIVCVLTLL
SFLYSIL,0,,...[FWY]..[LVI],PLRKNMVVLNFSNVDWSFLYSILIAKASVFFIVCVLTLL
ASVFFIV,0,,...[FWY]..[LVI],PLRKNMVVLNFSNVDWSFLYSILIAKASVFFIVCVLTLL
KTAFMQF,0,,...[FWY]..[WFY],PLRKTAFMQFYKTAKDWWLFSFYFCLPLAITAFFYTLMT
AKDWWLF,0,,...[FWY]..[WFY],PLRKTAFMQFYKTAKDWWLFSFYFCLPLAITAFFYTLMT
WWLFSFY,0,,...[FWY]..[WFY],PLRKTAFMQFYKTAKDWWLFSFYFCLPLAITAFFYTLMT
FSFYFCL,0,,...[FWY]..[LVI],PLRKTAFMQFYKTAKDWWLFSFYFCLPLAITAFFYTLMT
TAFFYTL,0,,...[FWY]..[LVI],PLRKTAFMQFYKTAKDWWLFSFYFCLPLAITAFFYTLMT
PDGYDCY,0,,...[FWY]..[WFY],PLRKKASPDGYDCYFDNVGGEFSNTVIGQMKKFGRIAIC
DCYFDNV,0,,...[FWY]..[LVI],PLRKKASPDGYDCYFDNVGGEFSNTVIGQMKKFGRIAIC
MKKFGRI,0,,...[FWY]..[LVI],PLRKKASPDGYDCYFDNVGGEFSNTVIGQMKKFGRIAIC
RKIFYLF,0,,...[FWY]..[WFY],PLRKIFYLFLTQEGNWKETVNETGFQLKADSRLKALNAT
KIFYLFL,0,,...[FWY]..[LVI],PLRKIFYLFLTQEGNWKETVNETGFQLKADSRLKALNAT
EHEYTEF,0,,...[FWY]..[WFY],PLRKILFATDDFFAPAENLIKSDSPCFKEHEYTEFGKWM
YTEFGKW,0,,...[FWY]..[WFY],PLRKILFATDDFFAPAENLIKSDSPCFKEHEYTEFGKWM
LTGFIFF,0,,...[FWY]..[WFY],PLRMKLLKLTGFIFFLFFLTESLTLPTQPRDIENFNSTQ
GFIFFLF,0,,...[FWY]..[WFY],PLRMKLLKLTGFIFFLFFLTESLTLPTQPRDIENFNSTQ
FIFFLFF,0,,...[FWY]..[WFY],PLRMKLLKLTGFIFFLFFLTESLTLPTQPRDIENFNSTQ
RLQFYMF,0,,...[FWY]..[WFY],PLRKKHYRLQFYMFAWTHVTLLITVTQSHLVIQNLFEGM
MFAWTHV,0,,...[FWY]..[LVI],PLRKKHYRLQFYMFAWTHVTLLITVTQSHLVIQNLFEGM
PRFYRTY,0,,...[FWY]..[WFY],PLRKKIDAAVFNPRFYRTYFFVDNQYWRYDERRQMMDPG
YRTYFFV,0,,...[FWY]..[LVI],PLRKKIDAAVFNPRFYRTYFFVDNQYWRYDERRQMMDPG
DNQYWRY,0,,...[FWY]..[WFY],PLRKKIDAAVFNPRFYRTYFFVDNQYWRYDERRQMMDPG
KKKYATY,0,,...[FWY]..[WFY],PLRKKKYATYRASAIIIQRWYRGIKITNHQHKEYLNLKK
QRWYRGI,0,,...[FWY]..[LVI],PLRKKKYATYRASAIIIQRWYRGIKITNHQHKEYLNLKK
HKEYLNL,0,,...[FWY]..[LVI],PLRKKKYATYRASAIIIQRWYRGIKITNHQHKEYLNLKK
SGLWYFF,0,,...[FWY]..[WFY],PLRMKSGLWYFFLFCLRIKVLTGEINGSANYEMFIFHNG
GLWYFFL,0,,...[FWY]..[LVI],PLRMKSGLWYFFLFCLRIKVLTGEINGSANYEMFIFHNG
LWYFFLF,0,,...[FWY]..[WFY],PLRMKSGLWYFFLFCLRIKVLTGEINGSANYEMFIFHNG
SANYEMF,0,,...[FWY]..[WFY],PLRMKSGLWYFFLFCLRIKVLTGEINGSANYEMFIFHNG
TIAYDRY,0,,...[FWY]..[WFY],PLRKNTIAYDRYIKEVPRHLRQPGIHPKTPNKFKKYSRR
PNKFKKY,0,,...[FWY]..[WFY],PLRKNTIAYDRYIKEVPRHLRQPGIHPKTPNKFKKYSRR
VKEYVRW,0,,...[FWY]..[WFY],PLRKNVKEYVRWMMYWIVFALYTVIETVADQTVAWFPLH
YVRWMMY,0,,...[FWY]..[WFY],PLRKNVKEYVRWMMYWIVFALYTVIETVADQTVAWFPLH
WMMYWIV,0,,...[FWY]..[LVI],PLRKNVKEYVRWMMYWIVFALYTVIETVADQTVAWFPLH
MMYWIVF,0,,...[FWY]..[WFY],PLRKNVKEYVRWMMYWIVFALYTVIETVADQTVAWFPLH
WIVFALY,0,,...[FWY]..[WFY],PLRKNVKEYVRWMMYWIVFALYTVIETVADQTVAWFPLH
FALYTVI,0,,...[FWY]..[LVI],PLRKNVKEYVRWMMYWIVFALYTVIETVADQTVAWFPLH
TVAWFPL,0,,...[FWY]..[LVI],PLRKNVKEYVRWMMYWIVFALYTVIETVADQTVAWFPLH
KNVYNSW,0,,...[FWY]..[WFY],PLRKNVYNSWTYNVQYWKNGTDEKFQITPQYDFEVLRNL
QYDFEVL,0,,...[FWY]..[LVI],PLRKNVYNSWTYNVQYWKNGTDEKFQITPQYDFEVLRNL
HALYDNV,0,,...[FWY]..[LVI],PLRYHHCRDEPLHALYDNVEKLFPGFEIETVKNNLRILF
EKLFPGF,0,,...[FWY]..[WFY],PLRYHHCRDEPLHALYDNVEKLFPGFEIETVKNNLRILF
KLIYYYL,0,,...[FWY]..[LVI],PLRKLIYYYLFAFIYGLVGSCSDVVMVNSSWTLNHILSL
LIYYYLF,0,,...[FWY]..[WFY],PLRKLIYYYLFAFIYGLVGSCSDVVMVNSSWTLNHILSL
YYLFAFI,0,,...[FWY]..[LVI],PLRKLIYYYLFAFIYGLVGSCSDVVMVNSSWTLNHILSL
AFIYGLV,0,,...[FWY]..[LVI],PLRKLIYYYLFAFIYGLVGSCSDVVMVNSSWTLNHILSL
IKYFLNL,0,,...[FWY]..[LVI],PLRMLRNNKTIIIKYFLNLINGAFLVLGLLFMGFGAWLL
NGAFLVL,0,,...[FWY]..[LVI],PLRMLRNNKTIIIKYFLNLINGAFLVLGLLFMGFGAWLL
GLLFMGF,0,,...[FWY]..[WFY],PLRMLRNNKTIIIKYFLNLINGAFLVLGLLFMGFGAWLL
FMGFGAW,0,,...[FWY]..[WFY],PLRMLRNNKTIIIKYFLNLINGAFLVLGLLFMGFGAWLL
ENKYSLF,0,,...[FWY]..[WFY],PLRMTPFMASSEESRMNGQLQLPTNSGNNENKYSLFAVV
YSLFAVV,0,,...[FWY]..[LVI],PLRMTPFMASSEESRMNGQLQLPTNSGNNENKYSLFAVV
VIKFDEV,0,,...[FWY]..[LVI],PLRKMCSLLSKNDEKNTVIKFDEVKYFSVQVPRRYDDKR
EVKYFSV,0,,...[FWY]..[LVI],PLRKMCSLLSKNDEKNTVIKFDEVKYFSVQVPRRYDDKR
ENKYGNL,0,,...[FWY]..[LVI],PLRKNISSHWHTSHVSAQSFFENKYGNLDIFSTLRSSCL
LDIFSTL,0,,...[FWY]..[LVI],PLRKNISSHWHTSHVSAQSFFENKYGNLDIFSTLRSSCL
KNTYKSV,0,,...[FWY]..[LVI],PLRKNTYKSVQMMRQYNSFNFALLEDVQAKVLEIPYKGK
MRQYNSF,0,,...[FWY]..[WFY],PLRKNTYKSVQMMRQYNSFNFALLEDVQAKVLEIPYKGK
SFNFALL,0,,...[FWY]..[LVI],PLRKNTYKSVQMMRQYNSFNFALLEDVQAKVLEIPYKGK
CIEYELV,0,,...[FWY]..[LVI],PLRQPFIHCTDDSPDPCIEYELVLRKWCELIPGAEFRCF
LRKWCEL,0,,...[FWY]..[LVI],PLRQPFIHCTDDSPDPCIEYELVLRKWCELIPGAEFRCF
GAEFRCF,0,,...[FWY]..[WFY],PLRQPFIHCTDDSPDPCIEYELVLRKWCELIPGAEFRCF
ASFFSKV,0,,...[FWY]..[LVI],PLRNPLLASFFSKVLSILISRKPEQIVDFLKKKHDFVDL
KHDFVDL,0,,...[FWY]..[LVI],PLRNPLLASFFSKVLSILISRKPEQIVDFLKKKHDFVDL
LDAYRVW,0,,...[FWY]..[WFY],PLRKTLLLDAYRVWQQGQKGVAYDLGRVERIMSETYMLI
SETYMLI,0,,...[FWY]..[LVI],PLRKTLLLDAYRVWQQGQKGVAYDLGRVERIMSETYMLI
EERYMTL,0,,...[FWY]..[LVI],PLRMQDEERYMTLNVQSKKRSSAQTSQLTFKDYSVTLHW
QLTFKDY,0,,...[FWY]..[WFY],PLRMQDEERYMTLNVQSKKRSSAQTSQLTFKDYSVTLHW
GASYLRL,0,,...[FWY]..[LVI],PLRKQSPLNINGASYLRLPWVNPYMEGATPAIYPFLDSP
PAIYPFL,0,,...[FWY]..[LVI],PLRKQSPLNINGASYLRLPWVNPYMEGATPAIYPFLDSP
KRVFQRY,0,,...[FWY]..[WFY],PLRKRVFQRYETVKYLLVPAYIFAGWSIADSLKSKSIFW
FQRYETV,0,,...[FWY]..[LVI],PLRKRVFQRYETVKYLLVPAYIFAGWSIADSLKSKSIFW
TVKYLLV,0,,...[FWY]..[LVI],PLRKRVFQRYETVKYLLVPAYIFAGWSIADSLKSKSIFW
AYIFAGW,0,,...[FWY]..[WFY],PLRKRVFQRYETVKYLLVPAYIFAGWSIADSLKSKSIFW
EIVFVFF,0,,...[FWY]..[WFY],PLRMSGAALGLEIVFVFFLALFLLHRYGALRNSIVL
FVFFLAL,0,,...[FWY]..[LVI],PLRMSGAALGLEIVFVFFLALFLLHRYGALRNSIVL
LHRYGAL,0,,...[FWY]..[LVI],PLRMSGAALGLEIVFVFFLALFLLHRYGALRNSIVL
LRLFLLF,0,,...[FWY]..[WFY],PLRLSEQPELQLRLFLLFLGIYVVTVVGNLSMITLIGLS
HFSFSPL,0,,...[FWY]..[LVI],PLRKSLSSDSSFCFPRPHFSFSPLPMFHVLWNSNQNLM
LPMFHVL,0,,...[FWY]..[LVI],PLRKSLSSDSSFCFPRPHFSFSPLPMFHVLWNSNQNLM
APLFGVF,0,,...[FWY]..[WFY],PLRMSNASLLTAFILMGLPHAPALDAPLFGVFLVVYVLT
FGVFLVV,0,,...[FWY]..[LVI],PLRMSNASLLTAFILMGLPHAPALDAPLFGVFLVVYVLT
RKSYGNF,0,,...[FWY]..[WFY],PLRKSYGNFYKVPRSQTKLTIMLEKLGMDYDGRPHCGLD
YGNFYKV,0,,...[FWY]..[LVI],PLRKSYGNFYKVPRSQTKLTIMLEKLGMDYDGRPHCGLD
RKLFLAF,0,,...[FWY]..[WFY],PLRNLRKLFLAFGYDDELYVSGQQQFVPDLDRPFLCLYY
DRPFLCL,0,,...[FWY]..[LVI],PLRNLRKLFLAFGYDDELYVSGQQQFVPDLDRPFLCLYY
IRLWADF,0,,...[FWY]..[WFY],PLRMSRRGKIEWPPASRQPQTTPKGIRLWADFYGLVNIS
WADFYGL,0,,...[FWY]..[LVI],PLRMSRRGKIEWPPASRQPQTTPKGIRLWADFYGLVNIS
ADFYGLV,0,,...[FWY]..[LVI],PLRMSRRGKIEWPPASRQPQTTPKGIRLWADFYGLVNIS
GASFVQI,0,,...[FWY]..[LVI],PLRMSSLGASFVQIKFDDLQFFENCGGGSFGSVYRAKWI
QIKFDDL,0,,...[FWY]..[LVI],PLRMSSLGASFVQIKFDDLQFFENCGGGSFGSVYRAKWI
GGSFGSV,0,,...[FWY]..[LVI],PLRMSSLGASFVQIKFDDLQFFENCGGGSFGSVYRAKWI
RMSYSIY,0,,...[FWY]..[WFY],PLRMSYSIYKSTVNIPLSHGVVHSFCHNMNCNFMHIFKF
NCNFMHI,0,,...[FWY]..[LVI],PLRMSYSIYKSTVNIPLSHGVVHSFCHNMNCNFMHIFKF
HPDYEEY,0,,...[FWY]..[WFY],PLRKTVSNKLKNHPDYEEYINLEGTRKARNTFSKHIEQL
YEEYINL,0,,...[FWY]..[LVI],PLRKTVSNKLKNHPDYEEYINLEGTRKARNTFSKHIEQL
LKAFVTL,0,,...[FWY]..[LVI],PLRKTQEWDNSKSILGVQCEVQKQLKAFVTLERFDQLYG
LERFDQL,0,,...[FWY]..[LVI],PLRKTQEWDNSKSILGVQCEVQKQLKAFVTLERFDQLYG
KSPYASL,0,,...[FWY]..[LVI],PLRQTHNEKSPYASLCQVEFGNFNNLSNHSGNNVNYNAS
QVEFGNF,0,,...[FWY]..[WFY],PLRQTHNEKSPYASLCQVEFGNFNNLSNHSGNNVNYNAS
FGNFNNL,0,,...[FWY]..[LVI],PLRQTHNEKSPYASLCQVEFGNFNNLSNHSGNNVNYNAS
EYPFADI,0,,...[FWY]..[LVI],PLRMTSQEKTEEYPFADIFDEDETERNFLLSKPVCFVVF
PVCFVVF,0,,...[FWY]..[WFY],PLRMTSQEKTEEYPFADIFDEDETERNFLLSKPVCFVVF
GMSFVCI,0,,...[FWY]..[LVI],PLRMTVSLLLKDNYNGMSFVCIGAILVFVAFFEIGPGPI
ILVFVAF,0,,...[FWY]..[WFY],PLRMTVSLLLKDNYNGMSFVCIGAILVFVAFFEIGPGPI
FVAFFEI,0,,...[FWY]..[LVI],PLRMTVSLLLKDNYNGMSFVCIGAILVFVAFFEIGPGPI
SEDFCYV,0,,...[FWY]..[LVI],PLRNVLGCIPVGQIVTIKPLSEDFCYVLGYLLTWKLILT
LLTWKLI,0,,...[FWY]..[LVI],PLRNVLGCIPVGQIVTIKPLSEDFCYVLGYLLTWKLILT
KKIWTCF,0,,...[FWY]..[WFY],PLRKVYHLAAVRLRDLCAKLDISDELRKKIWTCFEFSII
CFEFSII,0,,...[FWY]..[LVI],PLRKVYHLAAVRLRDLCAKLDISDELRKKIWTCFEFSII
RKVYLGI,0,,...[FWY]..[LVI],PLRKVYLGIRKKLKPPTPWGFTLILEKMHLYLSCTDEDE
PWGFTLI,0,,...[FWY]..[LVI],PLRKVYLGIRKKLKPPTPWGFTLILEKMHLYLSCTDEDE
RKVYNSF,0,,...[FWY]..[WFY],PLRKVYNSFLNNQVPALWSNTAYPSLKPLGSWVKDLILR
NTAYPSL,0,,...[FWY]..[LVI],PLRKVYNSFLNNQVPALWSNTAYPSLKPLGSWVKDLILR
VYWFEKF,0,,...[FWY]..[WFY],PLRKVYWFEKFLWFISSENYLIIGGRDQQQNEIIVKRYL
FEKFLWF,0,,...[FWY]..[WFY],PLRKVYWFEKFLWFISSENYLIIGGRDQQQNEIIVKRYL
SENYLII,0,,...[FWY]..[LVI],PLRKVYWFEKFLWFISSENYLIIGGRDQQQNEIIVKRYL
SKYWDTF,0,,...[FWY]..[WFY],PLRKYEREASKYWDTFYKIHKNKFFKDRNWLLREFPEIL
WDTFYKI,0,,...[FWY]..[LVI],PLRKYEREASKYWDTFYKIHKNKFFKDRNWLLREFPEIL
LREFPEI,0,,...[FWY]..[LVI],PLRKYEREASKYWDTFYKIHKNKFFKDRNWLLREFPEIL
LRKYGRI,0,,...[FWY]..[LVI],PLRKYGRIVEVLLVKDHETNKSGGFAFVTFESPADAKDA
SGGFAFV,0,,...[FWY]..[LVI],PLRKYGRIVEVLLVKDHETNKSGGFAFVTFESPADAKDA
GFAFVTF,0,,...[FWY]..[WFY],PLRKYGRIVEVLLVKDHETNKSGGFAFVTFESPADAKDA
LDGFFFV,0,,...[FWY]..[LVI],PLRLEALDGFFFVVNCEGRMYLCQRM
DGFFFVV,0,,...[FWY]..[LVI],PLRLEALDGFFFVVNCEGRMYLCQRM
HALFGEV,0,,...[FWY]..[LVI],PLRLAALTLMPLAMLSSSALFDHALFGEVTCRLYLFLSV
CRLYLFL,0,,...[FWY]..[LVI],PLRLAALTLMPLAMLSSSALFDHALFGEVTCRLYLFLSV
LYLFLSV,0,,...[FWY]..[LVI],PLRLAALTLMPLAMLSSSALFDHALFGEVTCRLYLFLSV
PNSFEEF,0,,...[FWY]..[WFY],PLRLAKPTLPIKTFRGAPPNSFEEFPFSALEGWTGATIT
EFPFSAL,0,,...[FWY]..[LVI],PLRLAKPTLPIKTFRGAPPNSFEEFPFSALEGWTGATIT
ALCYGTF,0,,...[FWY]..[WFY],PLRMALCYGTFWGYPKMLEAANLMEGLVDIGPWVTLPRG
YGTFWGY,0,,...[FWY]..[WFY],PLRMALCYGTFWGYPKMLEAANLMEGLVDIGPWVTLPRG
IGPWVTL,0,,...[FWY]..[LVI],PLRMALCYGTFWGYPKMLEAANLMEGLVDIGPWVTLPRG
REKYLTV,0,,...[FWY]..[LVI],PLRLPLGSEPELREKYLTVQNTVRFGRILEDLDSLGVLI
TVRFGRI,0,,...[FWY]..[LVI],PLRLPLGSEPELREKYLTVQNTVRFGRILEDLDSLGVLI
SLCYKLL,0,,...[FWY]..[LVI],PLRLLVQLLSLCYKLLKKLQMENNGWVSVTNKDTMDSKT
NNGWVSV,0,,...[FWY]..[LVI],PLRLLVQLLSLCYKLLKKLQMENNGWVSVTNKDTMDSKT
TGAFVYF,0,,...[FWY]..[WFY],PLRVALSVLPKHLVSYSIEYVHSFHTGAFVYFLTVQPAS
FVYFLTV,0,,...[FWY]..[LVI],PLRVALSVLPKHLVSYSIEYVHSFHTGAFVYFLTVQPAS
TPKFLNI,0,,...[FWY]..[LVI],PLRLEPLPPLTPKFLNILDQVCIQCYKDFSPTIIEDQAR
IQCYKDF,0,,...[FWY]..[WFY],PLRLEPLPPLTPKFLNILDQVCIQCYKDFSPTIIEDQAR
STGFLNL,0,,...[FWY]..[LVI],PLRLSQNSHELSTGFLNLAVFTREVAALFKNLIQNLNNI
AALFKNL,0,,...[FWY]..[LVI],PLRLSQNSHELSTGFLNLAVFTREVAALFKNLIQNLNNI
VTIFQLL,0,,...[FWY]..[LVI],PLRLRVQLKVVTIFQLLVLLFLVLIRVRQQLLFQFWMM
VLLFLVL,0,,...[FWY]..[LVI],PLRLRVQLKVVTIFQLLVLLFLVLIRVRQQLLFQFWMM
QLLFQFW,0,,...[FWY]..[WFY],PLRLRVQLKVVTIFQLLVLLFLVLIRVRQQLLFQFWMM
NNMFSKF,0,,...[FWY]..[WFY],PLRLARNKIRTLKNNMFSKFKKLKSLDLQQNEISKIESE
FSKFKKL,0,,...[FWY]..[LVI],PLRLARNKIRTLKNNMFSKFKKLKSLDLQQNEISKIESE
QILFWSI,0,,...[FWY]..[LVI],PLRMASLGQILFWSIISIIIILAGAIALIIGFGISGRHS
ILFWSII,0,,...[FWY]..[LVI],PLRMASLGQILFWSIISIIIILAGAIALIIGFGISGRHS
TSDFVQL,0,,...[FWY]..[LVI],PLRLDTDISLIRYFVTEVLDVIAPPYTSDFVQLFLPILE
VQLFLPI,0,,...[FWY]..[LVI],PLRLDTDISLIRYFVTEVLDVIAPPYTSDFVQLFLPILE
KAIYERL,0,,...[FWY]..[LVI],PLRVATGRDIIDKQHTEQEASYGRDAFAKAIYERLFCWI
ERLFCWI,0,,...[FWY]..[LVI],PLRVATGRDIIDKQHTEQEASYGRDAFAKAIYERLFCWI
PPVFSQV,0,,...[FWY]..[LVI],PLRLDTQDNPPVFSQVAYSFVVFENVALGYHVGSVSAST
QVAYSFV,0,,...[FWY]..[LVI],PLRLDTQDNPPVFSQVAYSFVVFENVALGYHVGSVSAST
AYSFVVF,0,,...[FWY]..[WFY],PLRLDTQDNPPVFSQVAYSFVVFENVALGYHVGSVSAST
FVVFENV,0,,...[FWY]..[LVI],PLRLDTQDNPPVFSQVAYSFVVFENVALGYHVGSVSAST
ADRYLAI,0,,...[FWY]..[LVI],PLRLAVMSADRYLAICHPLRYPLLMSGAVCFRVALACWV
RSHFQKY,0,,...[FWY]..[WFY],PLRLCPSVSEADLRSHFQKYQVSEISIYDSTNYRYASLA
NYRYASL,0,,...[FWY]..[LVI],PLRLCPSVSEADLRSHFQKYQVSEISIYDSTNYRYASLA
CSIFGAL,0,,...[FWY]..[LVI],PLRLCSIFGALIAVCLIMGLFDGCFISIMAPIAFELVGA
DGCFISI,0,,...[FWY]..[LVI],PLRLCSIFGALIAVCLIMGLFDGCFISIMAPIAFELVGA
PIAFELV,0,,...[FWY]..[LVI],PLRLCSIFGALIAVCLIMGLFDGCFISIMAPIAFELVGA
CKRFYLV,0,,...[FWY]..[LVI],PLRLCKRFYLVVEAKDGGTPALSAVATVNINLTDVNDNP
KRFYLVV,0,,...[FWY]..[LVI],PLRLCKRFYLVVEAKDGGTPALSAVATVNINLTDVNDNP
RFLFSLF,0,,...[FWY]..[WFY],PLRMCPIEGEGNIARFLFSLFGQKHNAVNATLIDSWVDI
IDSWVDI,0,,...[FWY]..[LVI],PLRMCPIEGEGNIARFLFSLFGQKHNAVNATLIDSWVDI
MEGFSLF,0,,...[FWY]..[WFY],PLRLCSCRMEGFSLFLAMLWGGVGELPSDPRGHLQFLAT
AMLWGGV,0,,...[FWY]..[LVI],PLRLCSCRMEGFSLFLAMLWGGVGELPSDPRGHLQFLAT
EAIYPSV,0,,...[FWY]..[LVI],PLRLEAIYPSVDKREYIIKLEPIETNQNAVFQYISRTDN
NAVFQYI,0,,...[FWY]..[LVI],PLRLEAIYPSVDKREYIIKLEPIETNQNAVFQYISRTDN
GEEYSPL,0,,...[FWY]..[LVI],PLRLDFGESQDWVLEAEDEGEEYSPLEGLPPFISLREDQ
LPPFISL,0,,...[FWY]..[LVI],PLRLDFGESQDWVLEAEDEGEEYSPLEGLPPFISLREDQ
RDEFLDF,0,,...[FWY]..[WFY],PLRMEFVSGYRDEFLDFTALLFGWFRKFVAERGAVGTSL
FLDFTAL,0,,...[FWY]..[LVI],PLRMEFVSGYRDEFLDFTALLFGWFRKFVAERGAVGTSL
ALLFGWF,0,,...[FWY]..[WFY],PLRMEFVSGYRDEFLDFTALLFGWFRKFVAERGAVGTSL
FGWFRKF,0,,...[FWY]..[WFY],PLRMEFVSGYRDEFLDFTALLFGWFRKFVAERGAVGTSL
GHLWDRF,0,,...[FWY]..[WFY],PLRLEGLMPQWSRALQPWWSSGVGHLWDRFFGLQFGDR
WDRFFGL,0,,...[FWY]..[LVI],PLRLEGLMPQWSRALQPWWSSGVGHLWDRFFGLQFGDR
GVAWEKY,0,,...[FWY]..[WFY],PLRLVHREARDEYHCKKKYGVAWEKYCQRVPYRIFPYIY
RVPYRIF,0,,...[FWY]..[WFY],PLRLVHREARDEYHCKKKYGVAWEKYCQRVPYRIFPYIY
YRIFPYI,0,,...[FWY]..[LVI],PLRLVHREARDEYHCKKKYGVAWEKYCQRVPYRIFPYIY
RSLYALF,0,,...[FWY]..[WFY],PLRMDIRPNHTIYINNMNDKIKKEELKRSLYALFSQFGH
YALFSQF,0,,...[FWY]..[WFY],PLRMDIRPNHTIYINNMNDKIKKEELKRSLYALFSQFGH
LDIYAGL,0,,...[FWY]..[LVI],PLRLDIYAGLDSAVSDSASKSCVPSRNCLDLYEEILTEE
LDLYEEI,0,,...[FWY]..[LVI],PLRLDIYAGLDSAVSDSASKSCVPSRNCLDLYEEILTEE
RRIFLEF,0,,...[FWY]..[WFY],PLRSDLYKHTNSKETRRIFLEFHQFFLDRSAHLKVSVPD
FLEFHQF,0,,...[FWY]..[WFY],PLRSDLYKHTNSKETRRIFLEFHQFFLDRSAHLKVSVPD
IVMFLPY,0,,...[FWY]..[WFY],PLRLDVIIIIVMFLPYALRQLMGKQFTYLYIADGMQSLR
GKQFTYL,0,,...[FWY]..[LVI],PLRLDVIIIIVMFLPYALRQLMGKQFTYLYIADGMQSLR
QFTYLYI,0,,...[FWY]..[LVI],PLRLDVIIIIVMFLPYALRQLMGKQFTYLYIADGMQSLR
RLNWLLF,0,,...[FWY]..[WFY],PLRLNWLLFNYYLTTCLQSSVNKHRHMFVKQVDMDHVMK
WLLFNYY,0,,...[FWY]..[WFY],PLRLNWLLFNYYLTTCLQSSVNKHRHMFVKQVDMDHVMK
AEPYYLL,0,,...[FWY]..[LVI],PLRREAEPYYLLLPRVSYLTLVTDKVKKHFQKVMRQEDI
EPYYLLL,0,,...[FWY]..[LVI],PLRREAEPYYLLLPRVSYLTLVTDKVKKHFQKVMRQEDI
RVSYLTL,0,,...[FWY]..[LVI],PLRREAEPYYLLLPRVSYLTLVTDKVKKHFQKVMRQEDI
KKHFQKV,0,,...[FWY]..[LVI],PLRREAEPYYLLLPRVSYLTLVTDKVKKHFQKVMRQEDI
RMEFAEL,0,,...[FWY]..[LVI],PLRMEFAELIKTPRVDNVVLHRPFYPAVEGTLCLTGHHL
RPFYPAV,0,,...[FWY]..[LVI],PLRMEFAELIKTPRVDNVVLHRPFYPAVEGTLCLTGHHL
CKRFSEL,0,,...[FWY]..[LVI],PLRLEQDLCRAACVCKRFSELANDPILWKRLYMEVFEYT
PILWKRL,0,,...[FWY]..[LVI],PLRLEQDLCRAACVCKRFSELANDPILWKRLYMEVFEYT
KRLYMEV,0,,...[FWY]..[LVI],PLRLEQDLCRAACVCKRFSELANDPILWKRLYMEVFEYT
VTEFIFW,0,,...[FWY]..[WFY],PLRMEKINNVTEFIFWGLSQSPEIEKVCFVVFSFFYIIT
EFIFWGL,0,,...[FWY]..[LVI],PLRMEKINNVTEFIFWGLSQSPEIEKVCFVVFSFFYIIT
KVCFVVF,0,,...[FWY]..[WFY],PLRMEKINNVTEFIFWGLSQSPEIEKVCFVVFSFFYIIT
FVVFSFF,0,,...[FWY]..[WFY],PLRMEKINNVTEFIFWGLSQSPEIEKVCFVVFSFFYIIT
VFSFFYI,0,,...[FWY]..[LVI],PLRMEKINNVTEFIFWGLSQSPEIEKVCFVVFSFFYIIT
FSFFYII,0,,...[FWY]..[LVI],PLRMEKINNVTEFIFWGLSQSPEIEKVCFVVFSFFYIIT
TACWLGL,0,,...[FWY]..[LVI],PLRLEKLFVTACWLGLEDCLQLSKELFAKWVDHPENEIP
KELFAKW,0,,...[FWY]..[WFY],PLRLEKLFVTACWLGLEDCLQLSKELFAKWVDHPENEIP
TELWISL,0,,...[FWY]..[LVI],PLRLQKTELWISLSFRHELHYFKYANVKQIRALPCRIYL
ELHYFKY,0,,...[FWY]..[WFY],PLRLQKTELWISLSFRHELHYFKYANVKQIRALPCRIYL
YFKYANV,0,,...[FWY]..[LVI],PLRLQKTELWISLSFRHELHYFKYANVKQIRALPCRIYL
LLWWMMF,0,,...[FWY]..[WFY],PLRLGLQVPMDIPLLWWMMFRLCKVIVKVSKLATYSRF
LATYSRF,0,,...[FWY]..[WFY],PLRLGLQVPMDIPLLWWMMFRLCKVIVKVSKLATYSRF
NSTYQYI,0,,...[FWY]..[LVI],PLRLENSTYQYIRVWLERGRLAMLTPNSPKLVVKFVLND
TYQYIRV,0,,...[FWY]..[LVI],PLRLENSTYQYIRVWLERGRLAMLTPNSPKLVVKFVLND
VEAFEGL,0,,...[FWY]..[LVI],PLRLENVEAFEGLSDFCNTFKLYRGKTQEETEDPSVIGE
CNTFKLY,0,,...[FWY]..[WFY],PLRLENVEAFEGLSDFCNTFKLYRGKTQEETEDPSVIGE
GEDFWIL,0,,...[FWY]..[LVI],PLRLVPVERVTGEDFWILSKILKNCLYINGLDVGYNLLC
DVGYNLL,0,,...[FWY]..[LVI],PLRLVPVERVTGEDFWILSKILKNCLYINGLDVGYNLLC
EVIFLGF,0,,...[FWY]..[WFY],PLRMERVNETVVREVIFLGFSSLARLQQLLFVIFLLLYL
FLGFSSL,0,,...[FWY]..[LVI],PLRMERVNETVVREVIFLGFSSLARLQQLLFVIFLLLYL
QLLFVIF,0,,...[FWY]..[WFY],PLRMERVNETVVREVIFLGFSSLARLQQLLFVIFLLLYL
FVIFLLL,0,,...[FWY]..[LVI],PLRMERVNETVVREVIFLGFSSLARLQQLLFVIFLLLYL
MEQWDYY,0,,...[FWY]..[WFY],PLRMEQWDYYKSQTRFAPFLPESFCGSPLPSEQSSRPFG
QTRFAPF,0,,...[FWY]..[WFY],PLRMEQWDYYKSQTRFAPFLPESFCGSPLPSEQSSRPFG
KMIYYLL,0,,...[FWY]..[LVI],PLRLESMASLGCFRDRERLHRELRSEEENQEKMIYYLLL
MIYYLLL,0,,...[FWY]..[LVI],PLRLESMASLGCFRDRERLHRELRSEEENQEKMIYYLLL
LLGFSFL,0,,...[FWY]..[LVI],PLRMETRPRLGATCLLGFSFLLLVISSDGHNGLGKGFGD
GFSFLLL,0,,...[FWY]..[LVI],PLRMETRPRLGATCLLGFSFLLLVISSDGHNGLGKGFGD
LHAWFSW,0,,...[FWY]..[WFY],PLRLEVGDPDDLAFLRKALPRLHAWFSWLHQSQAGPLPL
HAWFSWL,0,,...[FWY]..[LVI],PLRLEVGDPDDLAFLRKALPRLHAWFSWLHQSQAGPLPL
LRLFSLI,0,,...[FWY]..[LVI],PLRLFSLIGEGHKDKLFLYTSIALKYYKDRGQIRDNKIG
LFLYTSI,0,,...[FWY]..[LVI],PLRLFSLIGEGHKDKLFLYTSIALKYYKDRGQIRDNKIG
NKLFLDY,0,,...[FWY]..[WFY],PLRLFDDGQPWGEETEDGIMHNKLFLDYTIKCYESFMSG
IKCYESF,0,,...[FWY]..[WFY],PLRLFDDGQPWGEETEDGIMHNKLFLDYTIKCYESFMSG
ALFFPRI,0,,...[FWY]..[LVI],PLRLLPSGALFFPRIVHGRRARPDEGVYTCVARNYWGQ
EGVYTCV,0,,...[FWY]..[LVI],PLRLLPSGALFFPRIVHGRRARPDEGVYTCVARNYWGQ
SNYYEHI,0,,...[FWY]..[LVI],PLRLSGNSCPLVTITAMPESNYYEHICHFRNRPYVFLSA
NRPYVFL,0,,...[FWY]..[LVI],PLRLSGNSCPLVTITAMPESNYYEHICHFRNRPYVFLSA
IFLFPLF,0,,...[FWY]..[WFY],PLRLVIFLFPLFITVLSYGCILATILCMPTGKQKAFSTC
FPLFITV,0,,...[FWY]..[LVI],PLRLVIFLFPLFITVLSYGCILATILCMPTGKQKAFSTC
VLSYGCI,0,,...[FWY]..[LVI],PLRLVIFLFPLFITVLSYGCILATILCMPTGKQKAFSTC
LRLFLFL,0,,...[FWY]..[LVI],PLRLFLFLGCLVVPLGVIAHCYGHILYSIRMLRCVEDLQ
AHCYGHI,0,,...[FWY]..[LVI],PLRLFLFLGCLVVPLGVIAHCYGHILYSIRMLRCVEDLQ
KFIWKPL,0,,...[FWY]..[LVI],PLRLLIQTLMTKFIWKPLRHDAAEITVMHYWFGQAFFYF
GQAFFYF,0,,...[FWY]..[WFY],PLRLLIQTLMTKFIWKPLRHDAAEITVMHYWFGQAFFYF
LRLFKAF,0,,...[FWY]..[WFY],PLRLFKAFCTCGSHLTVVFLYYGTTMGMYFRPLTSYSPK
TVVFLYY,0,,...[FWY]..[WFY],PLRLFKAFCTCGSHLTVVFLYYGTTMGMYFRPLTSYSPK
GMYFRPL,0,,...[FWY]..[LVI],PLRLFKAFCTCGSHLTVVFLYYGTTMGMYFRPLTSYSPK
VPAYYLF,0,,...[FWY]..[WFY],PLRLFMVALSLYSDPFSTGIGFVITLTGVPAYYLFIIWD
PAYYLFI,0,,...[FWY]..[LVI],PLRLFMVALSLYSDPFSTGIGFVITLTGVPAYYLFIIWD
YYLFIIW,0,,...[FWY]..[WFY],PLRLFMVALSLYSDPFSTGIGFVITLTGVPAYYLFIIWD
LLKYKSI,0,,...[FWY]..[LVI],PLRLLKYKSIISRRFFCIVGTLYLYRCITMYVTTLPVPG
SRRFFCI,0,,...[FWY]..[LVI],PLRLLKYKSIISRRFFCIVGTLYLYRCITMYVTTLPVPG
RRFFCIV,0,,...[FWY]..[LVI],PLRLLKYKSIISRRFFCIVGTLYLYRCITMYVTTLPVPG
LYLYRCI,0,,...[FWY]..[LVI],PLRLLKYKSIISRRFFCIVGTLYLYRCITMYVTTLPVPG
SNSFDVI,0,,...[FWY]..[LVI],PLRLFTPSLQLLLFTSNSFDVISDDAFIGLPHLEYLFIE
DDAFIGL,0,,...[FWY]..[LVI],PLRLFTPSLQLLLFTSNSFDVISDDAFIGLPHLEYLFIE
HLEYLFI,0,,...[FWY]..[LVI],PLRLFTPSLQLLLFTSNSFDVISDDAFIGLPHLEYLFIE
AAIFHYL,0,,...[FWY]..[LVI],PLRLLPLIHIQPKETAAIFHYLIIENRDAVQDFLHEIYF
IFHYLII,0,,...[FWY]..[LVI],PLRLLPLIHIQPKETAAIFHYLIIENRDAVQDFLHEIYF
PLRYNDL,0,,...[FWY]..[LVI],PLRYNDLELLDATVAQVLLYQMIKCSHLRGFQAGVQKLK
VLLYQMI,0,,...[FWY]..[LVI],PLRYNDLELLDATVAQVLLYQMIKCSHLRGFQAGVQKLK
SLGFEFL,0,,...[FWY]..[LVI],PLRPFSLGFEFLPGETYYYISVPTPESSGQCLRLQVSVC
GETYYYI,0,,...[FWY]..[LVI],PLRPFSLGFEFLPGETYYYISVPTPESSGQCLRLQVSVC
TYYYISV,0,,...[FWY]..[LVI],PLRPFSLGFEFLPGETYYYISVPTPESSGQCLRLQVSVC
GTSFFTW,0,,...[FWY]..[WFY],PLRPGARRETKHGGHKNGRKGGLSGTSFFTWFMVIALLG
TSFFTWF,0,,...[FWY]..[WFY],PLRPGARRETKHGGHKNGRKGGLSGTSFFTWFMVIALLG
FFTWFMV,0,,...[FWY]..[LVI],PLRPGARRETKHGGHKNGRKGGLSGTSFFTWFMVIALLG
FTWFMVI,0,,...[FWY]..[LVI],PLRPGARRETKHGGHKNGRKGGLSGTSFFTWFMVIALLG
LGAFFSF,0,,...[FWY]..[WFY],PLRLVASLRLWLPKSLSPGCGRELQRLSYLGAFFSFSVF
FFSFSVF,0,,...[FWY]..[WFY],PLRLVASLRLWLPKSLSPGCGRELQRLSYLGAFFSFSVF
VCGFVAI,0,,...[FWY]..[LVI],PLRLGSWVCGFVAIAVPTALISGLSFCGPRAINHFFCAI
NHFFCAI,0,,...[FWY]..[LVI],PLRLGSWVCGFVAIAVPTALISGLSFCGPRAINHFFCAI
KPVWEPI,0,,...[FWY]..[LVI],PLRMGDKPVWEPIGSSFNQHYYQLFDNDRTQLGAIYIDA
NQHYYQL,0,,...[FWY]..[LVI],PLRMGDKPVWEPIGSSFNQHYYQLFDNDRTQLGAIYIDA
QHYYQLF,0,,...[FWY]..[WFY],PLRMGDKPVWEPIGSSFNQHYYQLFDNDRTQLGAIYIDA
RVRFFNY,0,,...[FWY]..[WFY],PLRMGEFKVHRVRFFNYVPSGIRCVAYNNQSNRLAVSRT
VRFFNYV,0,,...[FWY]..[LVI],PLRMGEFKVHRVRFFNYVPSGIRCVAYNNQSNRLAVSRT
SPEYMIF,0,,...[FWY]..[WFY],PLRLGFISKHELYSRASQKPQPNFPSPEYMIFDHEFTKL
DHEFTKL,0,,...[FWY]..[LVI],PLRLGFISKHELYSRASQKPQPNFPSPEYMIFDHEFTKL
ELGFLAL,0,,...[FWY]..[LVI],PLRMGGNSTTTISELGFLALDGMWLVLQGSSYNGPRVSL
DGMWLVL,0,,...[FWY]..[LVI],PLRMGGNSTTTISELGFLALDGMWLVLQGSSYNGPRVSL
EYGFCYV,0,,...[FWY]..[LVI],PLRMGGPGCGKGTQCKNMATEYGFCYVGLDQLLRQEAQR
GFCYVGL,0,,...[FWY]..[LVI],PLRMGGPGCGKGTQCKNMATEYGFCYVGLDQLLRQEAQR
LLMFEVL,0,,...[FWY]..[LVI],PLRVGIHLLLLMFEVLVCDRIERGSHFWLLVFMPLFFVS
GSHFWLL,0,,...[FWY]..[LVI],PLRVGIHLLLLMFEVLVCDRIERGSHFWLLVFMPLFFVS
SHFWLLV,0,,...[FWY]..[LVI],PLRVGIHLLLLMFEVLVCDRIERGSHFWLLVFMPLFFVS
LLVFMPL,0,,...[FWY]..[LVI],PLRVGIHLLLLMFEVLVCDRIERGSHFWLLVFMPLFFVS
SEDFFYI,0,,...[FWY]..[LVI],PLRMGKSEDFFYIKVSQKARGSHHPDYTALSSGDLGGQA
DFFYIKV,0,,...[FWY]..[LVI],PLRMGKSEDFFYIKVSQKARGSHHPDYTALSSGDLGGQA
HPDYTAL,0,,...[FWY]..[LVI],PLRMGKSEDFFYIKVSQKARGSHHPDYTALSSGDLGGQA
LSLFRPV,0,,...[FWY]..[LVI],PLRLSLFRPVYAPKDFLEVLINLRNPNYENGDSPSFRTH
PKDFLEV,0,,...[FWY]..[LVI],PLRLSLFRPVYAPKDFLEVLINLRNPNYENGDSPSFRTH
QGHFEEL,0,,...[FWY]..[LVI],PLRVGLLQIFQGHFEELRPSNAFAFWMTPSVGHLALAFL
SNAFAFW,0,,...[FWY]..[WFY],PLRVGLLQIFQGHFEELRPSNAFAFWMTPSVGHLALAFL
ADVWETF,0,,...[FWY]..[WFY],PLRMGNGLRADVWETFQQRFGPIRIWEVYGSTEGNMGLV
QQRFGPI,0,,...[FWY]..[LVI],PLRMGNGLRADVWETFQQRFGPIRIWEVYGSTEGNMGLV
IRIWEVY,0,,...[FWY]..[WFY],PLRMGNGLRADVWETFQQRFGPIRIWEVYGSTEGNMGLV
NLSFNAL,0,,...[FWY]..[LVI],PLRLSRLNLSFNALESFSWKTVQGLSLQELVLSGNPLHS
SFSWKTV,0,,...[FWY]..[LVI],PLRLSRLNLSFNALESFSWKTVQGLSLQELVLSGNPLHS
VTSFCSF,0,,...[FWY]..[WFY],PLRRDTSWNRQVVSPFLIGSFCGPVTSFCSFHLWGL
FCSFHLW,0,,...[FWY]..[WFY],PLRRDTSWNRQVVSPFLIGSFCGPVTSFCSFHLWGL
MGVFENL,0,,...[FWY]..[LVI],PLRMGVFENLKQLVFFDFSTKEFLPDPALVRKLSQVLSK
QLVFFDF,0,,...[FWY]..[WFY],PLRMGVFENLKQLVFFDFSTKEFLPDPALVRKLSQVLSK
MGYFLKL,0,,...[FWY]..[LVI],PLRMGYFLKLYAYVNSHSLFVWVCDRSYKRSFRPMILNK
LKLYAYV,0,,...[FWY]..[LVI],PLRMGYFLKLYAYVNSHSLFVWVCDRSYKRSFRPMILNK
HSLFVWV,0,,...[FWY]..[LVI],PLRMGYFLKLYAYVNSHSLFVWVCDRSYKRSFRPMILNK
DKYYEEY,0,,...[FWY]..[WFY],PLRLQDKYYEEYRMSDRVDLAVAIVYPLMKEYFKEWDPL
KEYFKEW,0,,...[FWY]..[WFY],PLRLQDKYYEEYRMSDRVDLAVAIVYPLMKEYFKEWDPL
FKEWDPL,0,,...[FWY]..[LVI],PLRLQDKYYEEYRMSDRVDLAVAIVYPLMKEYFKEWDPL
LQSFLLY,0,,...[FWY]..[WFY],PLRLQSFLLYKNKLTYLPYSMLNLKKLTLLVVSGDHLVE
KLTYLPY,0,,...[FWY]..[WFY],PLRLQSFLLYKNKLTYLPYSMLNLKKLTLLVVSGDHLVE
YLPYSML,0,,...[FWY]..[LVI],PLRLQSFLLYKNKLTYLPYSMLNLKKLTLLVVSGDHLVE
TMAYADL,0,,...[FWY]..[LVI],PLRLTVIFAFHCAPLLHHYTTSYFIQTMAYADLFVGVSC
ADLFVGV,0,,...[FWY]..[LVI],PLRLTVIFAFHCAPLLHHYTTSYFIQTMAYADLFVGVSC
LGPYSSW,0,,...[FWY]..[WFY],PLRLHNLGPYSSWRIYDLTHQFRLNGNDSVTRQYHNARP
YSSWRIY,0,,...[FWY]..[WFY],PLRLHNLGPYSSWRIYDLTHQFRLNGNDSVTRQYHNARP
GLSFAEL,0,,...[FWY]..[LVI],PLRLNLGLSFAELRRMYLFLNSSGLLVLPQAGLLTPHPS
RRMYLFL,0,,...[FWY]..[LVI],PLRLNLGLSFAELRRMYLFLNSSGLLVLPQAGLLTPHPS
LSAFYSV,0,,...[FWY]..[LVI],PLRMHLSAFYSVYSGILCLSIFGLFTTTRISGKTLRSL
SAFYSVY,0,,...[FWY]..[WFY],PLRMHLSAFYSVYSGILCLSIFGLFTTTRISGKTLRSL
YSVYSGI,0,,...[FWY]..[LVI],PLRMHLSAFYSVYSGILCLSIFGLFTTTRISGKTLRSL
LSIFGLF,0,,...[FWY]..[WFY],PLRMHLSAFYSVYSGILCLSIFGLFTTTRISGKTLRSL
RSCWSAV,0,,...[FWY]..[LVI],PLRSCWSAVKLQLSDDKIIDGRQRWGHRILHYSFQFFRK
HYSFQFF,0,,...[FWY]..[WFY],PLRSCWSAVKLQLSDDKIIDGRQRWGHRILHYSFQFFRK
VLMFSTL,0,,...[FWY]..[LVI],PLRLQTLVKLIVLMFSTLLLVVIRVQVIQSQLPVFTRFD
LPVFTRF,0,,...[FWY]..[WFY],PLRLQTLVKLIVLMFSTLLLVVIRVQVIQSQLPVFTRFD
ILIFLLL,0,,...[FWY]..[LVI],PLRLLVGILIFLLLAVLLWKMGFFRRRYKEIIEAEKNRK
RRRYKEI,0,,...[FWY]..[LVI],PLRLLVGILIFLLLAVLLWKMGFFRRRYKEIIEAEKNRK
QQLYDLL,0,,...[FWY]..[LVI],PLRLIFLPGLAHIQQLYDLLSNDRRFYSERYKVIALHSI
SERYKVI,0,,...[FWY]..[LVI],PLRLIFLPGLAHIQQLYDLLSNDRRFYSERYKVIALHSI
GFEWSFL,0,,...[FWY]..[LVI],PLRLLGLVTGLTGLSSGYFIRELGFEWSFLIIAVSLAVN
EWSFLII,0,,...[FWY]..[LVI],PLRLLGLVTGLTGLSSGYFIRELGFEWSFLIIAVSLAVN
SEIYEAF,0,,...[FWY]..[WFY],PLRLIFVSGKVVLTGAKERSEIYEAFENIYPILKGFKKA
YEAFENI,0,,...[FWY]..[LVI],PLRLIFVSGKVVLTGAKERSEIYEAFENIYPILKGFKKA
ENIYPIL,0,,...[FWY]..[LVI],PLRLIFVSGKVVLTGAKERSEIYEAFENIYPILKGFKKA
VAVYRKY,0,,...[FWY]..[WFY],PLRMIGIASAGVAVYRKYICTSFYPWVNILKISFKRKNF
CTSFYPW,0,,...[FWY]..[WFY],PLRMIGIASAGVAVYRKYICTSFYPWVNILKISFKRKNF
TSFYPWV,0,,...[FWY]..[LVI],PLRMIGIASAGVAVYRKYICTSFYPWVNILKISFKRKNF
FYPWVNI,0,,...[FWY]..[LVI],PLRMIGIASAGVAVYRKYICTSFYPWVNILKISFKRKNF
TLRYSRF,0,,...[FWY]..[WFY],PLRLTILKTLRYSRFFYDVRLAQRAIQAALPGICHMAFV
SRFFYDV,0,,...[FWY]..[LVI],PLRLTILKTLRYSRFFYDVRLAQRAIQAALPGICHMAFV
SDKFKDI,0,,...[FWY]..[LVI],PLRLIKSDKFKDIPFNKNNKFNALPRSILLDNIIQHMNL
NNKFNAL,0,,...[FWY]..[LVI],PLRLIKSDKFKDIPFNKNNKFNALPRSILLDNIIQHMNL
ILSYLKY,0,,...[FWY]..[WFY],PLRLILSYLKYAISSQMVSYSSVLTAISKFDDFSRDLCV
MVSYSSV,0,,...[FWY]..[LVI],PLRLILSYLKYAISSQMVSYSSVLTAISKFDDFSRDLCV
ISKFDDF,0,,...[FWY]..[WFY],PLRLILSYLKYAISSQMVSYSSVLTAISKFDDFSRDLCV
DLSYGGL,0,,...[FWY]..[LVI],PLRLMQLRDLDLSYGGLAFLSLEALEGLPGLVTLQIGGN
GLAFLSL,0,,...[FWY]..[LVI],PLRLMQLRDLDLSYGGLAFLSLEALEGLPGLVTLQIGGN
RLCWSKL,0,,...[FWY]..[LVI],PLRLMRLCWSKLPADRPSFTSIHRILERMCERAEGTVSV
RPSFTSI,0,,...[FWY]..[LVI],PLRLMRLCWSKLPADRPSFTSIHRILERMCERAEGTVSV
SFVFKMI,0,,...[FWY]..[LVI],PLRQISFKLEELVTISSFLNSFVFKMIWDGIVENAKGET
KMIWDGI,0,,...[FWY]..[LVI],PLRQISFKLEELVTISSFLNSFVFKMIWDGIVENAKGET
TGFFMNL,0,,...[FWY]..[LVI],PLRLMSNITNRSDINDTGFFMNLEEDMTRYAYYYSGIGA
MTRYAYY,0,,...[FWY]..[WFY],PLRLMSNITNRSDINDTGFFMNLEEDMTRYAYYYSGIGA
AYYYSGI,0,,...[FWY]..[LVI],PLRLMSNITNRSDINDTGFFMNLEEDMTRYAYYYSGIGA
RVLYIGL,0,,...[FWY]..[LVI],PLRLTAYFFSHKLIELIGHIRVLYIGLAAIRPLYLYFL
RPLYLYF,0,,...[FWY]..[WFY],PLRLTAYFFSHKLIELIGHIRVLYIGLAAIRPLYLYFL
TARYIYI,0,,...[FWY]..[LVI],PLRLTAYFFSHKLIELVGHIRVLYIGLACNTARYIYISY
RYIYISY,0,,...[FWY]..[WFY],PLRLTAYFFSHKLIELVGHIRVLYIGLACNTARYIYISY
NTYYICV,0,,...[FWY]..[LVI],PLRLKEGLEKLHDMIIKEKMNINTYYICVEEVFSGLILT
EEVFSGL,0,,...[FWY]..[LVI],PLRLKEGLEKLHDMIIKEKMNINTYYICVEEVFSGLILT
KIDYGVF,0,,...[FWY]..[WFY],PLRLKEINLSHNKIKSQKIDYGVFAKLPNLLQLHLEHNN
YGVFAKL,0,,...[FWY]..[LVI],PLRLKEINLSHNKIKSQKIDYGVFAKLPNLLQLHLEHNN
QHGFASF,0,,...[FWY]..[WFY],PLRLKESGKQHGFASFSDYYYKWSSADSCNMSGLITIVV
FASFSDY,0,,...[FWY]..[WFY],PLRLKESGKQHGFASFSDYYYKWSSADSCNMSGLITIVV
SDYYYKW,0,,...[FWY]..[WFY],PLRLKESGKQHGFASFSDYYYKWSSADSCNMSGLITIVV
GSEFVFI,0,,...[FWY]..[LVI],PLRLKFITTSGSEFVFILNASLPYHMLATCAEALPRPNW
SLPYHML,0,,...[FWY]..[LVI],PLRLKFITTSGSEFVFILNASLPYHMLATCAEALPRPNW
RLKFNVL,0,,...[FWY]..[LVI],PLRLKFNVLQNLGTFYGSHPWHWYFSQGFPVILGTHLPF
SHPWHWY,0,,...[FWY]..[WFY],PLRLKFNVLQNLGTFYGSHPWHWYFSQGFPVILGTHLPF
SQGFPVI,0,,...[FWY]..[LVI],PLRLKFNVLQNLGTFYGSHPWHWYFSQGFPVILGTHLPF
SFMYAIW,0,,...[FWY]..[WFY],PLRLQINVLQSKRRSEILKSMLSFMYAIWPSFTRL
YAIWPSF,0,,...[FWY]..[WFY],PLRLQINVLQSKRRSEILKSMLSFMYAIWPSFTRL
WPSFTRL,0,,...[FWY]..[LVI],PLRLQINVLQSKRRSEILKSMLSFMYAIWPSFTRL
ENPFLDV,0,,...[FWY]..[LVI],PLRRKQQFVQGRDNVHKENPFLDVTFYKETKSPFHEIKN
KSPFHEI,0,,...[FWY]..[LVI],PLRRKQQFVQGRDNVHKENPFLDVTFYKETKSPFHEIKN
PLRWKPF,0,,...[FWY]..[WFY],PLRWKPFELGNFAARRWPCWPRSTTTAAPKRKPPWSLP
ARRWPCW,0,,...[FWY]..[WFY],PLRWKPFELGNFAARRWPCWPRSTTTAAPKRKPPWSLP
SSAFGTL,0,,...[FWY]..[LVI],PLRLKPNDLKNRSSAFGTLNWFTKVLSVDESIIKPEQEF
LNWFTKV,0,,...[FWY]..[LVI],PLRLKPNDLKNRSSAFGTLNWFTKVLSVDESIIKPEQEF
RMKYVFY,0,,...[FWY]..[WFY],PLRMKYVFYLGILAGTFFFADSSVQKEDPAPYLVYLSL
YVFYLGI,0,,...[FWY]..[LVI],PLRMKYVFYLGILAGTFFFADSSVQKEDPAPYLVYLSL
PAPYLVY,0,,...[FWY]..[WFY],PLRMKYVFYLGILAGTFFFADSSVQKEDPAPYLVYLSL
YLVYLSL,0,,...[FWY]..[LVI],PLRMKYVFYLGILAGTFFFADSSVQKEDPAPYLVYLSL
KNMFFKY,0,,...[FWY]..[WFY],PLRLLEPPKNMFFKYTWNNFLHTQVEICIALILASPFKN
KYTWNNF,0,,...[FWY]..[WFY],PLRLLEPPKNMFFKYTWNNFLHTQVEICIALILASPFKN
ILLWAKI,0,,...[FWY]..[LVI],PLRLLARHRILLWAKIFIVTFQWTQIITSEFYVH
TFQWTQI,0,,...[FWY]..[LVI],PLRLLARHRILLWAKIFIVTFQWTQIITSEFYVH
CLGWIFL,0,,...[FWY]..[LVI],PLRMLCLGWIFLWLVAGERIKGFNISGCSTKKLLWTYST
GWIFLWL,0,,...[FWY]..[LVI],PLRMLCLGWIFLWLVAGERIKGFNISGCSTKKLLWTYST
LDTYSVW,0,,...[FWY]..[WFY],PLRLLDTYSVWRSGLPNFLAVALALGELGYRAVGVRLDS
LPNFLAV,0,,...[FWY]..[LVI],PLRLLDTYSVWRSGLPNFLAVALALGELGYRAVGVRLDS
ELGYRAV,0,,...[FWY]..[LVI],PLRLLDTYSVWRSGLPNFLAVALALGELGYRAVGVRLDS
CHPWLFI,0,,...[FWY]..[LVI],PLRLLGGACHPWLFIEEAAGREVERDFASVYSRLVSVR
ERDFASV,0,,...[FWY]..[LVI],PLRLLGGACHPWLFIEEAAGREVERDFASVYSRLVSVR
ASVYSRL,0,,...[FWY]..[LVI],PLRLLGGACHPWLFIEEAAGREVERDFASVYSRLVSVR
ESNWFII,0,,...[FWY]..[LVI],PLRLLGIYNGETLVFEESNWFIINVIKLVWRYGFQFLRM
RYGFQFL,0,,...[FWY]..[LVI],PLRLLGIYNGETLVFEESNWFIINVIKLVWRYGFQFLRM
EVEWIKF,0,,...[FWY]..[WFY],PLRLLKTKTDVLILPEEVEWIKFNVGMNGYYIVHYEDDG
MNGYYIV,0,,...[FWY]..[LVI],PLRLLKTKTDVLILPEEVEWIKFNVGMNGYYIVHYEDDG
LKLWSLL,0,,...[FWY]..[LVI],PLRLLKLWSLLLPMLGFTSLYFSKLCPFSLFLFTYYCFS
MLGFTSL,0,,...[FWY]..[LVI],PLRLLKLWSLLLPMLGFTSLYFSKLCPFSLFLFTYYCFS
SLYFSKL,0,,...[FWY]..[LVI],PLRLLKLWSLLLPMLGFTSLYFSKLCPFSLFLFTYYCFS
LCPFSLF,0,,...[FWY]..[WFY],PLRLLKLWSLLLPMLGFTSLYFSKLCPFSLFLFTYYCFS
LFLFTYY,0,,...[FWY]..[WFY],PLRLLKLWSLLLPMLGFTSLYFSKLCPFSLFLFTYYCFS
LFTYYCF,0,,...[FWY]..[WFY],PLRLLKLWSLLLPMLGFTSLYFSKLCPFSLFLFTYYCFS
HGAFGEV,0,,...[FWY]..[LVI],PLRPLPPGVTEVSPADITLLRALGHGAFGEVYEGLVIGL
GEVYEGL,0,,...[FWY]..[LVI],PLRPLPPGVTEVSPADITLLRALGHGAFGEVYEGLVIGL
PFPFEDV,0,,...[FWY]..[LVI],PLRLLRAAARVAPFPFEDVYTGLCIRALGLVPQAHPGFL
EDVYTGL,0,,...[FWY]..[LVI],PLRLLRAAARVAPFPFEDVYTGLCIRALGLVPQAHPGFL
HAAWDKF,0,,...[FWY]..[WFY],PLRLVTLAARFPADFTAEAHAAWDKFLSVVSSVLTEKYR
WDKFLSV,0,,...[FWY]..[LVI],PLRLVTLAARFPADFTAEAHAAWDKFLSVVSSVLTEKYR
RVLWYRL,0,,...[FWY]..[LVI],PLRVLWYRLCQQEGHLPDSSISDSCWKLIFQECRAKEH
DSCWKLI,0,,...[FWY]..[LVI],PLRVLWYRLCQQEGHLPDSSISDSCWKLIFQECRAKEH
GGMYWLV,0,,...[FWY]..[LVI],PLRLMGLILTTDGGMYWLVLLDDYSASFKLMVVVITTCL
GMYWLVL,0,,...[FWY]..[LVI],PLRLMGLILTTDGGMYWLVLLDDYSASFKLMVVVITTCL
DKVFSEV,0,,...[FWY]..[LVI],PLRLMKDKVFSEVSPLYTPFTKPASLFSSSLRCADLTLP
SPLYTPF,0,,...[FWY]..[WFY],PLRLMKDKVFSEVSPLYTPFTKPASLFSSSLRCADLTLP
DVIWNSL,0,,...[FWY]..[LVI],PLRLVKKVSDVIWNSLSRSYFKDRAHIQSLFSFITGTKL
QSLFSFI,0,,...[FWY]..[LVI],PLRLVKKVSDVIWNSLSRSYFKDRAHIQSLFSFITGTKL
QPVWERY,0,,...[FWY]..[WFY],PLRLMSQPVWERYRPDRFLNSNSGLQGLQFYGLHREERP
GLQFYGL,0,,...[FWY]..[LVI],PLRLMSQPVWERYRPDRFLNSNSGLQGLQFYGLHREERP
CKSFRWY,0,,...[FWY]..[WFY],PLRMNCKSFRWYLENVYPELTVPVKEALPGIIKQGVNCL
ENVYPEL,0,,...[FWY]..[LVI],PLRMNCKSFRWYLENVYPELTVPVKEALPGIIKQGVNCL
AEPFLFV,0,,...[FWY]..[LVI],PLRLNKVRERMTKFIDDTMRETAEPFLFVDEFLTYLFSR
VDEFLTY,0,,...[FWY]..[WFY],PLRLNKVRERMTKFIDDTMRETAEPFLFVDEFLTYLFSR
KMGFQVL,0,,...[FWY]..[LVI],PLRTSSNLNPCNRGKMGFQVLATFEIPIPFERL
PIPFERL,0,,...[FWY]..[LVI],PLRTSSNLNPCNRGKMGFQVLATFEIPIPFERL
SSNFGYI,0,,...[FWY]..[LVI],PLRPNRIQKSSNFGYITSCYKAVNSKDDLPYCLRRIHGF
TSCYKAV,0,,...[FWY]..[LVI],PLRPNRIQKSSNFGYITSCYKAVNSKDDLPYCLRRIHGF
SHLFCLL,0,,...[FWY]..[LVI],PLRMNSTLDGNQSSHLFCLLAFGYLETVNFCLLEVLIIV
LLAFGYL,0,,...[FWY]..[LVI],PLRMNSTLDGNQSSHLFCLLAFGYLETVNFCLLEVLIIV
TVNFCLL,0,,...[FWY]..[LVI],PLRMNSTLDGNQSSHLFCLLAFGYLETVNFCLLEVLIIV
LRLYVGY,0,,...[FWY]..[WFY],PLRLYVGYTSLYLDSRKLPMIDFVVTLVATFLWLVSTSA
YVGYTSL,0,,...[FWY]..[LVI],PLRLYVGYTSLYLDSRKLPMIDFVVTLVATFLWLVSTSA
VATFLWL,0,,...[FWY]..[LVI],PLRLYVGYTSLYLDSRKLPMIDFVVTLVATFLWLVSTSA
ELYFQKV,0,,...[FWY]..[LVI],PLRLPELYFQKVRKEEIPRQLQYICLYLVHIAGAYLLNL
QLQYICL,0,,...[FWY]..[LVI],PLRLPELYFQKVRKEEIPRQLQYICLYLVHIAGAYLLNL
AATWLVL,0,,...[FWY]..[LVI],PLRMPAATWLVLLLLLWLSLGVKTAAPNPRTFAVLGRIT
LLLWLSL,0,,...[FWY]..[LVI],PLRMPAATWLVLLLLLWLSLGVKTAAPNPRTFAVLGRIT
PRTFAVL,0,,...[FWY]..[LVI],PLRMPAATWLVLLLLLWLSLGVKTAAPNPRTFAVLGRIT
LPAFLKV,0,,...[FWY]..[LVI],PLRLPAFLKVKGLVKQHIDSFNYFINVEIKKIMKANEKV
IDSFNYF,0,,...[FWY]..[WFY],PLRLPAFLKVKGLVKQHIDSFNYFINVEIKKIMKANEKV
FNYFINV,0,,...[FWY]..[LVI],PLRLPAFLKVKGLVKQHIDSFNYFINVEIKKIMKANEKV
LVSFLTF,0,,...[FWY]..[WFY],PLRLTIQAVFSTTGPALLLLLVSFLTFDLLHRPAGHTLP
FLTFDLL,0,,...[FWY]..[LVI],PLRLTIQAVFSTTGPALLLLLVSFLTFDLLHRPAGHTLP
LSPFWSF,0,,...[FWY]..[WFY],PLRLPLSPFWSFLFFFMLLTLGLDSQFAFLETIVTAVTD
SPFWSFL,0,,...[FWY]..[LVI],PLRLPLSPFWSFLFFFMLLTLGLDSQFAFLETIVTAVTD
FWSFLFF,0,,...[FWY]..[WFY],PLRLPLSPFWSFLFFFMLLTLGLDSQFAFLETIVTAVTD
FLFFFML,0,,...[FWY]..[LVI],PLRLPLSPFWSFLFFFMLLTLGLDSQFAFLETIVTAVTD
LFFFMLL,0,,...[FWY]..[LVI],PLRLPLSPFWSFLFFFMLLTLGLDSQFAFLETIVTAVTD
DSQFAFL,0,,...[FWY]..[LVI],PLRLPLSPFWSFLFFFMLLTLGLDSQFAFLETIVTAVTD
EDCYFFF,0,,...[FWY]..[WFY],PLRMPNQGEDCYFFFYSTCTKGDSCPFVTVKLHWAMKL
DCYFFFY,0,,...[FWY]..[WFY],PLRMPNQGEDCYFFFYSTCTKGDSCPFVTVKLHWAMKL
SCPFVTV,0,,...[FWY]..[LVI],PLRMPNQGEDCYFFFYSTCTKGDSCPFVTVKLHWAMKL
GPKFIHL,0,,...[FWY]..[LVI],PLRLSPGGPKFIHLMYHFARFVAMKYIKSNSKNSSHHFV
MYHFARF,0,,...[FWY]..[WFY],PLRLSPGGPKFIHLMYHFARFVAMKYIKSNSKNSSHHFV
VVTFSVY,0,,...[FWY]..[WFY],PLRLTPVLVSVVTFSVYVLVDSNNILDAQKAFTSITLFN
FSVYVLV,0,,...[FWY]..[LVI],PLRLTPVLVSVVTFSVYVLVDSNNILDAQKAFTSITLFN
QKAFTSI,0,,...[FWY]..[LVI],PLRLTPVLVSVVTFSVYVLVDSNNILDAQKAFTSITLFN
PEHYRKY,0,,...[FWY]..[WFY],PLRRPRKEPVDEDLYPEHYRKYSDYIKGSNLDAPEPYRI
YRKYSDY,0,,...[FWY]..[WFY],PLRRPRKEPVDEDLYPEHYRKYSDYIKGSNLDAPEPYRI
LQAWMPL,0,,...[FWY]..[LVI],PLRLQAWMPLDGTWSPWLPPGPMVSEPAGAAAEGTLRPA
DGTWSPW,0,,...[FWY]..[WFY],PLRLQAWMPLDGTWSPWLPPGPMVSEPAGAAAEGTLRPA
SDYFKHF,0,,...[FWY]..[WFY],PLRLQGFIARVMSDYFKHFECLDFVFDNTEAIAQRAVEL
FKHFECL,0,,...[FWY]..[LVI],PLRLQGFIARVMSDYFKHFECLDFVFDNTEAIAQRAVEL
ASSFDRL,0,,...[FWY]..[LVI],PLRLQGPPVLCLHGWLDNASSFDRLIPLLPQDFYYVAMD
PQDFYYV,0,,...[FWY]..[LVI],PLRLQGPPVLCLHGWLDNASSFDRLIPLLPQDFYYVAMD
QKIYKTY,0,,...[FWY]..[WFY],PLRLQKIYKTYCLDESIDKIRFDPFIVEEIQRIAEGPYI
KIRFDPF,0,,...[FWY]..[WFY],PLRLQKIYKTYCLDESIDKIRFDPFIVEEIQRIAEGPYI
ITTFILL,0,,...[FWY]..[LVI],PLRMQKSVMRKHTAITTFILLGLTEDPQLQVLLFMFLFI
VLLFMFL,0,,...[FWY]..[LVI],PLRMQKSVMRKHTAITTFILLGLTEDPQLQVLLFMFLFI
LFMFLFI,0,,...[FWY]..[LVI],PLRMQKSVMRKHTAITTFILLGLTEDPQLQVLLFMFLFI
NNGYIKF,0,,...[FWY]..[WFY],PLRLQNLTTLATNNGYIKFSNLIQDSGLLSVITDPIHTP
YIKFSNL,0,,...[FWY]..[LVI],PLRLQNLTTLATNNGYIKFSNLIQDSGLLSVITDPIHTP
NSMFMSF,0,,...[FWY]..[WFY],PLRLRDLWSLLHHQKTPEEITSLWSELFNSMFMSFWSS
DNSYIKV,0,,...[FWY]..[LVI],PLRLRKAVTLNPDNSYIKVFLALKLQDVHAEAEGEKYIE
IKVFLAL,0,,...[FWY]..[LVI],PLRLRKAVTLNPDNSYIKVFLALKLQDVHAEAEGEKYIE
SLAFCAL,0,,...[FWY]..[LVI],PLRLRLGALVAPVVSAFSLAFCALPFMGFGKFVQYCPGT
ALPFMGF,0,,...[FWY]..[WFY],PLRLRLGALVAPVVSAFSLAFCALPFMGFGKFVQYCPGT
FMGFGKF,0,,...[FWY]..[WFY],PLRLRLGALVAPVVSAFSLAFCALPFMGFGKFVQYCPGT
FGKFVQY,0,,...[FWY]..[WFY],PLRLRLGALVAPVVSAFSLAFCALPFMGFGKFVQYCPGT
RLRWKLF,0,,...[FWY]..[WFY],PLRLRWKLFHAELAPPQGQGQATVFPGLATAGGDWTEGA
ATVFPGL,0,,...[FWY]..[LVI],PLRLRWKLFHAELAPPQGQGQATVFPGLATAGGDWTEGA
LHNYLLY,0,,...[FWY]..[WFY],PLRRSDSYISQLPLPRSLHNYLLYEDVLRMYEVPELAAI
YLLYEDV,0,,...[FWY]..[LVI],PLRRSDSYISQLPLPRSLHNYLLYEDVLRMYEVPELAAI
KLRYLSL,0,,...[FWY]..[LVI],PLRPPPKNNMEGLNVMGKLRYLSLLCLLPLVAFLLFCLH
LVAFLLF,0,,...[FWY]..[WFY],PLRPPPKNNMEGLNVMGKLRYLSLLCLLPLVAFLLFCLH
LELYPQL,0,,...[FWY]..[LVI],PLRPLSATCALFEVMSTPAAGPAVLELYPQLFVVLLLRV
PQLFVVL,0,,...[FWY]..[LVI],PLRPLSATCALFEVMSTPAAGPAVLELYPQLFVVLLLRV
GVQFHAF,0,,...[FWY]..[WFY],PLRMSDCDPDGPLMCHTTKMYSTDDGVQFHAFGRVLSGT
FHAFGRV,0,,...[FWY]..[LVI],PLRMSDCDPDGPLMCHTTKMYSTDDGVQFHAFGRVLSGT
VALFFSV,0,,...[FWY]..[LVI],PLRLSKYKDTFYFKSSQLMNVALFFSVFSQGSFIRFHW
ALFFSVF,0,,...[FWY]..[WFY],PLRLSKYKDTFYFKSSQLMNVALFFSVFSQGSFIRFHW
QGSFIRF,0,,...[FWY]..[WFY],PLRLSKYKDTFYFKSSQLMNVALFFSVFSQGSFIRFHW
GFIYPLV,0,,...[FWY]..[LVI],PLRSDVRASIGAGFIYPLVGTRISLWLWLVNPNRSKSI
ISLWLWL,0,,...[FWY]..[LVI],PLRSDVRASIGAGFIYPLVGTRISLWLWLVNPNRSKSI
IRDFGGV,0,,...[FWY]..[LVI],PLRMSIELNLKIMAGLFFTPTAVIRDFGGVMDIFIYLV
MDIFIYL,0,,...[FWY]..[LVI],PLRMSIELNLKIMAGLFFTPTAVIRDFGGVMDIFIYLV
IAQYWQV,0,,...[FWY]..[LVI],PLRLSMQAEATINASVQLDCPAARAIAQYWQVFSVPAVG
AQYWQVF,0,,...[FWY]..[WFY],PLRLSMQAEATINASVQLDCPAARAIAQYWQVFSVPAVG
RASFHLF,0,,...[FWY]..[WFY],PLRLSRASFHLFQKITWPQVLSGVVGNCVNGVANYALVS
FHLFQKI,0,,...[FWY]..[LVI],PLRLSRASFHLFQKITWPQVLSGVVGNCVNGVANYALVS
KITWPQV,0,,...[FWY]..[LVI],PLRLSRASFHLFQKITWPQVLSGVVGNCVNGVANYALVS
VANYALV,0,,...[FWY]..[LVI],PLRLSRASFHLFQKITWPQVLSGVVGNCVNGVANYALVS
GLLWLPL,0,,...[FWY]..[LVI],PLRMSRPQGLLWLPLLFTPVCVMLNSNVLLWLTALAIKF
PLLFTPV,0,,...[FWY]..[LVI],PLRMSRPQGLLWLPLLFTPVCVMLNSNVLLWLTALAIKF
LTGFPGL,0,,...[FWY]..[LVI],PLRMSSSSSSHPFLLTGFPGLEEAHHWISVFFLFM
AHHWISV,0,,...[FWY]..[LVI],PLRMSSSSSSHPFLLTGFPGLEEAHHWISVFFLFM
ISVFFLF,0,,...[FWY]..[WFY],PLRMSSSSSSHPFLLTGFPGLEEAHHWISVFFLFM
QVKFSEL,0,,...[FWY]..[LVI],PLRMIVGQLSLADALIIGNCNNQVKFSELTVDMFRMLQA
VDMFRML,0,,...[FWY]..[LVI],PLRMIVGQLSLADALIIGNCNNQVKFSELTVDMFRMLQA
KYHYELL,0,,...[FWY]..[LVI],PLRMSVKYHYELLNYIDLPVLAIHGKQKQNKRTTTFFQF
LLNYIDL,0,,...[FWY]..[LVI],PLRMSVKYHYELLNYIDLPVLAIHGKQKQNKRTTTFFQF
TTTFFQF,0,,...[FWY]..[WFY],PLRMSVKYHYELLNYIDLPVLAIHGKQKQNKRTTTFFQF
QETFEAL,0,,...[FWY]..[LVI],PLRLSPQETFEALRQADLDGDGIVSFIDFLGVFDDNHRL
IVSFIDF,0,,...[FWY]..[WFY],PLRLSPQETFEALRQADLDGDGIVSFIDFLGVFDDNHRL
FIDFLGV,0,,...[FWY]..[LVI],PLRLSPQETFEALRQADLDGDGIVSFIDFLGVFDDNHRL
DADFFLI,0,,...[FWY]..[LVI],PLRSTHKGAELPREPSEAPITLDADFFLIILIRF
ADFFLII,0,,...[FWY]..[LVI],PLRSTHKGAELPREPSEAPITLDADFFLIILIRF
LQNFFSL,0,,...[FWY]..[LVI],PLRLTEVGLQNFFSLFLLLAAVAEVEDVASHVLDLLNFL
QNFFSLF,0,,...[FWY]..[WFY],PLRLTEVGLQNFFSLFLLLAAVAEVEDVASHVLDLLNFL
FSLFLLL,0,,...[FWY]..[LVI],PLRLTEVGLQNFFSLFLLLAAVAEVEDVASHVLDLLNFL
SIHFLKY,0,,...[FWY]..[WFY],PLRLTLWDLAKGFPLGVAALPQGCFCQSIHFLKYFSVHK
FLKYFSV,0,,...[FWY]..[LVI],PLRLTLWDLAKGFPLGVAALPQGCFCQSIHFLKYFSVHK
LTAFLAL,0,,...[FWY]..[LVI],PLRLTAFLALLLDLESLVQFLSLGTLLAYTFVATSIIVL
LVQFLSL,0,,...[FWY]..[LVI],PLRLTAFLALLLDLESLVQFLSLGTLLAYTFVATSIIVL
LLAYTFV,0,,...[FWY]..[LVI],PLRLTAFLALLLDLESLVQFLSLGTLLAYTFVATSIIVL
TDAYGVI,0,,...[FWY]..[LVI],PLRPTDAYGVINFQGGSHSYRAKYVRLSYDTKPEVILQL
RAKYVRL,0,,...[FWY]..[LVI],PLRPTDAYGVINFQGGSHSYRAKYVRLSYDTKPEVILQL
VELWLRL,0,,...[FWY]..[LVI],PLRMTVELWLRLRGKGLAMLHVTRGVWGSRVRVWPLLPA
VRVWPLL,0,,...[FWY]..[LVI],PLRMTVELWLRLRGKGLAMLHVTRGVWGSRVRVWPLLPA
VVVFNSV,0,,...[FWY]..[LVI],PLRLVADVVVFNSVFNMESFLTSMGKFMKLIPDHRPKDL
MGKFMKL,0,,...[FWY]..[LVI],PLRLVADVVVFNSVFNMESFLTSMGKFMKLIPDHRPKDL
KHIWLSI,0,,...[FWY]..[LVI],PLRLVAELQRGFFDKHIWLSIWDRPPRSRFTRIQRATCC
RSRFTRI,0,,...[FWY]..[LVI],PLRLVAELQRGFFDKHIWLSIWDRPPRSRFTRIQRATCC
SGRYYFV,0,,...[FWY]..[LVI],PLRLVDPESGRYYFVEAPRQPRLRVLFDPESGQYVEVLP
SGQYVEV,0,,...[FWY]..[LVI],PLRLVDPESGRYYFVEAPRQPRLRVLFDPESGQYVEVLP
LRVFTDI,0,,...[FWY]..[LVI],PLRVFTDIEQYQFIYKARLHLVSTKENGNGPMTVDKNGA
IEQYQFI,0,,...[FWY]..[LVI],PLRVFTDIEQYQFIYKARLHLVSTKENGNGPMTVDKNGA
MVSFANY,0,,...[FWY]..[WFY],PLRLVIMVSFANYLVGTLIPPSEDKASKGFFSYRADIFV
SKGFFSY,0,,...[FWY]..[WFY],PLRLVIMVSFANYLVGTLIPPSEDKASKGFFSYRADIFV
PPGFKRF,0,,...[FWY]..[WFY],PLRMVPSQLQLLPPGFKRFSCLSLPETETGENLLLIQNK
FKRFSCL,0,,...[FWY]..[LVI],PLRMVPSQLQLLPPGFKRFSCLSLPETETGENLLLIQNK
ASCFSSL,0,,...[FWY]..[LVI],PLRLWLHSPPPGAQPISEGGSTLVCASCFSSLTQQWQSF
TQQWQSF,0,,...[FWY]..[WFY],PLRLWLHSPPPGAQPISEGGSTLVCASCFSSLTQQWQSF
GEDYRFL,0,,...[FWY]..[LVI],PLRLWPRMALENRLSGEDYRFLLREKNLDGSIHYGSLQS
SIHYGSL,0,,...[FWY]..[LVI],PLRLWPRMALENRLSGEDYRFLLREKNLDGSIHYGSLQS
SLPFRPF,0,,...[FWY]..[WFY],PLRLWSIGVTFYHAATGSLPFRPFEGPRRNKEVMYKIIT
EVMYKII,0,,...[FWY]..[LVI],PLRLWSIGVTFYHAATGSLPFRPFEGPRRNKEVMYKIIT
LRMWTGY,0,,...[FWY]..[WFY],PLRMWTGYKILIFSYLTTEIWMEKRYLSQREVDLEAYFT
WTGYKIL,0,,...[FWY]..[LVI],PLRMWTGYKILIFSYLTTEIWMEKRYLSQREVDLEAYFT
ILIFSYL,0,,...[FWY]..[LVI],PLRMWTGYKILIFSYLTTEIWMEKRYLSQREVDLEAYFT
RMYFPSW,0,,...[FWY]..[WFY],PLRMYFPSWLSQLYRGLSRPIRRTTQPIWGSLYRSLLQG
SQLYRGL,0,,...[FWY]..[LVI],PLRMYFPSWLSQLYRGLSRPIRRTTQPIWGSLYRSLLQG
QPIWGSL,0,,...[FWY]..[LVI],PLRMYFPSWLSQLYRGLSRPIRRTTQPIWGSLYRSLLQG
GSLYRSL,0,,...[FWY]..[LVI],PLRMYFPSWLSQLYRGLSRPIRRTTQPIWGSLYRSLLQG
VVDFWTW,0,,...[FWY]..[WFY],PLRMVVDFWTWEQTFQELIQEAKPRATWTLKLDGNLQLD
EQTFQEL,0,,...[FWY]..[LVI],PLRMVVDFWTWEQTFQELIQEAKPRATWTLKLDGNLQLD
LYSYACV,0,,...[FWY]..[LVI],PLRLYSYACVYWNLSAKDWDTYGCQKDKGTDGFLRCRCN
ACVYWNL,0,,...[FWY]..[LVI],PLRLYSYACVYWNLSAKDWDTYGCQKDKGTDGFLRCRCN
AKDWDTY,0,,...[FWY]..[WFY],PLRLYSYACVYWNLSAKDWDTYGCQKDKGTDGFLRCRCN
AELFMCF,0,,...[FWY]..[WFY],PLRLYVPPPLKVNLVVMLAELFMCFEVLKPDFVQVKDLP
FMCFEVL,0,,...[FWY]..[LVI],PLRLYVPPPLKVNLVVMLAELFMCFEVLKPDFVQVKDLP
KPDFVQV,0,,...[FWY]..[LVI],PLRLYVPPPLKVNLVVMLAELFMCFEVLKPDFVQVKDLP
LRMYGCY,0,,...[FWY]..[WFY],PLRMYGCYTPTAYSTRSALEEDWIKLCKFGFPGNALHYS
EEDWIKL,0,,...[FWY]..[LVI],PLRMYGCYTPTAYSTRSALEEDWIKLCKFGFPGNALHYS
LYIFRMI,0,,...[FWY]..[LVI],PLRLYIFRMIHLADSSGQTKVFSQCVTHCSFSQWWHQAF
HCSFSQW,0,,...[FWY]..[WFY],PLRLYIFRMIHLADSSGQTKVFSQCVTHCSFSQWWHQAF
IAAFLFL,0,,...[FWY]..[LVI],PLRMACILKRKSVIAVSFIAAFLFLLVVRLVNEVNFPLL
AFLFLLV,0,,...[FWY]..[LVI],PLRMACILKRKSVIAVSFIAAFLFLLVVRLVNEVNFPLL
EVNFPLL,0,,...[FWY]..[LVI],PLRMACILKRKSVIAVSFIAAFLFLLVVRLVNEVNFPLL
KKDWYSI,0,,...[FWY]..[LVI],PLRMAVEQMPKKDWYSILGADPSANISDLKQKYQKLILM
KDWYSIL,0,,...[FWY]..[LVI],PLRMAVEQMPKKDWYSILGADPSANISDLKQKYQKLILM
KQKYQKL,0,,...[FWY]..[LVI],PLRMAVEQMPKKDWYSILGADPSANISDLKQKYQKLILM
DEGFFEY,0,,...[FWY]..[WFY],PLRMAGPNQLCIRRWTTKHVAVWLKDEGFFEYVDILCNK
EGFFEYV,0,,...[FWY]..[LVI],PLRMAGPNQLCIRRWTTKHVAVWLKDEGFFEYVDILCNK
FFEYVDI,0,,...[FWY]..[LVI],PLRMAGPNQLCIRRWTTKHVAVWLKDEGFFEYVDILCNK
VAVFCLL,0,,...[FWY]..[LVI],PLRMAPMGIRLSPLGVAVFCLLGLGVLYHLYSGFLAGRF
GVLYHLY,0,,...[FWY]..[WFY],PLRMAPMGIRLSPLGVAVFCLLGLGVLYHLYSGFLAGRF
YHLYSGF,0,,...[FWY]..[WFY],PLRMAPMGIRLSPLGVAVFCLLGLGVLYHLYSGFLAGRF
VIGWCIF,0,,...[FWY]..[WFY],PLRMATSGAASAELVIGWCIFGLLLLAILAFCWIYVRKY
WCIFGLL,0,,...[FWY]..[LVI],PLRMATSGAASAELVIGWCIFGLLLLAILAFCWIYVRKY
ILAFCWI,0,,...[FWY]..[LVI],PLRMATSGAASAELVIGWCIFGLLLLAILAFCWIYVRKY
AFCWIYV,0,,...[FWY]..[LVI],PLRMATSGAASAELVIGWCIFGLLLLAILAFCWIYVRKY
VLSYESL,0,,...[FWY]..[LVI],PLRMASVLSYESLVHAVAGAVGSVTAMTVFFPLDTLVF
MTVFFPL,0,,...[FWY]..[LVI],PLRMASVLSYESLVHAVAGAVGSVTAMTVFFPLDTLVF
ADTWDLF,0,,...[FWY]..[WFY],PLRMDPSADTWDLFSPLISLWITFLHLFGLCC
WDLFSPL,0,,...[FWY]..[LVI],PLRMDPSADTWDLFSPLISLWITFLHLFGLCC
ISLWITF,0,,...[FWY]..[WFY],PLRMDPSADTWDLFSPLISLWITFLHLFGLCC
WITFLHL,0,,...[FWY]..[LVI],PLRMDPSADTWDLFSPLISLWITFLHLFGLCC
MSEFVLL,0,,...[FWY]..[LVI],PLRMDVGNKSTMSEFVLLGLSNSGNCRCFSLWCFHCFM
CRCFSLW,0,,...[FWY]..[WFY],PLRMDVGNKSTMSEFVLLGLSNSGNCRCFSLWCFHCFM
LWCFHCF,0,,...[FWY]..[WFY],PLRMDVGNKSTMSEFVLLGLSNSGNCRCFSLWCFHCFM
ALHYLAL,0,,...[FWY]..[LVI],PLRMGAPLAVALGALHYLALFLQLGGATRPAGHAPWDNH
LALFLQL,0,,...[FWY]..[LVI],PLRMGAPLAVALGALHYLALFLQLGGATRPAGHAPWDNH
PANWTSV,0,,...[FWY]..[LVI],PLRMFPANWTSVKVFFFLGFFHYPKVQVIIFAVCLLMYL
VKVFFFL,0,,...[FWY]..[LVI],PLRMFPANWTSVKVFFFLGFFHYPKVQVIIFAVCLLMYL
VFFFLGF,0,,...[FWY]..[WFY],PLRMFPANWTSVKVFFFLGFFHYPKVQVIIFAVCLLMYL
FLGFFHY,0,,...[FWY]..[WFY],PLRMFPANWTSVKVFFFLGFFHYPKVQVIIFAVCLLMYL
FFHYPKV,0,,...[FWY]..[LVI],PLRMFPANWTSVKVFFFLGFFHYPKVQVIIFAVCLLMYL
AFIFRSL,0,,...[FWY]..[LVI],PLRMLLSQNAFIFRSLNLVLMCISASCLVFHMIRLITQ
CLVFHMI,0,,...[FWY]..[LVI],PLRMLLSQNAFIFRSLNLVLMCISASCLVFHMIRLITQ
LKLYQNI,0,,...[FWY]..[LVI],PLRMNRAFSRKKDKTWMHTLKLYQNISFRIMQSFLAVQ
MQSFLAV,0,,...[FWY]..[LVI],PLRMNRAFSRKKDKTWMHTLKLYQNISFRIMQSFLAVQ
RMLFLGL,0,,...[FWY]..[LVI],PLRMLFLGLYLLTLAWNLSLIALIKMDSHLHMPMYFFLN
MPMYFFL,0,,...[FWY]..[LVI],PLRMLFLGLYLLTLAWNLSLIALIKMDSHLHMPMYFFLN
LLGFPGI,0,,...[FWY]..[LVI],PLRMNHMSASLKISNSSKFQVSEFILLGFPGIHSWQHWL
IHSWQHW,0,,...[FWY]..[WFY],PLRMNHMSASLKISNSSKFQVSEFILLGFPGIHSWQHWL
ILFFIPL,0,,...[FWY]..[LVI],PLRMILFFIPLGAYLQIVGQDGEAPSDYQSFAVTIASAL
LGAYLQI,0,,...[FWY]..[LVI],PLRMILFFIPLGAYLQIVGQDGEAPSDYQSFAVTIASAL
PSDYQSF,0,,...[FWY]..[WFY],PLRMILFFIPLGAYLQIVGQDGEAPSDYQSFAVTIASAL
NKGFFSF,0,,...[FWY]..[WFY],PLRMKEKENKGFFSFFQRSKKKRDQTASAPATPLVNKHR
KGFFSFF,0,,...[FWY]..[WFY],PLRMKEKENKGFFSFFQRSKKKRDQTASAPATPLVNKHR
EVRYAAV,0,,...[FWY]..[LVI],PLRMKGFYRSKYTTPSGEVRYAAVTQFEATDARRAFPCW
RRAFPCW,0,,...[FWY]..[WFY],PLRMKGFYRSKYTTPSGEVRYAAVTQFEATDARRAFPCW
ALVFLDI,0,,...[FWY]..[LVI],PLRMNKLLCCALVFLDISIKWTTQETFPPKYLHYDEETS
PPKYLHY,0,,...[FWY]..[WFY],PLRMNKLLCCALVFLDISIKWTTQETFPPKYLHYDEETS
SGDFQMV,0,,...[FWY]..[LVI],PLRMLADSISGDDLGSGDLGSGDFQMVYFRALVNFTRSI
MVYFRAL,0,,...[FWY]..[LVI],PLRMLADSISGDDLGSGDLGSGDFQMVYFRALVNFTRSI
RESFDLL,0,,...[FWY]..[LVI],PLRVLGWRESFDLLLSSKNGVAAFHAFLKTEFSEENLEF
VAAFHAF,0,,...[FWY]..[WFY],PLRVLGWRESFDLLLSSKNGVAAFHAFLKTEFSEENLEF
LGIYASI,0,,...[FWY]..[LVI],PLRMLGIYASIFLLLLITVLICAVYSCGSLFPKALQRLS
ASIFLLL,0,,...[FWY]..[LVI],PLRMLGIYASIFLLLLITVLICAVYSCGSLFPKALQRLS
DAIYSAV,0,,...[FWY]..[LVI],PLRMINESKGDAIYSAVYDVVRNRGNFGDVSVSWVVSLD
SAVYDVV,0,,...[FWY]..[LVI],PLRMINESKGDAIYSAVYDVVRNRGNFGDVSVSWVVSLD
RGNFGDV,0,,...[FWY]..[LVI],PLRMINESKGDAIYSAVYDVVRNRGNFGDVSVSWVVSLD
LIAFGEY,0,,...[FWY]..[WFY],PLRMLIAFGEYLVWTLAWLLSKGVRKQMNFRLKLKGNT
FGEYLVW,0,,...[FWY]..[WFY],PLRMLIAFGEYLVWTLAWLLSKGVRKQMNFRLKLKGNT
RSTFLFI,0,,...[FWY]..[LVI],PLRMLTLTRIRTVSYEVRSTFLFISVLEFAVGFLTNAFV
TFLFISV,0,,...[FWY]..[LVI],PLRMLTLTRIRTVSYEVRSTFLFISVLEFAVGFLTNAFV
VVEFFVV,0,,...[FWY]..[LVI],PLRMNIVVEFFVVTFKVLWAFVLAAARWLVRPKEKSVAG
VVTFKVL,0,,...[FWY]..[LVI],PLRMNIVVEFFVVTFKVLWAFVLAAARWLVRPKEKSVAG
KVLWAFV,0,,...[FWY]..[LVI],PLRMNIVVEFFVVTFKVLWAFVLAAARWLVRPKEKSVAG
TVLFVVF,0,,...[FWY]..[WFY],PLRMNKENHSLIAEFILTGFTYHPKLKTVLFVVFFAIYL
FVVFFAI,0,,...[FWY]..[LVI],PLRMNKENHSLIAEFILTGFTYHPKLKTVLFVVFFAIYL
VVFFAIY,0,,...[FWY]..[WFY],PLRMNKENHSLIAEFILTGFTYHPKLKTVLFVVFFAIYL
GPGFYNV,0,,...[FWY]..[LVI],PLRMNALANIPDVPVKYRKNDIPGPGFYNVIHQSPVSNT
PGFYNVI,0,,...[FWY]..[LVI],PLRMNALANIPDVPVKYRKNDIPGPGFYNVIHQSPVSNT
EDMFAKL,0,,...[FWY]..[LVI],PLRMPIGPVDNSTESGSAGESQEDMFAKLKEKFFNEINK
EKFFNEI,0,,...[FWY]..[LVI],PLRMPIGPVDNSTESGSAGESQEDMFAKLKEKFFNEINK
LTLYLLL,0,,...[FWY]..[LVI],PLRMPLLTLYLLLFWLSGYSIVTQITGPTTVNGLERGSL
LSGYSIV,0,,...[FWY]..[LVI],PLRMPLLTLYLLLFWLSGYSIVTQITGPTTVNGLERGSL
SLSFEDV,0,,...[FWY]..[LVI],PLRMSVRREQGSSSGEGSLSFEDVAVGFTREEWQFLDQS
REEWQFL,0,,...[FWY]..[LVI],PLRMSVRREQGSSSGEGSLSFEDVAVGFTREEWQFLDQS
PALYTIF,0,,...[FWY]..[WFY],PLRMNSGRPETMENLPALYTIFQGEVAMETDYGAFIKIP
ETDYGAF,0,,...[FWY]..[WFY],PLRMNSGRPETMENLPALYTIFQGEVAMETDYGAFIKIP
YGAFIKI,0,,...[FWY]..[LVI],PLRMNSGRPETMENLPALYTIFQGEVAMETDYGAFIKIP
RMRFGIF,0,,...[FWY]..[WFY],PLRMRFGIFLLWWGWVLATESRMHWPGREVHEMSKKGRP
FGIFLLW,0,,...[FWY]..[WFY],PLRMRFGIFLLWWGWVLATESRMHWPGREVHEMSKKGRP
FLLWWGW,0,,...[FWY]..[WFY],PLRMRFGIFLLWWGWVLATESRMHWPGREVHEMSKKGRP
LLWWGWV,0,,...[FWY]..[LVI],PLRMRFGIFLLWWGWVLATESRMHWPGREVHEMSKKGRP
AGDYSLV,0,,...[FWY]..[LVI],PLRMSDMTKLHQAVAAGDYSLVKKILKKGLCDPNYKDVD
DPNYKDV,0,,...[FWY]..[LVI],PLRMSDMTKLHQAVAAGDYSLVKKILKKGLCDPNYKDVD
MRRYKLF,0,,...[FWY]..[WFY],PLRMRRYKLFLMFCMAGLCLISFLHFFKTLSYVTFPREL
YKLFLMF,0,,...[FWY]..[WFY],PLRMRRYKLFLMFCMAGLCLISFLHFFKTLSYVTFPREL
LISFLHF,0,,...[FWY]..[WFY],PLRMRRYKLFLMFCMAGLCLISFLHFFKTLSYVTFPREL
LHFFKTL,0,,...[FWY]..[LVI],PLRMRRYKLFLMFCMAGLCLISFLHFFKTLSYVTFPREL
TLSYVTF,0,,...[FWY]..[WFY],PLRMRRYKLFLMFCMAGLCLISFLHFFKTLSYVTFPREL
MSSFAIF,0,,...[FWY]..[WFY],PLRMTVIISIMSSFAIFVLLPLLLSIAAVA
FAIFVLL,0,,...[FWY]..[LVI],PLRMTVIISIMSSFAIFVLLPLLLSIAAVA
LRMYFLL,0,,...[FWY]..[LVI],PLRMYFLLSNLSFIDICQSNFATPKMLVDFFIERKTISF
NLSFIDI,0,,...[FWY]..[LVI],PLRMYFLLSNLSFIDICQSNFATPKMLVDFFIERKTISF
LRMYNSI,0,,...[FWY]..[LVI],PLRMYNSIYPIHKRPLIVRIGTDYKYTKIAVDRVNAADG
DYKYTKI,0,,...[FWY]..[LVI],PLRMYNSIYPIHKRPLIVRIGTDYKYTKIAVDRVNAADG
RAIFVFW,0,,...[FWY]..[WFY],PLRMYLETRRAIFVFWIFLQVQGTKDISINIYHSETKDT
IFVFWIF,0,,...[FWY]..[WFY],PLRMYLETRRAIFVFWIFLQVQGTKDISINIYHSETKDT
FVFWIFL,0,,...[FWY]..[LVI],PLRMYLETRRAIFVFWIFLQVQGTKDISINIYHSETKDT
FWIFLQV,0,,...[FWY]..[LVI],PLRMYLETRRAIFVFWIFLQVQGTKDISINIYHSETKDT
ESYFQSL,0,,...[FWY]..[LVI],PLRNCAGIEGVLESYFQSLRTVQLYGPTYFAPVINQVAR
PTYFAPV,0,,...[FWY]..[LVI],PLRNCAGIEGVLESYFQSLRTVQLYGPTYFAPVINQVAR
EPPWCFW,0,,...[FWY]..[WFY],PLRNEPPWCFWDVPLIYSYIQDVYWNVGFLKYYELKQVP
PWCFWDV,0,,...[FWY]..[LVI],PLRNEPPWCFWDVPLIYSYIQDVYWNVGFLKYYELKQVP
PLIYSYI,0,,...[FWY]..[LVI],PLRNEPPWCFWDVPLIYSYIQDVYWNVGFLKYYELKQVP
QDVYWNV,0,,...[FWY]..[LVI],PLRNEPPWCFWDVPLIYSYIQDVYWNVGFLKYYELKQVP
NVGFLKY,0,,...[FWY]..[WFY],PLRNEPPWCFWDVPLIYSYIQDVYWNVGFLKYYELKQVP
FLKYYEL,0,,...[FWY]..[LVI],PLRNEPPWCFWDVPLIYSYIQDVYWNVGFLKYYELKQVP
GSLFVLL,0,,...[FWY]..[LVI],PLRNACLLTGSLFVLLRVFSFEPVPSCRALQVLKPRDRI
VFSFEPV,0,,...[FWY]..[LVI],PLRNACLLTGSLFVLLRVFSFEPVPSCRALQVLKPRDRI
DMFYSCF,0,,...[FWY]..[WFY],PLRSEVFSMDMFYSCFKKEGIMNPEVGMKYRNLILKPGG
GMKYRNL,0,,...[FWY]..[LVI],PLRSEVFSMDMFYSCFKKEGIMNPEVGMKYRNLILKPGG
LDGYVCV,0,,...[FWY]..[LVI],PLRNFTTKILNVYQKDVLDGYVCVIQVEPFCCVVFAEAP
VEPFCCV,0,,...[FWY]..[LVI],PLRNFTTKILNVYQKDVLDGYVCVIQVEPFCCVVFAEAP
LRNFLDL,0,,...[FWY]..[LVI],PLRNFLDLLDILIRSLGVLNVKRNWKILSCFLYTCIIL
KRNWKIL,0,,...[FWY]..[LVI],PLRNFLDLLDILIRSLGVLNVKRNWKILSCFLYTCIIL
CFLYTCI,0,,...[FWY]..[LVI],PLRNFLDLLDILIRSLGVLNVKRNWKILSCFLYTCIIL
PLRYFQL,0,,...[FWY]..[LVI],PLRYFQLETNLLYSFLPEVTRMARKFTHISALLQYINLP
NLLYSFL,0,,...[FWY]..[LVI],PLRYFQLETNLLYSFLPEVTRMARKFTHISALLQYINLP
ARKFTHI,0,,...[FWY]..[LVI],PLRYFQLETNLLYSFLPEVTRMARKFTHISALLQYINLP
LLQYINL,0,,...[FWY]..[LVI],PLRYFQLETNLLYSFLPEVTRMARKFTHISALLQYINLP
GRSYTAI,0,,...[FWY]..[LVI],PLRNHGRSYTAISTIPETVGYSLLPLAPVGGIIGWMFAV
TVGYSLL,0,,...[FWY]..[LVI],PLRNHGRSYTAISTIPETVGYSLLPLAPVGGIIGWMFAV
PLRYHNL,0,,...[FWY]..[LVI],PLRYHNLRIMIQYLLSGFELELYSMHEYYYIYWYLSEFL
MHEYYYI,0,,...[FWY]..[LVI],PLRYHNLRIMIQYLLSGFELELYSMHEYYYIYWYLSEFL
HEYYYIY,0,,...[FWY]..[WFY],PLRYHNLRIMIQYLLSGFELELYSMHEYYYIYWYLSEFL
EYYYIYW,0,,...[FWY]..[WFY],PLRYHNLRIMIQYLLSGFELELYSMHEYYYIYWYLSEFL
YYIYWYL,0,,...[FWY]..[LVI],PLRYHNLRIMIQYLLSGFELELYSMHEYYYIYWYLSEFL
INKFTDL,0,,...[FWY]..[LVI],PLRNKLDCDINKFTDLDLQHVKKLVGLWLVILQYLWI
VGLWLVI,0,,...[FWY]..[LVI],PLRNKLDCDINKFTDLDLQHVKKLVGLWLVILQYLWI
ILQYLWI,0,,...[FWY]..[LVI],PLRNKLDCDINKFTDLDLQHVKKLVGLWLVILQYLWI
SMTYVPL,0,,...[FWY]..[LVI],PLRNKNAKYIENHIPSMTYVPLYLKVKKI
VPLYLKV,0,,...[FWY]..[LVI],PLRNKNAKYIENHIPSMTYVPLYLKVKKI
RRSFQKV,0,,...[FWY]..[LVI],PLRNLERDMLPDEVTRRSFQKVLCVWGYQNCAEFCLYH
CAEFCLY,0,,...[FWY]..[WFY],PLRNLERDMLPDEVTRRSFQKVLCVWGYQNCAEFCLYH
GSVYVGL,0,,...[FWY]..[LVI],PLRNLLENGSVYVGLNAALCGLIANSLFRRILNVTKARI
NSLFRRI,0,,...[FWY]..[LVI],PLRNLLENGSVYVGLNAALCGLIANSLFRRILNVTKARI
EPIYPEV,0,,...[FWY]..[LVI],PLRTEPIYPEVVHMFAVNMFRTLPPSSNPTGAEFDPEED
VNMFRTL,0,,...[FWY]..[LVI],PLRTEPIYPEVVHMFAVNMFRTLPPSSNPTGAEFDPEED
RYLWATV,0,,...[FWY]..[LVI],PLRYLWATVTIQRHWRAYLRRKQDQQRYEMLKSSTLIIQ
QRHWRAY,0,,...[FWY]..[WFY],PLRYLWATVTIQRHWRAYLRRKQDQQRYEMLKSSTLIIQ
QQRYEML,0,,...[FWY]..[LVI],PLRYLWATVTIQRHWRAYLRRKQDQQRYEMLKSSTLIIQ
DTLFQDF,0,,...[FWY]..[WFY],PLRNKDTLFQDFKCLMYNSSNPVLKNMWLKAN
FQDFKCL,0,,...[FWY]..[LVI],PLRNKDTLFQDFKCLMYNSSNPVLKNMWLKAN
LHVFEDW,0,,...[FWY]..[WFY],PLRYKGQVNLHVFEDWCGGAVGHLRRNLHFPLFPHTRTT
NLHFPLF,0,,...[FWY]..[WFY],PLRYKGQVNLHVFEDWCGGAVGHLRRNLHFPLFPHTRTT
KQVFVSY,0,,...[FWY]..[WFY],PLRNKQVFVSYNLQNTDSNFALLVENRIKEEMEAFGKV
DSNFALL,0,,...[FWY]..[LVI],PLRNKQVFVSYNLQNTDSNFALLVENRIKEEMEAFGKV
MEAFGKV,0,,...[FWY]..[LVI],PLRNKQVFVSYNLQNTDSNFALLVENRIKEEMEAFGKV
ACSYATV,0,,...[FWY]..[LVI],PLRYNTSMKVIYLACSYATVYLIYLKFKATYDGNHDTFR
ATVYLIY,0,,...[FWY]..[WFY],PLRYNTSMKVIYLACSYATVYLIYLKFKATYDGNHDTFR
YLIYLKF,0,,...[FWY]..[WFY],PLRYNTSMKVIYLACSYATVYLIYLKFKATYDGNHDTFR
STYFLRY,0,,...[FWY]..[WFY],PLRNNYDRERCSTYFLRYKNCRRFWNSIVMQRRKNGVKP
RRFWNSI,0,,...[FWY]..[LVI],PLRNNYDRERCSTYFLRYKNCRRFWNSIVMQRRKNGVKP
SQIFFVI,0,,...[FWY]..[LVI],PLRNTITYNACASQIFFVILFGATEFFLLAAMSYDRYVA
QIFFVIL,0,,...[FWY]..[LVI],PLRNTITYNACASQIFFVILFGATEFFLLAAMSYDRYVA
ATEFFLL,0,,...[FWY]..[LVI],PLRNTITYNACASQIFFVILFGATEFFLLAAMSYDRYVA
AMSYDRY,0,,...[FWY]..[WFY],PLRNTITYNACASQIFFVILFGATEFFLLAAMSYDRYVA
RNEFQEI,0,,...[FWY]..[LVI],PLRNPSNFWVRTNDHRNEFQEIMKNINKFYDLCENDEMI
INKFYDL,0,,...[FWY]..[LVI],PLRNPSNFWVRTNDHRNEFQEIMKNINKFYDLCENDEMI
QGPFWLV,0,,...[FWY]..[LVI],PLRNQGPFWLVLSTGGAAERAGVPPGARLLEVNGLWQSG
GPFWLVL,0,,...[FWY]..[LVI],PLRNQGPFWLVLSTGGAAERAGVPPGARLLEVNGLWQSG
NQRFIPI,0,,...[FWY]..[LVI],PLRNQRFIPINGYPIPPGYAAFPAAHYQPTGPPRVIQHC
PPGYAAF,0,,...[FWY]..[WFY],PLRNQRFIPINGYPIPPGYAAFPAAHYQPTGPPRVIQHC
ARTFPRV,0,,...[FWY]..[LVI],PLRYRAAIGSVRFPWRPDARTFPRVLLKLVLFMSLSLA
LVLFMSL,0,,...[FWY]..[LVI],PLRYRAAIGSVRFPWRPDARTFPRVLLKLVLFMSLSLA
QTGYQVI,0,,...[FWY]..[LVI],PLRNSHLNQPLPQPAQQTGYQVIPNQQQNYQGIVGVQQP
QQNYQGI,0,,...[FWY]..[LVI],PLRNSHLNQPLPQPAQQTGYQVIPNQQQNYQGIVGVQQP
NSFWFGV,0,,...[FWY]..[LVI],PLRNSFWFGVGALMQQGLSSCRKHCPPVLWVAFGGFSH
PVLWVAF,0,,...[FWY]..[WFY],PLRNSFWFGVGALMQQGLSSCRKHCPPVLWVAFGGFSH
WVAFGGF,0,,...[FWY]..[WFY],PLRNSFWFGVGALMQQGLSSCRKHCPPVLWVAFGGFSH
RYSFRNV,0,,...[FWY]..[LVI],PLRYSFRNVQQIGILKPHPAYVQLLEKAAEPTLTFEAVD
HPAYVQL,0,,...[FWY]..[LVI],PLRYSFRNVQQIGILKPHPAYVQLLEKAAEPTLTFEAVD
TLTFEAV,0,,...[FWY]..[LVI],PLRYSFRNVQQIGILKPHPAYVQLLEKAAEPTLTFEAVD
NTKFCNI,0,,...[FWY]..[LVI],PLRNTKFCNIMGSSNGVDQEHFSNVVKGEKILPVFDEPP
QEHFSNV,0,,...[FWY]..[LVI],PLRNTKFCNIMGSSNGVDQEHFSNVVKGEKILPVFDEPP
APRYSSF,0,,...[FWY]..[WFY],PLRNVLDIAPRYSSFLMGASRGFSSIAPVIVPTVSGFLL
SRGFSSI,0,,...[FWY]..[LVI],PLRNVLDIAPRYSSFLMGASRGFSSIAPVIVPTVSGFLL
PLRYSQL,0,,...[FWY]..[LVI],PLRYSQLGQDIIAILESSRFQYHMVIAPGKGDIPPLTDN
RFQYHMV,0,,...[FWY]..[LVI],PLRYSQLGQDIIAILESSRFQYHMVIAPGKGDIPPLTDN
RNVYLIV,0,,...[FWY]..[LVI],PLRNVYLIVAICAVSSLLVLTLLLYTALRCPRRQPKGL
LLLYTAL,0,,...[FWY]..[LVI],PLRNVYLIVAICAVSSLLVLTLLLYTALRCPRRQPKGL
PLRYYEV,0,,...[FWY]..[LVI],PLRYYEVVPPNAHEATYVRSYYGPPYAGPGVTHVIVRED
LRYYEVV,0,,...[FWY]..[LVI],PLRYYEVVPPNAHEATYVRSYYGPPYAGPGVTHVIVRED
LRNYHVF,0,,...[FWY]..[WFY],PLRNYHVFKHLNNFLQGKRFHNQQDAENAFQEFVESQST
YHVFKHL,0,,...[FWY]..[LVI],PLRNYHVFKHLNNFLQGKRFHNQQDAENAFQEFVESQST
ENAFQEF,0,,...[FWY]..[WFY],PLRNYHVFKHLNNFLQGKRFHNQQDAENAFQEFVESQST
PADFIPI,0,,...[FWY]..[LVI],PLRPADFIPILRYLPNPSLNAFKDLNEKFYSFMQKMVKE
LNAFKDL,0,,...[FWY]..[LVI],PLRPADFIPILRYLPNPSLNAFKDLNEKFYSFMQKMVKE
NEKFYSF,0,,...[FWY]..[WFY],PLRPADFIPILRYLPNPSLNAFKDLNEKFYSFMQKMVKE
VDTFRGI,0,,...[FWY]..[LVI],PLRPATWRLSALPPRLRSVDTFRGIALILMVFVNYGGGK
LMVFVNY,0,,...[FWY]..[WFY],PLRPATWRLSALPPRLRSVDTFRGIALILMVFVNYGGGK
RPAFAII,0,,...[FWY]..[LVI],PLRPAFAIIFSKIIGVFTRIDDPETKRQNSNLFSLLFLA
AIIFSKI,0,,...[FWY]..[LVI],PLRPAFAIIFSKIIGVFTRIDDPETKRQNSNLFSLLFLA
IGVFTRI,0,,...[FWY]..[LVI],PLRPAFAIIFSKIIGVFTRIDDPETKRQNSNLFSLLFLA
SNLFSLL,0,,...[FWY]..[LVI],PLRPAFAIIFSKIIGVFTRIDDPETKRQNSNLFSLLFLA
RPAFGLW,0,,...[FWY]..[WFY],PLRPAFGLWVSNYVVMVMQILQRFGNYMTLWWLLTSRM
LQRFGNY,0,,...[FWY]..[WFY],PLRPAFGLWVSNYVVMVMQILQRFGNYMTLWWLLTSRM
FGNYMTL,0,,...[FWY]..[LVI],PLRPAFGLWVSNYVVMVMQILQRFGNYMTLWWLLTSRM
MTLWWLL,0,,...[FWY]..[LVI],PLRPAFGLWVSNYVVMVMQILQRFGNYMTLWWLLTSRM
PLGWRSL,0,,...[FWY]..[LVI],PLRRCSVCEAPSQAIAVHSQDITIPQCPLGWRSLWIGYS
RSLWIGY,0,,...[FWY]..[WFY],PLRRCSVCEAPSQAIAVHSQDITIPQCPLGWRSLWIGYS
PALFLFI,0,,...[FWY]..[LVI],PLRPALFLFIPFNPLAESHPLIDEITEVALEYNNCHGDQ
LFLFIPF,0,,...[FWY]..[WFY],PLRPALFLFIPFNPLAESHPLIDEITEVALEYNNCHGDQ
FIPFNPL,0,,...[FWY]..[LVI],PLRPALFLFIPFNPLAESHPLIDEITEVALEYNNCHGDQ
SEPYLQF,0,,...[FWY]..[WFY],PLRSEPYLQFQDPTKHSRKVNPSTKYLVISLVILSFLFL
STKYLVI,0,,...[FWY]..[LVI],PLRSEPYLQFQDPTKHSRKVNPSTKYLVISLVILSFLFL
ILSFLFL,0,,...[FWY]..[LVI],PLRSEPYLQFQDPTKHSRKVNPSTKYLVISLVILSFLFL
ATVFILF,0,,...[FWY]..[WFY],PLRPATVFILFSDLNPLVTLGGNKESFQQPEVRLCQLNY
FILFSDL,0,,...[FWY]..[LVI],PLRPATVFILFSDLNPLVTLGGNKESFQQPEVRLCQLNY
DVGFSSY,0,,...[FWY]..[WFY],PLRPDVGFSSYELVATPHNTSKASSVLCTCSTRPVPRA
FSSYELV,0,,...[FWY]..[LVI],PLRPDVGFSSYELVATPHNTSKASSVLCTCSTRPVPRA
DKAFNSV,0,,...[FWY]..[LVI],PLRPRKNFPCQLCDKAFNSVEKLKVHSYSHTGERPYKCI
ERPYKCI,0,,...[FWY]..[LVI],PLRPRKNFPCQLCDKAFNSVEKLKVHSYSHTGERPYKCI
PEHFCCV,0,,...[FWY]..[LVI],PLRPEHFCCVSCGEPFGDEGFHEREGRPYCRRDFLQLFA
RRDFLQL,0,,...[FWY]..[LVI],PLRPEHFCCVSCGEPFGDEGFHEREGRPYCRRDFLQLFA
NTDFGAF,0,,...[FWY]..[WFY],PLRPEHNTDFGAFKHLYMLLVNAFNLSQNSLSKKSLNVW
FGAFKHL,0,,...[FWY]..[LVI],PLRPEHNTDFGAFKHLYMLLVNAFNLSQNSLSKKSLNVW
KHLYMLL,0,,...[FWY]..[LVI],PLRPEHNTDFGAFKHLYMLLVNAFNLSQNSLSKKSLNVW
VPVFHLF,0,,...[FWY]..[WFY],PLRPDKIGSTSGAEAANKIITVPVFHLFHKLLAGQPLPA
FHLFHKL,0,,...[FWY]..[LVI],PLRPDKIGSTSGAEAANKIITVPVFHLFHKLLAGQPLPA
LRPYPKL,0,,...[FWY]..[LVI],PLRPYPKLSSCTYSISLEEGFSVILDFVESFDVETHPET
EEGFSVI,0,,...[FWY]..[LVI],PLRPYPKLSSCTYSISLEEGFSVILDFVESFDVETHPET
VRNYGFW,0,,...[FWY]..[WFY],PLRPGVRNYGFWDKDKSRYDVFCFTSNFNGRFYYLIHPT
KSRYDVF,0,,...[FWY]..[WFY],PLRPGVRNYGFWDKDKSRYDVFCFTSNFNGRFYYLIHPT
NGRFYYL,0,,...[FWY]..[LVI],PLRPGVRNYGFWDKDKSRYDVFCFTSNFNGRFYYLIHPT
GRFYYLI,0,,...[FWY]..[LVI],PLRPGVRNYGFWDKDKSRYDVFCFTSNFNGRFYYLIHPT
RPDYEMV,0,,...[FWY]..[LVI],PLRPDYEMVHQAGLTYDYSELPHHISTEQEIECLIQSVH
TYDYSEL,0,,...[FWY]..[LVI],PLRPDYEMVHQAGLTYDYSELPHHISTEQEIECLIQSVH
RPDYLPY,0,,...[FWY]..[WFY],PLRPDYLPYQLWDSVQAFASSLSGSLATQAVLLGIGVGN
YLPYQLW,0,,...[FWY]..[WFY],PLRPDYLPYQLWDSVQAFASSLSGSLATQAVLLGIGVGN
YQLWDSV,0,,...[FWY]..[LVI],PLRPDYLPYQLWDSVQAFASSLSGSLATQAVLLGIGVGN
PDSYLGL,0,,...[FWY]..[LVI],PLRPEEKTPDSYLGLGPQDLLAASLTAVLLGGWILFVMR
LGGWILF,0,,...[FWY]..[WFY],PLRPEEKTPDSYLGLGPQDLLAASLTAVLLGGWILFVMR
SERYTWI,0,,...[FWY]..[LVI],PLRPESSGRYVNRMTNEALHKGCSLKVLADSERYTWIVL
RYTWIVL,0,,...[FWY]..[LVI],PLRPESSGRYVNRMTNEALHKGCSLKVLADSERYTWIVL
PGIFQGF,0,,...[FWY]..[WFY],PLRQGLLSQTSCSQVLVACQGPGIFQGFLSWQGWVRVR
FQGFLSW,0,,...[FWY]..[WFY],PLRQGLLSQTSCSQVLVACQGPGIFQGFLSWQGWVRVR
FLSWQGW,0,,...[FWY]..[WFY],PLRQGLLSQTSCSQVLVACQGPGIFQGFLSWQGWVRVR
WQGWVRV,0,,...[FWY]..[LVI],PLRQGLLSQTSCSQVLVACQGPGIFQGFLSWQGWVRVR
MTVFGHI,0,,...[FWY]..[LVI],PLRPGDETLVMTVFGHISFRSDWELVKVDFRPSFSRQCG
RSDWELV,0,,...[FWY]..[LVI],PLRPGDETLVMTVFGHISFRSDWELVKVDFRPSFSRQCG
APWYFPI,0,,...[FWY]..[LVI],PLRPGTYGMAAPWYFPILPSYWKERFGCAEVKPEKSNGL
PWYFPIL,0,,...[FWY]..[LVI],PLRPGTYGMAAPWYFPILPSYWKERFGCAEVKPEKSNGL
RMSFLLF,0,,...[FWY]..[WFY],PLRRMSFLLFAKSVNYHLKQSIFFYNI
SIFFYNI,0,,...[FWY]..[LVI],PLRRMSFLLFAKSVNYHLKQSIFFYNI
RFNWKLF,0,,...[FWY]..[WFY],PLRPHLCLVALCEAEEAPPASSTPHVVGSRFNWKLFWQF
WKLFWQF,0,,...[FWY]..[WFY],PLRPHLCLVALCEAEEAPPASSTPHVVGSRFNWKLFWQF
DSRYSDI,0,,...[FWY]..[LVI],PLRPGISTGPMKKVDDIICDSRYSDIEPSTEGEVIFRAL
EVIFRAL,0,,...[FWY]..[LVI],PLRPGISTGPMKKVDDIICDSRYSDIEPSTEGEVIFRAL
PSSWTHW,0,,...[FWY]..[WFY],PLRPHQLRLGSLHPHPLSHPRGMHQQQGPSSWTHWLPV
WTHWLPV,0,,...[FWY]..[LVI],PLRPHQLRLGSLHPHPLSHPRGMHQQQGPSSWTHWLPV
PRTFHPL,0,,...[FWY]..[LVI],PLRPRTFHPLRSEAYNTFSERRLKHSLVLHKSNETSLPT
SEAYNTF,0,,...[FWY]..[WFY],PLRPRTFHPLRSEAYNTFSERRLKHSLVLHKSNETSLPT
EDPYGIF,0,,...[FWY]..[WFY],PLRPILQKLSEDPYGIFCLVLTPTRELAYQIAEQFRVLG
YGIFCLV,0,,...[FWY]..[LVI],PLRPILQKLSEDPYGIFCLVLTPTRELAYQIAEQFRVLG
AEQFRVL,0,,...[FWY]..[LVI],PLRPILQKLSEDPYGIFCLVLTPTRELAYQIAEQFRVLG
LPLFEGI,0,,...[FWY]..[LVI],PLRPKFLSHDLPLFEGITSDLFPGVKLPKPDYNDLLAAI
SDLFPGV,0,,...[FWY]..[LVI],PLRPKFLSHDLPLFEGITSDLFPGVKLPKPDYNDLLAAI
KPDYNDL,0,,...[FWY]..[LVI],PLRPKFLSHDLPLFEGITSDLFPGVKLPKPDYNDLLAAI
PPHWENV,0,,...[FWY]..[LVI],PLRPMPPHWENVNTQVPYQLIPLHNQTHEYNEVANLFGK
QVPYQLI,0,,...[FWY]..[LVI],PLRPMPPHWENVNTQVPYQLIPLHNQTHEYNEVANLFGK
THEYNEV,0,,...[FWY]..[LVI],PLRPMPPHWENVNTQVPYQLIPLHNQTHEYNEVANLFGK
VCLFYYV,0,,...[FWY]..[LVI],PLRPKRKKKKKFCYLCILLLIVCLFYYVVYIVFVKKVN
CLFYYVV,0,,...[FWY]..[LVI],PLRPKRKKKKKFCYLCILLLIVCLFYYVVYIVFVKKVN
LFYYVVY,0,,...[FWY]..[WFY],PLRPKRKKKKKFCYLCILLLIVCLFYYVVYIVFVKKVN
YVVYIVF,0,,...[FWY]..[WFY],PLRPKRKKKKKFCYLCILLLIVCLFYYVVYIVFVKKVN
PLMYEWY,0,,...[FWY]..[WFY],PLRPLMYEWYQEYYVGAAHGLAGIYYYLMQPSLQVSQGK
YEWYQEY,0,,...[FWY]..[WFY],PLRPLMYEWYQEYYVGAAHGLAGIYYYLMQPSLQVSQGK
AGIYYYL,0,,...[FWY]..[LVI],PLRPLMYEWYQEYYVGAAHGLAGIYYYLMQPSLQVSQGK
LRPWLHF,0,,...[FWY]..[WFY],PLRPWLHFIIAFPRSYKVFIILWTVYLWMSLLKTILWSR
PRSYKVF,0,,...[FWY]..[WFY],PLRPWLHFIIAFPRSYKVFIILWTVYLWMSLLKTILWSR
YKVFIIL,0,,...[FWY]..[LVI],PLRPWLHFIIAFPRSYKVFIILWTVYLWMSLLKTILWSR
IILWTVY,0,,...[FWY]..[WFY],PLRPWLHFIIAFPRSYKVFIILWTVYLWMSLLKTILWSR
VYLWMSL,0,,...[FWY]..[LVI],PLRPWLHFIIAFPRSYKVFIILWTVYLWMSLLKTILWSR
TWRWHNL,0,,...[FWY]..[LVI],PLRPLPVHVRADPLRTWRWHNLLVSFAHSIVSGIWALLC
SGIWALL,0,,...[FWY]..[LVI],PLRPLPVHVRADPLRTWRWHNLLVSFAHSIVSGIWALLC
LERFGFY,0,,...[FWY]..[WFY],PLRRLTHMETDNKCFYRESPLYLERFGFYKYMKMDKEEG
RFGFYKY,0,,...[FWY]..[WFY],PLRRLTHMETDNKCFYRESPLYLERFGFYKYMKMDKEEG
NLQFTTI,0,,...[FWY]..[LVI],PLRPNYRMRNLQFTTISLNFSTTKTEGLIVWMSIAQNEG
LIVWMSI,0,,...[FWY]..[LVI],PLRPNYRMRNLQFTTISLNFSTTKTEGLIVWMSIAQNEG
VQHYWDV,0,,...[FWY]..[LVI],PLRPLNDLFRCNSLSTLEKNDVVQHYWDVLVQAFVQNGT
QHYWDVL,0,,...[FWY]..[LVI],PLRPLNDLFRCNSLSTLEKNDVVQHYWDVLVQAFVQNGT
LSAFPTL,0,,...[FWY]..[LVI],PLRPPASTLPLSAFPTLCDPPYSQLRDPPAVLSCYCTPL
DPPYSQL,0,,...[FWY]..[LVI],PLRPPASTLPLSAFPTLCDPPYSQLRDPPAVLSCYCTPL
LTVFVTF,0,,...[FWY]..[WFY],PLRPPGGPVPLSILILSILVVLILTVFVTFCLLVFVLRR
FVTFCLL,0,,...[FWY]..[LVI],PLRPPGGPVPLSILILSILVVLILTVFVTFCLLVFVLRR
SAPYFAL,0,,...[FWY]..[LVI],PLRPPGCAAMAQSSSRCQINEPTSAPYFALGFLALGAQV
ALGFLAL,0,,...[FWY]..[LVI],PLRPPGCAAMAQSSSRCQINEPTSAPYFALGFLALGAQV
AIFWKRV,0,,...[FWY]..[LVI],PLRPPIAAVFLLAIFWKRVNEPGAFWGLILGLLIRISRI
PGAFWGL,0,,...[FWY]..[LVI],PLRPPIAAVFLLAIFWKRVNEPGAFWGLILGLLIRISRI
GAFWGLI,0,,...[FWY]..[LVI],PLRPPIAAVFLLAIFWKRVNEPGAFWGLILGLLIRISRI
PPQYPLL,0,,...[FWY]..[LVI],PLRPPQYPLLIVVYKVLATLGLILLTAYFVIQPFSPLAP
IVVYKVL,0,,...[FWY]..[LVI],PLRPPQYPLLIVVYKVLATLGLILLTAYFVIQPFSPLAP
LTAYFVI,0,,...[FWY]..[LVI],PLRPPQYPLLIVVYKVLATLGLILLTAYFVIQPFSPLAP
IQPFSPL,0,,...[FWY]..[LVI],PLRPPQYPLLIVVYKVLATLGLILLTAYFVIQPFSPLAP
RQPYGTW,0,,...[FWY]..[WFY],PLRQPYGTWNAVLNTEARTMAAEVLSRRCVLMRLLDFSY
YGTWNAV,0,,...[FWY]..[LVI],PLRQPYGTWNAVLNTEARTMAAEVLSRRCVLMRLLDFSY
AKLFCSF,0,,...[FWY]..[WFY],PLRPQAKLFCSFLDEGIVAKFKEGPVEIQDGLFQPLLQA
DGLFQPL,0,,...[FWY]..[LVI],PLRPQAKLFCSFLDEGIVAKFKEGPVEIQDGLFQPLLQA
GKKFQTI,0,,...[FWY]..[LVI],PLRRQGFNGTFTVGPYICEATVKGKKFQTIPFNVYALKA
TIPFNVY,0,,...[FWY]..[WFY],PLRRQGFNGTFTVGPYICEATVKGKKFQTIPFNVYALKA
TGIFTRF,0,,...[FWY]..[WFY],PLRPTGIFTRFFLLPNSIIKAVFGTKGFFLEDKKTKIAS
FTRFFLL,0,,...[FWY]..[LVI],PLRPTGIFTRFFLLPNSIIKAVFGTKGFFLEDKKTKIAS
RPRFYLF,0,,...[FWY]..[WFY],PLRPRFYLFYDLSTYIHLQNVLNVSQ
PRFYLFY,0,,...[FWY]..[WFY],PLRPRFYLFYDLSTYIHLQNVLNVSQ
FYLFYDL,0,,...[FWY]..[LVI],PLRPRFYLFYDLSTYIHLQNVLNVSQ
LSTYIHL,0,,...[FWY]..[LVI],PLRPRFYLFYDLSTYIHLQNVLNVSQ
KPTFPVY,0,,...[FWY]..[WFY],PLRPRGKPTFPVYPLVVVLPLPVRPRARKFLVVSPVKL
FPVYPLV,0,,...[FWY]..[LVI],PLRPRGKPTFPVYPLVVVLPLPVRPRARKFLVVSPVKL
ARKFLVV,0,,...[FWY]..[LVI],PLRPRGKPTFPVYPLVVVLPLPVRPRARKFLVVSPVKL
EDIFRRF,0,,...[FWY]..[WFY],PLRPRKKKKEKKEDIFRRFPVAPLIPYPLITKEDINAIE
LIPYPLI,0,,...[FWY]..[LVI],PLRPRKKKKEKKEDIFRRFPVAPLIPYPLITKEDINAIE
NVSWCYL,0,,...[FWY]..[LVI],PLRPSLHTTTNVSWCYLNYIKPNHIQHADRRSSVYAGWC
SWCYLNY,0,,...[FWY]..[WFY],PLRPSLHTTTNVSWCYLNYIKPNHIQHADRRSSVYAGWC
SSVYAGW,0,,...[FWY]..[WFY],PLRPSLHTTTNVSWCYLNYIKPNHIQHADRRSSVYAGWC
VKLYSDW,0,,...[FWY]..[WFY],PLRPSNDSRQMHQALQDFLSAQQVQAPVKLYSDWLSVGH
YSDWLSV,0,,...[FWY]..[LVI],PLRPSNDSRQMHQALQDFLSAQQVQAPVKLYSDWLSVGH
LPKYFFF,0,,...[FWY]..[WFY],PLRPRPLLLILNLLYVSTKPVNPLPKYFFFKPILSEDP
YFFFKPI,0,,...[FWY]..[LVI],PLRPRPLLLILNLLYVSTKPVNPLPKYFFFKPILSEDP
QSSFFGF,0,,...[FWY]..[WFY],PLRPWQSSFFGFYDANETVLEMEEQLVYLRDSFGLKTLL
SSFFGFY,0,,...[FWY]..[WFY],PLRPWQSSFFGFYDANETVLEMEEQLVYLRDSFGLKTLL
RVHYGCV,0,,...[FWY]..[LVI],PLRPSAARVHYGCVMCVRILQGLVEGVTYPACHGMWSKW
HGMWSKW,0,,...[FWY]..[WFY],PLRPSAARVHYGCVMCVRILQGLVEGVTYPACHGMWSKW
EGSWEAL,0,,...[FWY]..[LVI],PLRPSPAPDDWSSESSDSEGSWEALYRVVLLGDPGVGKT
EALYRVV,0,,...[FWY]..[LVI],PLRPSPAPDDWSSESSDSEGSWEALYRVVLLGDPGVGKT
KWKYEMF,0,,...[FWY]..[WFY],PLRPSSSPVNILLSSQSVSDTFVKEVLKWKYEMFLNFGQ
YEMFLNF,0,,...[FWY]..[WFY],PLRPSSSPVNILLSSQSVSDTFVKEVLKWKYEMFLNFGQ
QHVFSVL,0,,...[FWY]..[LVI],PLRQHVFSVLEDYGLDPNCIPENPHNIYFGRWIADGQRE
NIYFGRW,0,,...[FWY]..[WFY],PLRQHVFSVLEDYGLDPNCIPENPHNIYFGRWIADGQRE
KRPFGAF,0,,...[FWY]..[WFY],PLRRTLQRTSTSNESGDQLKRPFGAFRSIMETLSGNQNN
FGAFRSI,0,,...[FWY]..[LVI],PLRRTLQRTSTSNESGDQLKRPFGAFRSIMETLSGNQNN
SIMYNLF,0,,...[FWY]..[WFY],PLRPTNEEGVDDMASLTELHGGSIMYNLFQRYKRNQIYT
YNLFQRY,0,,...[FWY]..[WFY],PLRPTNEEGVDDMASLTELHGGSIMYNLFQRYKRNQIYT
PSDYDLL,0,,...[FWY]..[LVI],PLRPTRDNPKHGSSLNRTPSDYDLLIPPLGEDAFDALPP
EDAFDAL,0,,...[FWY]..[LVI],PLRPTRDNPKHGSSLNRTPSDYDLLIPPLGEDAFDALPP
VSDYVPY,0,,...[FWY]..[WFY],PLRPVQATASQGSATKPISVSDYVPYVNAVDSRWSSYGN
DSRWSSY,0,,...[FWY]..[WFY],PLRPVQATASQGSATKPISVSDYVPYVNAVDSRWSSYGN
LRTWSCF,0,,...[FWY]..[WFY],PLRTWSCFLGWPSAPHGIPLASVFWSANYGSYPHPYGYD
WSCFLGW,0,,...[FWY]..[WFY],PLRTWSCFLGWPSAPHGIPLASVFWSANYGSYPHPYGYD
SANYGSY,0,,...[FWY]..[WFY],PLRTWSCFLGWPSAPHGIPLASVFWSANYGSYPHPYGYD
LRPWTDL,0,,...[FWY]..[LVI],PLRPWTDLFHDQSVKRPKLLIFIIPGNPGFSAFYVPFAK
NPGFSAF,0,,...[FWY]..[WFY],PLRPWTDLFHDQSVKRPKLLIFIIPGNPGFSAFYVPFAK
SAFYVPF,0,,...[FWY]..[WFY],PLRPWTDLFHDQSVKRPKLLIFIIPGNPGFSAFYVPFAK
GDIFSHF,0,,...[FWY]..[WFY],PLRTYGEEGLKDGHQSSHGDIFSHFFGDFGFMFGGTPRQ
SHFFGDF,0,,...[FWY]..[WFY],PLRTYGEEGLKDGHQSSHGDIFSHFFGDFGFMFGGTPRQ
LRPYLDL,0,,...[FWY]..[LVI],PLRPYLDLMDEDILYHLDLGTKTHNLPAMFGDVKFVCVG
PAMFGDV,0,,...[FWY]..[LVI],PLRPYLDLMDEDILYHLDLGTKTHNLPAMFGDVKFVCVG
DVKFVCV,0,,...[FWY]..[LVI],PLRPYLDLMDEDILYHLDLGTKTHNLPAMFGDVKFVCVG
TEPFQAW,0,,...[FWY]..[WFY],PLRPYSTEPFQAWTGFYTSRSSLQGLARRASALLYAGES
FQAWTGF,0,,...[FWY]..[WFY],PLRPYSTEPFQAWTGFYTSRSSLQGLARRASALLYAGES
LFTYSSV,0,,...[FWY]..[LVI],PLRQEESLRTYLFTYSSVYDSISMETLSDMFELDLPTVH
SSVYDSI,0,,...[FWY]..[LVI],PLRQEESLRTYLFTYSSVYDSISMETLSDMFELDLPTVH
RQAFAAL,0,,...[FWY]..[LVI],PLRQAFAALNSNNFVRFFKLVQSAILPERLSFTLLLQSD
SNNFVRF,0,,...[FWY]..[WFY],PLRQAFAALNSNNFVRFFKLVQSAILPERLSFTLLLQSD
FVRFFKL,0,,...[FWY]..[LVI],PLRQAFAALNSNNFVRFFKLVQSAILPERLSFTLLLQSD
VRFFKLV,0,,...[FWY]..[LVI],PLRQAFAALNSNNFVRFFKLVQSAILPERLSFTLLLQSD
RLSFTLL,0,,...[FWY]..[LVI],PLRQAFAALNSNNFVRFFKLVQSAILPERLSFTLLLQSD
LALFDQF,0,,...[FWY]..[WFY],PLRQELALFDQFREWPDGYVRFIYSSDEKKAQRHLSGWA
FDQFREW,0,,...[FWY]..[WFY],PLRQELALFDQFREWPDGYVRFIYSSDEKKAQRHLSGWA
PDGYVRF,0,,...[FWY]..[WFY],PLRQELALFDQFREWPDGYVRFIYSSDEKKAQRHLSGWA
LFPFSIV,0,,...[FWY]..[LVI],PLRQARVEIPLFPFSIVQFSFKAFSPVLTEEMNKRMRIK
QFSFKAF,0,,...[FWY]..[WFY],PLRQARVEIPLFPFSIVQFSFKAFSPVLTEEMNKRMRIK
FKAFSPV,0,,...[FWY]..[LVI],PLRQARVEIPLFPFSIVQFSFKAFSPVLTEEMNKRMRIK
AFVFCLL,0,,...[FWY]..[LVI],PLRQAVYKTALAFVFCLLQSLKVSQKRVTGNFFIPISLL
GNFFIPI,0,,...[FWY]..[LVI],PLRQAVYKTALAFVFCLLQSLKVSQKRVTGNFFIPISLL
RSKWLNY,0,,...[FWY]..[WFY],PLRQCRSKWLNYLNWKQSGGTEWTKEDEINLILRIAELD
WLNYLNW,0,,...[FWY]..[WFY],PLRQCRSKWLNYLNWKQSGGTEWTKEDEINLILRIAELD
NSNFLFL,0,,...[FWY]..[LVI],PLRQENSNFLFLSKSLMVRFWSEYFTTDRSLEKAMLSRQ
VRFWSEY,0,,...[FWY]..[WFY],PLRQENSNFLFLSKSLMVRFWSEYFTTDRSLEKAMLSRQ
DEMFKLV,0,,...[FWY]..[LVI],PLRQDEMFKLVQLQQINFMSLMQIVGSSFANLPDTQQLV
QINFMSL,0,,...[FWY]..[LVI],PLRQDEMFKLVQLQQINFMSLMQIVGSSFANLPDTQQLV
GSSFANL,0,,...[FWY]..[LVI],PLRQDEMFKLVQLQQINFMSLMQIVGSSFANLPDTQQLV
EEGFTKI,0,,...[FWY]..[LVI],PLRQDEENLPYEEGFTKILVLFLRVHRA
LVLFLRV,0,,...[FWY]..[LVI],PLRQDEENLPYEEGFTKILVLFLRVHRA
DGGFAAV,0,,...[FWY]..[LVI],PLRQELSYTEGLSLVYMAARLDGGFAAVSRAFHEIRARN
SRAFHEI,0,,...[FWY]..[LVI],PLRQELSYTEGLSLVYMAARLDGGFAAVSRAFHEIRARN
CSVYDFF,0,,...[FWY]..[WFY],PLRQFANCSVYDFFVWLHYYLFVIHY
VYDFFVW,0,,...[FWY]..[WFY],PLRQFANCSVYDFFVWLHYYLFVIHY
YDFFVWL,0,,...[FWY]..[LVI],PLRQFANCSVYDFFVWLHYYLFVIHY
FFVWLHY,0,,...[FWY]..[WFY],PLRQFANCSVYDFFVWLHYYLFVIHY
WLHYYLF,0,,...[FWY]..[WFY],PLRQFANCSVYDFFVWLHYYLFVIHY
LHYYLFV,0,,...[FWY]..[LVI],PLRQFANCSVYDFFVWLHYYLFVIHY
LRQFYFL,0,,...[FWY]..[LVI],PLRQFYFLIRKRIHLRAEDALFFFVNNVIPPTSATMGQL
RQFYFLI,0,,...[FWY]..[LVI],PLRQFYFLIRKRIHLRAEDALFFFVNNVIPPTSATMGQL
DALFFFV,0,,...[FWY]..[LVI],PLRQFYFLIRKRIHLRAEDALFFFVNNVIPPTSATMGQL
QGSFFRL,0,,...[FWY]..[LVI],PLRQGSFFRLLYPCQKAEETMEQPLWIPRYEYCTGLAS
GSFFRLL,0,,...[FWY]..[LVI],PLRQGSFFRLLYPCQKAEETMEQPLWIPRYEYCTGLAS
AAAFSAY,0,,...[FWY]..[WFY],PLRQINLSLLKEFDHHLLSAAEACKLAAAFSAYTPLFVL
FSAYTPL,0,,...[FWY]..[LVI],PLRQINLSLLKEFDHHLLSAAEACKLAAAFSAYTPLFVL
HSAYQIL,0,,...[FWY]..[LVI],PLRQISVKENSLHSAYQILWDRFHMGLSTILEATTLVTE
QILWDRF,0,,...[FWY]..[WFY],PLRQISVKENSLHSAYQILWDRFHMGLSTILEATTLVTE
LKTFQTV,0,,...[FWY]..[LVI],PLRQLAQAQGLDPPTHHFELKTFQTVRIFSELNSTEMHL
VRIFSEL,0,,...[FWY]..[LVI],PLRQLAQAQGLDPPTHHFELKTFQTVRIFSELNSTEMHL
RDSFPRF,0,,...[FWY]..[WFY],PLRQLQIYTLMHRDSFPRFLNSQIYKSFVESTAGSSSES
SQIYKSF,0,,...[FWY]..[WFY],PLRQLQIYTLMHRDSFPRFLNSQIYKSFVESTAGSSSES
RTLYRDV,0,,...[FWY]..[LVI],PLRQLKPAQRTLYRDVMLDTFRLLVSVGHWLPKPNVISL
LDTFRLL,0,,...[FWY]..[LVI],PLRQLKPAQRTLYRDVMLDTFRLLVSVGHWLPKPNVISL
LRQWGWL,0,,...[FWY]..[LVI],PLRQLRQWGWLKGTLQCADAFHFFHLPCLSKNPYGPGLR
ADAFHFF,0,,...[FWY]..[WFY],PLRQLRQWGWLKGTLQCADAFHFFHLPCLSKNPYGPGLR
AFHFFHL,0,,...[FWY]..[LVI],PLRQLRQWGWLKGTLQCADAFHFFHLPCLSKNPYGPGLR
SVTFHVI,0,,...[FWY]..[LVI],PLRQMTSSERRKIMCSVTFHVIAITCVVWSLYVLIDRTA
CVVWSLY,0,,...[FWY]..[WFY],PLRQMTSSERRKIMCSVTFHVIAITCVVWSLYVLIDRTA
WSLYVLI,0,,...[FWY]..[LVI],PLRQMTSSERRKIMCSVTFHVIAITCVVWSLYVLIDRTA
TNGYSCL,0,,...[FWY]..[LVI],PLRQSHQCANGATCISHTNGYSCLCFGNFTGKFCRQSRL
CLCFGNF,0,,...[FWY]..[WFY],PLRQSHQCANGATCISHTNGYSCLCFGNFTGKFCRQSRL
QNPWAFW,0,,...[FWY]..[WFY],PLRQNPWAFWLEVVSINWILTPNVRLITLESLSCAASTC
WAFWLEV,0,,...[FWY]..[LVI],PLRQNPWAFWLEVVSINWILTPNVRLITLESLSCAASTC
TCVFAFL,0,,...[FWY]..[LVI],PLRQTLRTVAFLCKTCVFAFLGLSIFSFPHKFEISFVIW
VFAFLGL,0,,...[FWY]..[LVI],PLRQTLRTVAFLCKTCVFAFLGLSIFSFPHKFEISFVIW
EISFVIW,0,,...[FWY]..[WFY],PLRQTLRTVAFLCKTCVFAFLGLSIFSFPHKFEISFVIW
AMVFVVF,0,,...[FWY]..[WFY],PLRRPLVDTGAMVFVVFGIIGVNRTRQVDNHVIGDPGSV
FVVFGII,0,,...[FWY]..[LVI],PLRRPLVDTGAMVFVVFGIIGVNRTRQVDNHVIGDPGSV
EPFWVNL,0,,...[FWY]..[LVI],PLRQQPLFMAMVGPLKGEPFWVNLGLLLFSLLGFLLPSY
LLLFSLL,0,,...[FWY]..[LVI],PLRQQPLFMAMVGPLKGEPFWVNLGLLLFSLLGFLLPSY
QGIYPEL,0,,...[FWY]..[LVI],PLRQSDLLRGNESLLKARALVAFHQGIYPELYSILESH
PELYSIL,0,,...[FWY]..[LVI],PLRQSDLLRGNESLLKARALVAFHQGIYPELYSILESH
QSQFDKV,0,,...[FWY]..[LVI],PLRQSQFDKVSCSESQLQSQCEQMKQTNIIWKVVC
NIIWKVV,0,,...[FWY]..[LVI],PLRQSQFDKVSCSESQLQSQCEQMKQTNIIWKVVC
IEQFCCY,0,,...[FWY]..[WFY],PLRQSLSNIEQFCCYFKELPAVELRNGKTAGRRTYHTRS
CCYFKEL,0,,...[FWY]..[LVI],PLRQSLSNIEQFCCYFKELPAVELRNGKTAGRRTYHTRS
ILIFSFV,0,,...[FWY]..[LVI],PLRQTVYAVPILIFSFVCHPAVLPIYEELKDRSRRRMMN
LPIYEEL,0,,...[FWY]..[LVI],PLRQTVYAVPILIFSFVCHPAVLPIYEELKDRSRRRMMN
NGSFLAL,0,,...[FWY]..[LVI],PLRQVQYHGNIFFWNQSRNKHDYNGSFLALPLQDAYMRI
QDAYMRI,0,,...[FWY]..[LVI],PLRQVQYHGNIFFWNQSRNKHDYNGSFLALPLQDAYMRI
RSPFRYL,0,,...[FWY]..[LVI],PLRQWSDRSPFRYLNWLPGSPSAEPGKSCVSLNPGKNAK
PFRYLNW,0,,...[FWY]..[WFY],PLRQWSDRSPFRYLNWLPGSPSAEPGKSCVSLNPGKNAK
LEPFFDF,0,,...[FWY]..[WFY],PLRRAGLEPFFDFIVSINGSRLNKDNDTLKDLLKANVEK
EPFFDFI,0,,...[FWY]..[LVI],PLRRAGLEPFFDFIVSINGSRLNKDNDTLKDLLKANVEK
RAHFKRL,0,,...[FWY]..[LVI],PLRRAHFKRLYGKSLYSFIKGDTSGDYRKVLLVLCGGDD
KSLYSFI,0,,...[FWY]..[LVI],PLRRAHFKRLYGKSLYSFIKGDTSGDYRKVLLVLCGGDD
SGDYRKV,0,,...[FWY]..[LVI],PLRRAHFKRLYGKSLYSFIKGDTSGDYRKVLLVLCGGDD
RERFKVV,0,,...[FWY]..[LVI],PLRRERFKVVFAPVICKRTCLKGQCRDSCQQGSNMTLIG
KVVFAPV,0,,...[FWY]..[LVI],PLRRERFKVVFAPVICKRTCLKGQCRDSCQQGSNMTLIG
RAAFGNI,0,,...[FWY]..[LVI],PLRRCLRELLGRAAFGNIKNAIKPFSSIWITILFGNRR
IKPFSSI,0,,...[FWY]..[LVI],PLRRCLRELLGRAAFGNIKNAIKPFSSIWITILFGNRR
SSIWITI,0,,...[FWY]..[LVI],PLRRCLRELLGRAAFGNIKNAIKPFSSIWITILFGNRR
IPDFYAF,0,,...[FWY]..[WFY],PLRRCSMAANTFYFRPNGAGDTRQNLIPDFYAFRVINNG
FYAFRVI,0,,...[FWY]..[LVI],PLRRCSMAANTFYFRPNGAGDTRQNLIPDFYAFRVINNG
PGWFWRI,0,,...[FWY]..[LVI],PLRRDVKEMLGFSPGWFWRICWVAISPLFLLFIICSFLM
RICWVAI,0,,...[FWY]..[LVI],PLRRDVKEMLGFSPGWFWRICWVAISPLFLLFIICSFLM
SPLFLLF,0,,...[FWY]..[WFY],PLRRDVKEMLGFSPGWFWRICWVAISPLFLLFIICSFLM
PLRWEYI,0,,...[FWY]..[LVI],PLRWEYIPFEALIMTLTQLLALKDFCSTKIKRELLGNVK
RWEYIPF,0,,...[FWY]..[WFY],PLRWEYIPFEALIMTLTQLLALKDFCSTKIKRELLGNVK
YIPFEAL,0,,...[FWY]..[LVI],PLRWEYIPFEALIMTLTQLLALKDFCSTKIKRELLGNVK
IAWYITV,0,,...[FWY]..[LVI],PLRRETHSIICIAWYITVKILRNAVVFSFWPTLVKMVL
AVVFSFW,0,,...[FWY]..[WFY],PLRRETHSIICIAWYITVKILRNAVVFSFWPTLVKMVL
FSFWPTL,0,,...[FWY]..[LVI],PLRRETHSIICIAWYITVKILRNAVVFSFWPTLVKMVL
LRRFCLL,0,,...[FWY]..[LVI],PLRRFCLLYDNVKVKKLRLRRGKKKRGRDGSVQDTWSQP
CLLYDNV,0,,...[FWY]..[LVI],PLRRFCLLYDNVKVKKLRLRRGKKKRGRDGSVQDTWSQP
LRRFFCI,0,,...[FWY]..[LVI],PLRRFFCIVEGLRHNSVQLQVACMQLINALVTSPDDLDF
LALFFSL,0,,...[FWY]..[LVI],PLRRNPFKVGMKDLALFFSLNPIRFFNRFIDIRAYVTHY
IRFFNRF,0,,...[FWY]..[WFY],PLRRNPFKVGMKDLALFFSLNPIRFFNRFIDIRAYVTHY
FNRFIDI,0,,...[FWY]..[LVI],PLRRNPFKVGMKDLALFFSLNPIRFFNRFIDIRAYVTHY
LRRFQSY,0,,...[FWY]..[WFY],PLRRFQSYISRLPSALRRHYNRRLESQFGSHVPYYLELE
VPYYLEL,0,,...[FWY]..[LVI],PLRRFQSYISRLPSALRRHYNRRLESQFGSHVPYYLELE
ELNYSVI,0,,...[FWY]..[LVI],PLRRGVIQSELNYSVILQWVVTMDPEPVLSWTFSGVPCG
SWTFSGV,0,,...[FWY]..[LVI],PLRRGVIQSELNYSVILQWVVTMDPEPVLSWTFSGVPCG
EEGYYYL,0,,...[FWY]..[LVI],PLRRNHTVGNRTVVEEGYYYLNNFDNILNSFVTLFELTV
LNNFDNI,0,,...[FWY]..[LVI],PLRRNHTVGNRTVVEEGYYYLNNFDNILNSFVTLFELTV
LNSFVTL,0,,...[FWY]..[LVI],PLRRNHTVGNRTVVEEGYYYLNNFDNILNSFVTLFELTV
GMGYPLI,0,,...[FWY]..[LVI],PLRRHSPFGQRHLHTHHHTHVGMGYPLIPGQYDPFQGLT
PGQYDPF,0,,...[FWY]..[WFY],PLRRHSPFGQRHLHTHHHTHVGMGYPLIPGQYDPFQGLT
YDPFQGL,0,,...[FWY]..[LVI],PLRRHSPFGQRHLHTHHHTHVGMGYPLIPGQYDPFQGLT
LNGWVFV,0,,...[FWY]..[LVI],PLRRITEQPLKEEEDEDRRTKVTRQLKLNGWVFVNLAK
GWVFVNL,0,,...[FWY]..[LVI],PLRRITEQPLKEEEDEDRRTKVTRQLKLNGWVFVNLAK
RNAYTMV,0,,...[FWY]..[LVI],PLRRNAYTMVLHKHGEKLYTGLREVVTEHLINKVREDVL
EKLYTGL,0,,...[FWY]..[LVI],PLRRNAYTMVLHKHGEKLYTGLREVVTEHLINKVREDVL
LIDYNFI,0,,...[FWY]..[LVI],PLRRKGLIDYNFIASGRPFMKFLRCV
GRPFMKF,0,,...[FWY]..[WFY],PLRRKGLIDYNFIASGRPFMKFLRCV
PLRWKSL,0,,...[FWY]..[LVI],PLRWKSLKPGSLVLKITHMLPRLQWFVCLLGMKWLHFS
LQWFVCL,0,,...[FWY]..[LVI],PLRWKSLKPGSLVLKITHMLPRLQWFVCLLGMKWLHFS
GMKWLHF,0,,...[FWY]..[WFY],PLRWKSLKPGSLVLKITHMLPRLQWFVCLLGMKWLHFS
LAVFFGL,0,,...[FWY]..[LVI],PLRRLSLLLHLAVFFGLLLQSILVIQVLNHSQAPIYLV
AVFFGLL,0,,...[FWY]..[LVI],PLRRLSLLLHLAVFFGLLLQSILVIQVLNHSQAPIYLV
QKAWDWV,0,,...[FWY]..[LVI],PLRRLESALRGRLSPGGQKAWDWVHWFLKMRAYDYMCMG
AWDWVHW,0,,...[FWY]..[WFY],PLRRLESALRGRLSPGGQKAWDWVHWFLKMRAYDYMCMG
SLLFCSL,0,,...[FWY]..[LVI],PLRRRVSRSGGLAVLPVIYAVSLLFCSLPLLDYGQYVQY
LLDYGQY,0,,...[FWY]..[WFY],PLRRRVSRSGGLAVLPVIYAVSLLFCSLPLLDYGQYVQY
YGQYVQY,0,,...[FWY]..[WFY],PLRRRVSRSGGLAVLPVIYAVSLLFCSLPLLDYGQYVQY
MDGYCMF,0,,...[FWY]..[WFY],PLRRNGMAIIRPPGHHAQHSLMDGYCMFNHVAVAARYAQ
YCMFNHV,0,,...[FWY]..[LVI],PLRRNGMAIIRPPGHHAQHSLMDGYCMFNHVAVAARYAQ
TQQWGDV,0,,...[FWY]..[LVI],PLRWNITLSWRQDGVSLSHDTQQWGDVLPDGNGTYQTWV
NGTYQTW,0,,...[FWY]..[WFY],PLRWNITLSWRQDGVSLSHDTQQWGDVLPDGNGTYQTWV
VVQWYSV,0,,...[FWY]..[LVI],PLRRNRNIWQQRFRHGGVVQWYSVVLGNSVNC
VQWYSVV,0,,...[FWY]..[LVI],PLRRNRNIWQQRFRHGGVVQWYSVVLGNSVNC
RRPYCPF,0,,...[FWY]..[WFY],PLRRPYCPFSWYLYIWSVCYRYLCKCWSSSHR
YCPFSWY,0,,...[FWY]..[WFY],PLRRPYCPFSWYLYIWSVCYRYLCKCWSSSHR
PFSWYLY,0,,...[FWY]..[WFY],PLRRPYCPFSWYLYIWSVCYRYLCKCWSSSHR
FSWYLYI,0,,...[FWY]..[LVI],PLRRPYCPFSWYLYIWSVCYRYLCKCWSSSHR
SVCYRYL,0,,...[FWY]..[LVI],PLRRPYCPFSWYLYIWSVCYRYLCKCWSSSHR
LPFWKRY,0,,...[FWY]..[WFY],PLRRPVLPFWKRYLDGWNAIFSFGKKLIDEKLEDMEAQ
LDGWNAI,0,,...[FWY]..[LVI],PLRRPVLPFWKRYLDGWNAIFSFGKKLIDEKLEDMEAQ
DIHWDHV,0,,...[FWY]..[LVI],PLRRPVGMDIHWDHVSRLCSPCLIDYDFVGKFESMEDDA
LIDYDFV,0,,...[FWY]..[LVI],PLRRPVGMDIHWDHVSRLCSPCLIDYDFVGKFESMEDDA
GIFWKTW,0,,...[FWY]..[WFY],PLRRQKLKKGIFWKTWRGRYYPLQATTMLIQPMAAEAAS
RGRYYPL,0,,...[FWY]..[LVI],PLRRQKLKKGIFWKTWRGRYYPLQATTMLIQPMAAEAAS
IWEFMTL,0,,...[FWY]..[LVI],PLRRQLTEANVEEIWEFMTLSYLQKFLAWIP
LQKFLAW,0,,...[FWY]..[WFY],PLRRQLTEANVEEIWEFMTLSYLQKFLAWIP
VASWTKY,0,,...[FWY]..[WFY],PLRRRKTLLKEGKKPTVASWTKYWAALCGTQLFYYAAKS
TKYWAAL,0,,...[FWY]..[LVI],PLRRRKTLLKEGKKPTVASWTKYWAALCGTQLFYYAAKS
ASSFPFL,0,,...[FWY]..[LVI],PLRRTVTASSFPFLEQLQLLELGSQYTPLTIDKEAFRNL
GSQYTPL,0,,...[FWY]..[LVI],PLRRTVTASSFPFLEQLQLLELGSQYTPLTIDKEAFRNL
KEAFRNL,0,,...[FWY]..[LVI],PLRRTVTASSFPFLEQLQLLELGSQYTPLTIDKEAFRNL
RKKFESL,0,,...[FWY]..[LVI],PLRRVLKRFPTMEHVVDAGFMSQEERKKFESLKSDFNKY
KSDFNKY,0,,...[FWY]..[WFY],PLRRVLKRFPTMEHVVDAGFMSQEERKKFESLKSDFNKY
ECHWEKY,0,,...[FWY]..[WFY],PLRRYRNAYVWAPGALKVLECHWEKYNNRYTESRSFSYI
SRSFSYI,0,,...[FWY]..[LVI],PLRRYRNAYVWAPGALKVLECHWEKYNNRYTESRSFSYI
LRRYFEI,0,,...[FWY]..[LVI],PLRRYFEITDESPYVHYLNTFSSKEPQRGMGYMPKRGLD
ESPYVHY,0,,...[FWY]..[WFY],PLRRYFEITDESPYVHYLNTFSSKEPQRGMGYMPKRGLD
EKIWYRV,0,,...[FWY]..[LVI],PLRSDNFQDSEQLVEKIWYRVIDDSLVVGVKTTSSLKLS
KIWYRVI,0,,...[FWY]..[LVI],PLRSDNFQDSEQLVEKIWYRVIDDSLVVGVKTTSSLKLS
NTLYLYL,0,,...[FWY]..[LVI],PLRSAHSKFLARNNTLYLYLLWKVWNLMPYLIFLSLLI
LYLYLLW,0,,...[FWY]..[WFY],PLRSAHSKFLARNNTLYLYLLWKVWNLMPYLIFLSLLI
YLLWKVW,0,,...[FWY]..[WFY],PLRSAHSKFLARNNTLYLYLLWKVWNLMPYLIFLSLLI
LMPYLIF,0,,...[FWY]..[WFY],PLRSAHSKFLARNNTLYLYLLWKVWNLMPYLIFLSLLI
YLIFLSL,0,,...[FWY]..[LVI],PLRSAHSKFLARNNTLYLYLLWKVWNLMPYLIFLSLLI
KGLYWLL,0,,...[FWY]..[LVI],PLRSAISGYGKKIDKSIKKGLYWLLHVIARDFDALNERI
ARDFDAL,0,,...[FWY]..[LVI],PLRSAISGYGKKIDKSIKKGLYWLLHVIARDFDALNERI
LITFLNF,0,,...[FWY]..[WFY],PLRTCNLHINDLGLTVNCKERGLITFLNFFHVR
FLNFFHV,0,,...[FWY]..[LVI],PLRTCNLHINDLGLTVNCKERGLITFLNFFHVR
KLGFDVV,0,,...[FWY]..[LVI],PLRSDEKVAYLQKLGFDVVFNYKTVESLEETLKKASPDG
VFNYKTV,0,,...[FWY]..[LVI],PLRSDEKVAYLQKLGFDVVFNYKTVESLEETLKKASPDG
SEDYDLL,0,,...[FWY]..[LVI],PLRSEIASEDYDLLFSNYETFTLLIEQLKMDFNDSASLS
DLLFSNY,0,,...[FWY]..[WFY],PLRSEIASEDYDLLFSNYETFTLLIEQLKMDFNDSASLS
FSNYETF,0,,...[FWY]..[WFY],PLRSEIASEDYDLLFSNYETFTLLIEQLKMDFNDSASLS
YETFTLL,0,,...[FWY]..[LVI],PLRSEIASEDYDLLFSNYETFTLLIEQLKMDFNDSASLS
EAWFSPV,0,,...[FWY]..[LVI],PLRTEKDLLIYDSMPRRKEAWFSPVHTYPLLATRLVHSG
VHTYPLL,0,,...[FWY]..[LVI],PLRTEKDLLIYDSMPRRKEAWFSPVHTYPLLATRLVHSG
TEVFEEV,0,,...[FWY]..[LVI],PLRTEVFEEVYNYLKRARHQNASVAEIRECLEKVVPQAS
EEVYNYL,0,,...[FWY]..[LVI],PLRTEVFEEVYNYLKRARHQNASVAEIRECLEKVVPQAS
RAKFLQF,0,,...[FWY]..[WFY],PLRSFDQADRAKFLQFVTGTSKVPLQGFAALEGMNGIQK
LQGFAAL,0,,...[FWY]..[LVI],PLRSFDQADRAKFLQFVTGTSKVPLQGFAALEGMNGIQK
LRSFFFV,0,,...[FWY]..[LVI],PLRSFFFVEVFTYGIIKTFGVFFNDLMDSFNESNSRIS
VFTYGII,0,,...[FWY]..[LVI],PLRSFFFVEVFTYGIIKTFGVFFNDLMDSFNESNSRIS
IKTFGVF,0,,...[FWY]..[WFY],PLRSFFFVEVFTYGIIKTFGVFFNDLMDSFNESNSRIS
GVFFNDL,0,,...[FWY]..[LVI],PLRSFFFVEVFTYGIIKTFGVFFNDLMDSFNESNSRIS
LRSFGVF,0,,...[FWY]..[WFY],PLRSFGVFLMNSNAMEIFIQPTPIVTYRVTGGILDFYIL
ILDFYIL,0,,...[FWY]..[LVI],PLRSFGVFLMNSNAMEIFIQPTPIVTYRVTGGILDFYIL
LRSFQFV,0,,...[FWY]..[LVI],PLRSFQFVVSVCIKKVTKLLQSKLSANVWKPILKRKLQ
ANVWKPI,0,,...[FWY]..[LVI],PLRSFQFVVSVCIKKVTKLLQSKLSANVWKPILKRKLQ
LRSFNTF,0,,...[FWY]..[WFY],PLRSFNTFANRMKNIGVMNYLKISLQHALYLLHHGMLKD
VMNYLKI,0,,...[FWY]..[LVI],PLRSFNTFANRMKNIGVMNYLKISLQHALYLLHHGMLKD
GKIWVLI,0,,...[FWY]..[LVI],PLRSFRAGKIWVLICTALLARGIDFKGVNLVINYDFPTS
GIDFKGV,0,,...[FWY]..[LVI],PLRSFRAGKIWVLICTALLARGIDFKGVNLVINYDFPTS
LRSYNAW,0,,...[FWY]..[WFY],PLRSYNAWSVEKLAAEFASKPWIQVDMQKEVIITGIQTQ
SKPWIQV,0,,...[FWY]..[LVI],PLRSYNAWSVEKLAAEFASKPWIQVDMQKEVIITGIQTQ
KCAYIEF,0,,...[FWY]..[WFY],PLRSHKCAYIEFKEVFKKVFIHAGLILMVPNLNI
YIEFKEV,0,,...[FWY]..[LVI],PLRSHKCAYIEFKEVFKKVFIHAGLILMVPNLNI
KEVFKKV,0,,...[FWY]..[LVI],PLRSHKCAYIEFKEVFKKVFIHAGLILMVPNLNI
RSIFGDI,0,,...[FWY]..[LVI],PLRSIFGDITRKFCKDVVSNKKFMKKVQESRFDVIFADA
ESRFDVI,0,,...[FWY]..[LVI],PLRSIFGDITRKFCKDVVSNKKFMKKVQESRFDVIFADA
RAKFFCV,0,,...[FWY]..[LVI],PLRTIGTARALFFPDAAAGHGTGWAGTVTTRAKFFCVVH
AKFFCVV,0,,...[FWY]..[LVI],PLRTIGTARALFFPDAAAGHGTGWAGTVTTRAKFFCVVH
SPEYETF,0,,...[FWY]..[WFY],PLRSKFPSPEYETFAEYYKTKYNLDLTNLNSHCWMWTT
YETFAEY,0,,...[FWY]..[WFY],PLRSKFPSPEYETFAEYYKTKYNLDLTNLNSHCWMWTT
CIAFFIF,0,,...[FWY]..[WFY],PLRSTLQAVQATMILSTILCCIAFFIFVLQLFRLKQGS
IAFFIFV,0,,...[FWY]..[LVI],PLRSTLQAVQATMILSTILCCIAFFIFVLQLFRLKQGS
RSLFYRL,0,,...[FWY]..[LVI],PLRSLFYRLLKYDPRRDEWQECPCSSSRERSADMVALDS
SLFYRLL,0,,...[FWY]..[LVI],PLRSLFYRLLKYDPRRDEWQECPCSSSRERSADMVALDS
SLIFLTL,0,,...[FWY]..[LVI],PLRSLIFLTLNWFREIVNAFCQETSPEMKGKVLTRLKHI
LNWFREI,0,,...[FWY]..[LVI],PLRSLIFLTLNWFREIVNAFCQETSPEMKGKVLTRLKHI
KRGYERI,0,,...[FWY]..[LVI],PLRSLWKSSTITVDQMKRGYERIYNEIPALIWMSTFI
ERIYNEI,0,,...[FWY]..[LVI],PLRSLWKSSTITVDQMKRGYERIYNEIPALIWMSTFI
SPYWDNV,0,,...[FWY]..[LVI],PLRSPYWDNVSDSAKELITMMLLVDVDQRFSAVQVLEHP
DQRFSAV,0,,...[FWY]..[LVI],PLRSPYWDNVSDSAKELITMMLLVDVDQRFSAVQVLEHP
RSPYWLI,0,,...[FWY]..[LVI],PLRSPYWLITRLPGFSSIVQKIFM
LPGFSSI,0,,...[FWY]..[LVI],PLRSPYWLITRLPGFSSIVQKIFM
PQMWQLL,0,,...[FWY]..[LVI],PLRSPQMWQLLPLVFEVFQQDGFDYFRYDAAPS
PLVFEVF,0,,...[FWY]..[WFY],PLRSPQMWQLLPLVFEVFQQDGFDYFRYDAAPS
QDGFDYF,0,,...[FWY]..[WFY],PLRSPQMWQLLPLVFEVFQQDGFDYFRYDAAPS
GFDYFRY,0,,...[FWY]..[WFY],PLRSPQMWQLLPLVFEVFQQDGFDYFRYDAAPS
ERDYLDL,0,,...[FWY]..[LVI],PLRSRILTAERDYLDLTASNNFFVDDYARFTILDSQGKT
VDDYARF,0,,...[FWY]..[WFY],PLRSRILTAERDYLDLTASNNFFVDDYARFTILDSQGKT
YARFTIL,0,,...[FWY]..[LVI],PLRSRILTAERDYLDLTASNNFFVDDYARFTILDSQGKT
NRDFTSV,0,,...[FWY]..[LVI],PLRSSSGISPDNRDFTSVQILHLKATVLLVYPKVQFIS
LLVYPKV,0,,...[FWY]..[LVI],PLRSSSGISPDNRDFTSVQILHLKATVLLVYPKVQFIS
SPAFSTI,0,,...[FWY]..[LVI],PLRSSLHLGHAGSSPHALASPAFSTIFSFFNNNTVAVEE
STIFSFF,0,,...[FWY]..[WFY],PLRSSLHLGHAGSSPHALASPAFSTIFSFFNNNTVAVEE
SKKFPGI,0,,...[FWY]..[LVI],PLRSTEATEVSKKFPGIRPYTGRQLPYACVA
QLPYACV,0,,...[FWY]..[LVI],PLRSTEATEVSKKFPGIRPYTGRQLPYACVA
VTGWKEI,0,,...[FWY]..[LVI],PLRSTKAFAMTNQILVEKSVTGWKEIEYEVVRDADDNCV
EIEYEVV,0,,...[FWY]..[LVI],PLRSTKAFAMTNQILVEKSVTGWKEIEYEVVRDADDNCV
EAAFTTL,0,,...[FWY]..[LVI],PLRSTKGATGHLLGAAGAVEAAFTTLACYYQKLPPTLNL
ACYYQKL,0,,...[FWY]..[LVI],PLRSTKGATGHLLGAAGAVEAAFTTLACYYQKLPPTLNL
PEGFELY,0,,...[FWY]..[WFY],PLRSTLPEGFELYSQLPPLRQHYLQRLTSTVLQNGVSET
FELYSQL,0,,...[FWY]..[LVI],PLRSTLPEGFELYSQLPPLRQHYLQRLTSTVLQNGVSET
PLRYEAY,0,,...[FWY]..[WFY],PLRYEAYGQDDWNGTRPSLKAPPARPVKGAYREHPYGRY
EHPYGRY,0,,...[FWY]..[WFY],PLRYEAYGQDDWNGTRPSLKAPPARPVKGAYREHPYGRY
LRSYFLF,0,,...[FWY]..[WFY],PLRSYFLFNFLGSCSLTLAGARLSGLNTGQELQAQQERY
YFLFNFL,0,,...[FWY]..[LVI],PLRSYFLFNFLGSCSLTLAGARLSGLNTGQELQAQQERY
GTIFDYY,0,,...[FWY]..[WFY],PLRTVKFPSQGTIFDYYIDPETKKFEPWSKLVPQFEFDP
TKKFEPW,0,,...[FWY]..[WFY],PLRTVKFPSQGTIFDYYIDPETKKFEPWSKLVPQFEFDP
FEPWSKL,0,,...[FWY]..[LVI],PLRTVKFPSQGTIFDYYIDPETKKFEPWSKLVPQFEFDP
AKVFKPI,0,,...[FWY]..[LVI],PLRVDIDPLDIDLEKDPLAAKVFKPISSTWYDYWGADYG
SSTWYDY,0,,...[FWY]..[WFY],PLRVDIDPLDIDLEKDPLAAKVFKPISSTWYDYWGADYG
STWYDYW,0,,...[FWY]..[WFY],PLRVDIDPLDIDLEKDPLAAKVFKPISSTWYDYWGADYG
ADQWIWF,0,,...[FWY]..[WFY],PLRVADQWIWFEGLPTRIHLPAPRVMCRSSTLRWVKRRC
WIWFEGL,0,,...[FWY]..[LVI],PLRVADQWIWFEGLPTRIHLPAPRVMCRSSTLRWVKRRC
ILPFLYW,0,,...[FWY]..[WFY],PLRVEILPFLYWAVRITLPARTCWMPWALLP
PFLYWAV,0,,...[FWY]..[LVI],PLRVEILPFLYWAVRITLPARTCWMPWALLP
RTCWMPW,0,,...[FWY]..[WFY],PLRVEILPFLYWAVRITLPARTCWMPWALLP
WMPWALL,0,,...[FWY]..[LVI],PLRVEILPFLYWAVRITLPARTCWMPWALLP
RESFFRV,0,,...[FWY]..[LVI],PLRVFTKGIPNVLRRIRESFFRVVPQFVVFYLIYTWGTE
ESFFRVV,0,,...[FWY]..[LVI],PLRVFTKGIPNVLRRIRESFFRVVPQFVVFYLIYTWGTE
VPQFVVF,0,,...[FWY]..[WFY],PLRVFTKGIPNVLRRIRESFFRVVPQFVVFYLIYTWGTE
FVVFYLI,0,,...[FWY]..[LVI],PLRVFTKGIPNVLRRIRESFFRVVPQFVVFYLIYTWGTE
VVFYLIY,0,,...[FWY]..[WFY],PLRVFTKGIPNVLRRIRESFFRVVPQFVVFYLIYTWGTE
LRVFFAI,0,,...[FWY]..[LVI],PLRVFFAIYLITVVGNISLVALIFTHCHQCTSFWV
RVFFAIY,0,,...[FWY]..[WFY],PLRVFFAIYLITVVGNISLVALIFTHCHQCTSFWV
EELYIGV,0,,...[FWY]..[LVI],PLRVFKSELSEYIKAEELYIGVTVNVNGYLFRLLNADEY
GYLFRLL,0,,...[FWY]..[LVI],PLRVFKSELSEYIKAEELYIGVTVNVNGYLFRLLNADEY
KNDFKSI,0,,...[FWY]..[LVI],PLRVGKSSLALRYVKNDFKSILPTVGCAFFTKVVDVGAT
CAFFTKV,0,,...[FWY]..[LVI],PLRVGKSSLALRYVKNDFKSILPTVGCAFFTKVVDVGAT
RVGYRNL,0,,...[FWY]..[LVI],PLRVGYRNLIADVEKLRREAYDSDNPQHEEMLLKLWKFL
LKLWKFL,0,,...[FWY]..[LVI],PLRVGYRNLIADVEKLRREAYDSDNPQHEEMLLKLWKFL
KQSWNPF,0,,...[FWY]..[WFY],PLRVGTAQPKQSWNPFPDFTPQKFKEKTAEQLRVLQASF
WNPFPDF,0,,...[FWY]..[WFY],PLRVGTAQPKQSWNPFPDFTPQKFKEKTAEQLRVLQASF
EDRWVNL,0,,...[FWY]..[LVI],PLRVGYFVDEDRWVNLPHIHNHLDGHAVAVTESYVYVAG
TESYVYV,0,,...[FWY]..[LVI],PLRVGYFVDEDRWVNLPHIHNHLDGHAVAVTESYVYVAG
SLLFNMI,0,,...[FWY]..[LVI],PLRVIPGSLLFNMISYIYILSAILRIPSATGHQKTFSTC
MISYIYI,0,,...[FWY]..[LVI],PLRVIPGSLLFNMISYIYILSAILRIPSATGHQKTFSTC
VMAYDRY,0,,...[FWY]..[WFY],PLRVMAYDRYLAIAKPLHYVTMMRKEVWVALVVASWVSG
YDRYLAI,0,,...[FWY]..[LVI],PLRVMAYDRYLAIAKPLHYVTMMRKEVWVALVVASWVSG
KEVWVAL,0,,...[FWY]..[LVI],PLRVMAYDRYLAIAKPLHYVTMMRKEVWVALVVASWVSG
VAIFYLI,0,,...[FWY]..[LVI],PLRVVAIFYLITLVGNTAIILASLLDSQLHTPMYFFLRD
RQGWTVL,0,,...[FWY]..[LVI],PLRVLLRHKADVTKENRQGWTVLHEAVSTGDPEMVYTVL
EMVYTVL,0,,...[FWY]..[LVI],PLRVLLRHKADVTKENRQGWTVLHEAVSTGDPEMVYTVL
RVNYERV,0,,...[FWY]..[LVI],PLRVNYERVREYSQKVLERQPDNAKALYRAGVAFFHLQD
GVAFFHL,0,,...[FWY]..[LVI],PLRVNYERVREYSQKVLERQPDNAKALYRAGVAFFHLQD
NMSYFYL,0,,...[FWY]..[LVI],PLRVTLAAYTAGSVLAQLLVSLANMSYFYLNVISLASVS
SYFYLNV,0,,...[FWY]..[LVI],PLRVTLAAYTAGSVLAQLLVSLANMSYFYLNVISLASVS
RVQWKVI,0,,...[FWY]..[LVI],PLRVQWKVIHSVLENVVIMLLSWQLVMVRVCASSIHLF
LLSWQLV,0,,...[FWY]..[LVI],PLRVQWKVIHSVLENVVIMLLSWQLVMVRVCASSIHLF
IIFFLCF,0,,...[FWY]..[WFY],PLRVPESGLRVSHRKALTTIIITLIIFFLCFLPYHTLRT
FLCFLPY,0,,...[FWY]..[WFY],PLRVPESGLRVSHRKALTTIIITLIIFFLCFLPYHTLRT
FLPYHTL,0,,...[FWY]..[LVI],PLRVPESGLRVSHRKALTTIIITLIIFFLCFLPYHTLRT
RVTYQGY,0,,...[FWY]..[WFY],PLRVSLLLKCGADVNRVTYQGYSPYQLTWGRPSTRIQQQ
YQGYSPY,0,,...[FWY]..[WFY],PLRVSLLLKCGADVNRVTYQGYSPYQLTWGRPSTRIQQQ
LRVWKSF,0,,...[FWY]..[WFY],PLRVWKSFLEGTMQVAQSRMNICENYKNFISEPARTVRS
CENYKNF,0,,...[FWY]..[WFY],PLRVWKSFLEGTMQVAQSRMNICENYKNFISEPARTVRS
RMTYVGV,0,,...[FWY]..[LVI],PLRVYRMTYVGVGANRRLLQEAVKEIKSYLKRIFQLVRF
KRIFQLV,0,,...[FWY]..[LVI],PLRVYRMTYVGVGANRRLLQEAVKEIKSYLKRIFQLVRF
LRWFYRY,0,,...[FWY]..[WFY],PLRWFYRYDGKFPTIRKKGKDKKKAKYGSLQDLRKNKKE
DGKFPTI,0,,...[FWY]..[LVI],PLRWFYRYDGKFPTIRKKGKDKKKAKYGSLQDLRKNKKE
KAKYGSL,0,,...[FWY]..[LVI],PLRWFYRYDGKFPTIRKKGKDKKKAKYGSLQDLRKNKKE
PLRWYLF,0,,...[FWY]..[WFY],PLRWYLFGDLSLSLVTVGKHLTARVLCLIVLPLALYTAT
WYLFGDL,0,,...[FWY]..[LVI],PLRWYLFGDLSLSLVTVGKHLTARVLCLIVLPLALYTAT
LRWYLPL,0,,...[FWY]..[LVI],PLRWYLPLLVSALVLGWLNLLYYTRGFQHTGIYSVMIQK
VLGWLNL,0,,...[FWY]..[LVI],PLRWYLPLLVSALVLGWLNLLYYTRGFQHTGIYSVMIQK
TCLFMQF,0,,...[FWY]..[WFY],PLRYVLAATELTCLFMQFSIVPYLSRKLGLDSIAFGYLQ
FMQFSIV,0,,...[FWY]..[LVI],PLRYVLAATELTCLFMQFSIVPYLSRKLGLDSIAFGYLQ
SIAFGYL,0,,...[FWY]..[LVI],PLRYVLAATELTCLFMQFSIVPYLSRKLGLDSIAFGYLQ
SRGFKDL,0,,...[FWY]..[LVI],PLRYAVSRGFKDLELDTPSIEKRFAYSFLQQLIRYVDEA
RFAYSFL,0,,...[FWY]..[LVI],PLRYAVSRGFKDLELDTPSIEKRFAYSFLQQLIRYVDEA
PLRYCQW,0,,...[FWY]..[WFY],PLRYCQWVDNLNETRKMLSLSGGGPFSNLLRWVVCHITK
GGPFSNL,0,,...[FWY]..[LVI],PLRYCQWVDNLNETRKMLSLSGGGPFSNLLRWVVCHITK
PLRYDIL,0,,...[FWY]..[LVI],PLRYDILVACSSSCPLMFNKLWGTTLFMAGFFTPGSMMM
PLMFNKL,0,,...[FWY]..[LVI],PLRYDILVACSSSCPLMFNKLWGTTLFMAGFFTPGSMMM
DMRYYNY,0,,...[FWY]..[WFY],PLRYEEPQAPPPVTSVITTEVDMRYYNYLLNPIREEFIS
MRYYNYL,0,,...[FWY]..[LVI],PLRYEEPQAPPPVTSVITTEVDMRYYNYLLNPIREEFIS
HPNFRGF,0,,...[FWY]..[WFY],PLRYHPNFRGFDYYFGIPYSHDMGCTDTPGYNHPPCPAC
FRGFDYY,0,,...[FWY]..[WFY],PLRYHPNFRGFDYYFGIPYSHDMGCTDTPGYNHPPCPAC
FDYYFGI,0,,...[FWY]..[LVI],PLRYHPNFRGFDYYFGIPYSHDMGCTDTPGYNHPPCPAC
PLRYPSV,0,,...[FWY]..[LVI],PLRYPSVVDPNDPQMLAFNPRKKNYDRVMKALDSITSIR
KKNYDRV,0,,...[FWY]..[LVI],PLRYPSVVDPNDPQMLAFNPRKKNYDRVMKALDSITSIR
TSKWNVY,0,,...[FWY]..[WFY],PLRYINKCFFSTSKWNVYKRVLPWKQHILLVTRMCFGL
WNVYKRV,0,,...[FWY]..[LVI],PLRYINKCFFSTSKWNVYKRVLPWKQHILLVTRMCFGL
LPKFFIV,0,,...[FWY]..[LVI],PLRYLPKFFIVGLLWLASVTLGIWQTVNELHDPMYQYRV
LGIWQTV,0,,...[FWY]..[LVI],PLRYLPKFFIVGLLWLASVTLGIWQTVNELHDPMYQYRV
QKTFVVL,0,,...[FWY]..[LVI],PLRYLTQKTFVVLNRGKTLFRFSATPALYILSPFNLIRR
LSPFNLI,0,,...[FWY]..[LVI],PLRYLTQKTFVVLNRGKTLFRFSATPALYILSPFNLIRR
PLRYPTV,0,,...[FWY]..[LVI],PLRYPTVVYLTKSSPSMAVLYIQAFVLVFLLGKVMGKVF
IQAFVLV,0,,...[FWY]..[LVI],PLRYPTVVYLTKSSPSMAVLYIQAFVLVFLLGKVMGKVF
AFMFPYF,0,,...[FWY]..[WFY],PLRYRNGGGAFMFPYFIMLIFCGIPLFFMELSFGQFASQ
FPYFIML,0,,...[FWY]..[LVI],PLRYRNGGGAFMFPYFIMLIFCGIPLFFMELSFGQFASQ
MLIFCGI,0,,...[FWY]..[LVI],PLRYRNGGGAFMFPYFIMLIFCGIPLFFMELSFGQFASQ
PLFFMEL,0,,...[FWY]..[LVI],PLRYRNGGGAFMFPYFIMLIFCGIPLFFMELSFGQFASQ
ELSFGQF,0,,...[FWY]..[WFY],PLRYRNGGGAFMFPYFIMLIFCGIPLFFMELSFGQFASQ
PLRYTGW,0,,...[FWY]..[WFY],PLRYTGWMQKWPTLQDLASASLEEVNQLWAGLGYYSRAS
MQKWPTL,0,,...[FWY]..[LVI],PLRYTGWMQKWPTLQDLASASLEEVNQLWAGLGYYSRAS
NQLWAGL,0,,...[FWY]..[LVI],PLRYTGWMQKWPTLQDLASASLEEVNQLWAGLGYYSRAS
DVRFHHF,0,,...[FWY]..[WFY],PLRADGLFLLRQCLRSLGGYVLSLVHDVRFHHFPIERQL
GELFLKL,0,,...[FWY]..[LVI],PLRPAGLSTSADGFLKPPAGSVPGPDSPGELFLKLPPQV
DGNWMGI,0,,...[FWY]..[LVI],PLRADGNWMGIVDPFARPRGHGRKGEDALCRYFSNERIP
NPGFRLV,0,,...[FWY]..[LVI],PLRADGRKFGSKYLVDHEVHFTCNPGFRLVGPSSMVCLP
PLIWCLL,0,,...[FWY]..[LVI],PLRAAGVDAGTPAPLRGVLCPLIWCLLLSLARGRQPLSR
EAGYDAY,0,,...[FWY]..[WFY],PLREAGYDAYITGLCFISMANYLGSFLSPPKIHVSARSK
GHYFETL,0,,...[FWY]..[LVI],PLRPGHYFETLKFLVGHLKTITDHSEKNKMEPRNLARS
LLDFQVV,0,,...[FWY]..[LVI],PLRAEASQELLAQLNRAVQVVVHTGDITEDLLLDFQVVV
QWIWSYW,0,,...[FWY]..[WFY],PLRTAASSLTSPATSLRHHGEGEGQGQWIWSYWAPGQQG
AGCFPLF,0,,...[FWY]..[WFY],PLRSAFLGATVAGCFPLFHRGEYSASPLCLPFPIGETPS
RTAFNRV,0,,...[FWY]..[LVI],PLRTAFNRVLQQIRSRPSIKRGASLHSSSGGGSSGSSSR
ALLFPNI,0,,...[FWY]..[LVI],PLRSAFNSDTNRALRIALLFPNIILKFQCQLMSRQLL
DTEYYAV,0,,...[FWY]..[LVI],PLRDALVSDDETTRLVTLEDDFDEELDTEYYAVGKEEE
DLAFPRF,0,,...[FWY]..[WFY],PLRAAGFALSQVGDLAFPRFEIPAQRFALPAHYLERSPA
KAKYILL,0,,...[FWY]..[LVI],PLRKAKYILLMDIIAADDCRYKFHNSRWVVAGKADPEMP
GCTWKRW,0,,...[FWY]..[WFY],PLRAAPRRWSMGWSCQSRGAGCTWKRWSTPCSTQRSS
APVYHCL,0,,...[FWY]..[LVI],PLRAALYLQSIGEGFKEAVQYVLPRLLLAPVYHCLHYFE
KMHYPMV,0,,...[FWY]..[LVI],PLRHFNYDICQSCFFSGRVAKGHKMHYPMVEYCTPTTSG
RLSYPWV,0,,...[FWY]..[LVI],PLRSAEDSWVPRLCTVQLSQVIQVQFRLSYPWVLTPIL
GHDYQWI,0,,...[FWY]..[LVI],PLRDAAERECRLQGAHLTSILSHEEQMFVNRVGHDYQWI
GDCFLLL,0,,...[FWY]..[LVI],PLRSAAGMLPIWGRRHVQTRLVEPRASALNSGDCFLLLS
TAAYQSV,0,,...[FWY]..[LVI],PLRTAAYQSVRILSVSPIQAEQELEDLVAVDLQWSKPTS
TGEYSHW,0,,...[FWY]..[WFY],PLRTGEYSHWMNMKTILKELVQRGHEVTVLASSASILFD
LVQFLFI,0,,...[FWY]..[LVI],PLRAAWIGGFLHSLVQFLFIYQLPFCGPNVIDNFLCDLY
QRIYLGV,0,,...[FWY]..[LVI],PLRSACLKESTEEGSSKEDYYGNGKDDEEQRIYLGVNEK
GDRYLLI,0,,...[FWY]..[LVI],PLRLECFKCAACQKHFCVGDRYLLINSDIVCEQDIYEWT
RVVFEAI,0,,...[FWY]..[LVI],PLRTEDERVVFEAILQWVKHDLEPRKVHLPELLRSVRLA
TEFWFSV,0,,...[FWY]..[LVI],PLRAAYGEKDAILEADTEFWFSVCCEFSVQHQIQSLMNI
DKDWEDI,0,,...[FWY]..[LVI],PLRPADKDWEDIKKMPEHSTLMKDFRRNTYTNCSLIKYI
DYPYGPV,0,,...[FWY]..[LVI],PLRAEDYPYGPVENKIKVLQFLVDQFLQQILPVRN
LWKWKEL,0,,...[FWY]..[LVI],PLRAAEELWKWKELGHDLHSISIPTKLLGCASKGLDIES
ENEFVTL,0,,...[FWY]..[LVI],PLRAAENEFVTLKKDVDAAYMNKVELQAKADTLTDEINL
ISDFLSV,0,,...[FWY]..[LVI],PLRTAEPISDFLSVTEKKLANSEPVGTQTAKIQQQITR
ERKFPKF,0,,...[FWY]..[WFY],PLRADKQAAQIRRELDGRLQLADKMAKERKFPKFIAKDM
CATFASY,0,,...[FWY]..[WFY],PLRPAEYHEACLFAYCAGAMAGSGQEGRQQAVCATFASY
DDAFDEL,0,,...[FWY]..[LVI],PLRPALHEQHQVTGIDDAFDELQRELKDQLQALQDSEQ
NVTWLQL,0,,...[FWY]..[LVI],PLRIDDTNVTWLQLEAEIKALKEKLLFMKKNHEEEVKGL
ALKYAGL,0,,...[FWY]..[LVI],PLRSALKYAGLQGLMSVLAEIRPKNDLGHPFCNNLRSGD
LSSFQKV,0,,...[FWY]..[LVI],PLRTALLMLNLVFLINSWLSSFQKVGVCITAAVALHYFL
SQAYNAL,0,,...[FWY]..[LVI],PLRPALPLGTAPWTSQAYNALTSVVTSCKNFKVRIRSAA
GFCYDYL,0,,...[FWY]..[LVI],PLREALQAIETKVALMLQLLIHEDDDISSNIIGFCYDYL
LKDFNII,0,,...[FWY]..[LVI],PLRAERKRIIIKMEPEDIPTDELKDFNIIKVTDKDCNES
LNGYKGY,0,,...[FWY]..[WFY],PLRAARLERAGLNGYKGYGVGDWLCMAHYESGFDTAFVD
RASWATF,0,,...[FWY]..[WFY],PLRAARPRASWATFPRERALTAHLDTKKTRKKPRQKKPE
PAPWSAL,0,,...[FWY]..[LVI],PLRNASARQGQMLGIPAPSQALQEPAPWSALPCGLLLDE
SEVFPEV,0,,...[FWY]..[LVI],PLRTTASEVFPEVVGDESALLIVPEEDKQQQQLDLEREL
SGGYVNI,0,,...[FWY]..[LVI],PLRLAASGGYVNIIKILLNAGAEINSRTGSKLGISPLKL
HTNFKNY,0,,...[FWY]..[WFY],PLRAASSYIRDHLNAMNPTMLAVLDLWHTNFKNYV
KGNWHHY,0,,...[FWY]..[WFY],PLRADSKGNWHHYWENNPSAGAFRKTGVHDADFESNVTV
GSRYPPW,0,,...[FWY]..[WFY],PLRAALRVPQRCCLTMLAPDSLGLLGSRYPPWPPKVLGL
VLLYTML,0,,...[FWY]..[LVI],PLRIANFVAPEVLKRQGYNAACDIWSLGVLLYTMLTGYT
EGGFDAI,0,,...[FWY]..[LVI],PLRSANIDTPEGGFDAIMQAAVCKEKLAGGMTPSTSWS
IRLFLEL,0,,...[FWY]..[LVI],PLREANLELIRLFLELPSCLSFVNAKAYNGNTALHVAAS
LMAFGCV,0,,...[FWY]..[LVI],PLRAVNNKYRLMAFGCVSGSVQVYTIDNSTGAMLLSHKL
RTHYILI,0,,...[FWY]..[LVI],PLRDATVHSIVIQDGGLLVFGDNKDGSRNITLRTHYILI
PLRYLDV,0,,...[FWY]..[LVI],PLRYLDVYNNKAAVLKYENNVMNIRQFNCSPHPYWLPNF
LKCFSVL,0,,...[FWY]..[LVI],PLRAVQNIAHLLTSLSYKVRMQALKCFSVLAFENPQVSM
VLNFVKV,0,,...[FWY]..[LVI],PLRIPLLPENNMSASIDCAGLLKLRNSVLNFVKVKLIL
KFNWRVI,0,,...[FWY]..[LVI],PLRAVHSEFMHDHADYGFPSCEGKFNWRVIKEKRDAYVS
ARIWSYL,0,,...[FWY]..[LVI],PLRPATLNPIIYGMRTKQLRARIWSYLMHVLFDHSNLGS
TACWMAW,0,,...[FWY]..[WFY],PLRAATNIRNYGTEDEDTACWMAWEPSLGAFYGPAAIIT
EAPFNLV,0,,...[FWY]..[LVI],PLREAPFNLVPHVDNIETANSFAVTNAFCSQYSRGVFAI
AAAFTLF,0,,...[FWY]..[WFY],PLRDAPGASVLQNEHSFPAQLRAAAFTLFLFTATWAFGA
KEEYGDI,0,,...[FWY]..[LVI],PLRAAPWGTRRLLNWIKEEYGDIPIYITENGVGLANPNT
TQEYDAI,0,,...[FWY]..[LVI],PLRAAQNSDKSYKAEYEEDKGKCYFPQTITQEYDAIKKL
ETVFVPV,0,,...[FWY]..[LVI],PLRADTRETETVFVPVIQAGMEALKAAECAGKLFLFHTS
IDYFEEI,0,,...[FWY]..[LVI],PLRKMLCFFKHDNVLSALDILQPPHIDYFEEIYVVTELI
TAVFMKY,0,,...[FWY]..[WFY],PLRTAVFMKYAENIMLKLTFVPHKFNSMKMSYF
AAVFWNV,0,,...[FWY]..[LVI],PLRAAVFWNVKDKTMKHVMKVLEKHEIQPYEIALVHWEN
MSCFQLF,0,,...[FWY]..[WFY],PLRTAVKKEMSCFQLFMCTFDLPAYTGNCSREGTIASLN
KFVFDVF,0,,...[FWY]..[WFY],PLRVAVKKVPYVDEEGNLVKPLKPNGIKMEKFVFDVFRF
AEEWLKV,0,,...[FWY]..[LVI],PLRTEVLVLALQSREQAEEWLKVIREVSKPVGGAEGVEV
VREYTKY,0,,...[FWY]..[WFY],PLRSAVYIYNCNSWVREYTKYHERLLTGLKGSKRLVFID
KTNFPVI,0,,...[FWY]..[LVI],PLRDAYKKTNFPVIQLIPNTPPTRQQVREKIEFCLKMLF
PNLYEKL,0,,...[FWY]..[LVI],PLRTCRPNLYEKLKDLQSRLSLCRKALTEYLETKRIAFP
CRVFQLI,0,,...[FWY]..[LVI],PLRSCRVFQLISLMDTGLPRCCNEKIELAILWFLDQFRK
KRSFSVY,0,,...[FWY]..[WFY],PLRAGSKYNIAITAVSGGKRSFSVYTNGSTVPSPVKDIG
TKVYKDL,0,,...[FWY]..[LVI],PLRDCTKVYKDLLENSMLCAGIPDSKKNACNGDSGGPLV
GLSFCDV,0,,...[FWY]..[LVI],PLRTCTPSAGLSFCDVTEIPCGDVYTVMVSLVAKTGLKL
KAQYVLL,0,,...[FWY]..[LVI],PLRAGTVFVIDEATGNIHVTESLDREEKAQYVLLAQAVD
CMFFEPL,0,,...[FWY]..[LVI],PLRNFSFDAHDPCVFHSSTVTGLLEHYKDPSSCMFFEPL
ILMYATV,0,,...[FWY]..[LVI],PLRSCVMGFILMYATVLCTQYNSALTPTIVGCIKNILIT
GIPWKKI,0,,...[FWY]..[LVI],PLRTCYMNAILQSLFSLQSFANDLLKQGIPWKKIPLNAL
PETYIQY,0,,...[FWY]..[WFY],PLRPETYIQYFKNHNVTTIIRLNKRMYDAKRFTDAGFDH
TTVFEDL,0,,...[FWY]..[LVI],PLRTDDHMALLLEEENAIFSGDCILGEGTTVFEDLYDYM
NSDYETY,0,,...[FWY]..[WFY],PLRAHTYHINSISINSDYETYLSADDLRINLWHLEITDR
SNVFDIL,0,,...[FWY]..[LVI],PLRPDCMASLIVARQGLGDMAVSNTIGSNVFDILVGLGV
DDEFENL,0,,...[FWY]..[LVI],PLRSDDEFENLRIKGPNAVQLVKTTPLKPSPLPVIPDTI
SFLFHAI,0,,...[FWY]..[LVI],PLRPDDHARKILLSRINNYTIPEEEIGSFLFHAINKPNA
KELFQEL,0,,...[FWY]..[LVI],PLRAFMETSAKLNHNVKELFQELLNLKKRRTVNLQIDGK
ASNFARW,0,,...[FWY]..[WFY],PLRASNFARWRYKVSVTLSGKKVTGHILVSLFGNKGNSK
SDLWMDY,0,,...[FWY]..[WFY],PLRSCNMANIREYYERALREFGSADSDLWMDYMKEELSH
GRPYSLL,0,,...[FWY]..[LVI],PLRTDFFSEAFEHNGRPYSLLVYIPSRVALILQNVDLPN
RDPYCAW,0,,...[FWY]..[WFY],PLRMANCSLYRSCGDCLLARDPYCAWSGSSCKHVSLYQP
GPGFARL,0,,...[FWY]..[LVI],PLRLADDCDDPLVSALPQASFSSSSELSSSHGPGFARLN
AGLFKIL,0,,...[FWY]..[LVI],PLRSCEIRDLLPVMCNRAGLFKILALSSMRKLN
SLSYGAI,0,,...[FWY]..[LVI],PLRAGELQKPFFWGTEYPRSLSYGAIGVIVGHEFTHGFD
NREFTYI,0,,...[FWY]..[LVI],PLRACESSSHICPYCNREFTYIGSLNKHAAFSCPKKPLS
RQRWGQY,0,,...[FWY]..[WFY],PLRRVVQVWFQNRRAKEKRLKKDAGRQRWGQYFRNMKRS
HTAFATF,0,,...[FWY]..[WFY],PLRSDKGRLKHTAFATFPNEKAAIKALTRLHQLKLLGHT
VSAFGQV,0,,...[FWY]..[LVI],PLRTDKGVSAFGQVISLDLRSQFPRGRDSEDFNVKEEAN
NNRWEDI,0,,...[FWY]..[LVI],PLRTDKLFKFRNNRWEDILSDEVNVARGVASLFAGRSVA
PSHFLDI,0,,...[FWY]..[LVI],PLRPCHQAGAQEAQPLQPSHFLDISEDWSLHTDDMIGSI
LNGYPFL,0,,...[FWY]..[LVI],PLRLMAAVMTSKWVGDAFGREGIYEAHIRLNGYPFLDAK
PGLYAMV,0,,...[FWY]..[LVI],PLRADCITPGLYAMVGAAACLGGVTRMTVSLVVIMFELT
LPGFYRL,0,,...[FWY]..[LVI],PLRACLPGFYRLRSQPGGRTPGPTLGTCVPCQCNGHSSL
RSVFIPY,0,,...[FWY]..[WFY],PLRALSEQANQRSVFIPYRESVLTWLLKESLGGNSKTAM
PATWDNF,0,,...[FWY]..[WFY],PLRDDRRVTPTCHSSTSEPRCSRFDPDGSGSPATWDNFG
ISEWGKI,0,,...[FWY]..[LVI],PLRAESLAVHNITVCEQKISEWGKIKECPIPQFAGNPPM
AVKFDDI,0,,...[FWY]..[LVI],PLRVDSNLANLIMNEIVDNGTAVKFDDIAGQDLAKQALQ
PLMFVNV,0,,...[FWY]..[LVI],PLRTDSQPTSVMLLDFIQHIMKSSPLMFVNVSGSHERKG
DAGFDVW,0,,...[FWY]..[WFY],PLRLLADSSNWVTNLANSSLGFILADAGFDVWMGNSRGN
NQFWKNL,0,,...[FWY]..[LVI],PLRAGKLNQFWKNLRESQQLRWDESWVQTVLPLVMDIQL
PFVFKLL,0,,...[FWY]..[LVI],PLRTDLPFFDTCVANLPYQISSPFVFKLLLHRPFFRCAI
SESFVVL,0,,...[FWY]..[LVI],PLRTDMKCQRGDLSFIFNGDAAPSESFVVLDNEQKVYQR
MVPFVFV,0,,...[FWY]..[LVI],PLRGDNENKLPREDGMVPFVFVGTKESIGNVQVLLEYHI
LRHWTGI,0,,...[FWY]..[LVI],PLRHWTGILREAFTDADNFGIQFPLDLDVKMKAVMIGAS
PEDFDYI,0,,...[FWY]..[LVI],PLRTDNIFAIKSWAKRKFGFEENKIDRTFGIPEDFDYID
EAHYNLL,0,,...[FWY]..[LVI],PLREDPLAILILFDEAHYNLLKGFYTAPDAKLITSASLL
PRPFFKF,0,,...[FWY]..[WFY],PLRPDPQAMFDIEYFRKDPRPFFKFAKEIYPGQFQPSLC
DPQFPKV,0,,...[FWY]..[LVI],PLREDPQFPKVQWPPRELCSACHNERLDVPVWDVEATLN
SYSFKIL,0,,...[FWY]..[LVI],PLRTDVDSYSFKILIFNMTMHVTCQGIEKLKGECDLRTL
AIAYTIL,0,,...[FWY]..[LVI],PLRDDVNTYNAAIAYTILSQDPELPDKNMFTINRNTGVI
EAMFALF,0,,...[FWY]..[WFY],PLRTEEAMFALFLQQCHFLRQAGHSEKAISLFQAMVDFT
DAHYSIL,0,,...[FWY]..[LVI],PLRTEEFLNAPLPSIKEIKTDAHYSILSLLLCLSDSPSN
LTRFPGL,0,,...[FWY]..[LVI],PLRSEELTRFPGLRGPTGQKVVRFGDEDLTWQDEHSAPF
LGHYIYI,0,,...[FWY]..[LVI],PLRAKENCGDGPDARIPEKRPYTVPFDTHLGHYIYIPSR
VDSYMAI,0,,...[FWY]..[LVI],PLRGKGCPYPAPLERQMETTQNLVDSYMAIVNKTVWDLM
VYNWRTV,0,,...[FWY]..[LVI],PLRTEEPVYNWRTVINSAADFYFEGNIHQSLQNITENQL
RWGFTKF,0,,...[FWY]..[WFY],PLRWGFTKFNADEFEDMVAEKWLIPDGCGVKYIPNRGPM
HQCWKAL,0,,...[FWY]..[LVI],PLRGEFKNKAFALEVIKSTHQCWKALLMKKCNGGAINCT
QGRYLQL,0,,...[FWY]..[LVI],PLRTEGAQDSGGRGTQGRYLQLRSAASLYLSGASPGFPE
HKLYSQL,0,,...[FWY]..[LVI],PLRSEGARDVDNLFFLQGFLKSRERSSHKLYSQLLHTQM
TCAYRLY,0,,...[FWY]..[WFY],PLRTEGINLVTAVLTNPVTAQMQIKEDRFWTCAYRLYYA
EGKYAAL,0,,...[FWY]..[LVI],PLRTEGKYAALEAQAIGLLLELLHSPMTIARLNATKALT
TPTYGDL,0,,...[FWY]..[LVI],PLRALYDICSRTLKLPTPTYGDLNHLVSATMSGVTTCL
TGGYATI,0,,...[FWY]..[LVI],PLRTEVPLLIRLYLADMTLSEVHVVMTGGYATIAGSLLD
CAEFFSI,0,,...[FWY]..[LVI],PLRDEATVKRLRREETHVCEKCCAEFFSISEFLEHKKNC
DEKYKKV,0,,...[FWY]..[LVI],PLRAEDVKKTLDGELDEKYKKVENLIAKKTEESADARRK
NWNYTPL,0,,...[FWY]..[LVI],PLRPNARDNWNYTPLHEAAIKGKIDVCIVLLQHGAEPTI
GFSFKVF,0,,...[FWY]..[WFY],PLRTECLCINPGSFPRSGFSFKVFYPSNKT
GISFITI,0,,...[FWY]..[LVI],PLRNPDVQSISEDARISGISFITIALSTVVNEAKLRLIS
NYIFTHI,0,,...[FWY]..[LVI],PLRSEDKNYIFTHIGNGSNYIKS
KVAFEFV,0,,...[FWY]..[LVI],PLRPEDKVAFEFVLEYMDRMVGCKDWLVENAPGDVVPIV
VIVFVSY,0,,...[FWY]..[WFY],PLRFDISSSLAGLIDGSFEIGNLLVIVFVSYFGSKLHRP
EHDFHEI,0,,...[FWY]..[LVI],PLRTEHDFHEIEGACKRGFQETLYVWNEPKWCIKGISLP
APSYPCL,0,,...[FWY]..[LVI],PLRVEHPLSGVQGETLTSWSLATAPSYPCLAGPCTFRIC
NIVYRDL,0,,...[FWY]..[LVI],PLRAEIASALGYLHSLNIVYRDLKPENILLDSQGHIVLT
LVKWYNV,0,,...[FWY]..[LVI],PLRPEIATSELVQTCLQAIKFILPKEIAVQMLVKWYNVH
ANDYRVV,0,,...[FWY]..[LVI],PLRAEVPSILMEYFANDYRVVNQFARHYQTGQPLPKNMV
LYIYDTV,0,,...[FWY]..[LVI],PLRMEISNLYIYDTVLLLANAFHKKLEDRKWHSMASLSC
VCEFRLY,0,,...[FWY]..[WFY],PLRTEKADHEEVCEFRLYSCPCPGTVCKWQGTMDAIMPH
MDDFSSL,0,,...[FWY]..[LVI],PLRAELEQIAFNPSLVYLMDDFSSLPALPQQLIQPLTTY
AVVYAEV,0,,...[FWY]..[LVI],PLRAELVKCLSSEETVGAVVYAEVGDSASMEQSLLTFKS
HQLWRRF,0,,...[FWY]..[WFY],PLRQELLSIYDCREMETNGPGHQLWRRFPEHVREILEPH
HQEYLKL,0,,...[FWY]..[LVI],PLRAEMTSKHQEYLKLETTWMTAVGLQRWQQKLHIKLA
VNVFGAI,0,,...[FWY]..[LVI],PLRAKNKVNVFGAIINMAASVSGVIGGLKFSRTYYVKGI
RENWLKI,0,,...[FWY]..[LVI],PLRENWLKIQPTTPSEPTAIKSQLKICKDEVNRLSGLQP
CHLYLMV,0,,...[FWY]..[LVI],PLRTESISEFILRRLTMNELNSVSDLDRCHLYLMVLTEL
GPLFTEL,0,,...[FWY]..[LVI],PLRSESVGSDAPCVVKVEPSDNGPLFTELKFYQRAAKPE
RDAFREF,0,,...[FWY]..[WFY],PLRLMGPKLLAETADMIGVKELRDAFREFDTNGDGEIST
DITFSTL,0,,...[FWY]..[LVI],PLRTETIAKLIKYVFDNRETEDITFSTLVERVIQQLEGA
ILDYINV,0,,...[FWY]..[LVI],PLRTETPRPRFSRHSTILDYINVVPTAGPLAQKRNQKAT
QEHFEIY,0,,...[FWY]..[WFY],PLRSETSEDDDSLKCMGYCPQINPLWPDTTLQEHFEIYG
HLAFQDV,0,,...[FWY]..[LVI],PLRTEVREIGPLSRRGFHLAFQDVGACVALVSARYYKQ
QELFQDV,0,,...[FWY]..[LVI],PLRSEVSHLLSHCTFRLPCRRFIQELFQDVQFLQMHEEA
GLGFNGF,0,,...[FWY]..[WFY],PLRTEGVCILTGLGFNGFEEKGKAKWDACANMKVWLFET
AHSFCSY,0,,...[FWY]..[WFY],PLRSEYFIEAVTLNCAHSFCSYCINEWMKRKIECPICRK
RTEYFTL,0,,...[FWY]..[LVI],PLRTEYFTLDVKRNDEEIKSLGLVLKKNLNREDTPKHYL
LMSWRFI,0,,...[FWY]..[LVI],PLRPEYLTKLKPILTKYSARDLQNLMSWRFIMDLVSSLS
HRHWHVV,0,,...[FWY]..[LVI],PLRPFADGGLESQGLSTLLGHRHWHVVQISSTYLESNWP
DGRWHHL,0,,...[FWY]..[LVI],PLRAFDLDMHDGRWHHLALELRGRTVTLVTACGQRRVPA
KDLFKFL,0,,...[FWY]..[LVI],PLRAFANAARIAIMKEKDLFKFLEELKRCNSGSDSPYSK
CTKWILV,0,,...[FWY]..[LVI],PLRPFAPCLEELSFSYSSSLSCPTGTSNSTCTKWILVSL
NTCFNDV,0,,...[FWY]..[LVI],PLRALASLGGPIYAIGGLDDNTCFNDVERYDIESDQWST
LRVFDPI,0,,...[FWY]..[LVI],PLRVFDPISSRKRSSISKQNLFQTGSNVSFSCGGETRVP
TGMYLRI,0,,...[FWY]..[LVI],PLRTGITPFEFENMAESTGMYLRIRSLLKNSPRNQRKT
VAIFIAF,0,,...[FWY]..[WFY],PLRALEKSYDISPGLVAIFIAFYGDRKKVIWLVASSFLI
VNLYKSL,0,,...[FWY]..[LVI],PLRTKSVEQEVVQSQLNHCVNLYKSLSEVKSEVEMVIKT
VRRYLQL,0,,...[FWY]..[LVI],PLRNRQPKDANVRRYLQLTQSELSSYHRKEKQLYLGMFG
EQVFLEL,0,,...[FWY]..[LVI],PLREEYSLSQSTLEQVFLELSKEQELGAFEEDFDPSVKW
LRAFFLI,0,,...[FWY]..[LVI],PLRAFFLITYTFHSTWVTSEAYSSPSIVLSARGGDGSRI
GDQFVFY,0,,...[FWY]..[WFY],PLRSFFQTKALDVSASDDEIARLKKPDQAIKGDQFVFYE
NITFTKV,0,,...[FWY]..[LVI],PLRPFGDSRMYNITFTKVLSVCVWVIMAVLSLPNIILTN
GKSFHRI,0,,...[FWY]..[LVI],PLREWTVEDKVLFEQAFSFHGKSFHRIQQMLPDKTIASL
PDIFSAL,0,,...[FWY]..[LVI],PLRAFGNGAPDIFSALVAFSDPHTAGLALGALFGAGVLV
DASYSLI,0,,...[FWY]..[LVI],PLRSFGINDKFTLNKDDASYSLILEVQLQLIMS
PGVYILL,0,,...[FWY]..[LVI],PLRSFGLENKCGDPRGPGVYILLSKKHLNWIIMTIKGAV
SREYNEL,0,,...[FWY]..[LVI],PLRDFGVSVSNTISREYNELLMAISDSDYYTDDINRACL
SGDFGNL,0,,...[FWY]..[LVI],PLRAFLQDEVSGSVMSVYSGDFGNLEVKGNIQFAIEYVE
IGPFEIL,0,,...[FWY]..[LVI],PLRTFHYMLTIPTAASNISLAIGPFEILVDPYMHEVTHF
LAKFSPY,0,,...[FWY]..[WFY],PLRDSIEDLEVTCTWKLPTLAKFSPYLGQMINLRRLLLS
RHSWRRW,0,,...[FWY]..[WFY],PLRGGIGRAGRPRSSTSQSCCPTCTRVGTSRHSWRRWQS
QMGYNCF,0,,...[FWY]..[WFY],PLRKQRIACQQMGYNCFSLENQETPSQQVGSMCSSLEKQ
AKGYSGI,0,,...[FWY]..[LVI],PLRPERCRMLLALRINVLAKGYSGISLETLKQVIEMFNA
DLKFSNV,0,,...[FWY]..[LVI],PLRAEWHCSLRDLKFSNVDVLQQTPPCSAEVPSDPDKAD
QEFYEPV,0,,...[FWY]..[LVI],PLRTDPQGEPDKRQEFYEPVRTQSIPHPDLRTNAPLLAV
RGKYLSL,0,,...[FWY]..[LVI],PLRMERSLSSYRGKYLSLLQLIRCFSVRRKSCKVF
SSFYVKI,0,,...[FWY]..[LVI],PLRPNCCIKRNPQLRELNAIITKRILRMLLSSFYVKIFP
HLTYNDF,0,,...[FWY]..[WFY],PLRPEQFLYGTATKHLTYNDFINKELILFSNSDNERSIP
NGSFTRV,0,,...[FWY]..[LVI],PLRTFIVGAQMNVKELRSTLLPLSASHLKNNGSFTRVV
IRTFIRV,0,,...[FWY]..[LVI],PLRCNDCGKTFSRSFSLKLIRTFIRVRSLLNAVIVV
EDGYFRI,0,,...[FWY]..[LVI],PLRPFKSEGLEISKETKDKRLEDGYFRIGKFENGVAEGM
HAIFLLV,0,,...[FWY]..[LVI],PLRAFLFSLESQTTIGYGVRSITEECPHAIFLLVAQLVI
QETFLNI,0,,...[FWY]..[LVI],PLRPFLGNDKQETFLNISQMHLSYSE
ALGYSEL,0,,...[FWY]..[LVI],PLRVSLIANALGYSELGAIKSLRTLRALRPLRALSRFEG
TRVFRLL,0,,...[FWY]..[LVI],PLRAFWKHGMQGKSFKSDEVTQEISDETRVFRLLGSDRV
LRDFLKW,0,,...[FWY]..[WFY],PLRDFLKWEVTDHSLHGLPPWLQREADPLQGLHGAKPCA
GTPFLVI,0,,...[FWY]..[LVI],PLRSFLRKLKADKEFRQKVMLGTPFLVIWLVGFIADLNI
PLRFECL,0,,...[FWY]..[LVI],PLRFECLECGKAFTHSSSLNNHMRTHSAKKPFTCMECGK
LRAFMAL,0,,...[FWY]..[LVI],PLRAFMALNLGVTSCQSLEISLDQFVRGEVLEGSNAYYC
VLPFLAL,0,,...[FWY]..[LVI],PLRSFNAATTQVLPFLALGVGVDDVFLLAHAFSETGQNK
ETVFGML,0,,...[FWY]..[LVI],PLRTFPDNVEHCETVFGMLLGDTIILDNLDAANHYRKEV
LRTFPFL,0,,...[FWY]..[LVI],PLRTFPFLDKMPEANQLHLPNLNSQVDSPSSEKSLLRH
LRAFPLL,0,,...[FWY]..[LVI],PLRAFPLLMTLFELARNRTCSRSCARRAWPPQPASGP
QHPWRGF,0,,...[FWY]..[WFY],PLRAIPQYLWTCTQEYVQSQDYSSGPMRPFAQHPWRGFA
GKAFIRV,0,,...[FWY]..[LVI],PLRIQHQRIHTGDKPYECKECGKAFIRVSQLTHHQRIHT
LRTFSRI,0,,...[FWY]..[LVI],PLRTFSRIGSSMKSVGEVMAIGRTFEESFQKALRMCHPS
PLRFIIV,0,,...[FWY]..[LVI],PLRFIIVRRGRWDFGRSAAATASGGLIFIFALRWLKAFI
LGGWNGI,0,,...[FWY]..[LVI],PLRFTSDNGGHLEPLDGAVQLGGWNGIYKGGKGMGGWEG
KNDYPEL,0,,...[FWY]..[LVI],PLRSFWIKAKNDYPELAEIALKLLLLFPSTYLCETVSL
KQCFSCL,0,,...[FWY]..[LVI],PLRTGCAKCGLELETDENRIYKQCFSCLPLTMKKIYYRP
GRIWERL,0,,...[FWY]..[LVI],PLRAGGRIWERLFHGPTSSLIPRRSVKLKMPTAFVSGPR
DPKFHPL,0,,...[FWY]..[LVI],PLRAGSVESPSVSSTHRVSDPKFHPLHSKIIIIKKGHAK
CKSFKWF,0,,...[FWY]..[WFY],PLRAGDVAVQKKLRSSLNCKSFKWFMTKIAWDLPKFYPP
SRSFQSL,0,,...[FWY]..[LVI],PLRTGEAAISRSFQSLACSPGLPAADRLSYSGRPGSRQA
KRLFEIL,0,,...[FWY]..[LVI],PLRTGEKNLPCANVRQIILWVEDPAKKKRLFEILNDKKL
SKSYLII,0,,...[FWY]..[LVI],PLRECGKAFSSKSYLIIHMRTHSGEKPYECNECGKAFIW
QLEFGPF,0,,...[FWY]..[WFY],PLRPGEMQLEFGPFSVSCEAEKRKSDYIIRTLKVKFNSK
TIQFVDW,0,,...[FWY]..[WFY],PLRRGDVVPKDVNAAIATIKTKRTIQFVDWCPTGFKVGI
GFMYKNL,0,,...[FWY]..[LVI],PLRPGFMYKNLQCLVIDEADRILDVGFEEELKQIIKLLP
GLAFGAF,0,,...[FWY]..[WFY],PLRTGGGGGSSTGLAFGAFTNPFTAPAVQSPLPSTNPFQ
LEGYRKY,0,,...[FWY]..[WFY],PLRAFQKEITMLPLVVVLTIIAIKDGLEGYRKYKIDKQI
TSRYIHF,0,,...[FWY]..[WFY],PLRPFQEEIVAAGAMGSSHGGPGDSSEEESSPTSRYIHF
TFEYQGL,0,,...[FWY]..[LVI],PLRTFQKRQKLTSEGAAKLLLDTFEYQGLVKHTGGCHCG
KRAYREL,0,,...[FWY]..[LVI],PLRPFQSEIFAKRAYRELLLLKHMQHENVIGLLDVFTPA
QESFQVW,0,,...[FWY]..[WFY],PLRIESQGELILQESFQVWDPKTLIRKGRERHLFLFEMS
AELWKVL,0,,...[FWY]..[LVI],PLRPGGSSEQEQMEQAIRAELWKVLDVSDLESVTSKEIR
PMCYRWL,0,,...[FWY]..[LVI],PLRAGHCPHLVESVPCEDPMCYRWLASEGICFPDHGKCG
EKVYEQV,0,,...[FWY]..[LVI],PLRAGMASIILKPNTSLDLEKVYEQVVTFLPAYACPHFL
RLIFTAI,0,,...[FWY]..[LVI],PLRRTSPQPESGIKRLIFTAIMPMVAAGLIIDDPTLQPV
ALKYQSL,0,,...[FWY]..[LVI],PLRTGIPTLDNLQKGVQFALKYQSLGQCVYVHCKAGRSR
SGNFTYI,0,,...[FWY]..[LVI],PLREGIVKKHKPEIKGNMSGNFTYIIDKLIPNTNYCVSV
SKYYWDV,0,,...[FWY]..[LVI],PLRSSKYYWDVHVGDTWNWAFGVCNKYWKGKNQNGNIYG
ILVWKEL,0,,...[FWY]..[LVI],PLRDGKILVWKELDYGSMTEAEKQMLVSEVNLLRELKHP
RTRFENL,0,,...[FWY]..[LVI],PLRDGKLSSINNMGLNSCRNEKERTRFENLGPQLTGKSN
HMMYTQV,0,,...[FWY]..[LVI],PLRLLGMVAHMMYTQVFQVTVSLGPEDWRPHSWDYGWSF
KSVYEKL,0,,...[FWY]..[LVI],PLRVGNEYVTKGQTVDQVHHAVNALSKSVYEKLFLWMVT
TGNFASF,0,,...[FWY]..[WFY],PLRTGNFASFCWDHRPVQIITSNNYRESLPCTICLEFIE
KFGFSNI,0,,...[FWY]..[LVI],PLRTGNGVFLVELAKFGFSNITGIDYSPSAIQLSGSIIE
IRDWVEI,0,,...[FWY]..[LVI],PLRPGNQRGIFLVRESETTKGAYSLSIRDWVEIRGDNVK
TGNYIAV,0,,...[FWY]..[LVI],PLRTGNYIAVGNMTPVIEVWDLDIVDSLEPVFTLGSKLS
PVSFTDL,0,,...[FWY]..[LVI],PLRAGPASKIIILKRTSLPTVSPSNERAYLLPVSFTDLA
MSAFTRV,0,,...[FWY]..[LVI],PLRTGPQGAAELAAHSSLLGGPQGPGGMSAFTRVNLSPN
ELNFSHL,0,,...[FWY]..[LVI],PLRDGPMEGDSCPTGNSMKELNFSHLPSNSVSPGDCLLT
VILYILL,0,,...[FWY]..[LVI],PLRAGTPGYLSPEVLRKEAYGKPVDIWACGVILYILLVG
PQGFPGL,0,,...[FWY]..[LVI],PLRPGPQGFPGLPGLPGEAGIPGRPDSAPGKPGKPGSPG
PTSWPLL,0,,...[FWY]..[LVI],PLRPGPTSWPLLGSLLQFLWKGGLKKQHHTLVEYHKKYG
RLTWWAV,0,,...[FWY]..[LVI],PLRAGQVVRLTWWAVSVTPCTTPSLSSCSSCSFMMNKL
TIKYLDF,0,,...[FWY]..[WFY],PLRTGSCRSHTALLRLNSSTIKYLDFVFAVKNENRFYLK
IETYTGL,0,,...[FWY]..[LVI],PLRMVLTEPILIETYTGLMSFIGNRNKLGYSLARGSIGS
GIVFGIV,0,,...[FWY]..[LVI],PLRSGTAIAGIVFGIVFIMGVIAGLPFTSACDEEPPCD
PRGFPPY,0,,...[FWY]..[WFY],PLRPPPAPFAMRNVYPPRGFPPYLPPRPDFFPPPPHSEG
SENFLGI,0,,...[FWY]..[LVI],PLREGTPLNNSNSSLLLMNGPGSLFASENFLGISSQPRN
QCPWALV,0,,...[FWY]..[LVI],PLRPGVDGSQCPWALVSVFPATARSGFSTSWLSGPECTP
GRSFQSF,0,,...[FWY]..[WFY],PLRTGVELPNSLKDHPFLVSSCLGCETWSQGRSFQSFNI
ELGFTHV,0,,...[FWY]..[LVI],PLRVGVLARELGFTHVSLSSEAMPMVRIVPRGHTACADA
LSGFVPL,0,,...[FWY]..[LVI],PLRSEVPLYKDPDDDLTLLILEEDRLLSGFVPLLAAPQD
ILLYGDL,0,,...[FWY]..[LVI],PLRTGVQILLYGDLPKNKENIII
TGLFCSL,0,,...[FWY]..[LVI],PLRTIKITHKNQAPMLMGPPPKTGLFCSLVKRTRNRSKE
SKSWITF,0,,...[FWY]..[WFY],PLRTGSGELWWQAERASSSKSWITFDLKNKEVSVKRVTQ
QSIFRVY,0,,...[FWY]..[WFY],PLRAGSLGINLVAANRVIIFDASWNPSYDIQSIFRVYRF
TTNYQWL,0,,...[FWY]..[LVI],PLRESVNSVIAQAPPVAQEALKKELETLTTNYQWLCTRL
KKVFAKW,0,,...[FWY]..[WFY],PLRECDEYFLHEHAPYGGHRFITEKKVFAKWAKKHRIIF
ANLYVVV,0,,...[FWY]..[LVI],PLRANLYVVVPPTLNPVIYGVRTKHIRETVLRIFFKTDH
LSQFSTL,0,,...[FWY]..[LVI],PLREHCSKCLAEQMILEEFGRCLSQFSTLSLNLRV
IGGFQCV,0,,...[FWY]..[LVI],PLRHAVHEDAPDKVAEAVATFLIRHRFAEPIGGFQCVFP
IVNYEPL,0,,...[FWY]..[LVI],PLRKNIFGTPEFVAPEIVNYEPLGLEADMWSIGVITYIL
EWSWKNL,0,,...[FWY]..[LVI],PLRTHLDYVDTERIMTEKLHNQVNGTEWSWKNLNTLCWA
ISRFPKW,0,,...[FWY]..[WFY],PLRPHLLFLCSQETGGAGASISRFPKWLCGRDSSRPAAM
VPLYDLL,0,,...[FWY]..[LVI],PLREHLYSMKCKNVVPLYDLLLEMLDAHRLHAPTSRGGA
HNAFGRI,0,,...[FWY]..[LVI],PLRDHTFCVEHNAFGRILQHELKPNGRNVPVTEENKKEY
HQNFSIV,0,,...[FWY]..[LVI],PLRANSTGSREATDFAASHQNFSIVEFIRNKGFYLNNST
KERFVKL,0,,...[FWY]..[LVI],PLRSASDRFAASNFGKERFVKLLDQLHNSLRIDLSTYRN
SGGFFGI,0,,...[FWY]..[LVI],PLRPEDQDEGEWGLDQEQVFSLGDGVSGGFFGIRDSSFL
KKSYKSF,0,,...[FWY]..[WFY],PLRHHYNMSTSLNPMRKKSYKSFEKCLPPNLDLLKYNRS
KQTYHPV,0,,...[FWY]..[LVI],PLRDHRGLKFGLMQLDKQTYHPVGAWNSKEHLSQATGIL
RTIFLQV,0,,...[FWY]..[LVI],PLRTIFLQVVDRLEEVDNTVTLIILAVVGGVIGLLILIL
GPRFKLL,0,,...[FWY]..[LVI],PLRAIGPRFKLLTLGLSLLHADVVPNATIRNVLREKIYS
TCTFHIY,0,,...[FWY]..[WFY],PLRAIGTHGANIQQARKVPGVTAIDLDEDTCTFHIYGED
RDIFGVI,0,,...[FWY]..[LVI],PLRAIALILLVLVNVLVICVPTIRDIFGVIGSTSAPSLI
IDFWLKV,0,,...[FWY]..[LVI],PLRTICKTIDFWLKVGISAGTCTAILLTVLTCYFWKKNH
VEVFMQL,0,,...[FWY]..[LVI],PLRAIDELKECFLNQTDETLSNVEVFMQLIYDSSLCDLF
NQQYLNL,0,,...[FWY]..[LVI],PLRAIDFLMDRNNVVPRINTLILRTNQQYLNLISTSVTA
LDVFSLL,0,,...[FWY]..[LVI],PLRAKDPDAANSPIRYSIDRHTDLDVFSLLIQRMVLLK
SLRFLQI,0,,...[FWY]..[LVI],PLRVIDTIVLIASIAVVSAKTQGNIFATSALRSLRFLQI
RAAFTAF,0,,...[FWY]..[WFY],PLRTIEDAIAVLSVAEEAADRHPERRMRAAFTAFEEAQL
REHFDKL,0,,...[FWY]..[LVI],PLREHFDKLLVEDINKDKNLVPEDEANIGASAWICGIIS
RYGYEYL,0,,...[FWY]..[LVI],PLRNHLETKMINAGLRYGYEYLGNSPRLVITPLTDRCYR
RTHFRGV,0,,...[FWY]..[LVI],PLRTHFRGVSLNLTRKLAQQLCTALLFLATPELSILHCD
ITPFPII,0,,...[FWY]..[LVI],PLRTHITPFPIIIIQEESLIYLLQPGKHRLHVDTGMEGD
SPQFFSL,0,,...[FWY]..[LVI],PLRTIIKHCSPQFFSLGLPGATMLIMDFIVAAGRVASSA
QVLFVFL,0,,...[FWY]..[LVI],PLRYIGDIKKRIIHQSLQILQAKLKQARQVLFVFLRDLE
TPMYFLL,0,,...[FWY]..[LVI],PLRLFLSMYLATMLGNLLIILAVNSDSHLHTPMYFLLSI
SPSYVPL,0,,...[FWY]..[LVI],PLRLAVRGDASRDMKQTIMETLEQGPAQASPSYVPLFKD
VPIFVAL,0,,...[FWY]..[LVI],PLRTINAEELLLSNAVAVTFSERLLGNFSLAVPIFVALS
TNIFRNL,0,,...[FWY]..[LVI],PLRDIPFLSPTFNPQEVFIRSTNIFRNLESTRCLLAGLF
DALFTVV,0,,...[FWY]..[LVI],PLREIPHIVVTHCLLNPPALVIKTLPTKLRDALFTVVRV
EPMYYFL,0,,...[FWY]..[LVI],PLRPICLMYLLAIMGNCTILFIIKTEPSLHEPMYYFLAM
IPIYPVL,0,,...[FWY]..[LVI],PLRDIPIYPVLPHVQKSEEMWIEQGKLEWKNQLKLVINE
NSTFSEI,0,,...[FWY]..[LVI],PLRATQKTYGLALAKLGRANERVIVLSGDTMNSTFSEIF
LKIFCRI,0,,...[FWY]..[LVI],PLRSISDLEMRQALKTVDIDAFQDALKIFCRIKGGRVST
RRCYDWI,0,,...[FWY]..[LVI],PLRAMSLFLPCLLCYPPAKGCLKLCRRCYDWIHRPGCRC
VDNFQLV,0,,...[FWY]..[LVI],PLRTISLVPPTLLMTWKGHLNSVADILYVDNFQLVISAG
KQLFSTL,0,,...[FWY]..[LVI],PLRLVFDHDGKIIQKTPYPHPRGTTVSVKQLFSTLPVHH
MPKFNKI,0,,...[FWY]..[LVI],PLRDITVDKNMPKFNKILFYLQPHASSGAKTLKKDRLSA
PVSYYVI,0,,...[FWY]..[LVI],PLRTITWDSGNPDPVSYYVIEYKSKSQDGPYQIKEDITT
NVSFDRV,0,,...[FWY]..[LVI],PLRDIGNVSFDRVSDINFTLNTNESGNIALFEACCKERI
AAQFGEV,0,,...[FWY]..[LVI],PLRANVLPIVQINGNAAQFGEVYELKEDIGVGSYSVCKR
AKCYGDL,0,,...[FWY]..[LVI],PLRAKCYGDLVQELWSGTQKNVAPLKLRWTIAKYAPRFN
VHRFPTV,0,,...[FWY]..[LVI],PLRAKCVLTHSPTWIIDPIDGTCNFVHRFPTVAVSIGFA
LSLWARL,0,,...[FWY]..[LVI],PLRENEGVQLWPSQSSGGDETHLPLSLWARLMPGASVDR
GSSFQTV,0,,...[FWY]..[LVI],PLRKGGKKKGSSFQTVSALFRENLNKLMTNLRSTHPHSV
LPAWGLV,0,,...[FWY]..[LVI],PLRGSSLWGGEVPGQRQLPAWGLVTTAPPRAVLFLASCL
LWIFGFL,0,,...[FWY]..[LVI],PLRTKFKRTSIDRLMNTLVLWIFGFLICLGIILAIGNSI
EDGYEFF,0,,...[FWY]..[WFY],PLRKFLNRHDLDLICRAHQVVEDGYEFFAKRQLVTLFSA
LTSYRDF,0,,...[FWY]..[WFY],PLRPKFRLHSATLAPIGSRGPQLLLRLGLTSYRDFLGTN
NFVFTGF,0,,...[FWY]..[WFY],PLRTKGGDINFVFTGFSVNGKVLSKGQPLGPAGVQVSLR
GGTFARL,0,,...[FWY]..[LVI],PLRLGCVCVNPGRLTKGQVGGTFARLYLRRPAADGAERQ
SENYILL,0,,...[FWY]..[LVI],PLRAIVTLTPMEQQDEYSENYILLLPLLGKPHLWLLPR
TGNFSQL,0,,...[FWY]..[LVI],PLRTIVRNFSTGNFSQLLTTETLLLKSGQEFCKMRKINF
LGRWDLF,0,,...[FWY]..[WFY],PLRPIYPTGLGRWDLFREDLVRSAAQWPWKKKNSTAYFR
AKDFSAI,0,,...[FWY]..[LVI],PLRAKDFSAISLACTKLTEDNKKLEIDINKITEKTNESI
SCIFMCV,0,,...[FWY]..[LVI],PLRKKAFSTCSSHMIVVSVSYGSCIFMCVKTSAKEVWL
PLRYTVL,0,,...[FWY]..[LVI],PLRYTVLPPFLNPIIYSLRNKEIKTAMCVSL
NEAYNYY,0,,...[FWY]..[WFY],PLRAKKDYNEAYNYYTKAIDMCPKNASYYGNRAATLMMH
LSRYLDL,0,,...[FWY]..[LVI],PLRAQEKEKLLYGLASVKNVTLLSRYLDLLKDTNLIKTH
PMVYPEI,0,,...[FWY]..[LVI],PLRAKNPMVYPEIGTGLPHLEPLGPQRVACCPGLRGILL
LNEYILL,0,,...[FWY]..[LVI],PLRAKKQQIRALPETETQLLLLPLNEYILLPRVKLIPVI
LQVYNMV,0,,...[FWY]..[LVI],PLRAKLSDFLYQTGDRITWDKSLQVYNMVHRIDSDTFIC
LRSFILI,0,,...[FWY]..[LVI],PLRSFILILGNSKLKQTFVVMLRCESGHLKPGSKGPIFS
PPHYPTL,0,,...[FWY]..[LVI],PLRNKMKDQLLPEKGCGLAPPHYPTLLTVPASVSLPSGI
NKLFSAI,0,,...[FWY]..[LVI],PLRAKNKAINILKQVNMNKLFSAILRLLACALQRRMLP
HRLFILV,0,,...[FWY]..[LVI],PLRKAFNCSSTLKTHRLFILVRNRTHVKNVAVPLTAPQ
LEFWNQI,0,,...[FWY]..[LVI],PLRSKASPRIQELANPNKRGVIPHSSFELEFWNQIEPEV
TQIYQRL,0,,...[FWY]..[LVI],PLRHLHEGAKSASAEELRRQAQELEENLMELTQIYQRLN
CSHFSSV,0,,...[FWY]..[LVI],PLRVKSCSFTAACCSHFSSVLAQNRFLLELQISNNRLED
EAGFHHI,0,,...[FWY]..[LVI],PLRPKSKALEAVKLAIEAGFHHIDSAHVYNNEEQVGLAI
AEGFTDI,0,,...[FWY]..[LVI],PLRDKSTMDAISAEGFTDIDIDTLCAVLERDTLSIRESR
EDGWMWV,0,,...[FWY]..[LVI],PLRTKVPDTDEISFLKGDMFIVHNELEDGWMWVTNLRTD
VTRYLCF,0,,...[FWY]..[WFY],PLRSKVTRYLCFTRSFSKENSHLGNVLVDMKLIDIKDTL
RVVWILI,0,,...[FWY]..[LVI],PLRSKVVQVCCLRRVVWILIQVKWLS
AEGFADF,0,,...[FWY]..[WFY],PLRTLDPFGSGSFNSAEGFADFSQMSKPPPSGPFTSSLG
RSYFNMI,0,,...[FWY]..[LVI],PLRWDLARGVKIRSYFNMIEGQGHGAVFDCKCSPDGQHF
LPLFRVL,0,,...[FWY]..[LVI],PLRALKRLALRRLAVRPQPLPLFRVLSRKLKHHKQVR
TDNYSDL,0,,...[FWY]..[LVI],PLRHTTALECKTLLPNEIAIRPMDKTVLFTDNYSDLEVT
LQLFNII,0,,...[FWY]..[LVI],PLRTLEFIGKKSMSPKCVTLKAKQLRILQLFNIIRYSTE
NSKWNIL,0,,...[FWY]..[LVI],PLRPTETTMLTNILLRTCPQDHKLNSKWNILCEKIKGIM
VECWKKY,0,,...[FWY]..[WFY],PLRTLEKYKNKRVELIEYQSNIKEDPSAAEAVECWKKYY
IELYSQY,0,,...[FWY]..[WFY],PLREPLWVEGAGHNDIELYSQYLERLRRFISQELPSQRA
IEKYDLV,0,,...[FWY]..[LVI],PLRTLFAVGGMDSTKGATSIEKYDLVQICGLQ
EESWEKL,0,,...[FWY]..[LVI],PLRPKYEWEESWEKLNQTLPMAIKEKIQQRLPLSLTLRS
ANYFGPI,0,,...[FWY]..[LVI],PLRANYFGPITLTKALLPNMISRRTGQIVLVNNIQGKFG
GEDYPGW,0,,...[FWY]..[WFY],PLRTLAADVGILSRNIKIVGEDYPGWSEDSFGARVLVGS
NSRYAHI,0,,...[FWY]..[LVI],PLRDLADFEKNSRYAHIRISKLVMKRISTS
DFFYRCF,0,,...[FWY]..[WFY],PLRSLALALNGVCTNTIKLIVGRPRPDFFYRCFPDGVMN
HHLYEII,0,,...[FWY]..[LVI],PLRELFHVCEDLENIEGLHHLYEIIKGIFLLNRTALFEV
MYDYHVL,0,,...[FWY]..[LVI],PLRSLFMFGSHNKKRPNNLVIGRMYDYHVLDMIELGIEN
ASGWPPV,0,,...[FWY]..[LVI],PLRGLFTRNRCLDGAIQAFASGWPPVLLDQLNPQGDPEH
TANYTCV,0,,...[FWY]..[LVI],PLRDLGDTANYTCVASNIAGKTTREFILTVMFLQTLRG
KRAYGVV,0,,...[FWY]..[LVI],PLRPLGCTGARQVITLLNELKRRGKRAYGVVSICIGTGM
VQGFPTI,0,,...[FWY]..[LVI],PLRSLGGQYGVQGFPTIKIFGSNKNRPEDYQGGRTGEAI
TGYYMGF,0,,...[FWY]..[WFY],PLRALGSMLISWYMSGYHTGYYMGFRQNQKEGRCSHSLN
RGSWGTV,0,,...[FWY]..[LVI],PLRALRLVNGGDRCRGRVEVLYRGSWGTVCDDYWDTNDA
GHIYDTI,0,,...[FWY]..[LVI],PLRALHVRALALVEERVENGHIYDTIVNVKETRLTSLGA
ALPWLAL,0,,...[FWY]..[LVI],PLRTLICSRSLQALEELLSACGGDFCSALPWLALLSANF
TVIFPLL,0,,...[FWY]..[LVI],PLRTVIFPLLNPIIYTLRNKEVKAAIRKVVTKYILCEEK
NAAWERL,0,,...[FWY]..[LVI],PLRPLIQSKQNEVNAAWERLRGLALQRQKALSNAANLQR
KKNFEWV,0,,...[FWY]..[LVI],PLRDLKEVTPEGLQMVKKNFEWVAERVELLLKSESQCRV
REEFRYI,0,,...[FWY]..[LVI],PLRSLKKALLIISTKPDGPITREEFRYILNCMAVKLSDS
QIHFAAV,0,,...[FWY]..[LVI],PLRNLKQIHFAAVSCGLNKPGTENADVQKPRRSLEVIPE
ALKYSDI,0,,...[FWY]..[LVI],PLRSNSKIYFGSNIPNMFVDSSCALKYSDIRTGRESSLP
AFVWREL,0,,...[FWY]..[LVI],PLRALRAMHVLKSLEHATAAFVWRELGKLREEKVLAPR
SPAFLAV,0,,...[FWY]..[LVI],PLRTLLARAARRICSAQNLEHSSPAFLAVPAGSKISNSS
VLAWDTF,0,,...[FWY]..[WFY],PLRGALLFTLSDGVLAWDTFAQPLPHARLVIMTTHYAAQ
NLTYTWY,0,,...[FWY]..[WFY],PLRALLTCRAEAYPGNLTYTWYWQDENVYFQNDLKLRVR
VKLWGVI,0,,...[FWY]..[LVI],PLRTLLNVIIVFEGEKEFDQNVKLWGVIDVKRSYVTMTA
TKHYPFI,0,,...[FWY]..[LVI],PLRALLTLRPGVSLTGTKHYPFICTASFHTSAPLAKEDY
QIIFEAI,0,,...[FWY]..[LVI],PLRSLLWRRRGEQSISWLRALIEYSCERQHQIIFEAIRG
VPVFKAI,0,,...[FWY]..[LVI],PLRLMDVPVFKAIQPDELSSCGWDKKEKYSSAPNAVAFT
LSLFLGF,0,,...[FWY]..[WFY],PLRPLMKISHGGTLLLSLFLGFLQ
RRYYYSI,0,,...[FWY]..[LVI],PLRTLNADLMTLSHREPKELDPIVTRRYYYSIKDISVGG
LNSFSKI,0,,...[FWY]..[LVI],PLRTLNSFSKIRKEILKTPDSSKEKVTCNVSKKHLIQL
KVPWLYV,0,,...[FWY]..[LVI],PLRNLNVMPVLDQSVLCHINADISGMKVPWLYVGMVFSE
KSRFALF,0,,...[FWY]..[WFY],PLRPNGDRGRRKSRFALFKRPKANGVKPSTVHIACTPQA
EAGFNFV,0,,...[FWY]..[LVI],PLRTLPDIISKKEEMYLNEAGFNFVRNCIQAVETSGITI
PPVWSVL,0,,...[FWY]..[LVI],PLRSLPGQLLRSHHKLKSRPPVWSVLSSPPSPPQSSSW
SVGFKDL,0,,...[FWY]..[LVI],PLRTLPPPDPNPPRAEFNYSVGFKDLNESLNALEDQDLD
IIQYKIW,0,,...[FWY]..[WFY],PLRTLPPTSSFPPHVGIIGTIIQYKIWGGDTAKPYQRMS
SASFLGV,0,,...[FWY]..[LVI],PLRAPLPVPSLGMSASFLGVECTSFPNRPSVWNAPLLTP
RGTYECI,0,,...[FWY]..[LVI],PLRPLQFTNSKLFLFSNGTLYIRNLASSDRGTYECIAT
LDTFKEL,0,,...[FWY]..[LVI],PLRTLQFVETLVNLVKKKGSKQQCLMALDTFKELLITDL
KCYWKSY,0,,...[FWY]..[WFY],PLRELQGFWDKEVLRAENDAQKPSLTRAIIKCYWKSYLV
TEGYWKY,0,,...[FWY]..[WFY],PLRMQEDNSTEGYWKYGYDGQVLQDTIYSSEVSSLGIKF
SNTFAKL,0,,...[FWY]..[LVI],PLRALRAVRQRSEFTLMAKRIGKDLSNTFAKLEKLTILA
PILYQFY,0,,...[FWY]..[WFY],PLRHCEALRGSPPILYQFYHEDVTLGNSSASSGGGASFN
KGKFGFL,0,,...[FWY]..[LVI],PLRELRDKGKFGFLLPESRIKPTCRETMLAVKFIAKYIL
DLPFEQI,0,,...[FWY]..[LVI],PLRLSALRRMLWAADDFLEDLPFEQIGNLREEIINCAQG
VGKYTMV,0,,...[FWY]..[LVI],PLRDLRLRVELQRMKISRPLPEVGKYTMVFHTRDKGNEV
GSRYQTV,0,,...[FWY]..[LVI],PLRLRPRSFSWALAFCKACWKLQQGSRYQTVRSIAAWFT
VSLWELL,0,,...[FWY]..[LVI],PLRALSTATATVSVGKFRGRPVSLWELLFSEAISSEQRA
ILSFKPV,0,,...[FWY]..[LVI],PLRPLSEKDLRESSAKLYRDSSVQSILSFKPVSGSSCVD
REDWSKL,0,,...[FWY]..[LVI],PLREDWSKLHAELSEQIKSFEQSQKDLEVALTHKDDNIN
VFYFSCL,0,,...[FWY]..[LVI],PLRVSLPLNTLGPVMKMEPLNNLQVAVKNNIDVFYFSCL
TLTFEDI,0,,...[FWY]..[LVI],PLRTLTFEDIPGIPKQGNASSSTLLQGTGNGVPATHPHL
TTKYGGF,0,,...[FWY]..[WFY],PLRSLTTKYGGFYINTGTLQFRQASDTEEDDITDNQKHK
SKQWKPV,0,,...[FWY]..[LVI],PLRSLVLQWEPPLYMGAGPVTGYHVSFQEEGSKQWKPVT
LRLFPVV,0,,...[FWY]..[LVI],PLRALVQMEYLDMVVNETLRLFPVVSRVTRVCKKDIEIN
AQEYRLY,0,,...[FWY]..[WFY],PLRTLWAEPDSVITQGSPVTLSCQGSLEAQEYRLYREKK
PDQWSSL,0,,...[FWY]..[LVI],PLRAMEAGLRIAPDQWSSLLYGDQSHKSHMQSIIDKLQT
RCEYSHF,0,,...[FWY]..[WFY],PLRSMCTRKRLRRCEYSHFMHHHRDLSGLLVSAFKNQVS
PQSWMFL,0,,...[FWY]..[LVI],PLRTMDMPITRLLSIRIPAPYRQRPQSWMFLTMSKWLQ
MNEYLLW,0,,...[FWY]..[WFY],PLRMGAPSMMKGMNEYLLWHGGRWRWREHLKVEEIGTCL
HFEFHNL,0,,...[FWY]..[LVI],PLRLYARTTGKLKTDNVFWGEHFEFHNLPPLRTVTVHLY
SHLFTSI,0,,...[FWY]..[LVI],PLRPSQCQATKAMLSHLFTSIITVSSCLELWQMMNNLQK
EKHYKKV,0,,...[FWY]..[LVI],PLRTMGNATAICSDKTGTLTMNRMTVVQAYINEKHYKKV
PMGWQSL,0,,...[FWY]..[LVI],PLRPMGWQSLLAQNVANRNSEARAFKPETISAFTSDPAL
VPIYEGY,0,,...[FWY]..[WFY],PLRLSMYSYGRTSGLVVEVGHGVSYVVPIYEGYPLPSIT
SDIFLLF,0,,...[FWY]..[WFY],PLRAMNSSLKCKTLSDIFLLFKSSDFITRDFTQPFIHCT
PHIWGNV,0,,...[FWY]..[LVI],PLRTMMRKAIRGHLENNPALEKLLPHIWGNVGFVFTKED
MNLYMRI,0,,...[FWY]..[LVI],PLRDMNLYMRIAPELYHKMLVVGGIDRVYEIGRQFRNEG
RPRWKVI,0,,...[FWY]..[LVI],PLRSMTKAADPRFRPRWKVILTFFVGAAILWLLCSHRPA
SDTFITY,0,,...[FWY]..[WFY],PLRLKTFRISSDTFITYMMTLEDHYHSDVAYHNSLHAA
AEAYRSL,0,,...[FWY]..[LVI],PLRKSMVVSHPHLVAEAYRSLASAQCPFLGPPRKRLKQS
RMRFPPF,0,,...[FWY]..[WFY],PLRSMWIMMRREKRDRRHFKRMRFPPFDDEEPPLDYADN
ASNFDKL,0,,...[FWY]..[LVI],PLRTNCRTYCRANKTKSSQGASNFDKLMDGTSQALAKAN
RRSFNAL,0,,...[FWY]..[LVI],PLRANEDLRRSFNALQEEKQDLSKEIESLKVSISQLTRQ
NDTFKEL,0,,...[FWY]..[LVI],PLRVNGEIEGLNDTFKELEFLSMANVELSSLARLPSLNK
HRSYLAV,0,,...[FWY]..[LVI],PLRANHWRIHNEDRSYKCNKCGKIFRHRSYLAVYQRTHT
MAGFINY,0,,...[FWY]..[WFY],PLRTNILEIKTMAGFINYKICRLCFQHNTPLDAIAQFRN
ISCFLLL,0,,...[FWY]..[LVI],PLRTNISCFLLLTWLKSSYQSKP
TNNFMIV,0,,...[FWY]..[LVI],PLRANKKKHLKKKSTNNFMIVSATGQTWHFEATTYEERE
SDEFRAY,0,,...[FWY]..[WFY],PLRSNKKNMNQLYHSDEFRAYNWGNDLII
LRAYLDV,0,,...[FWY]..[LVI],PLRAYLDVNELKNILKLDGSTHLIFSLQNPQRRSWQV
KKMYEII,0,,...[FWY]..[LVI],PLRTNLFTYEIAPVFTVMETILLKKMYEIIGWEETSGSI
RTIWVVL,0,,...[FWY]..[LVI],PLRSNLQRTIWVVLRLLPLKVHLKFTSNSNNIYVRHTA
MASFHSL,0,,...[FWY]..[LVI],PLRTNMASFHSLPSWIEECKQHLLANDIPRILVGNKCDL
RQSYLVI,0,,...[FWY]..[LVI],PLRTNMTQLVSNLSATVAELKREVSDRQSYLVISLVLCV
LDKFMGI,0,,...[FWY]..[LVI],PLRPNNKLDKFMGILSWKDSKHSLNNEKIILRGCILRNT
SNKWGCF,0,,...[FWY]..[WFY],PLRTNNSEALQILLNKGAKPCKSNKWGCFPIHQAAFSGS
HRTYLDI,0,,...[FWY]..[LVI],PLRASPDVSEPIDGLNPNEEEHRTYLDIEPITGFTLQFA
STTFPKL,0,,...[FWY]..[LVI],PLRSNPRDWIATSGISTTFPKLRMRVRNILIHNNYKSAT
TVKFFVV,0,,...[FWY]..[LVI],PLRVNPTVKFFVVNTDSLSSVTNATSIQITAPASMLIGD
AMAYLKI,0,,...[FWY]..[LVI],PLRANRAMAYLKIQKYEEAEKDCTQAILLDGSYSKAFA
RPKYQAV,0,,...[FWY]..[LVI],PLREPAAAGAGCSPRPKYQAVLPIQTGSLVAAAKEPTPW
DPAFIHW,0,,...[FWY]..[WFY],PLRDPAFIHWLLRRWQLNGSDIDMSMEHRYKLNGGNLVG
QRNFIEL,0,,...[FWY]..[LVI],PLRAPEHPHQLEHLHQIFVTKNHVLCQEVQRNFIELSKS
NTMYVQF,0,,...[FWY]..[WFY],PLRTNTMYVQFSLRFIAKSTPERSHSILLQFSISGGITW
EGAFMKV,0,,...[FWY]..[LVI],PLRNTTHCPEEASVGNPEGAFMKVLQARKNYTSTELIIE
VERYKQI,0,,...[FWY]..[LVI],PLRVNVERYKQIVLTGILEQVVNCRDALAQEYLMECIIQ
ANVFLLI,0,,...[FWY]..[LVI],PLRANVFLLIPPVLNPIIYSVKIKQIQKAIIKVLIQKHS
GGVFQRL,0,,...[FWY]..[LVI],PLRTPDSISKAEAFCRQYGLAGISGGVFQRLEDTILSPT
AAVYEEI,0,,...[FWY]..[LVI],PLRTPASLGAAVYEEILQTSQSIVRMRQASSRDLAFAED
RGCWVLL,0,,...[FWY]..[LVI],PLRAPDVCETTTHVLSGKPLRTLNVLLGIARGCWVLL
APDFQHV,0,,...[FWY]..[LVI],PLRAPDFQHVGRLVSIETLAKNISVLLMLTTRSCSLMG
ARDFKAY,0,,...[FWY]..[WFY],PLRSPDITRQRILSIDRNLRNQLFNRARDFKAYSLALDD
LQLFQNV,0,,...[FWY]..[LVI],PLRKMDKNKDGIVTLDEFLESCQEDDNIMRSLQLFQNVM
GRSYRLL,0,,...[FWY]..[LVI],PLRTPFPPDLWGPGRSYRLLHGAGGHLESPARSLPQRPA
RAPFQSF,0,,...[FWY]..[WFY],PLRAPFQSFHSHSHITISPSLRPLLQHSLLLSIAREPPI
SPFWQPL,0,,...[FWY]..[LVI],PLRSPFWQPLYSHPPSMHTYSHRIQHALASLPLKLTFQ
ISDFEKF,0,,...[FWY]..[WFY],PLRTPGFSVQSISDFEKFTKGMDDLGSSEEEEDEESGME
EEDFHFV,0,,...[FWY]..[LVI],PLRAPGHDCCETVKVQLCASKEGLPVFVVAEEDFHFVQD
MSMYTLL,0,,...[FWY]..[LVI],PLRTPGIVMSMYTLLRNQPEPTMEEIENAFQGNLCRCP
LLDYLVL,0,,...[FWY]..[LVI],PLRTPGIWVACIKAEGVLLDYLVLLPRDYYEASVLQLPV
LYPWKYI,0,,...[FWY]..[LVI],PLRASGLFRIDLKSTVISRCIILQLYPWKYISRENIIEE
TTYYYSV,0,,...[FWY]..[LVI],PLRDPEIILNTTTYYYSVRVFAGQEPSSCGRAGSPLTT
RPSFDAI,0,,...[FWY]..[LVI],PLRRNRPSFDAILYYYQSGGRLRRPVNVPLDIFLEEIRF
NVRWEYY,0,,...[FWY]..[WFY],PLREYYPNGGLTRNYCRNPDAEISPWCYTMDPNVRWEYY
TPRFKQL,0,,...[FWY]..[LVI],PLRSPGSCNHQIMSASTISAFCATPRFKQLFKGTVEQMS
PPSFVCW,0,,...[FWY]..[WFY],PLRSPGSQPLLNSPPSFVCWSRGFMEMNGRGELVESLKR
LVLYCVL,0,,...[FWY]..[LVI],PLRYPGTEEESFITPLVLYCVLAAPPTAIIFIGEISMYF
VLSFAVI,0,,...[FWY]..[LVI],PLRNPGVFQSTDTCYVLSFAVIMLNTSLHNPNVRDKPGL
PPSYVPV,0,,...[FWY]..[LVI],PLRSPGYTFEKHSGGFIFPPSYVPVVMSELTDQMTFMER
GAIFGPL,0,,...[FWY]..[LVI],PLRAPHMGAHPATAPFHLHGAIFGPLLGLLVLLAGVCVF
GDDWGSI,0,,...[FWY]..[LVI],PLRTPHPWTHTERFLRQAFGDDWGSILSFENREPVGSGC
DYQFRVY,0,,...[FWY]..[WFY],PLRDPIKAMTLGVSYKVTGLIEGSDYQFRVYAINAAGVG
NNDFLCI,0,,...[FWY]..[LVI],PLRGPISNNDFLCIHGGVPPRKAGYIEDLVLMLPQNIWD
STQWRLV,0,,...[FWY]..[LVI],PLRTPKAFLERYLSAGPTLQYDKDRWLSTQWRLVSDEAV
RNKFKYL,0,,...[FWY]..[LVI],PLRTPKGTLPRLVDHVWHHPVRRNKFKYLIDHPVSLTGA
ARNYEYL,0,,...[FWY]..[LVI],PLRDPLCMLLLIDHLALRARNYEYLSASSRSGRLIGTC
EAEFEDI,0,,...[FWY]..[LVI],PLRHGSRDSGPPPSTVSEAEFEDIMKRNRAISSSAISKA
LRMYYFL,0,,...[FWY]..[LVI],PLRMYYFLAMLAVSDMGLSLSSLPTMLRVFLFNAMGISP
LAAFRTV,0,,...[FWY]..[LVI],PLRPPMGDAEYLAAFRTVVMPIASEFAPDVVLVSSGFDA
PTTYNPI,0,,...[FWY]..[LVI],PLRTPTTYNPICLNSGGSNCNKVLYDSMQDTQLPSDDSY
EEVYEFI,0,,...[FWY]..[LVI],PLRNPVFLSSNPSRWSVEEVYEFIASLQGCQEIAEEFRS
GSTYILV,0,,...[FWY]..[LVI],PLRSTVHNTHPRNGHCSSAPRVTSGSTYILVPLSHLAQN
AVFWIEF,0,,...[FWY]..[WFY],PLRPLYKENAMKLSRIHHDQPVKPLDRAVFWIEFVMRHK
LHHFIEV,0,,...[FWY]..[LVI],PLRAQAHAADRGERGHFGVQILHHFIEVFNVMAVRSNPF
LAGYADI,0,,...[FWY]..[LVI],PLRDQAITVGAPVIGLNDSGGARIQEGVESLAGYADIFL
LRQYKVL,0,,...[FWY]..[LVI],PLRQAEELRQYKVLVHSQERELIQLREKLREGRDASHSL
AHEFLMF,0,,...[FWY]..[WFY],PLRSQALAAGFHRGKQEDAHEFLMFTVDAMKKACLPGHK
GDSFRLI,0,,...[FWY]..[LVI],PLRSQALELQLGRLVDGDSFRLIVEMLEEFPQQMPDLLQ
LRQYASL,0,,...[FWY]..[LVI],PLRQYASLTGTQALPPLFSLGYHQSRWNYRDEADVLEVD
AQAYILF,0,,...[FWY]..[WFY],PLRAQAYILFYTQRVTENGHSKLLPPELLLGSQHPNEDG
GLVYGKF,0,,...[FWY]..[WFY],PLRSQDIICSNAGTCHCGRCKCDNSDGSGLVYGKFCECD
AVIYTVV,0,,...[FWY]..[LVI],PLRTQDRTVAVIYTVVIPVLNPLMYSLRNKDVKKALIKV
RGIFAAL,0,,...[FWY]..[LVI],PLRTQDTQPHYIYSPREMTRWVRGIFAALRPLETLPAEG
PQTWLWI,0,,...[FWY]..[LVI],PLRMEEPRFQANFPQTWLWISGPLPVLC
PLRWPGL,0,,...[FWY]..[LVI],PLRWPGLSQLFLTCCPKQGGQHSQRGGQRVSDPRGNIKV
LSSFSEL,0,,...[FWY]..[LVI],PLRPQEELEKASSPALQSPGELSVCLSSFSELLCSSDVA
TTQFLKL,0,,...[FWY]..[LVI],PLRFTTQFLKLRCLQKLYMNSVSFLEGHLDQLLSCLKTS
CEVYILL,0,,...[FWY]..[LVI],PLRPQGASQLNNRLQGTKAWIGACEVYILLTSLRVKCHI
RCQYCRY,0,,...[FWY]..[WFY],PLRIRKDLTYSCRDNKDCTVDKRQRNRCQYCRYQKCLAT
GKSFSRL,0,,...[FWY]..[LVI],PLRRCHNCGKSFSRLTALTLHQRTHTEERPFKCNYCGKS
STCFRSV,0,,...[FWY]..[LVI],PLRSQLLSTCFRSVFALPLLDALEKHTCLFLEPPNIQLW
DSPFRLY,0,,...[FWY]..[WFY],PLRNNVLKLATKLLKELDSPFRLYGLTMNPLLYNITQVV
ADYYGTL,0,,...[FWY]..[LVI],PLRSQNICITMITYIKPWIFSSKQQFIATADYYGTLHIL
KDSFQKV,0,,...[FWY]..[LVI],PLRMKRHEMVVAKHSALCSRFAQDLWLEQNIKDSFQKVT
PASWQPL,0,,...[FWY]..[LVI],PLRAQTVKSACPEPIPASWQPLQAQVILKSASLGLAPAS
GRMFFCL,0,,...[FWY]..[LVI],PLRLPTTAQVTIEAQHQKFPRGRMFFCLSTICRRILLA
EVTFSYW,0,,...[FWY]..[WFY],PLRAQREKVKDEEMEVTFSYWDGSGHRARCGCARATRC
SILFYLL,0,,...[FWY]..[LVI],PLRTQRLRDPDINPCLSILFYLLNDASLISVRNLMLPPD
ISDYFEF,0,,...[FWY]..[WFY],PLRDQRNRKRKAEPYETSQGKGTPRGHKISDYFEFAGGS
TLAFPSI,0,,...[FWY]..[LVI],PLRFHTPTQKHIEALRQEINAARPQCPVGLNTLAFPSIN
STQFPKY,0,,...[FWY]..[WFY],PLRTQSMLVVPKGEDQEMDVYVSTQFPKYIQDIVASTLK
ITDFKLY,0,,...[FWY]..[WFY],PLRGQTFTCGSALSPITDFKLYASAFSERYWASMVLTT
SGLWIGL,0,,...[FWY]..[LVI],PLREQTYLTGLTSSLTSGLWIGLNSLSFNSGWQWSDRSP
RFPFEIV,0,,...[FWY]..[LVI],PLRDQVDTLELSGGAKINRIFHERFPFEIVKMEFNEKEL
QVRWSRY,0,,...[FWY]..[WFY],PLRTQVRWSRYSPEFKDPLIDKEYYRKPVEELTEEEKYV
RTQYMKY,0,,...[FWY]..[WFY],PLRTQYMKYLYPYECETRALSSPGELQAAIDSNRREGRR
AGSFVAY,0,,...[FWY]..[WFY],PLRTRADSSKFSLTKAKRSDGGKYVVTATNTAGSFVAYA
VNCWICL,0,,...[FWY]..[LVI],PLRLAVSGVLNVGKLVNCWICLVSVPVTLLQP
HLEWVGL,0,,...[FWY]..[LVI],PLRLLASASTEKQHLEWVGLVESKIRILVGSLEKNEFIT
EGAWPPV,0,,...[FWY]..[LVI],PLRARGGGEGAWPPVRVMPTTCPLKPSSGGNTVVRTHW
TYLFCTY,0,,...[FWY]..[WFY],PLRASDGFNLERLEMLGDSFLKHAITTYLFCTYPDAHEG
EYSFDDW,0,,...[FWY]..[WFY],PLREREACCFGSEDESSSKAETEYSFDDWDWQNGSLSSL
DVTFHSV,0,,...[FWY]..[LVI],PLRSREKIHRMKERYEHDVTFHSVLHAEKPSRMNRNQDR
MREYKVV,0,,...[FWY]..[LVI],PLRMREYKVVVLGSGGVGKSALTVQFVTGTFIEKYDPT
NAIFKGV,0,,...[FWY]..[LVI],PLRERLELLLQKRKELQENQDEIENMMNAIFKGVFVHRY
ELGFSKV,0,,...[FWY]..[LVI],PLRDRLLVELGFSKVFQAENPFDFMENISLEGKTNFFEK
ISDFGLF,0,,...[FWY]..[WFY],PLRPRGDPYKPAISHRDLNSRNVLVKNDGTCVISDFGLF
EGPWGEL,0,,...[FWY]..[LVI],PLRPRGTNQTCHPGCHCPSGMLLLEGPWGELHVCGR
IATYRKL,0,,...[FWY]..[LVI],PLRELMNIKLALDVEIATYRKLLEGEECRLSGEGVSPVN
GHGYSHI,0,,...[FWY]..[LVI],PLRDRILVAHDIHTKTRLMKYGGHGYSHILTNVVPKMLL
LSPWGEV,0,,...[FWY]..[LVI],PLRARIPGSQREQGSTLSPWGEVLTPLASSSVTHLSSKQ
TFSFKSV,0,,...[FWY]..[LVI],PLRHTGEKPYECHECGKTFSFKSVLTVHQKTHTGEKPYE
CGPWARF,0,,...[FWY]..[WFY],PLRVEGEQALMPITRIAFKVQQKRLTKTSRCGPWARFCN
PYRYELI,0,,...[FWY]..[LVI],PLRARTQQPFPPTVPTKAYDSTVLKTRGNPYRYELIDIP
TSVYVTW,0,,...[FWY]..[WFY],PLRRPTISTASETSVYVTWIPRANGGSPITAFKVEYKRM
LRLWMEF,0,,...[FWY]..[WFY],PLRLWMEFERAKSAVELQTELEEKAKRDADTHPWFLAM
REKFLEF,0,,...[FWY]..[WFY],PLREKFLEFEAEEEMQIQKSQWMKGPQCLPPPATPRLEP
TFKFSLF,0,,...[FWY]..[WFY],PLRSRNLFTFKFSLFQLDSGASGPGHSLGLTLGFSYCG
DLDFFSV,0,,...[FWY]..[LVI],PLRASTGEILEILKKGKAFVLDIDLDFFSVKNPFKEMFT
LWLWGEL,0,,...[FWY]..[LVI],PLRERTGQKNPEMLWLWGELPQAAKSSSPHKMKESSPLS
PLLFNTV,0,,...[FWY]..[LVI],PLRICSLSPLLFNTVLEVLSKAIRQEKEIKVFRIRKEEV
MDLFDFY,0,,...[FWY]..[WFY],PLRSRVTDPQGKSDIPMDLFDFYEQMDKDEEEEEETQTV
RSPFSQL,0,,...[FWY]..[LVI],PLRERVWGLKKGEAGKGVKGPERRSPFSQLVYTNKDSCV
RDRYCGL,0,,...[FWY]..[LVI],PLRDRYCGLPKYEITHQGNRHTLQLYRCREEDAAIYQAS
TTHFKDL,0,,...[FWY]..[LVI],PLRNISNHLVIEANLDGELNLKIETELVCVTTHFKDLGN
ICQYAQV,0,,...[FWY]..[LVI],PLRPSEAREIAERGLIDLSNKFVVSHLICQYAQVVLWFS
TSEFVAL,0,,...[FWY]..[LVI],PLRTSEFVALLPALVDAGTALEMLHALLDLPCLTAVLDL
IAKYQKF,0,,...[FWY]..[WFY],PLRSSEPEEENVGNDTKAVIKALDEKIAKYQKFLDKAKA
GSSFYAL,0,,...[FWY]..[LVI],PLRLDRCYSTPSSCLEQPDSCQPYGSSFYALEEKHVGFS
IPLYRNL,0,,...[FWY]..[LVI],PLRNPSCPMIPLYRNLPDLSCNKA
LIQFLCW,0,,...[FWY]..[WFY],PLRPSCSLLKELHVGENQIEMLRHILNILIQFLCWT
DSFFLPL,0,,...[FWY]..[LVI],PLRDSFFLPLKVSDYSETLRSFLQAAQQDLGALLEQHSI
QKFYCQL,0,,...[FWY]..[LVI],PLRSSFNIQIGSEEEVYISHIYSPQKFYCQLGRNNKDLE
LTAFLEV,0,,...[FWY]..[LVI],PLRDSFTDRGQEPGLTAFLEVSFTEPPGDDKPRESACLP
LEYFVKL,0,,...[FWY]..[LVI],PLRAWGLEMNCDTNPLEAGLEYFVKLNKPADFIGKQALK
SICFPEY,0,,...[FWY]..[WFY],PLRTSIVLFLNKKDIFQEKVTKVHLSICFPEYTGPNTFE
GISYIVY,0,,...[FWY]..[WFY],PLRASKKAGISYIVYPKKKKMRWKKRLKQQKLIFVHEEL
LAKFSNI,0,,...[FWY]..[LVI],PLRASKKQAKRNAAEKFLAKFSNISPENHISLTNVVGHS
AVSWPLL,0,,...[FWY]..[LVI],PLRASKTKDRIREKAVSWPLLLPLFLVPPSLMTSLHQQ
PLLFAII,0,,...[FWY]..[LVI],PLRTSLAEKLLSHGAHIEALDKDNNTPLLFAIICKKEKM
VQIYIGL,0,,...[FWY]..[LVI],PLRSSGQMAPSSSNKSGETNPVQIYIGLLQQLLAGVGGL
VRGYPTI,0,,...[FWY]..[LVI],PLRSSIASEFGVRGYPTIKLLKGDFAYNYRGPRTKDDII
CVCFLVL,0,,...[FWY]..[LVI],PLRPSIGAACVCFLVLLGLDSLKLRVDMKVANIILSYKC
TICYPEY,0,,...[FWY]..[WFY],PLRTSIILFLNKKDLFEEKIKRSPLTICYPEYTGSNTYD
EEVFDVL,0,,...[FWY]..[LVI],PLRSSLEHGSDVYLLRKMVEEVFDVLYSEALGRASVVPL
KEEYFQL,0,,...[FWY]..[LVI],PLRQQVSIEAIQEVEMLPRPPKVTKEEYFQLHHQMHYSQ
TNAFTVV,0,,...[FWY]..[LVI],PLRSSLPNTNAFTVVISHMNVRNVGRPLALPLTLLFIF
NKNYLEL,0,,...[FWY]..[LVI],PLRASSIIGENKNYLELSKLLKKKGTSTFLQRLERGDPV
RSIFLLV,0,,...[FWY]..[LVI],PLRSSPKVIAPVRSIFLLVIIKHNQKLVSNN
LMLYMPV,0,,...[FWY]..[LVI],PLRDSPVVPLMLYMPVKIGAFGREMLKRNIGVVVVGFPA
QELYKNI,0,,...[FWY]..[LVI],PLRESQADTQELYKNIGDCYLLSAPGPHVLLLVIQLGRF
TSLYYDL,0,,...[FWY]..[LVI],PLRITHVYNHSSSEITSLYYDLQGHLFAMEISSGDEFYI
VPVFCGL,0,,...[FWY]..[LVI],PLRPSQPQNSTLRPGPAAPIALVPVFCGLLVAKSLVLSA
QRPFQNL,0,,...[FWY]..[LVI],PLRSSQRPFQNLLTMKVVGQRVVCCHALLLACHLLFFH
SKTWDHF,0,,...[FWY]..[WFY],PLRTSRIATRKTPFGEGSKTWDHFQMRIHKQLIDLHSPS
VMTYDAV,0,,...[FWY]..[LVI],PLRSSRVQYVVDHAMKIVFLNTDPSIVMTYDAVQNVHSV
QVDFIYL,0,,...[FWY]..[LVI],PLRTSSGPSPRDSLAEKPYCSQVDFIYLRNVVVALPLI
DVMYADI,0,,...[FWY]..[LVI],PLRDSSIMMLTSDQKPDVMYADIGGMDIQKQEVREAVEL
NSPYIPY,0,,...[FWY]..[WFY],PLRPSSLAAQLLILENFEDALLNISANSPYIPYLACVRN
RNNYASV,0,,...[FWY]..[LVI],PLRRNNYASVECGAKILAANPEAKSTSAILIENMDLYML
TKIWFVI,0,,...[FWY]..[LVI],PLRLAANPEAKSTSAILIENMDLYMLNPCSTKIWFVIEL
GKDYTLI,0,,...[FWY]..[LVI],PLRASSNGKDYGKDYTLIFHLQRKPRLELQIKEVDEFGN
SSSWLLL,0,,...[FWY]..[LVI],PLRMSSSSWLLLSLVAVTAAQSTIEEQAKTFLDKFNHEA
DSSWSPL,0,,...[FWY]..[LVI],PLRDSSWSPLAPRKYLSNDSMNLPPDRPGLLSLSVSPEV
CLHFSGV,0,,...[FWY]..[LVI],PLRDSTQVNVPRCLHFSGVGKVRQAACGGTGCVVLNGEG
CHCFPGF,0,,...[FWY]..[WFY],PLRTTAIEIMDDCSTNCNGNGECISGHCHCFPGFLGPDC
SIDYGIF,0,,...[FWY]..[WFY],PLRATAQTVLDDGSIDYGIFQINSFAWCRRGKLKENNHC
EESFNAV,0,,...[FWY]..[LVI],PLRTTAYYRGAMGFILMYDITNEESFNAVQDWSTQIKTY
EWVFQML,0,,...[FWY]..[LVI],PLRPSVTSQEWVFQMLSRQNNYTVNNKRNGVAKVNIFFK
RTSWASF,0,,...[FWY]..[WFY],PLRTSWASFHNGVAAGLKIAPASQIVYNKPKHAE
HQVFASF,0,,...[FWY]..[WFY],PLRTSWEEQRASHETLFCTKPLHQVFASFTRKGEKLDMS
NHFFCEI,0,,...[FWY]..[LVI],PLRTSWILGVLLALVHLVLLLPLSFCGPQKLNHFFCEIM
EVCFRTF,0,,...[FWY]..[WFY],PLRETCGKSFASKEYLKHHNRIHTGSKPFKCEVCFRTFA
NKTYSSV,0,,...[FWY]..[LVI],PLRETCKSITYSLENKTYSSVRTEALSVIELLLKKLEES
GTHFGDV,0,,...[FWY]..[LVI],PLRPTDSEGRYFIDRDGTHFGDVLNFLRSGDLPPRERVR
PLRFRGL,0,,...[FWY]..[LVI],PLRFRGLALKYLLTPVNFFQAGYSSRRFDQQVEKYHKPC
ESRYDFV,0,,...[FWY]..[LVI],PLRTTEGASIGMERDTANEAETHSVLLTAVESRYDFVVP
PPYFSPL,0,,...[FWY]..[LVI],PLRDTFRFRVTAPPYFSPLYTFPIHIGGDPDAPVLTNVL
GKDWPAV,0,,...[FWY]..[LVI],PLRTTFTGEPNTCPRCSKKVYFAEKVTSLGKDWPAVPAS
GKIYLSW,0,,...[FWY]..[WFY],PLRTTIIITVMDKDKLSRNDVIGKIYLSWKSGQGR
EADWVPL,0,,...[FWY]..[LVI],PLRATKQTSGATTEADWVPLELCFGIPLFSSELNRKVCR
VSNYPGY,0,,...[FWY]..[WFY],PLRTTKSPASSASGPRPTYKPPVSNYPGYPKPEEGILDS
MGGYCGY,0,,...[FWY]..[WFY],PLRETMGGYCGYLANMGGLAAGADAAYIFEEPFDIRDLQ
IPDYEVL,0,,...[FWY]..[LVI],PLRDTLNATYRVTFDRTGLGTHTIPDYEVLSNEPHETMP
EEEYPRI,0,,...[FWY]..[LVI],PLRSTLSKNILTLIELPSVNTMEEEYPRIESESTVHIGV
AYEFDKW,0,,...[FWY]..[WFY],PLRSTLSNWAYEFDKWAPSVVKVSYKGSPAARRAFVPQL
EEPFTFV,0,,...[FWY]..[LVI],PLRATMAGLAAGADAAYIFEEPFTFVTCRQMLNIWCQK
GGAYYLI,0,,...[FWY]..[LVI],PLRIATNGVVRGGGAYYLISRSLGPEFGGSIGLIFAFAN
LDQYQQV,0,,...[FWY]..[LVI],PLRSTNPDLYPVRRIDGLTDVSQIITVTVQTGLDQYQQV
TPAFPAL,0,,...[FWY]..[LVI],PLRDTPIEEFTPTPAFPALQYLESVDEGGVAWQAGLRTG
PSGYLEL,0,,...[FWY]..[LVI],PLRPEVLQDSLDRCYSTPSGYLELPDLGQPYSSAVYSLE
KSQFGAL,0,,...[FWY]..[LVI],PLRETQAELQKKEAKINELQAELQAFKSQFGALPADCNI
DPSYDSV,0,,...[FWY]..[LVI],PLRTTSHTDQSSRLSVKEDPSYDSVRRGAWGNNMNSGLN
EEAFICL,0,,...[FWY]..[LVI],PLRTTSNIASFEEAFICLQKLMAAVRDILEGIQRILAPN
TSPFSLF,0,,...[FWY]..[WFY],PLRTTSPFSLFPPPPLAKALNLAILLGCLTICPALDSQS
SIGWLRL,0,,...[FWY]..[LVI],PLRTTSSATVNNPFLPSEDQVSKTSIGWLRLLHHCLTHI
PTTFATL,0,,...[FWY]..[LVI],PLRPTTFATLDIDGVRKIIFALPGNPVSAVVTCNLFVVP
LSDYNIV,0,,...[FWY]..[LVI],PLRAVASYFLSDYNIVCSSEIKRQVVETMGLFHDMVSES
QTQFFHV,0,,...[FWY]..[LVI],PLRTVATQTQFFHVKVLNINLKRKFIKKRIIIISNYSKR
CGRYRKF,0,,...[FWY]..[WFY],PLRTVCDCGRYRKFVGQLDISIARLKTSMKFVKNVIAGI
RPLFERY,0,,...[FWY]..[WFY],PLRSVDPAPPAEERDVGRLREALLDESRPLFERYRAMFA
RTAFTQF,0,,...[FWY]..[WFY],PLRTVEGPQPAEGPQTAEGPQPPERKRRRRTAFTQFQLQ
ISYFGTL,0,,...[FWY]..[LVI],PLRITQLLGTVNSENMDTFYRRGISYFGTLKFSDPNNVA
KNFFVNY,0,,...[FWY]..[WFY],PLRDVIGNKSVVQVKNFFVNYRRRSTLIKFYKNGRQNM
DCTYPEL,0,,...[FWY]..[LVI],PLRDVIVHRLLAVAIGADCTYPELTDKHKLADICKNLNF
LSLFRRL,0,,...[FWY]..[LVI],PLRTVKGQSEDPGSLLSLFRRLSDQRSKERSLLHGDFHA
DPNYYQY,0,,...[FWY]..[WFY],PLRSVKKESEDPNYYQYNMQGSHPSSTSNEVIEMELPME
KNDFFLV,0,,...[FWY]..[LVI],PLRPVKNDFFLVSTMKTPRTMHTSVMALDRLFVIGGKTP
QKVFALW,0,,...[FWY]..[WFY],PLRTVLAAGCKQILVPFPPQTAASPDEQKVFALWESGDM
MIEWRHL,0,,...[FWY]..[LVI],PLRLISIFTVSPNLRPVNEKLEAYILDPRGSRMIEWRHL
LACFCCL,0,,...[FWY]..[LVI],PLRTVLLPLACFCCLPAPTSPLWTTPGLQQSLSFQAEVT
VGLFLSI,0,,...[FWY]..[LVI],PLRPVLVGLFLSIYMHQNHQENILRTKMQVLLGWSCSLV
NVSFKKF,0,,...[FWY]..[WFY],PLRTVRNGIKHVHCLPAETNVSFKKFNIEEFGKTLENNS
RLSYDIV,0,,...[FWY]..[LVI],PLRTVRNSAATAEKWRFRLSYDIVAFAQNACQQVLAQLG
RYEFRVI,0,,...[FWY]..[LVI],PLRTVSGLVEDQRYEFRVIARNAAGNFSEPSDSSGAITA
ESAFSTV,0,,...[FWY]..[LVI],PLRQWLVSFAEESAFSTVLSISHKSRYCGHRFHLNDLAC
ASMWDGL,0,,...[FWY]..[LVI],PLRVSKIVASMWDGLGEEQKQVYQKKTEAAKKEYLKQLA
NSAFGSF,0,,...[FWY]..[WFY],PLRLTKAVGGNEAAAIFNSAFGSFLVSKHSLTCLLQLLL
KGSYNNI,0,,...[FWY]..[LVI],PLRSVSSGGDCIRTYKPEIKKGSYNNIVVNVKTAVADNL
GLRFQEL,0,,...[FWY]..[LVI],PLRPVSVAISLEGVHVIDSREKHVLLGLRFQELSWDHTS
RRAYYIY,0,,...[FWY]..[WFY],PLREVPEQPSAQPLPGSPPRRAYYIYSGGEKIPLVLSRP
ESDFENL,0,,...[FWY]..[LVI],PLRVPIAVGESDFENLNTEEFSSESELEESKEKLNATSS
LDPYQIL,0,,...[FWY]..[LVI],PLRTVPKTEDQRPQLDPYQILGPTSSRLANPGSGQIQLW
IARFYKL,0,,...[FWY]..[LVI],PLREIARFYKLHERKCEPIIMTVPRKSDLFQDDLYPDTP
KDDYSKL,0,,...[FWY]..[LVI],PLRAVQCLHALEEYCPSKDDYSKLCLLLTLPRLTNHAEF
SMGFEEF,0,,...[FWY]..[WFY],PLRKALQEIEEKVKRIIALSMGFEEFLIRIWGVDVRNKL
SYSWTAW,0,,...[FWY]..[WFY],PLRAVVRDGTNVSYSWTAWRDRGPALAGSGKGFSLTVLE
LRDWEEW,0,,...[FWY]..[WFY],PLRDWEEWRPTWARNWKPKDVYKNRSIELVQQQNVQLSL
VYIYNIF,0,,...[FWY]..[WFY],PLRAVSVVYIYNIFKIDIVLWYRSAFHSTETIVDGKLYD
VTFWVSL,0,,...[FWY]..[LVI],PLRTVTFWVSLQATHCLPEPHLLRLRALGFSEELIVELH
SATWKVL,0,,...[FWY]..[LVI],PLRTVTNRGRTVNLKSATWKVLHCTGQVKVYNNCPPHNS
RAAFPGL,0,,...[FWY]..[LVI],PLRSWGNAPRSREPLRAQLLPPSGLSRPSPCLRAAFPGL
GRGFACV,0,,...[FWY]..[LVI],PLRTWGRGFACVSRGENQLPVWIPTKHLKFYNEPIRMQ
TIFYNEY,0,,...[FWY]..[WFY],PLRPARYRRGFIHNGIMVLPRQTCGLFTHTIFYNEYPGD
PNVFTEY,0,,...[FWY]..[WFY],PLRAWLIAICYPEMVMKLIVINFPHPNVFTEYILRHPA
TLAFQEL,0,,...[FWY]..[LVI],PLRTWNLDTLAFQELKSELTEVPASRILKESPSGYLRSG
TGLYGRL,0,,...[FWY]..[LVI],PLRSWQENISLKELQSRGVCLLKLQVSSQRTGLYGRLLV
DGLFDTI,0,,...[FWY]..[LVI],PLRSWQTHRIHNALKGIPDDRDGLFDTIQRSKNHYQKRA
GSLYDFL,0,,...[FWY]..[LVI],PLRSDMTSRNSSTQLWLITHYHEHGSLYDFLQRQTLEPH
LLGFTVI,0,,...[FWY]..[LVI],PLRTYAASEDVAALESQPLLGFTVIQVKDENSESKVFQL
DHRYNEF,0,,...[FWY]..[WFY],PLRAYCATLAIYIYQLDHRYNEFKLHAIMSEHKKTITAI
TPGWTGL,0,,...[FWY]..[LVI],PLRNGASCSAEDGACHCTPGWTGLFCTQRCPAAFFGKDC
VQHYEVI,0,,...[FWY]..[LVI],PLRIGLKEVQISTCRFYRKSVSNLNYQRKVQHYEVISFT
VYVYMKL,0,,...[FWY]..[LVI],PLRKYFSKKEWEKMKSSEKIVYVYMKLNYEVMTKLGFKV
LRTYIVV,0,,...[FWY]..[LVI],PLRTYIVVGVTLRPAILVIPCLLLIKCHLKLYRTKLIYH
QVGFRTV,0,,...[FWY]..[LVI],PLRAYKNSPKPARHVREQLSSETGLDMRVVQVGFRTVV
SVLFGHV,0,,...[FWY]..[LVI],PLRSYKQGYWLPSYKLKSSWATGLHLSVLFGHVECLLVL
NSKYLFV,0,,...[FWY]..[LVI],PLRAYKRREYGKSLNSKYLFVEHQRTHNAEKPYVCNICG
GSSYFVL,0,,...[FWY]..[LVI],PLRNYLCSGSSYFVLANGHILPNSENAHGQSLEEDSALE
TYMFHSF,0,,...[FWY]..[WFY],PLRTYMFHSFLKARLNRRMDAFAQMDLDTQSEEDRINGM
LRAYSVL,0,,...[FWY]..[LVI],PLRAYSVLSPEVPLPGMKWVDNHKGVFNVEVVAVSSIHT
LRPYSEV,0,,...[FWY]..[LVI],PLRPYSEVKPLIDAVYSTGVHNIDVPNVEFALAVYIHPY
NVSFVRI,0,,...[FWY]..[LVI],PLRDYVAPFLESEDEEDEPGMQPNVSFVRINSSLAVAAY
TRIFLHV,0,,...[FWY]..[LVI],PLRDYVIRHLIQENNRVKTRIFLHVLSELKEVEPKLAAW
HLEYLPV,0,,...[FWY]..[LVI],PLRTYVPEHIRKLQSLKELYIENNHLEYLPVSLGSMPNL
DTHFNGI,0,,...[FWY]..[LVI],PLRCGSNRINHFYCDTPPLLKLSCSDTHFNGIVIMAFSS
DCTFSAY,0,,...[FWY]..[WFY],PLRCDCTFSAYTGPFCSNEISAYFGSGSSVIYNFQENYL
VKSFNHI,0,,...[FWY]..[LVI],PLRCTDAVKSFNHIIHFGDHKGIHTGEKLYEYKECHQIF
PRVFENI,0,,...[FWY]..[LVI],PLRCDQVLLKNSRRIVLPDVMNPRVFENILLSSYTGRL
PWQWGFI,0,,...[FWY]..[LVI],PLRCVRLSMGPCIVEACTSALLAHYLLGLPWQWGFILGF
ETGFSTL,0,,...[FWY]..[LVI],PLRCETGFSTLSVIKTKHRNSLNIHYPLRVALSSIQPRL
RNGYCVY,0,,...[FWY]..[WFY],PLRCAKVECARDEELIHLDGKCCPECISRNGYCVYEETG
REVYSIL,0,,...[FWY]..[LVI],PLRRNPFVINDLNMQYLIQARREVYSILQAEGILLPRYA
GELWEDL,0,,...[FWY]..[LVI],PLRSALKMIMEELHDVDKAIEFAKEQDDGELWEDLILYS
DLEYLRF,0,,...[FWY]..[WFY],PLRSANCGLPSSWTSTWQVADDLTQNTLDLEYLRFAHKL
GKAYRFL,0,,...[FWY]..[LVI],PLRGAYICTYCGKAYRFLSQFKQHIKMHPGEKPLGVNKV
RRCFPVL,0,,...[FWY]..[LVI],PLRRCFPVLPSARPYVSANPTLRGGRLRQDPESETGVGD
NPGFRLI,0,,...[FWY]..[LVI],PLRCGIPELIVNGQVIGENYGYRDTVVYQCNPGFRLIGS
MEKYEEF,0,,...[FWY]..[WFY],PLRSCPECTERFNPHDIRLILSDDVLMEKYEEFMLRRWL
CKKYIYL,0,,...[FWY]..[LVI],PLRSCKKYIYLNKYLGDVKNIKVIYGPAARLRPSDVPDK
ASVFDAY,0,,...[FWY]..[WFY],PLRVPKDNAIKKFVIRNIVEAAAVRDISEASVFDAYVLP
LNRFRDY,0,,...[FWY]..[WFY],PLRCFTTPASLNRFRDYLGRIQSGSGEY
SFFYSSV,0,,...[FWY]..[LVI],PLRLLCVLLSVPPGRRVSLSFFYSSVL
NDSYLKY,0,,...[FWY]..[WFY],PLRKMYSDAFLNDSYLKYVGSTLHDRQGEVRLKCLKALQ
AGKYVCV,0,,...[FWY]..[LVI],PLRSDAGKYVCVGTNMVGERESEVAELTVLERPSFVKRP
RCDFAPL,0,,...[FWY]..[LVI],PLRCDFAPLLELSCSDISVSTVVLSFSSGSIIVVTVCVI
GSYFFRL,0,,...[FWY]..[LVI],PLRRDKGSYFFRLERGSMKWSYKSQLNYKTKQLSVFVTA
SQYWTKW,0,,...[FWY]..[WFY],PLRMDAELCSQYWTKWLLRLEEYTEKKKNQNIQKPEYSE
KGSYEII,0,,...[FWY]..[LVI],PLRSDLLLLKQSNSSKILVGRWHLASEKGSYEIIQDTDE
QQQFAFL,0,,...[FWY]..[LVI],PLRSDTDLLDFGQCVDQNRQQQFAFLFGVDEQLLSALVM
NRAYCHY,0,,...[FWY]..[WFY],PLRCDTINNRAYCHYDGGDCCSSTLSSKKVIPFAADCDL
RTVFDIW,0,,...[FWY]..[WFY],PLRCEVGYQHGRTVFDIWGRSGVLEKMLRDQQGPRRSR
CANFIRV,0,,...[FWY]..[LVI],PLRCKLAGKDANTECANFIRVLQPYNKTHIYVCGTGAFH
RRLYLSY,0,,...[FWY]..[WFY],PLRRELEGEGGFSRGWTGSRLLATRRRLYLSYLEDGRIG
RPPWRKV,0,,...[FWY]..[LVI],PLRGELRPPWRKVGLCGGARVVGLARGSAVSSLLPFPTQ
EDNYCEI,0,,...[FWY]..[LVI],PLRLLLIQNKKLEDNYCEITGMNTLLSAPIHTQMQQKEF
SISYTNW,0,,...[FWY]..[WFY],PLRGEDRILTHLTGSISYTNWAGSRSLAVTVTEELLNLF
IPKYHTV,0,,...[FWY]..[LVI],PLRIPKYHTVNGHNCEVRKALSKQEMASASSSQRGQSGS
LGRYRLL,0,,...[FWY]..[LVI],PLRFEEAEIQEVLQETLKSLGRYRLLGKIFRKQENANAV
LITFNPV,0,,...[FWY]..[LVI],PLRSEETDHSDLLGTLHNLYLITFNPVGRSAVGHVFSLE
VISFQFL,0,,...[FWY]..[LVI],PLRGEIQLVISFQFLRMPVHVTVLLNYYSCHTLRVVIV
LRCFPLL,0,,...[FWY]..[LVI],PLRCFPLLRLLYWNRKLYNKEPSEIVELKHEIHVWRLTA
NFTYGTV,0,,...[FWY]..[LVI],PLRCSDPGIPANSKRESKIEHGNFTYGTVVFYDCNPGYF
GVKYNPY,0,,...[FWY]..[WFY],PLRSFEDAKEKMREFTKTIKRPFGVKYNPYTRSIQILKD
KKHFTIL,0,,...[FWY]..[LVI],PLRYFETEKKHFTILDAPGHKSFVPNMIGGASQADLAVL
SQDYLII,0,,...[FWY]..[LVI],PLRYFTSDSQDYLIIASQRDDSELTQVFRWNGGSFVLHQ
AYEYQEY,0,,...[FWY]..[WFY],PLRSFVCGEVGLGNSSFNMNIRGDIGHKAYEYQEYGPKP
RCIWDSY,0,,...[FWY]..[WFY],PLRCIWDSYTVQTISVLKDVHTHGIACLAFDLDGQRLVS
LRGFYKY,0,,...[FWY]..[WFY],PLRGFYKYSNMEFVRMKGPQGKGHAEMAVSRVSTGDTSP
IALFQGL,0,,...[FWY]..[LVI],PLRCRAEELGRGIALFQGLSNIAFNCMVLGTLFIGGSLV
RSMWPVI,0,,...[FWY]..[LVI],PLRCGCLCCCCTLGRSMWPVICLSKRTCRSIEKLLEWEK
SPGFMVI,0,,...[FWY]..[LVI],PLRSGGRSLMSPGFMVISPSGFTASPYEDENSSNIIPQQ
LQSFCKL,0,,...[FWY]..[LVI],PLRSGEEKKNIINTPVSSLEILLQSFCKLGLIMAYFYMC
LRSFIPL,0,,...[FWY]..[LVI],PLRSFIPLSRERIYSNTSMPGSSSSPGSWFWSRCQTLT
RGGYGCV,0,,...[FWY]..[LVI],PLRGGYGCVCVNGWSGDDCSENIDDCAFASCTPGSTCID
GKVFCYL,0,,...[FWY]..[LVI],PLRWFMGEETRKDKTKALTHFLKAARLDTYMGKVFCYLG
LIEYEFL,0,,...[FWY]..[LVI],PLRCLNEPSSFLIEYEFLIPPSLKPEIDIPSLSELKELL
TRIFRLL,0,,...[FWY]..[LVI],PLRSFRSNEVTQEISDSTRIFRLLGSDRVVVLESRPTDN
RSAWLPY,0,,...[FWY]..[WFY],PLRCVFNLSAIAQAFSGPFKYQENSRSAWLPYPNPNPHF
LKRFLHV,0,,...[FWY]..[LVI],PLRSGFVKQLLLYLTSKSEKDAVSREIRLKRFLHVFFSS
TGPFPLV,0,,...[FWY]..[LVI],PLRFGGAMVWTLDMDDVRGTFCGTGPFPLVYVLNDILVR
QGDYAGF,0,,...[FWY]..[WFY],PLRWGGELTPAGRVQAEELGRAFRCMYPGGQGDYAGFPG
DFMYDII,0,,...[FWY]..[LVI],PLRYGHRTGYKECPFFIKDNQKLQQFRVAHEDFMYDIIR
TELWSNL,0,,...[FWY]..[LVI],PLRGGIALKKSGFINELITELWSNLEYGRDDVRVTHPRT
SYSFEHL,0,,...[FWY]..[LVI],PLRKSSCPVCGISYSFEHLQANQHLANIVERLKEVKLSP
PGGWTVI,0,,...[FWY]..[LVI],PLRSGIYMIKPENSNGPMQLWCENSLDPGGWTVIQKRTD
AFFWPSL,0,,...[FWY]..[LVI],PLRRGGGPYICKLCGKAFFWPSLFRMHERTHTGEKPYEC
KPLWRTV,0,,...[FWY]..[LVI],PLRCGLEQHGAPKMTEEEEKAMKMKMTDTSEKPLWRTVL
HCLFKIY,0,,...[FWY]..[WFY],PLRVSNDLTQQEIQTLEILFNIPHMVEIKNHCLFKIYNC
CPNFGVY,0,,...[FWY]..[WFY],PLRQSWDCTGHREAGCGPEELGCPNFGVYKR
GPHYPLF,0,,...[FWY]..[WFY],PLRYGPHYPLFPLRDDVTLGDSCSGFTSPGGDADLNPSI
KRRFCHI,0,,...[FWY]..[LVI],PLRRGQSCMKRHGIPMSHVARQITKRRFCHI
EKKFNSL,0,,...[FWY]..[LVI],PLRSGSKKFKKTKPKEDCLLGSAKLDEEFEKKFNSLPQY
DVGFGML,0,,...[FWY]..[LVI],PLRRKQWLKESISDVGFGMLKSVKEYVDPNNIFGNRNLL
SVSFLNV,0,,...[FWY]..[LVI],PLRLDFESGSVSFLNVTKSSLIWSYPAGP
IHVYGWI,0,,...[FWY]..[LVI],PLRSGVPGKLIHVYGWIITGRLETFDFDAEYIDSPVILE
IPDYEAL,0,,...[FWY]..[LVI],PLRSHRDAIPDYEALVGPLHSLLKQKPDWQWDQEHEEAC
IADFLEY,0,,...[FWY]..[WFY],PLRCIADFLEYMGMKGVSLPLGFTFSFPCQQNSLDESIL
GHIYFFL,0,,...[FWY]..[LVI],PLRGIAVGHIYFFLEDVFPNQPGGIRILKTPSILKAIFD
RCIWYVI,0,,...[FWY]..[LVI],PLRCIWYVIGRREMEANDPLLWDIGWLHELGKRLEVPYV
CLVFEPL,0,,...[FWY]..[LVI],PLRRHFYHKQHLCLVFEPLSMNLREVLKKYGKDVGLHIK
NGSFWNV,0,,...[FWY]..[LVI],PLRCHLLNITAMPHNGSFWNVQDLLNSAMPRVVPYTQST
KYGYSTV,0,,...[FWY]..[LVI],PLRCHLPKDQQAKLPPTTLEKYGYSTVAVTLLTLGSMLG
PVHFPDL,0,,...[FWY]..[LVI],PLRCIVSSTPSELPPYCLDHTKLWGCGQPVHFPDLVCRW
LVRYVRV,0,,...[FWY]..[LVI],PLRSIETMMLNLVRYVRVLGNMVHAIQIKTKLCQLVEVM
KQSFPGI,0,,...[FWY]..[LVI],PLRSIFPSAAVGLKNNNDILPNSQEELLYSSKQSFPGIL
CIGFRAL,0,,...[FWY]..[LVI],PLRCIGFRALGDSAVLQVIQTPQGTYVQGVPVFLTDIAY
IGVWQDI,0,,...[FWY]..[LVI],PLRSIGVWQDILYGMAVLSVATNAFIVAFTSDIIPRLVY
RFTWSFL,0,,...[FWY]..[LVI],PLRCIIDGLCYVEGDKNPTSPCLICRPKISRFTWSFLEN
PFSFDPV,0,,...[FWY]..[LVI],PLRGIIQSYRLQRNEMLYPFSFDPVTFNYTDEELLPFST
VQGFGNV,0,,...[FWY]..[LVI],PLRSILGMTPGFRDKTFVVQGFGNVGLHSMRYLHRFGAK
VQGFGNL,0,,...[FWY]..[LVI],PLRSILGMTPGFGDKTFVVQGFGNLHSMRYLHRFGAN
DHPFLFF,0,,...[FWY]..[WFY],PLRCMLMPEENFTADHPFLFFIRHNSSGSILFLGRFSSP
LSRFVEI,0,,...[FWY]..[LVI],PLRRILSRFVEILQRLHMYEEAVRELESLLSQRIYCPDS
SETFTRV,0,,...[FWY]..[LVI],PLRSILYQRGIYPSETFTRVQKYGLTLLVTTDLELIKYL
CHQFSSV,0,,...[FWY]..[LVI],PLRSIPNISYITALNMCHQFSSVKRMVTAHFKKSPCMH
CITWTAV,0,,...[FWY]..[LVI],PLRCITWTAVVAGLICCAAVGVGFYGNSETNDGAYQLMY
ALLYYSV,0,,...[FWY]..[LVI],PLRSIQNSISFSKNAFKCTDHDLKQLVLKCPALLYYSVP
AIKYKPL,0,,...[FWY]..[LVI],PLRCITYVKAIKYKPLLVKHQRVQIGERAYEFCECGKTF
KQLFSSL,0,,...[FWY]..[LVI],PLRCIYCNKQLFSSLAVLQIHLKTMHLDKPEQAHICQYC
ACLFSSV,0,,...[FWY]..[LVI],PLRCKAATSCDSGIIEDVKKTTHTPTLKACLFSSVAQGY
GKAFFQI,0,,...[FWY]..[LVI],PLRCKDCGKAFFQIRHLRQHEIIHTGVKPYICNVLKP
ALGFILI,0,,...[FWY]..[LVI],PLRQMFAKGYGKNNEPLRGYILTFLIALGFILIVN
LFIFGIV,0,,...[FWY]..[LVI],PLRNKEKAHSGGIKILYHKSLSLFIFGIVHLLKNTSIYQ
KEMFIMV,0,,...[FWY]..[LVI],PLRKEMFIMVQEERRLRKALRRRVSQRLSVRLSSCSQM
EVGFPPV,0,,...[FWY]..[LVI],PLRCKKSLVVSSRKGHLKAQLEVGFPPVMERYTSAVSMV
DEEFQKI,0,,...[FWY]..[LVI],PLRSKLQENYIAAEELQSILPSTGINLLDEEFQKIVTDT
GKLYSIL,0,,...[FWY]..[LVI],PLRGKLYSILKIQSPLFTLDANADIGMVPPQQTKQVSQ
KYFWPRI,0,,...[FWY]..[LVI],PLRYKNKKQVGKYFWPRITKVHFKETQFELRVLGKDCNE
PLRFKNV,0,,...[FWY]..[LVI],PLRFKNVDLLSDMVQEHDEPILKHLKDIKVKFSDAGQPM
MNSYECY,0,,...[FWY]..[WFY],PLRGKQHSEYEYGNDLSLSTDIRHQKSHTTMNSYECYQC
ASKYRWF,0,,...[FWY]..[WFY],PLRMGASKYRWFHNACCECIGPECIDYGSKTVKCMNCMF
DITYQLL,0,,...[FWY]..[LVI],PLRSKVAELITNSLATAGDALIELRKLEAVEDITYQLLR
IFGYRGV,0,,...[FWY]..[LVI],PLRGKVLETVGVFEVPKQNGKYEIGQLFLHSIFGYRGVV
RCKYCFV,0,,...[FWY]..[LVI],PLRCKYCFVYGQDWAPTAGLEEGISQITSKSQDVRQALV
LIEFKTL,0,,...[FWY]..[LVI],PLRCLVGFTLTHRRFNYKDNTDLIEFKTLSEEEIEKVLK
PLRYLAV,0,,...[FWY]..[LVI],PLRYLAVSLFLHESHELLLLLVNTVVKDLQSTNLVEVCM
HRGFQSL,0,,...[FWY]..[LVI],PLRCLYKDGDIHRGFQSLLSEVNRTGTQYLLRTANRLCG
EMSFHQF,0,,...[FWY]..[WFY],PLRRLDEMSFHQFPQHPVHVSVVHLPIVYKGSMTQVSPH
KDAFVIL,0,,...[FWY]..[LVI],PLRNYLNQNAYTATAINSTNFCTSAKDAFVILVENALRV
VGNFKCW,0,,...[FWY]..[WFY],PLRCLHRRIARVVGNFKCWICGMLTRISGPVGLGLGPV
ALNWIKY,0,,...[FWY]..[WFY],PLRLIGGLLRIGYKIENKILAMEEALNWIKYAGDVTILT
GKLYNSL,0,,...[FWY]..[LVI],PLRIGKLYNSLCPGTLCLILLPGTKSTHGSLSGLGLMGI
QGTFSRL,0,,...[FWY]..[LVI],PLRCPQMGQGPPQGTFSRLGQPTPGARELTGRLSARGTA
PQEFLQY,0,,...[FWY]..[WFY],PLRCLRENIAFELPQEFLQYTQPMKRDIKKAFYEMSLQA
IECFLIL,0,,...[FWY]..[LVI],PLRYLSTTPFPSQHRTEIECFLILVIKF
RTLFNEL,0,,...[FWY]..[LVI],PLRCRTLFNELRIVVEHIIMKPACPLFVRRLCLQSIAFI
HDFFVGL,0,,...[FWY]..[LVI],PLRGLLKALSQASTDPKESTSPEKRDMHDFFVGLMGKRS
LQRFNRW,0,,...[FWY]..[WFY],PLRSLLQRFNRWNETSCNSSPQLLVTKKLAHCSVCSHPG
VTLFGRL,0,,...[FWY]..[LVI],PLRPTSGPVLTVTLFGRLYEKDWASNASSGLTAQARIIM
GMFYNSY,0,,...[FWY]..[WFY],PLRCMAWTHDGKGMFYNSYPQQDGKSDGTETSTNLHQKL
RPRFKII,0,,...[FWY]..[LVI],PLRCMVHDCADGKKPSSPPEELKFQCGQKTLRPRFKIIG
IRIYGEL,0,,...[FWY]..[LVI],PLRCMFSINPDTGEIRIYGELDFEENNAYEIQVNAIDKG
RIIFSTL,0,,...[FWY]..[LVI],PLRGMGQISNYVVAFILGTEILGKSVRIIFSTLGVCTFF
AGCFDNL,0,,...[FWY]..[LVI],PLRSNNRITTLEAGCFDNLSSSLLVVKLNRNRMSMIPPK
QEMYLPF,0,,...[FWY]..[WFY],PLRSNQFIFQDKELNDVSGEATAQEMYLPFPGRSASYED
NNEFVEF,0,,...[FWY]..[WFY],PLRLNNEFVEFTLSVESTGQESLEAVAQRLELREVTYFS
SPHFDWV,0,,...[FWY]..[LVI],PLRCPDACVDALLDTSVQHSPHFDWVVAHIGSSFPGTII
TISFLNY,0,,...[FWY]..[WFY],PLRHSWCKGNSCILADEMGLGKTIQTISFLNYLFHEHQL
NVGYASY,0,,...[FWY]..[WFY],PLRSNHLVNSDNVGYASYLLEQEKNKGYLPGQGPFVAAF
PDTWREW,0,,...[FWY]..[WFY],PLRSNKKQHLTTEASPSKGPDTWREWSSDGKNLIIYWKP
PFTFCVV,0,,...[FWY]..[LVI],PLRCPNIFPERRTICIDSPSVLISVNEHSYGSPFTFCVV
SLSFRPI,0,,...[FWY]..[LVI],PLRCPHSLSFRPIVVRQGSSRRSCCT
NEQYGAV,0,,...[FWY]..[LVI],PLRCPIDRSGRVADLTEQYNEQYGAVRTPYTMSYGDSLY
MRSYLPV,0,,...[FWY]..[LVI],PLRCPKGADPWFSTGTQNSHRGRKMRSYLPVGKRDIQK
LPDFKQI,0,,...[FWY]..[LVI],PLRCTKYIYNRSPAIAAVGPIKQLPDFKQIRSNMCWLRD
RRPYALL,0,,...[FWY]..[LVI],PLRPGPLLGAPAPPQPVPGAYPNTAPGRRPYALLHPHPL
EGKYGYV,0,,...[FWY]..[LVI],PLRIQTTDDTKVLCRNEEGKYGYVLRSYLADNDGEIYDD
PDAFDNV,0,,...[FWY]..[LVI],PLRFTNKENESQTVFQLDFCEPDAFDNVLNYIYSSSLFV
QAKYGDY,0,,...[FWY]..[WFY],PLRCPPETAVLLASYAVQAKYGDYNKEIHKPGYLANDRL
SRSWITI,0,,...[FWY]..[LVI],PLRCPPDDTKLIEDEFIIDESDQSFASRSWITIPRKAGS
MSSYLGV,0,,...[FWY]..[LVI],PLRCPTEPLQTPTIMSSYLGVAHQRPPQRQVVLSKFVRQ
PPNYVQV,0,,...[FWY]..[LVI],PLRCPPNYVQVSKTKCERTTCHDFLECQNSPARITHYQL
LEEFSPV,0,,...[FWY]..[LVI],PLRCPQLVLVNGEDLTRYREMSYKVTELLEEFSPVVERL
VASWWTV,0,,...[FWY]..[LVI],PLRWPQSNPKFLCADYAEQMSWIITVASWWTVRLKLRQ
RRTFRYL,0,,...[FWY]..[LVI],PLRGPSINPLPKPRRTFRYLSESGVTPYKERNCDKKYCE
LHSWSSF,0,,...[FWY]..[WFY],PLRYPVAWVNTMVFDFKGQLRTGDIILHSWSSFPDELEE
LIPFLSF,0,,...[FWY]..[WFY],PLRSQALQQELAMLREELRARGPVDTKPSNSLIPFLSFR
EYIFCFV,0,,...[FWY]..[LVI],PLRYQDGLRLLGARARGVAMLGVFLVSAVAHEYIFCFVP
QGVYQEV,0,,...[FWY]..[LVI],PLRSQYVTCVETYLEDEGQLDLVVKYLQGVYQEVGAKVL
ACFYVAV,0,,...[FWY]..[LVI],PLRCRTVTRGEGLSPTESCEGLGDLACFYVAVIFILNGL
TVNFRKL,0,,...[FWY]..[LVI],PLRVTVNFRKLLLNRCQKEFEKDKDDDEVFEKKQKEMDE
ARTFSFY,0,,...[FWY]..[WFY],PLRSQGHISIPQPDCPAEARTFSFYLSNIAATTRRAAL
SSLYTAY,0,,...[FWY]..[WFY],PLRCQHSSWVSSLYTAYLGPVLGGFSQGFNQDVSPGCE
IMKFLKI,0,,...[FWY]..[LVI],PLRRQKRNVKKAVVMQLKVPTIMKFLKIAKAVPVRV
SQPYEEV,0,,...[FWY]..[LVI],PLRSQPYEEVSQPCQEVPDISQPCQDISEALSQPCQKVP
SEIFEIV,0,,...[FWY]..[LVI],PLRWRGDHILVGTQDSEIFEIVVQERNKPFLIMQGHCEG
CRKFVKI,0,,...[FWY]..[LVI],PLRCRKFVKINNSTNEGMNVKKCCKGFCIDILKKLSRTV
SESFLTV,0,,...[FWY]..[LVI],PLRCRSQPRSISESFLTVKGAALFLPRGNGSSTPRISHR
ENNYTPV,0,,...[FWY]..[LVI],PLRSRSRTRSRERDLVKPKYDLDRTDPLENNYTPVSSVP
RSRYGIL,0,,...[FWY]..[LVI],PLRSRYGILMTKQELSFSDKKEVCKVVLRRLIQDSNQYQ
RIRYIAF,0,,...[FWY]..[WFY],PLRWSADHGNNKKGFRIRYIAFYYSTPESPPHGYIISQT
PLRYSAL,0,,...[FWY]..[LVI],PLRYSALSGNPFRMATRGIFRTALPVRSITTSKWKVTV
MGIFKTL,0,,...[FWY]..[LVI],PLRRSDLIDQMNASGPIKEKMGIFKTLENSEDSSPECL
PLRYSDL,0,,...[FWY]..[LVI],PLRYSDLNDPVVRPLGSENLLLRGATLKNTEKIFGVAIY
DPKFIEV,0,,...[FWY]..[LVI],PLRGSASSLVEAVLISEGLGQFAQDPKFIEVTTQELADA
PLRFSGL,0,,...[FWY]..[LVI],PLRFSGLCVDGVIFLKHHDGRNNGDAIVKFASCVDASGG
AGRYYAL,0,,...[FWY]..[LVI],PLRCSRGERRAIEKLAVEALSSLDGDLAGRYYALKSMTE
TNAYAAL,0,,...[FWY]..[LVI],PLRISSLENANYKDHENGTGTNAYAALNSVYLIMNNQMR
SLKYIDF,0,,...[FWY]..[WFY],PLRSTKYLSRQKPHKCGTHGKSLKYIDFTSDYARNNPNG
NNGYFMI,0,,...[FWY]..[LVI],PLRYTKHGTLKYQTDCAPNNGYFMIPLYDKGDFILKIEP
IGKFDMI,0,,...[FWY]..[LVI],PLRGTKVFKSSSGNISLYCCSIFDLPRTNIGKFDMIWDR
LKNWSSI,0,,...[FWY]..[LVI],PLRCTLVSSVSRSVSSLARPRALPVAHHRLKNWSSIFAA
ESLWKEL,0,,...[FWY]..[LVI],PLRCTPESLWKELSLQHEGLKELIHKQMRPFSQGIVILS
LRLYDAY,0,,...[FWY]..[WFY],PLRYTWSWNVCQELLSPKDLRLYDAYVNRNSSHNSRSSS
NELFLFY,0,,...[FWY]..[WFY],PLRSSYKTRTCRCRTGFNLGSDGRSCKRPKNELFLFYGK
LFGWDDI,0,,...[FWY]..[LVI],PLRSTAPSDFQPQPVISIIQLFGWDDIICPQVVARYLSH
DGHYKDY,0,,...[FWY]..[WFY],PLRLQKDYRTDLVFGTDVTCWFVHNSGKGFIDGHYKDYF
SDLWDDV,0,,...[FWY]..[LVI],PLRCTGFRWTHNSKYYQKGSHVRQDSMEPSDLWDDVSNC
PRIFTFI,0,,...[FWY]..[LVI],PLRLVIGILVVIIGVSLGMNTGYAINPSRDLPPRIFTFI
PLRYAQI,0,,...[FWY]..[LVI],PLRYAQIMTVVISCLVGRMWLLEIFMAAVSTLNITLRSY
GIFFGSF,0,,...[FWY]..[WFY],PLRGVGIFFGSFDNDGKKNNPAIVIIGNNGQIHYDHQND
RNQFHLL,0,,...[FWY]..[LVI],PLRSVSSFWKNMVWRNQFHLLKTLNLAQKRHAS
GFLYMVY,0,,...[FWY]..[WFY],PLRSVSTPVSEVYESEKDEDGFLYMVYASQETYGMKLSV
NNVFLFI,0,,...[FWY]..[LVI],PLRSVVLRHCKKRQSHLRLTLKNNVFLFIDKLSYRDAKQ
QASFDVF,0,,...[FWY]..[WFY],PLRSVVPSFGDCLVPTSMGQASFDVFHRAFSTHSGITVY
RRMFMGI,0,,...[FWY]..[LVI],PLRSVYGVDQTHSGLPLHHIRRMFMGIHALIWQGSQRC
HLLFRGV,0,,...[FWY]..[LVI],PLRCWDRGGWDGSSRAVHLLFRGVAHPSLYLFPREDPPR
LRKFSCV,0,,...[FWY]..[LVI],PLRCWDSPYLRPLRKFSCVKRACMKRMVLLNFKLMSRS
QVMFVTI,0,,...[FWY]..[LVI],PLRYWHCSWVSELQLELHCQVMFVTISGRMIWMSHLLG
LRSWKVF,0,,...[FWY]..[WFY],PLRSWKVFEEMVEPYRLHESCKDLTTAEKLKRKTPWKIT
NEMFRIF,0,,...[FWY]..[WFY],PLRRYDERIDRVETRITARLRDQLGTAKNANEMFRIFSR
ERQYQDF,0,,...[FWY]..[WFY],PLRSYDRTKRQRRRNWKLKELARERENMDTDNERQYQDF
LRCYNIV,0,,...[FWY]..[LVI],PLRCYNIVVEAMKAFPMSERIQEVSCCLLHRLTLGNFFN
QYEWQKL,0,,...[FWY]..[LVI],PLRTRCYVDGSEEIGSDFKLKCEPKEGSLPLQYEWQKLS
VTVFQWL,0,,...[FWY]..[LVI],PLREAAPKHELVRTALVPPAASFLGSVTVTVFQWLWTH
TITFLPW,0,,...[FWY]..[WFY],PLRDDFANASGTITFLPWQRSEVLNIYVLDDDIPELNEY
GAIFGAL,0,,...[FWY]..[LVI],PLRKANCVAWLGGAIFGALQDILGSRSVSKEYYNQTGRI
SLIYPAL,0,,...[FWY]..[LVI],PLRDDPDVKIKLKIQSLIYPALQPLDVDLPSYQENSNFL
LKLYFLF,0,,...[FWY]..[WFY],PLRDDPEDAKAKVLSVLKHSLLSFKRRRAMETLKLYFLF
GQAFTLL,0,,...[FWY]..[LVI],PLRDAPQYLRTYVHRVGRTARAGKTGQAFTLLLKVQERR
LSFYSHL,0,,...[FWY]..[LVI],PLRHAGNKPIKDQLGLSFYSHLPELHIFQIKGEIANQLV
SGSFPPV,0,,...[FWY]..[LVI],PLREAGSMKNLVLKIISGSFPPVSLHYSYDLRSLVSQLF
AEAFEAI,0,,...[FWY]..[LVI],PLRYAIKKFAEAFEAIPRALAENSGVKANEVISKLYAVR
PTHFTVY,0,,...[FWY]..[WFY],PLRSHDASKVKAEGPGLSKAGVENGKPTHFTVYTKGAGK
TSIFTQV,0,,...[FWY]..[LVI],PLRHAVQMHIQFSSRGWVLDQTSIFTQVDAFVQRCKDLI
PLRYCCI,0,,...[FWY]..[LVI],PLRYCCINCIHLLPDLHALEHTYSDKDGLLIIGVHSAKF
DLQYSFF,0,,...[FWY]..[WFY],PLRDCGGLRLSRPPAPPPGDLQYSFFSSPSLANSIHSPG
PTQYSSF,0,,...[FWY]..[WFY],PLRHCILDPVQVKMSRPTQYSSFSATISPTITVAVFFA
EEGYLHI,0,,...[FWY]..[LVI],PLRYCKANLCGILYFVDSNEMYGTPSVFLTEEGYLHIQM
PVLYPLL,0,,...[FWY]..[LVI],PLRDSNFITALELAVRFGKTLIIQEMDGVEPVLYPLLRR
LPVFGKV,0,,...[FWY]..[LVI],PLRNCSTLDSLPVFGKVVTQGTREAAFVYAISSAGVAFA
VTKYLRL,0,,...[FWY]..[LVI],PLRHCTNTDNPRYKEGDLTLYAINLHNVTKYLRLPYPFS
TGRFSHI,0,,...[FWY]..[LVI],PLRNCVKNASLISALSTGRFSHIQTPVVSSTPRLTTSER
VSSFTAF,0,,...[FWY]..[WFY],PLRHFIGNCVSSFTAFVKRERDLQGRPSSFFGMDRPPKL
KSCWVVL,0,,...[FWY]..[LVI],PLREDCKFDRERIELFCTEYQNNKNSWKSCWVVLAVLS
HSSWRKV,0,,...[FWY]..[LVI],PLRNDDHSSWRKVLEKCQGVVDIPFRSKGMSRLGEEVNG
EEEFIPL,0,,...[FWY]..[LVI],PLREDEEEFIPLAQRLTCKFLTHKQLSPEDSSSPVKSVL
IGNFLYV,0,,...[FWY]..[LVI],PLRPRYQHGIAVIGNFLYVVGGQSNYDTKGKTAVDTVFR
VHTYEQV,0,,...[FWY]..[LVI],PLRNDEVHTYEQVIYTLQKAVNCTQKEAIGFATTVDRDG
ILVYGNI,0,,...[FWY]..[LVI],PLRNDILVYGNIVIQKKKYNKQHIIPLENVTIDSIKDEG
KKYFRRI,0,,...[FWY]..[LVI],PLRNDLEACVMQEERVGETPLMNADSILAVKKYFRRITL
LKHFYDL,0,,...[FWY]..[LVI],PLREDLKHFYDLSDSDSNLSNEDSKALKQKKIKKIKTPD
QTDFNEL,0,,...[FWY]..[LVI],PLRNDLKIEVIEKLFAMDTEAKDQCSTQTDFNELDLETL
AFYYCRL,0,,...[FWY]..[LVI],PLRNDLNMKAVEQDEPIPQKPQSAFYYCRLLLSILGMNS
TFQFNNL,0,,...[FWY]..[LVI],PLREDTCKGQLTGHKKRLFTFQFNNLGNTDINYIKDDTR
GSKFDNI,0,,...[FWY]..[LVI],PLRDENMGSKFDNIGMNAMANKDNASLKQLRWEAERDDW
EKKFHTV,0,,...[FWY]..[LVI],PLREEEPVKKVLEKKFHTVSGSKCEIKVAQPKEVYQQQQ
GALYEAI,0,,...[FWY]..[LVI],PLREEEQNGALYEAIKFYRRAMQLVPDIEFKITYTRSPD
SELYEAV,0,,...[FWY]..[LVI],PLREEFFFSASLPTNTTSSELYEAVKNYIVNKCGLEFKF
PLRYDYF,0,,...[FWY]..[WFY],PLRYDYFRKKLKKPADIPNCFEMKLHRNNISKSPIGVL
TPAFSVW,0,,...[FWY]..[WFY],PLRNEASVLHNLRGGTTPASSTRTPAFSVWSSTRTSTS
KTKYVGY,0,,...[FWY]..[WFY],PLRDEYAIGYFKKQGFSKEIKIPKTKYVGYIKDYEGATL
SRLFFVI,0,,...[FWY]..[LVI],PLRQTEKHVFEQASNHPFLVGLHSCFQTESRLFFVIEYV
KNGYTPL,0,,...[FWY]..[LVI],PLRNAKTKNGYTPLHQAAQQGHRTSSTSCSSMGPSRTP
EALYKWL,0,,...[FWY]..[LVI],PLRNEPCTSFAECVCDENCEKEALYKWLLKKEGKDKNGM
QREYLSL,0,,...[FWY]..[LVI],PLRNERDTLEFEMRHLQREYLSLSDKICNQHNDPSKTTY
SGTYSDY,0,,...[FWY]..[WFY],PLRDESEVDKTHCLNNSVSSGTYSDYSPSQASSGSSNTR
DKSFRGV,0,,...[FWY]..[LVI],PLRDKSFRGVILTSDRPGVFSAGLDLTEMCGRSPAHYAG
PLRYETL,0,,...[FWY]..[LVI],PLRYETLHANLPPTLAKSQVSSVRKNLKLHLLSVLMHPA
VHLYEVL,0,,...[FWY]..[LVI],PLRMLRKERFNLNSQGKVHLYEVLSFTTTGLQEVQHL
VNLYNTL,0,,...[FWY]..[LVI],PLRDEWKVNLYNTLDSSITDKSEIFVHGDLNGIFSK
HHDYHHI,0,,...[FWY]..[LVI],PLRNEYVPRGCKNKCHSHFHDTLGQSDDLIHHHHDYHHI
LRDFAFI,0,,...[FWY]..[LVI],PLRDFAFIANPSSTEISSITGNIELNQQTCLLTLRDYNN
LRHFCVF,0,,...[FWY]..[WFY],PLRHFCVFANTVGLTDEGSDDEGMPENSLLIIILSVIFI
PMTYDPY,0,,...[FWY]..[WFY],PLRNFDVEYTAEDLASVPPMTYDPYDRELVPLLYFSCPY
IASFSSL,0,,...[FWY]..[LVI],PLRNFEIASFSSLSGTQPITWQVEYPRKGTTDIAVSEIF
LRHFEKI,0,,...[FWY]..[LVI],PLRHFEKIKSEGTCIHRLDEELIRRRREELRHALDIREH
NDLFLQY,0,,...[FWY]..[WFY],PLRDFELQTTPVVRGLHPEYNFTSQYLVHVNDLFLQYIQ
DSQYPPV,0,,...[FWY]..[LVI],PLRDFQAKREKVDSQYPPVQRLMTPKPVSIATNRSVYFK
ASTYSAI,0,,...[FWY]..[LVI],PLRDYHRQALVLIPQNASTYSAIGYIHSLMGNFENAVDY
SSSFAGL,0,,...[FWY]..[LVI],PLRHFLINDVMLTSSSFAGLEATTPLLPGIGMMRLKQPF
AGCYNGI,0,,...[FWY]..[LVI],PLRHFLKGVSFNESAADNLKLKTHTMLQLMKEAGCYNGI
CYFYHGV,0,,...[FWY]..[LVI],PLRNFNRNEKCMELLDGKNGKSCYFYHGVHKISDQHTLQ
GIAFSRL,0,,...[FWY]..[LVI],PLRDFPAQVALTSSQIWWTTDVGIAFSRLEEGYETALK
KRTWEKL,0,,...[FWY]..[LVI],PLRLDFQMEQYIYKRKSDGIYIINLKRTWEKLLLAARA
IADFSGL,0,,...[FWY]..[LVI],PLRFLINLVKQKPQITEEQLEAVIADFSGLLEKCCQGQE
CKGFLVI,0,,...[FWY]..[LVI],PLRDLTICSTLLAFIMELLKNSIAMQEQMLACKGFLVIF
ESLFLPY,0,,...[FWY]..[WFY],PLRLHTHRAMRSCASESLFLPYYPPDSEARRPCPGATGR
SEQYETL,0,,...[FWY]..[LVI],PLRNGFEDRTSEQYETLLIETASSLVKNAIQLSIEQLVN
RNGFTGW,0,,...[FWY]..[WFY],PLRNGFTGWTETSVKENKNINEAMRVLIEKMMRNSTEDI
KLQYSIL,0,,...[FWY]..[LVI],PLRHGHFVTCVKAYDADSSDIDKLQYSILSGNDHKHFVI
PSKYVLY,0,,...[FWY]..[WFY],PLRDFWKKSRNTLAPQRLLFEVTSANVVKDPPSKYVLYT
ACSYGHY,0,,...[FWY]..[WFY],PLRHGADVHAKNKGDLVPLHNACSYGHYEVTELLVKHGA
TEYFNQL,0,,...[FWY]..[LVI],PLRDGALRNTEYFNQLKDNSNIILLGDSQGDLRMADGVA
RSRWPTL,0,,...[FWY]..[LVI],PLRSRWPTLQAWGAGLKPGYQAGDEYAEARSQPGNGMPG
VGDFNYI,0,,...[FWY]..[LVI],PLRDGSLYVGDFNYIRRIFPSRNVTSILELRNKEFKHSN
TSNYSVL,0,,...[FWY]..[LVI],PLRYGSEIKRGSQNGGNFLTSNYSVLCSGAQATSVDTES
SGVWVAY,0,,...[FWY]..[WFY],PLRYGVKTQSINVLSGVWVAYENPDFTGEQYILDKGFYT
TIMFKVV,0,,...[FWY]..[LVI],PLRNGVSVEGLDPEQVIHILAMSRGTIMFKVVPVSDPPV
NKGFTMI,0,,...[FWY]..[LVI],PLRNGIIQGERDHYGYRQSVTYACNKGFTMIGEHSIYCT
LRQYIIF,0,,...[FWY]..[WFY],PLRQYIIFGTEDGIYTLNLNELHEATMEQLFPRKCTWLY
LMHFDAW,0,,...[FWY]..[WFY],PLRNGKPLAGLMHFDAWNIMKSVPEGPVQLLIRKHRNSS
MDGYRFW,0,,...[FWY]..[WFY],PLRRREMDGYRFWKTGYWASHLLRRKYHISALYVVDLKK
LTEYFTF,0,,...[FWY]..[WFY],PLRKILYPSTLFLLRGNHECRHLTEYFTFKQECKIKYSE
HHGWPII,0,,...[FWY]..[LVI],PLRNHHGWPIIIIIRDGVLLLLPSLECNGAISAHCKLHL
ISLYRFL,0,,...[FWY]..[LVI],PLRDHILQQNVNGQTISLYRFLPNIVMQANSTVTVWAAA
MNQFRML,0,,...[FWY]..[LVI],PLRVHKVGNTPLDMNQFRMLFSTCKVPGITRDSIMNYFR
TIIWGPV,0,,...[FWY]..[LVI],PLRDHLELFLKMLRQVLVTVLALPAWHSRKLTIIWGPV
QLYFQRI,0,,...[FWY]..[LVI],PLRNHNLKKTPATKIREDKSVQLYFQRISILLSIGAS
MRVWLGL,0,,...[FWY]..[LVI],PLRDHSATIVSIKDEDENKFVSRLMRENNNITMRVWLGL
RISWPQL,0,,...[FWY]..[LVI],PLRNHSLPDRRISWPQLMICTKPNLFWGTHQASGLTFSA
LACWVLW,0,,...[FWY]..[WFY],PLRIDHTQYKFGHPRFSSKLACWVLWKKCVMKSWLNSS
SKTFKTL,0,,...[FWY]..[LVI],PLRDYYSKTFKTLIKKERQPIKPEPKSQPRIKGTPNKTD
APRYASI,0,,...[FWY]..[LVI],PLRDIAPRYASILMGISNGVGTLSGMVCPIIVGAMTKNK
LPTFQQL,0,,...[FWY]..[LVI],PLRNICLTADSSGPVSASLWTPQAKLPTFQQLLHTQLLP
RKRWFQL,0,,...[FWY]..[LVI],PLRLRKRWFQLGRSMNPRARKNRSRIPLLRKRRFHSSVP
EDMFREV,0,,...[FWY]..[LVI],PLRDIHNRHLSNEDMFREVDEIDEIRRVRNKLIVMRWKV
EHAFILY,0,,...[FWY]..[WFY],PLRDIPPRRYFRSGVEIIRMASIYSEEGNIEHAFILYNK
DSLFNTV,0,,...[FWY]..[LVI],PLRDSLFNTVTDKKIAILGFAFKKDTGDTRESSSIYISK
RNIYELI,0,,...[FWY]..[LVI],PLRNIYELIRGRRYPLSEEKIMHYMYQLCKSLDHIHRNG
KRGYGKI,0,,...[FWY]..[LVI],PLRNLKSVNELIYKRGYGKINKKRIALTDNALIARSLGK
RDKWIKY,0,,...[FWY]..[WFY],PLRDKWIKYRKGHANIAYTPDIIIASILRLIGRLGQLGL
PLRYHFV,0,,...[FWY]..[LVI],PLRYHFVISREQMEKDIQEHKFIEAGQYNDNLYGTSVQS
NKGYQMV,0,,...[FWY]..[LVI],PLRLGLNKGYQMVVNKGSDGGQSVCQVHLHVLGGWQMHW
VRDYHKV,0,,...[FWY]..[LVI],PLRNKIYCVRDYHKVLAPKCAACGLPILPPEGSDETIRV
PDNFLHI,0,,...[FWY]..[LVI],PLREKKNQVMIHGIEPMLETPLQWLSEHLSYPDNFLHIS
RKIFSLI,0,,...[FWY]..[LVI],PLRDKKQDLEAKNTQTLTADVKDNEIIEQQRKIFSLIQE
QHFYQNV,0,,...[FWY]..[LVI],PLRNKKRHIQQHFYQNVSKTQVGVFKCPECPLLFVQKPD
LKDYAKL,0,,...[FWY]..[LVI],PLRGKLDPQKAFFSGRLKARGNIMLSQKLQMILKDYAKL
SGSFSEL,0,,...[FWY]..[LVI],PLRDNLSGSFSELSSVVSSSGTEGASSLEKKEVPGVDFS
PKVYIII,0,,...[FWY]..[LVI],PLRIQTTTLTVSMSLSASVSLGMLYMPKVYIIIFHPEQN
GRQYPIF,0,,...[FWY]..[WFY],PLRNKMLNHENVVNMVTVGRQYPIFISGVL
LRDYGRY,0,,...[FWY]..[WFY],PLRLKPGGMMLLRDYGRYDMAQLRFKKGQCLSGNFYVRG
TNIFESF,0,,...[FWY]..[WFY],PLRDKYPFKSPSIDLTNIFESFLPQLLAYPNPIDPLNGD
CPQFDAI,0,,...[FWY]..[LVI],PLRSILTNISEVHQNMGYCPQFDAIDELLTGREHLYLYA
CCTYLQI,0,,...[FWY]..[LVI],PLREKPYKCKQCGKAFICCTYLQIHERIHTGERPYKCKQ
SGVYQHV,0,,...[FWY]..[LVI],PLRYKSGVYQHVTGEMMGGQAGVWRMAHRTGWL
CENWREI,0,,...[FWY]..[LVI],PLRNKTTCENWREIHHLVFHVANICFAVGLVIPTTLHLH
DAGFTGL,0,,...[FWY]..[LVI],PLRDKVSYEVPRLHGDEERFFVEGLSFPDAGFTGLISFH
LLLYQEL,0,,...[FWY]..[LVI],PLRDLDGDASMAKAITGVVCYACRIASTLLLYQELMRKG
KTEWLCL,0,,...[FWY]..[LVI],PLRNLCGFNPTPHLVEKTEWLCLNCQTKRLLEGSLGEPT
VDFYAPW,0,,...[FWY]..[WFY],PLRDLDESFKENRNDDIWLVDFYAPWCGHCKKLEPIWNE
EVKFEIL,0,,...[FWY]..[LVI],PLREIQLELYEVKFEILKNKEILLTT
VKVYDYY,0,,...[FWY]..[WFY],PLRVRDLKPAIVKVYDYYETDEFAIAEYNAPCNKDLGNA
SVSFQAL,0,,...[FWY]..[LVI],PLRIIIVPRSEVLVQQTLQRIRQSVSFQALCHIANPVMG
VRSWVLV,0,,...[FWY]..[LVI],PLRNLGKKPGTITTVGLLTKIQVRSWVLVLFQV
LGSWDLL,0,,...[FWY]..[LVI],PLRDLGSWDLLICLSSKKAEGTPCISKEVMRQLGLHQKA
TTPWIIF,0,,...[FWY]..[WFY],PLRDLIMLIMMVGNLVIIPVGITFFTEQTTTPWIIFNVA
LNKFKTF,0,,...[FWY]..[WFY],PLRNLLNIMEPSLLQFYISRQWLNKFKTFAEPGPISNND
TLSFIVI,0,,...[FWY]..[LVI],PLRDLRAELGKDLQEPEFSAKKEGKVLFNNTLSFIVIEA
AIRWLML,0,,...[FWY]..[LVI],PLRYLREEMVLDNIPKLLNCLRDCNVAIRWLMLHTADSA
LLKYFPV,0,,...[FWY]..[LVI],PLRHLRGLRATLLKYFPVTNDNNA
KHWWQDL,0,,...[FWY]..[LVI],PLRINRCKLDVRTRGLTVMFEIMKTYGHTYEKHWWQDLF
NLSFKDI,0,,...[FWY]..[LVI],PLRNLSFKDITKKALQSHRFFTMTMTFSKNLWFKGSVVL
AQSFPNL,0,,...[FWY]..[LVI],PLRNLSRSSSDNNTNTLGRNVMSTATSPLMGAQSFPNLT
GYSFSLI,0,,...[FWY]..[LVI],PLRYLMSYISNFEDMLLTIIHIIQIPCAVGYSFSLIFMT
LMVYMYL,0,,...[FWY]..[LVI],PLRNLMVYMYLPEPRRVSGACACCVGQTSTWVPT
VNIYKNV,0,,...[FWY]..[LVI],PLRHLPSLEIRENAIDRLVNIYKNVVHKTGGYLTESGYV
SDAFVPF,0,,...[FWY]..[WFY],PLRRDPSFFSNPQDFNPQHFLDDKGQFKKSDAFVPFSIG
IGFYGAF,0,,...[FWY]..[WFY],PLRELQKQIMSELEILYKCDSSYIIGFYGAFFVENRISI
AGNFVLV,0,,...[FWY]..[LVI],PLRQAGNFVLVFPFNEATLGASRNGLNVKRIIQELQKLM
PLRYLVY,0,,...[FWY]..[WFY],PLRYLVYLKSDYLPCAGVLIHPLWVITAAHCNLPKLRVI
MGKYDFI,0,,...[FWY]..[LVI],PLRNMEKYDLNIGKYDFNMRECDFNVRKYDLNMGKYDFI
REMFEIY,0,,...[FWY]..[WFY],PLREMFEIYSQHFQPDEDFSNCAKEIASKHFRFAEMLYY
GDVYTYF,0,,...[FWY]..[WFY],PLRDMKHQSFYIETKLDGERMQMHKDGDVYTYFSRNGYN
GDVYKYF,0,,...[FWY]..[WFY],PLRDMKHQSFYIETKLDGERMQMHKDGDVYKYFSRNGYN
HLHFKNI,0,,...[FWY]..[LVI],PLREMILSSEKGRLPEHITKFLITQILVALRHLHFKNIV
QNPFILL,0,,...[FWY]..[LVI],PLRNMKVWLLKLLSQNPFILLNSPTAIKETLEFLQEQGF
PLRYMLV,0,,...[FWY]..[LVI],PLRYMLVFKGKRYLTGIGSDTRNALYHVHNGEDVVLLTT
VSEFPVI,0,,...[FWY]..[LVI],PLRNMQILLRLAKLNELDDSLEKVSEFPVIVESLKCLCN
DGVFLYF,0,,...[FWY]..[WFY],PLRKPELRKKVHPAVVIRQRKSYRRKDGVFLYFEDNAGV
DGSFRCI,0,,...[FWY]..[LVI],PLRINECDEAEAASPLCVNARCLNTDGSFRCICRPGFAP
STPFKPL,0,,...[FWY]..[LVI],PLRNNEDVSFSRPADLDLIQSTPFKPLALKTPPRVLTLS
RKLFILL,0,,...[FWY]..[LVI],PLRYNITESSQQMEEAIWAVSALSEEVSHFEKRKLFILL
PLRYNKL,0,,...[FWY]..[LVI],PLRYNKLRQPFFQKRSELISKILNLGVTTFGNHLQVSAL
KMTFKDL,0,,...[FWY]..[LVI],PLRGNKTKMTFKDLGMDDLGIYSCDVTDTDGIASSYLID
NNNFHVL,0,,...[FWY]..[LVI],PLRYNNNFHVLSSTANGKIESSVGKSLSKMYARHRKIYT
KDEWHKV,0,,...[FWY]..[LVI],PLRGYSWNNRCMVEIVQKYDPEKDEWHKVFDLPESLGGI
VAKFQPF,0,,...[FWY]..[WFY],PLRNPGHLLQTNEQFTAPQKVVAKFQPFRCRPFRLRLI
PLRYPHF,0,,...[FWY]..[WFY],PLRYPHFAPDAAANLTKIVAYLGTYIGGVTFSGSLIAYG
AIVYSVL,0,,...[FWY]..[LVI],PLRLKKSYSLTLDRTLAIVYSVLTPMVNPIIYSFRNKEI
SIKYNIW,0,,...[FWY]..[WFY],PLRLKHGRVFIIKSYSEDDIHRSIKYNIWCTEHGNKRL
GEPYYIL,0,,...[FWY]..[LVI],PLRNPKEQDTFLKNGEPYYILQHPNILQCVGQCVEAIPY
LDMFSSV,0,,...[FWY]..[LVI],PLRNPLNLADLDMFSSVNCSSEKPLSFSAMFSTSKSVST
EMPYNIW,0,,...[FWY]..[WFY],PLRHPLRERARKLSQGILIIRFEMPYNIWCDGRKYHIGM
PNCFELY,0,,...[FWY]..[WFY],PLRPNCFELYIPNNKGQLIKACKTEADGRVVEGNHMVYR
GRSYRGI,0,,...[FWY]..[LVI],PLRKSPVVQDCYHGDGRSYRGISSTTVTGRTCQSWSSMI
GLNFYLI,0,,...[FWY]..[LVI],PLRHPVKKIVQEYPGNELLLVYDEDFKYGLNFYLIATEE
NVDYCQI,0,,...[FWY]..[LVI],PLRKVWDDQAVWNVDYCQILKDLQLRT
NQEYETL,0,,...[FWY]..[LVI],PLRKLKNQEYETLDHLECDLNLMFENAKRYNVPNSAIYK
LRLYRVL,0,,...[FWY]..[LVI],PLRLYRVLEAGKIGIFESPTGTGKSLSLICGALSWLRDF
QNGFEEL,0,,...[FWY]..[LVI],PLREQPLQNGFEELIQWTKEGKLWEFPINNEAGFDDDGS
NQTWAQL,0,,...[FWY]..[LVI],PLRNQTWAQLQARVPGQRARLADYCAGAMFVQQLLSRGY
KPMYLHI,0,,...[FWY]..[LVI],PLRNQVKVAGKPMYLHIGEEIDGVDMRAEVGLLSRNIIV
EGQFQQV,0,,...[FWY]..[LVI],PLRRDGVSEGQFQQVLHHELLAIREACIKLEKDYQPGIT
VAEFFEF,0,,...[FWY]..[WFY],PLRYRERTKAESIASLLSLAITTEHTLHATLGVAEFFEF
ELLFNTI,0,,...[FWY]..[LVI],PLRERFEAPEALFQPHLINVEGVGVAELLFNTIQAADID
VLHYYNV,0,,...[FWY]..[LVI],PLRNRFTSAGQASKNIIQPPSCVLHYYNVPLCVTEETFT
LTMFGVI,0,,...[FWY]..[LVI],PLRHRHLGLRLCDKLGKNLLLTLTMFGVILGAVCGGLLR
PHEYSVL,0,,...[FWY]..[LVI],PLRHRLAILSNFPETTSPHEYSVLLPEACFNGDSLMIIP
PFSFTKL,0,,...[FWY]..[LVI],PLRNRLKNLPFSFTKLKELAALWLSDNQSKALIPLQTEA
RRGFIML,0,,...[FWY]..[LVI],PLRERNCAMLHVRGLISDQCGSSRIIRRGFIMLTRLVLN
NVHFEIL,0,,...[FWY]..[LVI],PLRVSGLTGELEFGENGGNPNVHFEILGTNYGEELGRGV
TRLWGLF,0,,...[FWY]..[WFY],PLRNRTLSRHGFDVRAKLAWEGNETVTTRLWGLFCSSRS
KGNYWSL,0,,...[FWY]..[LVI],PLRHPGKGNYWSLDPASQDMFDNGSFLRRRKRFKRHQLT
ASSWPMF,0,,...[FWY]..[WFY],PLRDSAEIQPIGNCEKNGGMLQPPLGFRLNASSWPMFLL
QLAWLCL,0,,...[FWY]..[LVI],PLRISPALRTSDSHRRKCFGSSHFPHQLAWLCLENAALQ
AEVYNQY,0,,...[FWY]..[WFY],PLRHSIIETSRSSLTEPTAEVYNQYPSNALVFESSPFNT
HRLFFNF,0,,...[FWY]..[WFY],PLRIIQNWHLPERFKACNHRLFFNFCPALRKEKMKHSEV
ETCFDKY,0,,...[FWY]..[WFY],PLRESKPEAEETCFDKYTGNTYRVGDTYERPKDSMIWDC
LTYYVKL,0,,...[FWY]..[LVI],PLRNTLLQSKVGLLTYYVKLYPGEVTLLTRPSIQMRLCC
EISFGKL,0,,...[FWY]..[LVI],PLRDSPNTGAHWMRQEISFGKLKLTNNKGASNNNGQMVV
KPEWQRW,0,,...[FWY]..[WFY],PLRDSRGKMLSPATKPEWQRWAESAETRIATLLQQVHGY
GWYWCGV,0,,...[FWY]..[LVI],PLRNSRLVSLTLNLVTRADEGWYWCGVKQGHFYGETAAV
VCLWKVI,0,,...[FWY]..[LVI],PLRNSTDVCLWKVIETAVSELKKDLDIICKYNEAVNCSY
LGLFGLL,0,,...[FWY]..[LVI],PLRNSTVLTLMTLTPEGSELHIILGLFGLLLLLTCLCGT
DKAYQEL,0,,...[FWY]..[LVI],PLRDTAIVNSDLDKAYQELLRLINKLDTEPQWVPST
RSLWLQV,0,,...[FWY]..[LVI],PLRNTDAALLAWGPREVAGCTSGRHRCRSLWLQVWKSM
RNTFIQF,0,,...[FWY]..[WFY],PLRNTFIQFKKPIIVAVNGPAIGLGASILPLCDVVWANE
LLAYIRL,0,,...[FWY]..[LVI],PLRETILNALLTWVRHDLEQRRKDLSKLLAYIRLPLLAP
TSQYFFI,0,,...[FWY]..[LVI],PLRNTSQYFFITPLLQNLPYSEKMTVLFVYNGPHMLEP
NGAYNIF,0,,...[FWY]..[WFY],PLRHTTFSKKENNQVPAVVAFSQGSVGFLWKSNGAYNIF
CKEFLDI,0,,...[FWY]..[LVI],PLRYTISGKETLSDLVTLIAGCKEFLDIQLRINEKKTLN
GKTFIAV,0,,...[FWY]..[LVI],PLRNTIVCLNTGSGKTFIAVLLTKELSYQIRGDFSRNGH
KGQYIHF,0,,...[FWY]..[WFY],PLRYTLQYGQCGDKGQYIHFTPNFLLTNNLATYGPRGKV
LRPFIFV,0,,...[FWY]..[LVI],PLRDTSEVNLPKQVIKQLVQLLALRPFIFVMTQNIVNL
EREFNNL,0,,...[FWY]..[LVI],PLRNTQARAVLEREFNNLLVMGTDRRFDEDDDKSFRRAP
ARFFKGL,0,,...[FWY]..[LVI],PLRDVARFFKGLNVARGGVALCLNAQGRRNGEALIRFVD
EELYPDI,0,,...[FWY]..[LVI],PLRDVYREEEILEAYDEDEDEELYPDIHPPPSLPLPGQF
PLRFKHF,0,,...[FWY]..[WFY],PLRFKHFVGMLPEKDCRCALYDASFETKESSTEELIFFL
ISEWGPW,0,,...[FWY]..[WFY],PLRHVEDYLCDPEEMPLGSRVCKLPCPEDCVISEWGPWT
EVEFPLV,0,,...[FWY]..[LVI],PLREVEFPLVEEELQNIDLRLRAAEETLNWKTEGICDY
MDSYKKI,0,,...[FWY]..[LVI],PLRHVFRTKSSHTFPKGTSVIARNQVRLAEVWMDSYKKI
SLLWKMF,0,,...[FWY]..[WFY],PLRNVGGQVYFTRHSTLISIPHSLLWKMFSPKRDTANDL
LHIYGYF,0,,...[FWY]..[WFY],PLRDVKSLLHIYGYFDEEMAVKYISEVALALDYLHRHA
LFPFSAL,0,,...[FWY]..[LVI],PLRDVLDTWFSSALFPFSALGCRKRPQTLLVSTRCHFW
KYSFQDF,0,,...[FWY]..[WFY],PLRDVLVLRQLRYTGMLETVQIRQSGYSSKYSFQDFVSH
RQIFRSI,0,,...[FWY]..[LVI],PLRNVMNVENPFIRRQIFRSIKVFTRGRNPMNVANVEKP
HSWFPGY,0,,...[FWY]..[WFY],PLRYVNPHGYVHETLTVYKACNLNLIGRPSTEHSWFPGY
QLFYTKV,0,,...[FWY]..[LVI],PLRYVNRIVQQWNLQDNDDDQLFYTKVYIDPLKREAINI
LHSFRKL,0,,...[FWY]..[LVI],PLRDVSDPGRCLHSFRKLRDYARKGCWEAQLSLAKACAN
SLRWPPV,0,,...[FWY]..[LVI],PLRHVSSTSLRWPPVRGSRTSRVPAPRTFAARLRLCPR
SAAWYDV,0,,...[FWY]..[LVI],PLRYHCHQSAAWYDVSSGSYDKALRFLGSNDEEMSYDNN
VFLYQIL,0,,...[FWY]..[LVI],PLRYVVTELMQSDLHKIIVSPQPLSSDHVKVFLYQILRG
DKPWARL,0,,...[FWY]..[LVI],PLREVTDSPDYDRRADKPWARLTPADKAAIRKELNEFKS
RNYFRHL,0,,...[FWY]..[LVI],PLRNYFRHLWNKALLRACADGGANRLYDITEGERESFLP
LRDYGQF,0,,...[FWY]..[WFY],PLRDYGQFGLQRLGLNMSEGSNSSNQPHGTNSSSVAIAI
SQRWAAV,0,,...[FWY]..[LVI],PLREEARWCACGTRTWPLPTPAAPRASQRWAAVW
QWLWNIL,0,,...[FWY]..[LVI],PLRVAAVARAAARCNKGIEACLQWLWNILCW
KKDFRQV,0,,...[FWY]..[LVI],PLREACEKGNMLKRQRIKREKKDFRQVIVNDCHLPESFK
SDYFRAL,0,,...[FWY]..[LVI],PLRKAFFCGRSDYFRALLDDHFRESEEPATQGARQPSP
QVSYPLW,0,,...[FWY]..[WFY],PLREALGVFIVPSRPQRETEVLRGRRQVSYPLWASNIYP
DLHFLNL,0,,...[FWY]..[LVI],PLRLKARTLPDDLHFLNLEGSRYHIALISVYSFKMKFFI
GITYIVV,0,,...[FWY]..[LVI],PLREEDYRPGITYIVVQKRHHTRLFCADKTERVGKSGNV
LRNYRCL,0,,...[FWY]..[LVI],PLRNYRCLVQSYPKKIHDLCDLLLIF
KTHWALV,0,,...[FWY]..[LVI],PLRHYTNQTDMPHCLLCNNKTHWALVRSTMCFEKEVDYL
LGTFSAV,0,,...[FWY]..[LVI],PLRNYVFKNALRLGTFSAVLVTYAASALLHGFSFHLAAV
LQRFYSL,0,,...[FWY]..[LVI],PLRYYVKEVLNKHELQRFYSLRHIASDVGRGRAGCAVP
LRNYVNV,0,,...[FWY]..[LVI],PLRNYVNVEFGVPFPNPANDLSDLLRAIPRANPLSLDSA
AREFRKL,0,,...[FWY]..[LVI],PLRQAAFEVEGESSGAGLSADRRRSLCAREFRKLGFSNS
SGIYTIY,0,,...[FWY]..[WFY],PLRQAGFNKSGIYTIYINNMPEPKKVFCNMDVNGGGWTV
LGKYWAI,0,,...[FWY]..[LVI],PLREAGILDTYLGKYWAIKLATNAAVTVLRVDQIIMAKP
RERFYIY,0,,...[FWY]..[WFY],PLREEGRRDDSLSSTSEDSEKDEKDEDHERERFYIYRH
GGIYTCF,0,,...[FWY]..[WFY],PLREDGSLEINNITRNDGGIYTCFAENNRGKANSTGTLV
HEKWIYV,0,,...[FWY]..[LVI],PLREEHEYASKKRKKDHFRNDTNTQSFYHEKWIYVHKES
EAKFIGI,0,,...[FWY]..[LVI],PLRKAIVNSCIQHYHDNCLPTIFVYKNGQIEAKFIGIIE
VTMFSEY,0,,...[FWY]..[WFY],PLRKAKIVLDIIVTMFSEYCENQFTVEAAEVVFPNGKSH
KADWERW,0,,...[FWY]..[WFY],PLREDKVECANNALKADWERWKQNIKMISS
GGDYERF,0,,...[FWY]..[WFY],PLREALEMASKGDSTQADKLVRDIYGGDYERFGLPGWAV
SGFYTQL,0,,...[FWY]..[LVI],PLRQANLSLFLEAASGFYTQLLQELCTVFNVDLPCRVKS
HEAWQKL,0,,...[FWY]..[LVI],PLREDPVKFHEAWQKLCKADGILVPGGFGIRGTLGKLQA
LCTFLPL,0,,...[FWY]..[LVI],PLREDTVTEGKRFSLDITNLMPLAACQALCTFLPLGSYR
EDPWQAV,0,,...[FWY]..[LVI],PLREDPWQAVKSLTQARLLSQPPAKAFLYEPTTQASGRA
SDLYHRL,0,,...[FWY]..[LVI],PLREAPYSREEERQRLSDLYHRLHARLHSTPVRCASFT
EQIYELF,0,,...[FWY]..[WFY],PLREEQEKLLKKSCTLYVGNLSFYTTEEQIYELFSKSGD
LCAFPSI,0,,...[FWY]..[LVI],PLRVASSFLIGLGSLLCAFPSINEENKQSKVGIEDICEE
SRNFTSV,0,,...[FWY]..[LVI],PLRKAVPSQTVSRNFTSVDHGISKDKRDYLWTSAKNTLS
CNAWKVY,0,,...[FWY]..[WFY],PLRQAVRIENLELMSQHGCNAWKVYNENLVHMIEHAQKE
KYLYMEY,0,,...[FWY]..[WFY],PLRQCMLHNNNNLEACCRALSQESSKYLYMEYHSPDDNR
EYQFRTY,0,,...[FWY]..[WFY],PLRECNYKVTGLVEGLEYQFRTYALNAAGVSKASEASRP
RCYFWCL,0,,...[FWY]..[LVI],PLRQCCLRCYFWCLENAIKFLNRNAYI
DDTFEAL,0,,...[FWY]..[LVI],PLRECGFTSQTARPQAPATVGLAFRADDTFEALCIEPFS
NAKYFIV,0,,...[FWY]..[LVI],PLRQCFVVDKESGRCKAIIDHFGQRINAKYFIVEDSYLS
GKAFRYL,0,,...[FWY]..[LVI],PLRFLFSFRNHIRIHTGETPYECKECGKAFRYLTALRRH
GKGFTSI,0,,...[FWY]..[LVI],PLREKPYRCNECGKGFTSISRLNRHRIIHTGEKLYNCNE
CVLYYYL,0,,...[FWY]..[LVI],PLRYLERKSVPDCVLYYYLTKKNENYKASSVVIMGNAV
HSIFTFF,0,,...[FWY]..[WFY],PLRKGSHHRFITEKRVLRTGHGHSIFTFFNQTGNQNHL
KCIYQQL,0,,...[FWY]..[LVI],PLRKDCSKLGKKCIYQQLVRGRKIRRSSEEHLRQTRSET
TVKYSNL,0,,...[FWY]..[LVI],PLREDDEEEEEEDKTVKYSNLPNYLLGSLSTDFGVDTSL
GNHFDIV,0,,...[FWY]..[LVI],PLRVDDSLRLGQLKGNHFDIVIRNLKKQINDSANLRERI
AEGFISL,0,,...[FWY]..[LVI],PLREDEKAEGFISLPEFKIDRASECRKKYAFKACHPKIK
KQIWLLF,0,,...[FWY]..[WFY],PLRKQIWLLFEYPESSSPARGIAIVSVLVILISIVIFCW
QEGFEPF,0,,...[FWY]..[WFY],PLRQEGFEPFAINMHAQSPPGSAKACRSLSQCRLHTLT
QPQFEIV,0,,...[FWY]..[LVI],PLRKDGGVQPQFEIVPEDDPQNAIVSSSADACHAELLRT
GCKYEDL,0,,...[FWY]..[LVI],PLRTNGCKYEDLYSNCKSLKLTLTCKHQLVVTVARPPA
AGLFVEI,0,,...[FWY]..[LVI],PLRKDKDIKHALAGLFVEILIPVAAAVKNEVNVPCLKNF
TNTFGAI,0,,...[FWY]..[LVI],PLREEMIVATSQTSQYGGDLTNTFGAIQYARKYAYSAAS
TDEYQSW,0,,...[FWY]..[WFY],PLRKDNVSLKKGDFYQEDETDEYQSWKRSHKKATYVYET
RISFNFF,0,,...[FWY]..[WFY],PLREDVRVANLKPRISFNFFVTAPKNVSDIIPRTEVEKA
RVDYQMY,0,,...[FWY]..[WFY],PLRVDYQMYDYSLDMWSLGCMLASMIFRKEPFFHGHDNY
PVTWTEI,0,,...[FWY]..[LVI],PLRQEAAVPVTWTEIFSGKSVAHEDIKYEQACILYT
ARTYNIF,0,,...[FWY]..[WFY],PLREEEDPLVHLSEDVIARTYNIFAITFRYAVEILTWEK
RTCWVTW,0,,...[FWY]..[WFY],PLRSEKKAKHSIDGILSERGKRWRLGRRTCWVTWRASAN
EEHYKNY,0,,...[FWY]..[WFY],PLRLLLKEDSTLKAAGIASETEIAFLCEEHYKNYLIR
KTCWRYL,0,,...[FWY]..[LVI],PLREEEEDEDDNMSTVMRLRTKMPWKTCWRYLTSGGFFL
SSIFDFW,0,,...[FWY]..[WFY],PLRMGAQSKKVAFCKPGREASPEPNSVSSSIFDFWPPEH
REEFALV,0,,...[FWY]..[LVI],PLREEFALVEEKVLCRVHYDCMLDNLKREVENGNGISVE
RKEFIAW,0,,...[FWY]..[WFY],PLRKEFIAWLVKGRGRRDFPEEVAIVEELGRRHADGSFS
SEVWQKV,0,,...[FWY]..[LVI],PLRQEHQETQKRLSEVWQKVSQQDDLIQELRNKLACSNA
LAPWKNL,0,,...[FWY]..[LVI],PLREETEIVMPTPKPELWAETNFPLAPWKNLTLWCRSPS
MATYLRY,0,,...[FWY]..[WFY],PLRQKIGDTKRATPIEVLCENFPEMATYLRYVRRLDFFE
RLTYHMY,0,,...[FWY]..[WFY],PLREENIVFEDNLQSRSGIPIIKGGTVVKLIERLTYHMY
QAMWRRY,0,,...[FWY]..[WFY],PLRQEIKNSTIKIQAMWRRYRAKKYLCKVKAACKIQAWY
HLFYGHL,0,,...[FWY]..[LVI],PLREEKMVQQLQQDVDMKMLLKHFCNHLFYGHLKMPFGD
EEKFLFL,0,,...[FWY]..[LVI],PLRRMELLQLAQQRIKELEERIEAQKRQIKELEEKFLFL
TFNWESV,0,,...[FWY]..[LVI],PLRQELETKFYEGTFNWESVKQHDAASLLKLFIRELPQP
EYLFNKL,0,,...[FWY]..[LVI],PLRKELGGYLSNLHKMGAPEAGLAEYLFNKLTLGRSQKH
LHMYVVY,0,,...[FWY]..[WFY],PLRQELQRCLKDPDWLAQLFIKHERRLHMYVVYCQNKPK
QNKFIML,0,,...[FWY]..[LVI],PLRQEMAQNKFIMLNLMPETTDKNLSPDGQYMPRIMFV
QEMFYCF,0,,...[FWY]..[WFY],PLRQEMFYCFPDNFSLTNTSESHVQQTTQLSTLNISIFQ
ACLFRSW,0,,...[FWY]..[WFY],PLREEMIFQIPWKHAAKHGWDINKDACLFRSWAIHTGRY
SQRFYQL,0,,...[FWY]..[LVI],PLREEMRSSYIRELIKAIGLRQKGVVSSSQRFYQLTKLL
NFAFCTL,0,,...[FWY]..[LVI],PLRQEPGCTMGICSSCNFAFCTLCRLTTMGSPHVR
NDSWGSF,0,,...[FWY]..[WFY],PLRKEQRYQRGLERNDSWGSFDLRAAIVYHTKEMQSIWN
RVIWGCL,0,,...[FWY]..[LVI],PLRQETLAFPGHVAALRVIWGCLRN
ERQWCDV,0,,...[FWY]..[LVI],PLRKETPSNPVATVKAGERQWCDVGIFKNNTALVSQFYL
TKVFFKI,0,,...[FWY]..[LVI],PLRRNKETRLTKVFFKIEEKEIEHALKDKALIGNILATG
LREFEPL,0,,...[FWY]..[LVI],PLREFEPLSTTALILEDRPSNLPAKSVEEALRHRQEYDE
LREFDRI,0,,...[FWY]..[LVI],PLREFDRIIENQEKSLEASKSTPDGTIKDRRLFMHHVSL
LREFDDV,0,,...[FWY]..[LVI],PLREFDDVSLSPLNSKSESLPVSDKTAISETPLVSQFLI
CQGWLYL,0,,...[FWY]..[LVI],PLRKFEKCFGLPEKEKLVTYYSCSYWKGRVPCQGWLYLS
KRLYFGL,0,,...[FWY]..[LVI],PLRKFKYAQEYDSGTYRCDVQLVKNLRLVKRLYFGLRVL
SLEYPNI,0,,...[FWY]..[LVI],PLRSEFLSEPMSTALFLLSLDMPISLEYPNIHEAVVAYL
VEHWIEV,0,,...[FWY]..[LVI],PLRQFNSMANCVITTCLGNRSTKAPDRARVVEHWIEVAP
MLWFKHL,0,,...[FWY]..[LVI],PLRKFQAGNRMNAMLWFKHLSAACQSNKQQVPTNLMTFE
EFTFGRI,0,,...[FWY]..[LVI],PLREFTFGRIVLYTREGCGNSPETFPWSLSSSSSPPPFS
LRQFTSW,0,,...[FWY]..[WFY],PLRQFTSWVFNGRPHCFWMTGFFNPQGFLTAMRQEITRA
DKMFPAL,0,,...[FWY]..[LVI],PLREIVQDYDSDKMFPALGFGAKLPPDGRISHEFALNGN
IFAFNDF,0,,...[FWY]..[WFY],PLRQGAVHIFAFNDFLKGHVEVIASGAVTQAEDARERV
PLRFVAF,0,,...[FWY]..[WFY],PLRFVAFQAAINAAIIEVTTNHSVMEELTSVIGINMKIP
CREYPSI,0,,...[FWY]..[LVI],PLRMNEEQTALFCSACREYPSIRDKRSRLIEGYTGPFKV
ISSFIAY,0,,...[FWY]..[WFY],PLREGEEADAPGVIPGIVGAVVVAVAGAISSFIAYQKKK
MLEYLKI,0,,...[FWY]..[LVI],PLRQGEVEQIAMMKPKGQTEHDEGMLEYLKILLVVVG
VSAFTVI,0,,...[FWY]..[LVI],PLREGFIKAGQRPSLSGTPLVSANQGVTGMPVSAFTVIL
DTYYENV,0,,...[FWY]..[LVI],PLRKGFRFNQPQKNIYNYGGDISKMQMGIPDDTYYENVY
RLEWLSL,0,,...[FWY]..[LVI],PLRQGGQGQVHLRLEWLSLLSDAEKLEQVLQWNWGVSSR
SSHFSNV,0,,...[FWY]..[LVI],PLREGKASPPTELVKATQRCASYFSSHFSNVVLWDLPH
VNPWPTW,0,,...[FWY]..[WFY],PLRKGKDGRFVNPWPTWKNPSIPNVLRWLIMEKDHSSVP
EDGFPGF,0,,...[FWY]..[WFY],PLRGPIGYPGPRGVKGADGIRGLKGTKGEKGEDGFPGFK
SGTYDLV,0,,...[FWY]..[LVI],PLREGQDISKRAMIATSETHTELVIKEADRGDSGTYDLV
MQAFHSL,0,,...[FWY]..[LVI],PLREGLVKSCSETLLRVMTLSHVLVTACAMQAFHSLFHA
QKEYTFI,0,,...[FWY]..[LVI],PLRQKEYTFIIQAYDCGAGPHETAWKKSHKAVVHIQVKI
KTTFDVY,0,,...[FWY]..[WFY],PLRKGLRGAKTTFDVYTESWAQDPSQENKKKTVVDFETD
GLSFNKL,0,,...[FWY]..[LVI],PLREGLSFNKLVLSLPVNVRCSKTDNAEWSIQDMTHYL
NGDYGSY,0,,...[FWY]..[WFY],PLRQGNGDYGSYAPAAPTTSSMGSSIRHSPLSSGISTPV
SHKYDIL,0,,...[FWY]..[LVI],PLREGNSHKYDILKRTYQKSQLLKMRKSMVVETS
KEGYNEL,0,,...[FWY]..[LVI],PLRHENLQLRISCKSVDESKVFKEGYNELNQCLRTTQSK
STRFKSY,0,,...[FWY]..[WFY],PLRVGSSNYRVSLMGLEILSAFVDRLSTRFKSYVAMVIV
KGVWGVF,0,,...[FWY]..[WFY],PLRLKTWLLSEKKGVWGVFYKAAVIGTRLHAAVAIACVV
TPAFHPV,0,,...[FWY]..[LVI],PLRKGWFPASHVKLLGPSSERATPAFHPVCQVIAMYD
RHRFYRI,0,,...[FWY]..[LVI],PLRKHHLRHRFYRITTPGSERVLLESRRKSKKITARGIF
LSKWDEI,0,,...[FWY]..[LVI],PLRKHIIDENQLTLTEKVEKKRCEILSKWDEIQALEKEI
SVNFAEF,0,,...[FWY]..[WFY],PLRKHPDSSVNFAEFSKKCSERWKTMSAKEKSKFEDMAI
PGLFIYL,0,,...[FWY]..[LVI],PLRRHRAFQTCASHCIVVLCFFGPGLFIYLRPGSRDALH
IAKYCSL,0,,...[FWY]..[LVI],PLREIAKYCSLTKWRSSPACCSAPCP
VDCFQKI,0,,...[FWY]..[LVI],PLRKIARKQGLVNVALDILSRIHTIPTVPIVDCFQKIRQ
IEDYRLL,0,,...[FWY]..[LVI],PLREIEDYRLLTDILGIEDYNGDMDFKIAGTNKGITALQ
KFPWEFV,0,,...[FWY]..[LVI],PLREIGGLEDVELKLKQSIEWPLKFPWEFVRMGLTQPKG
SAVFLII,0,,...[FWY]..[LVI],PLRQIGNLFGQHRSTIITLYNGAFDSSSAVFLIIKLLYE
LTSFIFF,0,,...[FWY]..[WFY],PLRKIHQTYRVQYIQDIILPTPSVFEENFLSTLTSFIFF
ILAFQKV,0,,...[FWY]..[LVI],PLRKILAFQKVFLMKVYLIRLPVHLSLLK
TMKFALF,0,,...[FWY]..[WFY],PLRQILGGFLVSKFRMTCKNTMKFALFTSGVALTLSFVF
TGHFLKV,0,,...[FWY]..[LVI],PLRQILKCMECGSSHDTLQQLTTHMMVTGHFLKVASSAS
CRAFNPL,0,,...[FWY]..[LVI],PLRQILLLKSGCLEVVLVRMCRAFNPLNNTVLFEGKYGG
CLRFLLL,0,,...[FWY]..[LVI],PLRVILRNLSFEEGNVKLLAANRTCLRFLLLSAHSHFIS
EGCYEKV,0,,...[FWY]..[LVI],PLREILSDENRNLRQELEGCYEKVARLQKVETEIQRVR
PKDWSEV,0,,...[FWY]..[LVI],PLREINEKNRPKDWSEVTIWPNAPAVTPAVLGFRSQAPS
GMKFVGF,0,,...[FWY]..[WFY],PLRKINVAAKRGMKFVGFISQHYSPSKFCNGTNHDGDIE
LEKYEQL,0,,...[FWY]..[LVI],PLRNKELIIFGNMQEIYEFHNNIFLKELEKYEQLPEDVD
PGAFTCY,0,,...[FWY]..[WFY],PLRMDKIYEGQVEATSDEYNVESIDGQPGAFTCYLGAGL
IDIYANL,0,,...[FWY]..[LVI],PLREKEIDIYANLSDEKAFVFSVALAEINRKIINQRLIL
MELFRDI,0,,...[FWY]..[LVI],PLRENEERLFGSQEIMTEKDMELFRDIQEQALQKVGVTG
SADFGAV,0,,...[FWY]..[LVI],PLRRDWYQQQLQQVQERQCRLGQSRASADFGAVGSPRPL
RENFMSL,0,,...[FWY]..[LVI],PLRENFMSLVYFGRGLLRCAQKRYNGGLLEFHKSLQEIG
TEKYCGI,0,,...[FWY]..[LVI],PLREKFRKEQIGAAKEAKKKYDKETEKYCGILEKHLNLS
IGVWKPV,0,,...[FWY]..[LVI],PLREKKIGVWKPVESKWISSSCKIIAFRKALLNPVTSRQ
NTAFEDF,0,,...[FWY]..[WFY],PLREKKIIKGILKVNTAFEDFPRH
PGIYGRL,0,,...[FWY]..[LVI],PLREKKSGRIPGIYGRLGDLGAIDEKYDVAISSCCHALD
EKAYKAL,0,,...[FWY]..[LVI],PLREKVSVTTRLLISHLSGIRHYEKDIKKVKEEKAYKAL
RQHFYEV,0,,...[FWY]..[LVI],PLREKHLNLSSKKKESQLQEADSQVDLVRQHFYEVSLEY
IDQWEKI,0,,...[FWY]..[LVI],PLRQRQLEEEIARLPKEIDQWEKIQNNLKLLRNKAVQLE
ILAYLML,0,,...[FWY]..[LVI],PLRKKIVSTLSVAVVFGITWILAYLMLVNDDSIRIVFSY
PHCFCLW,0,,...[FWY]..[WFY],PLREKTVGIYQPHCFCLWPCPGDISDSSRQCRSDTKCH
SHDFSGW,0,,...[FWY]..[WFY],PLREKLSSHDFSGWGKGYEREREAVERLQKAGPKPSSLS
KMKYLNL,0,,...[FWY]..[LVI],PLREKMKYLNLSSTRIHSVTGCIPKTLEILDVSNNNLNL
ASDYLDL,0,,...[FWY]..[LVI],PLRETMNKSPHISNCSVASDYLDLDKITVEDDVGGVQGK
RTAFPSV,0,,...[FWY]..[LVI],PLRKKNNLYPHRTAFPSVALKGHSLASVFKNSVLRSLGA
VEEFRAY,0,,...[FWY]..[WFY],PLRELVRSQADKVIEPRAPSLTNDEVEEFRAYFNEKMSI
SRSFQNL,0,,...[FWY]..[LVI],PLREKPRMNNILTSATEPYDLSFSRSFQNLAHLPPSYES
VSIFHEL,0,,...[FWY]..[LVI],PLREKSDVGSSDESAVSIFHELRVDSLPASDDKDLNVAT
KSGWNWI,0,,...[FWY]..[LVI],PLRQKSGWNWIGSLPQMMTMVVWPLTLLLFRLKQITCA
GQLYAAL,0,,...[FWY]..[LVI],PLREKSIRITAMDTEDQGVKVFLISASSKDTGQLYAALH
LDGFEEL,0,,...[FWY]..[LVI],PLRQKWPGSQDLVSKIMSKPDQLLLLLDGFEELTSTLVA
NHFFCDI,0,,...[FWY]..[LVI],PLRVLAYFSGSTTSLVHVCLTFRLSFCGSNIVNHFFCDI
TGHFVLY,0,,...[FWY]..[WFY],PLRELEKVDAVRLINIVFDETGHFVLYGTMLGIKVINVE
AVKFVKI,0,,...[FWY]..[LVI],PLRQLDVATVSRAVKFVKIIVLVKKLGSWCSSDLYAESV
CIWFQQL,0,,...[FWY]..[LVI],PLRKTSEDICLQLSRLLESNRKLEDQVQRCIWFQQLLLS
IQEFMPL,0,,...[FWY]..[LVI],PLRELESTRNMVKLAEATRTNIGIQEFMPLQSLFTNALL
VVLFWRI,0,,...[FWY]..[LVI],PLRELECNDVVLFWRIQRMLAITANTLRQQLTNTEVR
HCMYKAI,0,,...[FWY]..[LVI],PLRQLEIKQIPSDGHCMYKAIEDQLKEKDCALTVVALRS
AASYAEF,0,,...[FWY]..[WFY],PLRELKVWYAASYAEFVNQKIHDISEEERKVLREQEKNW
LLLWEKV,0,,...[FWY]..[LVI],PLRQLVDPEDIRAMKRLTQEVLLLWEKVASVESQGQEIS
DTNYISL,0,,...[FWY]..[LVI],PLRKLLGQEKRPKMLTSNLKITNEDTNYISLTQKFQFAF
DCDFHAL,0,,...[FWY]..[LVI],PLRELGYLANLTELDLSQNSFSDARDCDFHALPQLLSLH
ASSFSGY,0,,...[FWY]..[WFY],PLRQLHKMCEDDSRSYASSFSGYSTNTKYDPHQIKAEIA
DGEYLEL,0,,...[FWY]..[LVI],PLRKLIVSVPRTLHSHKPPLAEVLKDYIKPDGEYLELL
HVDYVDV,0,,...[FWY]..[LVI],PLRKLLTEYGVSVLVLEARDRVGGRTYTIRNEHVDYVDV
MTSWAAL,0,,...[FWY]..[LVI],PLRKLPPMTSWAALNWRCSVTWRLQAVAGPSSSVVKVA
QERFRSI,0,,...[FWY]..[LVI],PLRKLQIWDTAGQERFRSITRAYYRNSVGGLLLFDITNR
PVEYNWV,0,,...[FWY]..[LVI],PLRKLRPISMPVEYNWVGDYEDPNKMKRDSRRENSLLRY
QHRYSPF,0,,...[FWY]..[WFY],PLRQLTMFQHRYSPFQCHICQRSFTRKTHLRIHYKNKHQ
QDKYMTI,0,,...[FWY]..[LVI],PLRKLVSAVATEISQDKYMTIQYVETLQSDDDEIIQLVV
QKTFYYL,0,,...[FWY]..[LVI],PLREMCKTRKADETLGHSKHCRNKQKTFYYLGQELQYIY
HTGFLKI,0,,...[FWY]..[LVI],PLRQMIRILLCLKNNGNWQEALQFVPKRKHTGFLKISQH
GSLFFFL,0,,...[FWY]..[LVI],PLRENEPTQNQFGEGSLFFFLKEFQVCADKVLGIESHHD
PSGFLTL,0,,...[FWY]..[LVI],PLRQNGVLDFFFQKPSGFLTLLDEESQMIWSVESNFPKK
QRIYQYI,0,,...[FWY]..[LVI],PLRENILLCNPKRSAIKIVDFGSSCQLGQRIYQYIQSRF
EEEWVKL,0,,...[FWY]..[LVI],PLRQNINSVQLKELEEEWVKLPTSAPRPTRFLRSHKNW
VGSFCKY,0,,...[FWY]..[WFY],PLRENKHKVGSFCKYKCKPGYHVPGPLGSQRNGPSRLS
TNFFGAV,0,,...[FWY]..[LVI],PLRVNNAGMGLVGPLEGLSLAAMQNVFDTNFFGAVRLVK
VPYYEKI,0,,...[FWY]..[LVI],PLRENNPMNGNIMGSPFVVPQTTEVGLKGPTVPYYEKIN
AKKFGVL,0,,...[FWY]..[LVI],PLRKNRYVGRTFIQPNMRLRQLGVAKKFGVLSDNFKGKR
KQSWMNV,0,,...[FWY]..[LVI],PLRENSMVELSKLQEYKQSWMNVQCWQ
SMRFEVY,0,,...[FWY]..[WFY],PLRKPATWETGISMRFEVYGCKITDYPCSGMLGMVSGLI
EIFYYKI,0,,...[FWY]..[LVI],PLRETFCQHYTQSTDEQPGSHIDFAVNRLKLAEIFYYKI
MLKFLCL,0,,...[FWY]..[LVI],PLREPGESQSTIGAINPLAEEYLSKQDLLFLDMLKFLCL
KIFYVNY,0,,...[FWY]..[WFY],PLRKPLISFKFGQKIFYVNYLSELSEHVKLEQLGIPRQV
VWKYEHL,0,,...[FWY]..[LVI],PLREPPEGQDEGVWKYEHLRQFCLELNGLAVKLQSECHP
PQPFSCL,0,,...[FWY]..[LVI],PLRKPREGAIPCSHLDTKESAAHLNDINELIPQPFSCLE
LAFWQAV,0,,...[FWY]..[LVI],PLRKPSRGSEEHLKSGPGPIVTRTASGPALAFWQAVLAG
LGSFNWY,0,,...[FWY]..[WFY],PLRPKCSAKLGSFNWYGEQCSCGRWITPAFQIHKNRVDE
RRLWKNV,0,,...[FWY]..[LVI],PLRKQDPFESRRLWKNVTDSLRESEIDKATEHKHTREER
IVPYIVL,0,,...[FWY]..[LVI],PLRKQEGAIEALACVMEQLDVGIVPYIVLLVVPVLGRMS
PVLFYAL,0,,...[FWY]..[LVI],PLRFSNEQGLPGSNASLYLQAAPVLFYALGAVDGNVLLL
LMKFENI,0,,...[FWY]..[LVI],PLRQQLMKFENIHTNNKPGLLGEPPAVVLQTALGIGSVL
KDAYTTL,0,,...[FWY]..[LVI],PLRKQNIKDAYTTLLNQLERFKLSALAPLLVV
AGLYWGY,0,,...[FWY]..[WFY],PLRQQQHPDCKTYHGKVVSSQDPRTKAGLYWGYTVRLAS
ISAFVEI,0,,...[FWY]..[LVI],PLREQRLALLHEGTGPRVISAFVEIIFDNSDNRLPIDKE
NKMYKVY,0,,...[FWY]..[WFY],PLRKQSLIDWNNPAIINKMYKVYLGDIPLKTKEGAVLKP
ETAYERL,0,,...[FWY]..[LVI],PLRQQTAGLEIMEQMALLQETAYERLYRWAQSECRTLTQ
GKLYLIL,0,,...[FWY]..[LVI],PLRMERDILVEVNHPFIVKLHYAFQTEGKLYLILDFLRD
RKQWQEV,0,,...[FWY]..[LVI],PLRKRASLLERQQRRAEEARRRKQWQEVEKEQRREEAAR
EEEWMGL,0,,...[FWY]..[LVI],PLRKRDEPKWGSDNARVSNPTVICQEDSIEEEWMGLLEY
KLKFQEL,0,,...[FWY]..[LVI],PLRKRDREGGESKLKFQELFVEPFNRKARQENLRYNNML
KRGYNSV,0,,...[FWY]..[LVI],PLRKRGYNSVMNESERFYRKRRQHSHSYSSDESLNRQNH
CIFYEKI,0,,...[FWY]..[LVI],PLRESGVQLIEREEEICIFYEKINIQEKMKLNGEIEIHL
LLDWRYL,0,,...[FWY]..[LVI],PLRQRIIQRNRTERLSDLLDWRYLGRYYQHARHLTLSRA
RKTFAEL,0,,...[FWY]..[LVI],PLRKRTIRKAAACYVVRDRTLYYQRRQRHRKTFAELEVV
TNLFRHW,0,,...[FWY]..[WFY],PLRRPYECSECGKSFSHSTNLFRHWRVHTGVRPYECSEC
AVAWRRY,0,,...[FWY]..[WFY],PLRESRSPSAEGAALGFGGAAVAWRRYFLQHLPRVIGKF
KLDYRDI,0,,...[FWY]..[LVI],PLRESSSKFKPTQSSLTRGGSGRISALQGKLSKLDYRDI
MVQYHAL,0,,...[FWY]..[LVI],PLRKRWVNEAQEAASSDNIMVQYHALGLLYHVRKNDRLA
RQRYNKL,0,,...[FWY]..[LVI],PLRQRYNKLRHSVIYIQAIFRGKKARRHLKMMHIAATLI
MPEYLNV,0,,...[FWY]..[LVI],PLRLTMPSPMPEYLNVHYIGESASRLLFLSMHWALSIPS
SNDFGQL,0,,...[FWY]..[LVI],PLRQSDLVDDTSEELKQYSNDFGQLAVELLEQSFRQDET
LKLFEIL,0,,...[FWY]..[LVI],PLRESEADSEVKHQPIFIKERLKLFEILKKDHQLLLAIY
SESFSSI,0,,...[FWY]..[LVI],PLRYEAGHIPSPVIPQESSVEIDNETEQKSESFSSIEKP
EPGYHIL,0,,...[FWY]..[LVI],PLRESSLSLKQYFPKSVSPAASLEPLEPGYHILVGGDRH
IILYEFL,0,,...[FWY]..[LVI],PLRRQGYGKPVDWWAMGIILYEFLVGCVPFFGDTPEEL
VSSFLGL,0,,...[FWY]..[LVI],PLRQSQKKVAQLIKEKMNTQANKELIRVSSFLGLFLGT
PENWSVI,0,,...[FWY]..[LVI],PLRKSRKLAPENWSVINSSSGERLAPF
LQGFDQL,0,,...[FWY]..[LVI],PLRQSSKAGPTRIFTSNTHSSVVLQGFDQLRLEGLLCDV
AAAYAAY,0,,...[FWY]..[WFY],PLRKSTAGSAAAMAGAKAGAAAASAAAYAAYGYNVSKGI
QQGWRGL,0,,...[FWY]..[LVI],PLRESVNLLKSRLEELAKKHCGEQQGWRGLTPTLKEVQV
RQSYDNF,0,,...[FWY]..[WFY],PLRQSYDNFSYRSRSFRRSHRQMSCVNKESQYGFTPGNG
RKSYEPL,0,,...[FWY]..[LVI],PLRKSYEPLEDPGVKSVTKIYNYTRSLATKPLSWAPPS
KDHYIFY,0,,...[FWY]..[WFY],PLRKTDEPGKYTANRGKHVAYIIRSHMKDHYIFYCEGEL
QLDFEKL,0,,...[FWY]..[LVI],PLRKTFKINPLTGEIELKKQLDFEKLQSYEVNIEARDAG
VNGYNSV,0,,...[FWY]..[LVI],PLRKTKMSSCSQDHRSLVLQNDMKHMSQNQAVNGYNSV
RRNFAEL,0,,...[FWY]..[LVI],PLRMEGVEEKKKEVPAVPETLKKKRRNFAELKIKRLRKK
PGEFDLI,0,,...[FWY]..[LVI],PLRKTVVKELTWGQNLGSFSPGEFDLILGADIIYLEETF
QERWVGL,0,,...[FWY]..[LVI],PLREVAADGNVSEPRPLQERWVGLPPNIEAAAVSLNDGD
LYAWEHI,0,,...[FWY]..[LVI],PLRKTNEILKGIKLLKLYAWEHIFCKSVEETRMKELSSL
RLNFIDW,0,,...[FWY]..[WFY],PLRKTNIISELSKWRLNFIDWHRMEMRKEKEKHAAHLKQ
LATYMRI,0,,...[FWY]..[LVI],PLRMTNTKGKRRGTRYMFSRPFRKHGVVPLATYMRIYKK
EITFLEY,0,,...[FWY]..[WFY],PLRKTPKDSFTMSDGKEITFLEYYSKNYGITVKEEDQPL
SCIFVLL,0,,...[FWY]..[LVI],PLRKTQVACLISCIFVLLSSMQLVLCFTGCRCVSLQAL
VNSWVGI,0,,...[FWY]..[LVI],PLRETRASLIPEHSSPVQDCQISQESEPVIQVNSWVGIN
ATTYIKL,0,,...[FWY]..[LVI],PLRQVATTYIKLGWPKNNFNGSLVQASYQHEELRREVIM
HVDFKCL,0,,...[FWY]..[LVI],PLRRTITVKSYFPGADDESIELCRPLDSRLEHVDFKCLF
RKVFQGV,0,,...[FWY]..[LVI],PLRKVFQGVLELEGVEGQELFYTPEMADPKSELFGETAR
GITWVTL,0,,...[FWY]..[LVI],PLREVVCYTLGNIPQMPSAPRLVRAGITWVTLQWSKPEG
LQEWAPY,0,,...[FWY]..[WFY],PLREVIPAQFLEEQKCVPASGELSPELQEWAPYSPGHSS
GEKYIDL,0,,...[FWY]..[LVI],PLRVEVKSDKLPEEMGLLQGSSGDKRAPGDQGEKYIDLR
ATAFGLL,0,,...[FWY]..[LVI],PLRQVLLAYAEEDIYDTSRQATAFGLLKAILSRKLLVPE
DDVFKFL,0,,...[FWY]..[LVI],PLRKVLQKLTSEDLSDDVFKFLQTKSLKVSNIPVTAIRI
QRIYDLF,0,,...[FWY]..[WFY],PLRKVPGCFLQDLEKSKKYSGKNLKRNKDELVQRIYDLF
VPQFDGL,0,,...[FWY]..[LVI],PLRKVPQFDGLGLLSPVGMHARVTIRQVKTVHQEYPWGE
VLDFRSI,0,,...[FWY]..[LVI],PLRQVQALAGAGGVDNLHVLDFRSIKLSLTL
TTNWQAL,0,,...[FWY]..[LVI],PLRKVQPFFRTTNWQALLARTIQPPFVPTLCGPADLRYF
EAQFDEL,0,,...[FWY]..[LVI],PLRQVREAQFDELLNQMRHRSHEEILKFHLRKAKDFLKN
PIPFPSF,0,,...[FWY]..[WFY],PLREWCVAVYAICFILAAIAILLNLGECTNVLPIPFPSF
LPSYLSL,0,,...[FWY]..[LVI],PLRVWLETKVMALNGKPVGAQYLPSYLSLGSWYSPSQCY
QRTFHSL,0,,...[FWY]..[LVI],PLREYRKRQRKARKSGLRQRTFHSLVYHRMQVVA
EEVWGYF,0,,...[FWY]..[WFY],PLRQYSKCMHNLVNLSVPDGASNVELCPLEEVWGYFEDA
PLRFAAY,0,,...[FWY]..[WFY],PLRFAAYQEQYLQSVTAMQVFVNKGNVKPLNDFIREEWH
KQSYLHL,0,,...[FWY]..[LVI],PLRKYDCSLLDPLPKQSYLHLVGVPQPEGQCRIEYKQRI
HPNFTVV,0,,...[FWY]..[LVI],PLRKYIHPNFTVVLTVCGHNYMPGQLTISDIKKGGKNIS
VCVFQEV,0,,...[FWY]..[LVI],PLRQYLCEKDDVCVFQEVSVLNPGQSMIKYLEEDFCYTI
VRLYFFI,0,,...[FWY]..[LVI],PLRFAETDGLASSRVRLYFFISNEGNQNLFVVQASLWLY
KSRYGLV,0,,...[FWY]..[LVI],PLRFAQKLGHNDFKCSNGWLDRFKSRYGLVFRAQPVEAT
LGKFAEV,0,,...[FWY]..[LVI],PLRIPLGKFAEVEHVVNAILFLLSDRSGMTTGSTLPVEG
AFAWKCL,0,,...[FWY]..[LVI],PLRFAFAWKCLLHSCTTEKDSRKMKVLESLLV
PLRFAHL,0,,...[FWY]..[LVI],PLRFAHLSGDRQNDLKDEKKKAKMAAARAVLEKCTMMLL
KRKFYSW,0,,...[FWY]..[WFY],PLRIAIKKMKRKFYSWEECMNLREVKSLKKLNHANVVKL
ARRWRGL,0,,...[FWY]..[LVI],PLRFAKRNNEETVMSARDRYLARRWRGLMQRPILRKKM
PLRFAKY,0,,...[FWY]..[WFY],PLRFAKYLASCRRPTAPCLPAERAAAGPLELLAALY
PLRFALW,0,,...[FWY]..[WFY],PLRFALWWEQKHCWLLKTHWTLDKYGVQADAKLLFTPQH
ENGFIKI,0,,...[FWY]..[LVI],PLRIALHKHLKHKNIVQYLGSFSENGFIKIFMEQVPGGN
PLRFVLL,0,,...[FWY]..[LVI],PLRFVLLIVTDGVISDMAQTKESIVNASKLPMSIIIVGV
HKKFVQI,0,,...[FWY]..[LVI],PLRFAQTGIIVHTHVTPYQVRDPMRSWIGKEHKKFVQIL
KKRYSIF,0,,...[FWY]..[WFY],PLRIAMPLHMIFRSGSLIANMILGIIILKKRYSIFKYTS
SEAFQDV,0,,...[FWY]..[LVI],PLRIANFTSDVEYSDDHCHLILPASEAFQDVQGKRHRGK
SLSYAFI,0,,...[FWY]..[LVI],PLRFGNKVFLIKWSTMKPPVSLSYAFICKGVI
TVMYAVF,0,,...[FWY]..[WFY],PLRLAPEYILSVSCETASDMYSLGTVMYAVFNKGKPIFK
EKVFVSL,0,,...[FWY]..[LVI],PLRFEPQSVGDHSGRLIVCYDTGEKVFVSLYGAAIDMNI
GKCYRLY,0,,...[FWY]..[WFY],PLRIDQLVVTPISQAQAKQRAGRAGRTGPGKCYRLYTER
SKKFNIV,0,,...[FWY]..[LVI],PLRFESSLDYVYQIQEVQESKKFNIVEPVLAFLHSLFIS
PGSFDVV,0,,...[FWY]..[LVI],PLRFDTGNLCMVTGGANLGRIGVITNRERHPGSFDVVHV
RSDFSKF,0,,...[FWY]..[WFY],PLRFVTPLTDLRSDFSKFQEMIETTLDMDQVENHEFLVK
VLGFISL,0,,...[FWY]..[LVI],PLRIAVLGFISLKIHLHLIAKVRPNPSKADRADPQYSEP
VKPWAPL,0,,...[FWY]..[LVI],PLRFAVQPAVKPWAPLQDSEVYLASLEKKLRRIKGLNQE
GSTFHRV,0,,...[FWY]..[LVI],PLRFGYKGSTFHRVIPSFMCQAGDFTNHNGTGGKSIYGS
GSLYTVL,0,,...[FWY]..[LVI],PLRFCPCGSLYTVLEEPSNAYGCQNLSS
RISFPAF,0,,...[FWY]..[WFY],PLRFSCRISFPAFRNCRSGSWGQGEDPELDLYEKHSFVF
RGAWRLL,0,,...[FWY]..[LVI],PLRFGFMRHVFPECFELNIAEAPKVSAPLRGAWRLLWEV
NRVFHDF,0,,...[FWY]..[WFY],PLRSCFYIHAKMRQEHRNRVFHDFRNGLCRNLVCTDLFT
GISWHNI,0,,...[FWY]..[LVI],PLRFCINFANERLQHYFNQHIFKLEQEEYRTEGISWHNI
LFKFPFL,0,,...[FWY]..[LVI],PLRICIPLYRDTRSEDSTRRLFKFPFLWNNKTSNLHYLL
PLRFCSL,0,,...[FWY]..[LVI],PLRFCSLCCTTSYKVKQAGLTGPPRPCSFCRRSLSDPCY
QGEFTRV,0,,...[FWY]..[LVI],PLRFDETELQGEFTRVNMGVHKALQILRNRVDLQHLCGY
LLLWHSI,0,,...[FWY]..[LVI],PLRFDNCLRKDTTFLESDCENSCLLLWHSINLLSFIP
IGNYYSL,0,,...[FWY]..[LVI],PLRIDKYRVETCCVIGNYYSLRSQHEKAALYFQRALKLN
CCGFEPY,0,,...[FWY]..[WFY],PLRLESRVATRWDIQKYAREAYNLGVRYIGGCCGFEPYH
PLRFEVL,0,,...[FWY]..[LVI],PLRFEVLDPSECSFLEKPPSQQSCHLKPCGAKWFSTEWS
LRLFDVV,0,,...[FWY]..[LVI],PLRLFDVVSKIYIATDSTPVDMQTYELCCDMIDVVIDIS
DIHFDVL,0,,...[FWY]..[LVI],PLRFEARKMIGICPQLDIHFDVLTVEENLSILASIKGIP
RLFFEPV,0,,...[FWY]..[LVI],PLRVSDFECSLCMRLFFEPVTTPCGHSFCKNCLERCLD
KIDWNHI,0,,...[FWY]..[LVI],PLRFVGCLQDIKIDWNHITLENISSGSSLNVKAGCVRKD
LHLFDII,0,,...[FWY]..[LVI],PLRLEIVAYEARRLFRDKIVGAKELHLFDIILTSVFQGD
ISAYSAL,0,,...[FWY]..[LVI],PLRIEKFVTDIDELGKDLLLKCLTFNPAKRISAYSALSH
LELFEQI,0,,...[FWY]..[LVI],PLRIEKRRGEKLDKVLALELFEQITKGVDYIHSKKLIHR
HALFGVL,0,,...[FWY]..[LVI],PLRLELLINNQDYRNNHALFGVLNYTKTPGGSRRLRSNI
LPPFLML,0,,...[FWY]..[LVI],PLRIEMNINKIGLLVIIGQLPPRLPPFLMLKRLAKL
SVSFSVI,0,,...[FWY]..[LVI],PLRIEKLKHSYNESYHCKDADCRVGPDLGSSVSFSVISQ
MDTFSNL,0,,...[FWY]..[LVI],PLRIENMDTFSNLLYVRSMKSELSYLAHNLCEIDKYRVE
KLRYQYL,0,,...[FWY]..[LVI],PLRLERSRQSARECRARKKLRYQYLEELVSSRERAICAL
RRVFQTY,0,,...[FWY]..[WFY],PLRFFAKDMALVAPEAPSEQARRVFQTYDPEDNGFIPDS
STPYVAI,0,,...[FWY]..[LVI],PLRFVANSLSTPYVAICGSYTVSVHLAAYLYPSPASI
PLRFVDI,0,,...[FWY]..[LVI],PLRFVDIQDGKILMALLEVLSGRNLLHEYKSSSHRIFRL
HLSFADV,0,,...[FWY]..[LVI],PLRFFLSHLSFADVCFSSNVTPKMLENLLSETKTISYVG
LRFFLSL,0,,...[FWY]..[LVI],PLRFFLSLSFCCQGPQPAESSSPPLPGASCFSLSCTPLF
PEAWLLL,0,,...[FWY]..[LVI],PLRIFPANPANISVALRALGSSYTIPEAWLLLANVVVVL
LRIFPTY,0,,...[FWY]..[WFY],PLRIFPTYGVTPNHSAFSMHALLVNHYMKGGFYPRGGSS
LPLFRDL,0,,...[FWY]..[LVI],PLRLFSIPPPATFPLPRAAPDSGLPLFRDLRPPGPLRDL
ISPYFGY,0,,...[FWY]..[WFY],PLRVFIYHGSANGINTKPTQVLKGISPYFGYSIPGNMDL
NNGYVDV,0,,...[FWY]..[LVI],PLRFGQSISGQIDADNNGYVDVAVGAFRSDSAVLLRTRP
ENQYAQW,0,,...[FWY]..[WFY],PLRFGIKLLIPVADGMNEMYLRCDHENQYAQWMAACMLA
PEEWDEI,0,,...[FWY]..[LVI],PLRIGFLLMLLPEEWDEITLRFINSLKEKKSEEHVDDVT
RKIFATL,0,,...[FWY]..[LVI],PLRLGHISLPSMIRKIFATLTRPLTLFYENSKLDEVPKV
DMNFKPL,0,,...[FWY]..[LVI],PLRIGILDMNFKPLANLRSLVLAGMYLTDIPGNALVGLD
TTCFEGF,0,,...[FWY]..[WFY],PLRLFSTTNVNNATTTCFEGFSKRV
GRFWLDL,0,,...[FWY]..[LVI],PLRFFTSGTSGYPKMTAHTHSSFGLGLSVNGRFWLDLTP
EEHYAMV,0,,...[FWY]..[LVI],PLRIFTVKELTNKKIIMKWRCGNWPEEHYAMVALNFVPT
VQGWGRL,0,,...[FWY]..[LVI],PLRFRKSIGILNIFKVRVTPVQGWGRLSIHKFEAQGVPC
KGMFRTV,0,,...[FWY]..[LVI],PLRRKGMFRTVGQLYKEQLAKLMATLRNTNPNFVRCIIP
GGLFSVV,0,,...[FWY]..[LVI],PLRIGSGIFVSPKGVLVHTASYGMSLIVWAIGGLFSVVD
TLCFVQW,0,,...[FWY]..[WFY],PLRIGSIWILAFLLAFPQCLYSKTKVMPGRTLCFVQWPE
RYVFPQI,0,,...[FWY]..[LVI],PLRFGTRYVFPQIILSGSQLAPERHYEISRDGRLRSRSG
VFGWTPW,0,,...[FWY]..[WFY],PLRQELQGCHTVCGTEVFGWTPWTSGPPAPKAALPRVG
KSLYNPY,0,,...[FWY]..[WFY],PLRFVYCLPRKSPKSLYNPYDLQVINIVGSVKEVELIPT
PETYIHL,0,,...[FWY]..[LVI],PLRFPETYIHLKEATVEDLGQHETVIPGELPLVHELTST
EKKFAVL,0,,...[FWY]..[LVI],PLRFRHGSRITRWLSDFVAAQEKKFAVLLNSLILAKCFR
SEIYCKV,0,,...[FWY]..[LVI],PLRFHKTCFHCMACRKALDSTTVAAHESEIYCKVCYGRR
ICVWLFF,0,,...[FWY]..[WFY],PLRIHLLSDKNLQIRLKVLDVLICVWLFFSPTKTSCFR
PLRFNPY,0,,...[FWY]..[WFY],PLRFNPYNNRKSEGRIVYGLRPGRSYQFNVKTVSGDSWK
LRSFHVY,0,,...[FWY]..[WFY],PLRSFHVYLYTLKNIASETQAGLQQDRFSPSLNVQVALG
NHLFVLI,0,,...[FWY]..[LVI],PLRIIAAAAVKFNSDQLNHLFVLIQKLGD
RIIFANY,0,,...[FWY]..[WFY],PLRIIFANYIARDTRRLGATILDRIHSLQINSSLSTYSL
IVQYEGL,0,,...[FWY]..[LVI],PLRFIIKLQTSLYDPGFLQQLHTVGLIVQYEGLLSTYSD
MGVYLFF,0,,...[FWY]..[WFY],PLRVIGMRSFIKAENTTHAMSIKILCCADCLMGVYLFFV
SWQWKKL,0,,...[FWY]..[LVI],PLRFLIGGLCVLVVKLKIKSWQWKKL
LLKFLMY,0,,...[FWY]..[WFY],PLRLLKFLMYSEEQKEIEEVETLPTLLGKDTTISGKGS
LNAYITV,0,,...[FWY]..[LVI],PLRLIKKAKFLNAYITVSEEVALKQAEESEKRYKNGQSL
DGEFLDY,0,,...[FWY]..[WFY],PLRLIGPDGEFLDYFGQNKRKVKLLLQLPHTCVHTVKR
QSLFCYF,0,,...[FWY]..[WFY],PLRFIPQFSAGHPSTTARRPVTTSQSLFCYFSGSHGEGH
RLNFWNF,0,,...[FWY]..[WFY],PLRIIQAVVMQGGISTILNDAYDGGRLNFWNFNPNPLQR
ATDYCGI,0,,...[FWY]..[LVI],PLRIISHIIRHMDIVTCLATDYCGIHLISGSRDTTCMIW
TPSFTQL,0,,...[FWY]..[LVI],PLRFISKLVDEGSLCDGDVIIKTQSYSKETPSFTQLHDL
GVAFAVV,0,,...[FWY]..[LVI],PLRFITGTKLDSSGVAFAVVGACQALGLRDVHLALSEDH
KSRYTGI,0,,...[FWY]..[LVI],PLRIIYGMGAKSLGEQMGIKENDAACYIDSFKSRYTGIN
REEFTAF,0,,...[FWY]..[WFY],PLRFKAADLNGDLTATREEFTAFLHPEELNI
RDEFEFL,0,,...[FWY]..[LVI],PLRFKEEIEQSLTKRDEFEFLEKASKLVVSQQSQSTSR
VLLFEVL,0,,...[FWY]..[LVI],PLRFKEKASSLRIISAVIESMKYWREHTQKTVLLFEVLA
SLQFEEL,0,,...[FWY]..[LVI],PLRIKDMAKDSDYKFSLQFEELKLIGLDIPHFAADLPLN
QSLFQRL,0,,...[FWY]..[LVI],PLRIKEEQKKYETEEGVNKAAWQKTVNNNQQSLFQRLDP
PLRFKFL,0,,...[FWY]..[LVI],PLRFKFLLTFLVALAVGTMSGDALLHLLPHSQGGHDHSH
KEGFACY,0,,...[FWY]..[WFY],PLRLKGGNYGWRAKEGFACYDKKLCHNASLDDVLPIYAY
NNHFNDF,0,,...[FWY]..[WFY],PLRFKIDSLRDKVTRIVLLWVNNHFNDFEGDPAMTRFLE
QKLWAKF,0,,...[FWY]..[WFY],PLRLKKFPGATPAKNNWKMQKLWAKFRENLIKWSQKMA
LVLFTQL,0,,...[FWY]..[LVI],PLRIKLKNKKGLVSLIDLLVLFTQLIYYSPSCPKMTSAA
SWVFGVL,0,,...[FWY]..[LVI],PLRFKLTAKAVAVLLPILGTSWVFGVLAVNGCAVVFQYM
HGNWIRL,0,,...[FWY]..[LVI],PLRFKMSERLHGNWIRLYLEEKHSEVLFNLGSKVLRQYL
TTAFPIL,0,,...[FWY]..[LVI],PLRFNNTTAFPILRGSNCHKITAPGLGKGQLVNLLPPEN
IRTFINV,0,,...[FWY]..[LVI],PLRIKSRIQVLSMSGKQAGFIRTFINVVKNEGITALYSG
EVSYSFF,0,,...[FWY]..[WFY],PLRVKVSAGDADSGVNAEVSYSFFDASEDILTTFQINPF
ALAFGDV,0,,...[FWY]..[LVI],PLRIKWIKNKYGMDLKVTHLGQKGFLNAIETALAFGDVI
ASYYLAV,0,,...[FWY]..[LVI],PLRFLTDSSCCGYHKASYYLAVFYETGLNVPRDQLQGML
PLRFLTF,0,,...[FWY]..[WFY],PLRFLTFAVERENVIEYKHCLITKNENEEYNLSGTKKNF
RKEYASL,0,,...[FWY]..[LVI],PLRILARKEYASLIELTTQSLSELEAQFLRMSKVPTDLA
TGSFSRV,0,,...[FWY]..[LVI],PLRVLARYDIKALIGTGSFSRVVRVEQKTTKKPFAIKVM
ADRYPIW,0,,...[FWY]..[WFY],PLRRADRYPIWSQQGDIDLQKDDEDTRDALVKKLSAQNV
ADQWLAV,0,,...[FWY]..[LVI],PLRFLASNAALSVAALSADQWLAVASHCATPVACVRAM
TRTWDYV,0,,...[FWY]..[LVI],PLRVLCDVHSHDGVVIAGYTSGDVRVWDTRTWDYVAPFL
PLRFPEF,0,,...[FWY]..[WFY],PLRFPEFLENQNQFNLGRLQIPKS
PLRFVEL,0,,...[FWY]..[LVI],PLRFVELKSPAGKFWQTMGFSEQGRQRLHPEEALYLLEC
MFAYTRL,0,,...[FWY]..[LVI],PLRFLKQENLPKQCSTAVSYAWMFAYTRLQLLSPQVDIN
TTSWALL,0,,...[FWY]..[LVI],PLRFLGAPTLWLEHTQAQVPPPSSSSTTSWALLPPTLTS
CIVYSGI,0,,...[FWY]..[LVI],PLRILGDILLSAACIVYSGILTPEISPVDCE
VSDYVVL,0,,...[FWY]..[LVI],PLRLNLEWEDCPPVSDYVVLNVTSDSFQVSWRLNSTQNH
DRRFKGV,0,,...[FWY]..[LVI],PLRQQFVGKREKIDFADTVTKYDRRFKGVKRDLLLTPKC
PLRFRHL,0,,...[FWY]..[LVI],PLRFRHLQTLKSHLRIHTGEKPYHCEKCNLHFRHKSQLR
LYQYCSL,0,,...[FWY]..[LVI],PLRFLQRRVENGDQLYQYCSLLIKSIPLKQQLQWDPSSH
ICTFLFL,0,,...[FWY]..[LVI],PLRFLICTFLFLSTVVLANKVSSLRRSKQVGKRQPRSNG
HTQFLHY,0,,...[FWY]..[WFY],PLRFLKASVVPVATKVLMDHTQFLHYPGTILSWEQGEEL
IYQFEYV,0,,...[FWY]..[LVI],PLRLLKHFKLNHIYQFEYVSQHLVFANCIPLILKFFNQN
NEAFIKI,0,,...[FWY]..[LVI],PLRLLLGVVRIYHRKAKYLLADCNEAFIKIKMAFRPGVV
TLLFEEL,0,,...[FWY]..[LVI],PLRILLLTLLFEELKLPCAWVVESSGILNVLIKLLEVVQ
KLSYYEY,0,,...[FWY]..[WFY],PLRFLLTVHKLSYYEYDFERGRRGSKKGSIDVEKITCVE
LANFIPW,0,,...[FWY]..[WFY],PLRILNIIQGEVDPTQVHKSLQRIRERKLANFIPWGPAS
KLGYSSL,0,,...[FWY]..[LVI],PLRFLYPGSSTRKLGYSSLILDSTGSTLFTNCTDDNIYM
LLIFQMV,0,,...[FWY]..[LVI],PLRFLPDLLIFQMVIICLMCVHSLERAGSKQYSAAIAFT
ESYYPEY,0,,...[FWY]..[WFY],PLRILPATQEQIAESYYPEYLINLVQGQLQTRRPVPSM
HIAWQIY,0,,...[FWY]..[WFY],PLRFRPMLRKPGKWCAMHVHIAWQIYHHQQKVKKQMQSD
CSSFLSL,0,,...[FWY]..[LVI],PLRLLPTLQVHLVICSSFLSLANKAELLDLGYAGRGLRP
AVIFRNV,0,,...[FWY]..[LVI],PLRFLQSHHLQHLERCPHVPIAVAGQKAVIFRNVRDIGR
AAPFVRV,0,,...[FWY]..[LVI],PLRFLRAQQETANAIRELAAPFVRVWPN
TGSFRLY,0,,...[FWY]..[WFY],PLRLLRPGASDLTGSFRLYRKEVLEKLIEKCVSKGYVFQ
SSSFKAL,0,,...[FWY]..[LVI],PLRVLTEVSSENEAQKQGDELAKLSSSFKALVTLLSEVE
ISLWHLL,0,,...[FWY]..[LVI],PLRFLTGSISNFSRASAPAISSMAAAISLWHLLPATHG
PLRFLVL,0,,...[FWY]..[LVI],PLRFLVLMRSLVTHRTNLRALHRGAALDLSPLHRSPHPS
PLRFMAL,0,,...[FWY]..[LVI],PLRFMALTNDEIIDATQKGNCSRFMNHSCEPNCETQKWT
PLRFMCI,0,,...[FWY]..[LVI],PLRFMCITLLIASLICLTLPVFAGRWLMSFWTGTAKIHE
CTIYGRI,0,,...[FWY]..[LVI],PLRFMESMSFKKKPKTEESIPTHKLSSLKKKCTIYGRIC
RLMFEML,0,,...[FWY]..[LVI],PLRLMFEMLTGTLPFQGKDRNETMNMILKAKLGMPQFLS
PLRFMLY,0,,...[FWY]..[WFY],PLRFMLYAKPCCAVDPIENEEDRKKAVSNINTLLDKADR
EEEYVAF,0,,...[FWY]..[WFY],PLRLGMYSKEEEYVAFSEPCDCSGQVEIWLNHVLGHMKA
PLRFSAV,0,,...[FWY]..[LVI],PLRFSAVKQELQRKWIEELNKQIEDDRQRKIEEKIIYSK
NHPFLFI,0,,...[FWY]..[LVI],PLRINEDGSEAATSTGIHIPVIMSLAQSQFIANHPFLFI
HERYGPV,0,,...[FWY]..[LVI],PLRVNLHERYGPVVSFWFGRRLVVSLGTVDVLKQHINPN
NGLWNMV,0,,...[FWY]..[LVI],PLRINNGLWNMVSVEELEHSISIKIAKEAVMDINKPGPL
PLRFTPL,0,,...[FWY]..[LVI],PLRFTPLSRPPSPLSLPRPRSAPARRPPAPSVATTLPL
DPQFQVV,0,,...[FWY]..[LVI],PLRINQNPLTPLKIEIDPQFQVVRTQETQEIRTLNNQFA
LNVFVAL,0,,...[FWY]..[LVI],PLRINVVIRQVYHLMETTPTDIHPDSMLNVFVALTKGQY
RVNWIDW,0,,...[FWY]..[WFY],PLRVNWIDWIKKKKISTVDYILTNLVIARICLISVMVVN
MLLFVFF,0,,...[FWY]..[WFY],PLRFPAMLLFVFFYCDMLKIASMHSQQIRKMEHAGAMAG
PAQWENV,0,,...[FWY]..[LVI],PLRIPAQWENVWRCPATREEVYVSTITSIQATQGD
PLRFPDL,0,,...[FWY]..[LVI],PLRFPDLDMNEMTVIRGHRDRRLIETRSLVEVEKGLERR
LSRYAHW,0,,...[FWY]..[WFY],PLRLPELIPHLIQCLSDKKALVRSITCWTLSRYAHWVVS
LQVFGIV,0,,...[FWY]..[LVI],PLRIPETLLELGEIPTLKTLQVFGIVPDGTLQLLKEALP
RIPFESF,0,,...[FWY]..[WFY],PLRIPFESFTLMKVFQLEMGLTRHPEEKPVRKDKRDELV
INIFFLY,0,,...[FWY]..[WFY],PLRLPLCDVSASEVSKAIINIFFLYGPPQKIIMDQRDEF
NKGYRRI,0,,...[FWY]..[LVI],PLRIRFVVEGQGLIAGNEFLGQYTLPLLCMNKGYRRIPL
PLQWLQY,0,,...[FWY]..[WFY],PLRVPLQWLQYFDEKELEVMLCGMQEVDLADWQRNTVYR
QDSFKEI,0,,...[FWY]..[LVI],PLRIPQPSALPGIDVGSSVMSPQDSFKEIHVNIEATFKP
ASRFIIL,0,,...[FWY]..[LVI],PLRFPRAAISWKRGTETLRQSKRIFSWRMAASRFIILP
PLPWLVL,0,,...[FWY]..[LVI],PLRFPRARVAGLMRAITAVLCRRTRPLPWLVLPSSLLV
DIFFEAL,0,,...[FWY]..[LVI],PLRIPSKTSAKYLEKKFNKSEKYISENILVLDIFFEALN
VEYFGEW,0,,...[FWY]..[WFY],PLRFQAGSFLASRPRQTPFAEKLARTQAVEYFGEWILNP
LVLWLPV,0,,...[FWY]..[LVI],PLRLQFTIGEATTSAAIVLVLWLPVMPGK
LPRFPSV,0,,...[FWY]..[LVI],PLRFQNQQRPPQRGHRQLSLPRFPSVSLQEASSFFRRDR
TENYRHL,0,,...[FWY]..[LVI],PLRLQNQPVRIVLIEGDLTENYRHLGFNKSANIKTVLDS
PGNWRDV,0,,...[FWY]..[LVI],PLRFQVTKPGNWRDVCEGSATVILGVTSSVPSLPLPNVL
NTWYPKV,0,,...[FWY]..[LVI],PLRIRAKGPIDCESLKTDLSIQTRNAEEKIMNTWYPKVI
TKPWQCL,0,,...[FWY]..[LVI],PLRFRTKPWQCLSVRTVARRCTALTFIASEEKVLVADKS
LNAFNQY,0,,...[FWY]..[WFY],PLRIRAVSKNKPVLNAFNQYEAASPGEQELYVFNADGIH
PASYVEI,0,,...[FWY]..[LVI],PLRFSETSLDGWLQGQNSRGETGLFPASYVEIVRSGIST
EEAYNDY,0,,...[FWY]..[WFY],PLRIRHVQTMYEEAYNDYLKDRGKGNGTLITFHSAEQ
NISYWGW,0,,...[FWY]..[WFY],PLRLRKINISYWGWEDMSPFTNTTLQWLPGEPNDSGFCA
PLRFRML,0,,...[FWY]..[LVI],PLRFRMLEIPLLTVFVGNPNLLEVTAEVTFDDTDSYVIT
KAIYKRY,0,,...[FWY]..[WFY],PLRFRQMNLKDTKTLRVAKAIYKRYIENNSIVSKQLKPA
ANSWVVV,0,,...[FWY]..[LVI],PLRFRVDSAGFGDSVVQYANSWVVVGAPQKITAANQTGG
KMVYMTV,0,,...[FWY]..[LVI],PLRIRVPREKMVYMTVNDSQPEDEDLNVAEIAEKFIWK
PLRFSAL,0,,...[FWY]..[LVI],PLRFSALERLTTLELLEVRRQQEEEERKRRRLLRSRAR
ILAFHTY,0,,...[FWY]..[WFY],PLRFSGNRELGLLQLREGASGRSMRSALCCLTILAFHTY
SGNYQHL,0,,...[FWY]..[LVI],PLRISGNYQHLLEQQRAHELFQAEMFSRQQILHSIIIDG
LYMFCEL,0,,...[FWY]..[LVI],PLRFSCRGILVVYNLGLTLLSLYMFCELVTGVWEGKYNF
PLRFSEY,0,,...[FWY]..[WFY],PLRFSEYSDDASVGKGFSRKSRFVPSACHLQQSSPTDVL
NVYFYSI,0,,...[FWY]..[LVI],PLRISFSNMALSSCLLLPGDATVITSSWDNNVYFYSIAF
PLRFSTV,0,,...[FWY]..[LVI],PLRFSTVVDTPDCCGARLGHSFKVMCVTQRTMNNNVGK
QQTYYRV,0,,...[FWY]..[LVI],PLRFSQQTYYRVSNMDGRLRNPDQSLTEDVVAFAASVAH
ESGWTAL,0,,...[FWY]..[LVI],PLRVSSCGKKGVLDWLIQKGVDLLVKDKESGWTALHRSI
PLRFYTL,0,,...[FWY]..[LVI],PLRFYTLDFALEEYVICVRIQDILTRENKNWPKRRIAIE
PNLFIRI,0,,...[FWY]..[LVI],PLRNFLSALLIPNLFIRIVVLSW
PGEYSYF,0,,...[FWY]..[WFY],PLRISLGDGDIRTMCPLLSMKPGEYSYFSPRTMSMWAG
PLRFWLL,0,,...[FWY]..[LVI],PLRFWLLDALVGRILPDYYSPAMLGLKTDQEVLGELVRP
IQEFIEL,0,,...[FWY]..[LVI],PLRFSLRIQEFIELIRQNKRLDCASCT
MQRYCRV,0,,...[FWY]..[LVI],PLRFSLTVLFDTDKENTDDRMQRYCRVSRASHRLRSSP
LIKYEFF,0,,...[FWY]..[WFY],PLRFSNPPNVRNKVRIRSWMDTIANINQELIKYEFFPEA
GRIYSIL,0,,...[FWY]..[LVI],PLRQQHQILATPLQNLQVLASSSANECISVKGRIYSILK
KELYVTL,0,,...[FWY]..[LVI],PLRISPKASVSLIRKISKELYVTLGTPANSKGFSVSERY
EGLWKLL,0,,...[FWY]..[LVI],PLRITKRVKAKKNAAPFRSEVCFGKEGLWKLLGGFQETC
SIMFSAV,0,,...[FWY]..[LVI],PLRFTLGAAAGGLSAMILNDLLGRKLSIMFSAVPSAAGY
RVTFINW,0,,...[FWY]..[WFY],PLRVTFINWGTSTLQKFTKMQMVKSFLLMQSLIWKTKT
PIPFEPY,0,,...[FWY]..[WFY],PLRITRNRKKPIPFEPYIPMDAMPGMQNMHDKGMTVQPE
ASIFLII,0,,...[FWY]..[LVI],PLRFTVEVKNYGLKIQNGLMPASIFLIIIVIFLIMLVI
SGIYICI,0,,...[FWY]..[LVI],PLRVVADSRISGIYICIASNKVGTVGRNISFYITDVPNG
PLRFVGL,0,,...[FWY]..[LVI],PLRFVGLADTPSCAVLLPASLFIGSFPGMRRPGMLCSFQ
IKEFKKV,0,,...[FWY]..[LVI],PLRNVIKEFKKVLISYELKACNPKLCRLLKEEVLDCLHC
AEKFSEY,0,,...[FWY]..[WFY],PLRVVKDLLNFRSDLKVILMSATLNAEKFSEYFGNCPMI
IAQWPAL,0,,...[FWY]..[LVI],PLRIVLLLEGSLVWAPREDPVLLQGIRVSIAQWPALTFT
PMDFRKL,0,,...[FWY]..[LVI],PLRIVPEPMDFRKLSTFRESFKKRVIGQDHDFSESSEEE
ESYYNHL,0,,...[FWY]..[LVI],PLRIVRQIFDEAMPPPLLKKELLIHKNVLESYYNHLWTN
KLKFEVF,0,,...[FWY]..[WFY],PLRMPLFANADPNFVTAMLTKLKFEVFQPGDYLIREGTI
NPEYLDI,0,,...[FWY]..[LVI],PLRIVTDLNTQNPEYLDIRHLERGLQYRKTKKVGGNLHC
LRLYCSI,0,,...[FWY]..[LVI],PLRLYCSILFLTCISVHRCLGVLRPLRSLRWGRARYARR
LRFYIAV,0,,...[FWY]..[LVI],PLRFYIAVIVQDINDSTPLFKQTKINLKIGESTKPGTTF
SGDFRKL,0,,...[FWY]..[LVI],PLRVYKEMYKTDLEKDIISDTSGDFRKLMVALAKGRRAE
VFNYREF,0,,...[FWY]..[WFY],PLRLRAEVFNYREFNKGSLFYLCTTSGVCVKKIRALANH
TSDYNKL,0,,...[FWY]..[LVI],PLRIYQNTSDYNKLASVLDEFQMKLGSISLELSHSMVFF
HGRYFHF,0,,...[FWY]..[WFY],PLRIYRASYYRKGGCAMLPVKWMPRGLHGRYFHF
RNFYSNL,0,,...[FWY]..[LVI],PLRNFYSNLILQHEERETRQKKLEVAMEEEGLADEEKKF
LETFTYL,0,,...[FWY]..[LVI],PLRYSLETFTYLLALKAKWPDRITLLRGNHESRQITQVY
KLFWEDV,0,,...[FWY]..[LVI],PLRLISHQRMKKLFWEDVPNLKNCSWAQGLNFQKRTDIL
EDSWLKF,0,,...[FWY]..[WFY],PLRGSASNRSYSADGKGTESHPPEDSWLKFRSENNCFLY
TMLFMIL,0,,...[FWY]..[LVI],PLRVACNASIPAQYKASTVTQGSHNKACTMLFMILYFFT
LVEWLKL,0,,...[FWY]..[LVI],PLRGEDAPKNKDLVEWLKLHPTYTVDMPSYVPKNADVLF
KRRYDTY,0,,...[FWY]..[WFY],PLRSALKESQQQSEDREYEVKERLYPKSKRRYDTYNIAG
VVRFPCV,0,,...[FWY]..[LVI],PLRMAVDSAMELLFLDTFKHPSAEQSSHIDVVRFPCVVY
GSPWVSV,0,,...[FWY]..[LVI],PLRGVGHAGEWARKPLRFYVRGSPWVSVVDRVAEQDTQA
TKTFLAI,0,,...[FWY]..[LVI],PLRSAGKTWREQQQWGLEDEKIAGVHWSYEETKTFLAIL
VADFMKL,0,,...[FWY]..[LVI],PLRGAGPWGQPNYLLSPNWQFDITHLVADFMKLEEPHVA
LAGFGGL,0,,...[FWY]..[LVI],PLRGDGSHRLGDAQEMRAVVLAGFGGLNKLRLFRKAMPE
VNIYRLV,0,,...[FWY]..[LVI],PLRRIGQKKQVNIYRLVTKGSVEEDILERAKKKMVLDHL
SKIWLIV,0,,...[FWY]..[LVI],PLRRAHTMDEKLNKSSVFSDAVCEKTKPGNTSKIWLIVG
ILKWPNV,0,,...[FWY]..[LVI],PLRGTILKWPNVNLRNYKDEQLHRFVRRLLYFYKPSSKL
SPMYFFI,0,,...[FWY]..[LVI],PLRLLENILVIVAIAKNKNLHSPMYFFICSLAVADMLVS
PPLYSLV,0,,...[FWY]..[LVI],PLRRALMAQFVPPLYSLVFTVGLLGNGWW
RETFVNL,0,,...[FWY]..[LVI],PLRRETFVNLLEATLTYPSHCCALRNLPTKEQNFSHSIS
IVGFPTY,0,,...[FWY]..[WFY],PLRGAPAEKLIVGFPTYGHNFILSNPSNTGIGAPTSGAG
GLAWTPL,0,,...[FWY]..[LVI],PLRGPPMYEMEVSQRLSQPGVAIGLAWTPLGGEIMFVEA
GRSWESY,0,,...[FWY]..[WFY],PLRRGPRMSYGGSTCHAYSNTRDRYGRSWESYSSCGDFH
AMGFDRY,0,,...[FWY]..[WFY],PLRGDQAISYVGCAAQMFFSASWACTNCFLLAAMGFDRY
EDGWIRV,0,,...[FWY]..[LVI],PLRGDQDGPPPGLGRVIGELGEDGWIRVQWDTGSTNSYR
DNKYRVF,0,,...[FWY]..[WFY],PLRGDSPDNKYRVFIGPQNCSVHVVHSVFICCL
LMNYPRL,0,,...[FWY]..[LVI],PLRGASWQKTPGTVSSVPDRRDSFFYSPTLMNYPRLHKC
GIYYETW,0,,...[FWY]..[WFY],PLRVATISGNMFNQMAKWVKQDNETGIYYETWNVKASPE
RPAYWAL,0,,...[FWY]..[LVI],PLRPAYWALGFQLCRYGYANTSEVRELYDAMVAANIPYD
ALKYEIY,0,,...[FWY]..[WFY],PLRLAVTWIEAISDDELTDLLPQFVQALKYEIYLNSSLV
PNPFPEL,0,,...[FWY]..[LVI],PLRGCAADRRKKKDLDVPEMPSIPNPFPELCCSPITSVL
QNSWQCV,0,,...[FWY]..[LVI],PLRLCNGNGRCTLGQNSWQCVCQTGWRGPGCNVAMETSC
ELKWPGV,0,,...[FWY]..[LVI],PLRRCPPGLLLHDTRCLPLSECPCLVGEELKWPGVSFLQ
LNIYKAL,0,,...[FWY]..[LVI],PLRRCNCVECVSSSDVDSLRHSRSRLNIYKALASPSLIA
SETFVQF,0,,...[FWY]..[WFY],PLRVCPCKESETFVQFANPSQLQCSDNVKIVLDKNLKDC
CTTYDGI,0,,...[FWY]..[LVI],PLRRCTTYDGIDGLPLPSILQDFLKEYHYKQKVRVRWLE
ISCYAKF,0,,...[FWY]..[WFY],PLRRCAPVNISCYAKFAEALITFVSDNSVLHRLISGVMT
LVGFSSL,0,,...[FWY]..[LVI],PLRGGVRPLFWSTNERGALVGFSSLFQRPPISSWGGNRI
DLCYTDI,0,,...[FWY]..[LVI],PLRVDCLIEQTHPEIRKRYDQDLCYTDILFTEQERGVGI
SDCWYLY,0,,...[FWY]..[WFY],PLRGYCMGRMNSDCWYLYTLDFPESRVISQPDQTLEILM
IIIYKEL,0,,...[FWY]..[LVI],PLRLDDIIIYKELEGTNAEEEKNKRQNLSKKESPSVIF
RVDFSII,0,,...[FWY]..[LVI],PLRVDFSIISVAGKALAPADLMEHHSGSQGPLLTTGDLG
LVTFSGI,0,,...[FWY]..[LVI],PLRRDGDLVTFSGIEGMVELNDCDPRSIHVREDGSLEIG
LLSFELL,0,,...[FWY]..[LVI],PLRVDLLTAQDLLSFELLDINIVQELERVPHNTPVDVTP
IPAFVIV,0,,...[FWY]..[LVI],PLRWDNTKALLAFAIPAFVIVAVNLIVVLVVAVNTQRPS
RRHYRFI,0,,...[FWY]..[LVI],PLRMDSNNFLGNCGVGEREGRVASALVARRHYRFIHGIG
PSHFQAL,0,,...[FWY]..[LVI],PLRRDSNVTINCERIKLNTEENKPSHFQALGDDISRTVI
VTIFGPI,0,,...[FWY]..[LVI],PLRREAGFLRPVTIFGPIADVAREKLAREEPDIYQIAKS
AEHFSMI,0,,...[FWY]..[LVI],PLRKEDVAMARREIISAAEHFSMIRASRNKNTALNGAVP
SSGFLDL,0,,...[FWY]..[LVI],PLRRELMVFAHTQWKAQAQSILSLLMSSSSGFLDLFF
GNDWLIW,0,,...[FWY]..[WFY],PLRLESEQVPLMSAHWCLKNTFKVGAVAGNDWLIWDITR
VDAWKQL,0,,...[FWY]..[LVI],PLRLHALVGSPIIWGGEPRAHVMAQVDAWKQLQTFFHKH
LRRFCEV,0,,...[FWY]..[LVI],PLRRFCEVIPGLNDTAENLLRTIELGLEVSPSTLFAVAS
LRSFCPL,0,,...[FWY]..[LVI],PLRSFCPLECLPTAATPTAFRPAHRPAGTWMAGVRAPK
HGTFEWV,0,,...[FWY]..[LVI],PLRSFDVKLTQLASGHSHGTFEWVDSMLVQALKSGDWLL
TGNYIEL,0,,...[FWY]..[LVI],PLRVFEVTGMPENVDRAREEIEMHIAMRTGNYIELNEEN
VLSFLNL,0,,...[FWY]..[LVI],PLRSFLSRPNVLSFLNLAGTDTALDTVRGCSVGGWMTGR
QLYWKNV,0,,...[FWY]..[LVI],PLRVFLTGTFTQEVMIQIRSLPHTIQLYWKNVRPSFAV
HRAYLDV,0,,...[FWY]..[LVI],PLRRFNFDGGECCDPEITNVTQTCFDPDSPHRAYLDVNE
LRGFTSL,0,,...[FWY]..[LVI],PLRGFTSLMEMALLAASWVVPIDIEEDEDSEGPGSGESR
LRSFPDI,0,,...[FWY]..[LVI],PLRSFPDIHCIVGSPLPVVLLALHIGTAAWESDRNQTHG
LRVFVVI,0,,...[FWY]..[LVI],PLRVFVVIILVIILAISLHKCRKAGVGQSWKENSPLNVS
LRVFRTL,0,,...[FWY]..[LVI],PLRVFRTLYSQCKAELDLQTEPPFSKDHAQLSSKLRENK
KAEWNIL,0,,...[FWY]..[LVI],PLRRFSIMKCRFYTRKENAMIVGNAKDTAHTKAEWNILE
VTLWINL,0,,...[FWY]..[LVI],PLRSFTADRIAPPVVTLWINLASFQNGRRCLLRNLK
KVIFQLI,0,,...[FWY]..[LVI],PLRRGDIIRVFFKDNEDWGMAALVRVRKVIFQLIMWLV
LRGWDTV,0,,...[FWY]..[LVI],PLRGWDTVFLVALLLLGLPANGLMAWLAGSQARHGAGTR
EKNFELV,0,,...[FWY]..[LVI],PLRWHFEEAVDGECPPQRSILEQLAEKNFELVINLSMRG
GLPFLSL,0,,...[FWY]..[LVI],PLRRGFGLGCCVAMDKPLGLPFLSLPRQCLGLEDSPQIR
ERSFKKF,0,,...[FWY]..[WFY],PLRGRGAKKGPRNPTPENSRRLGRQGALVQERSFKKFGA
KDFYRTI,0,,...[FWY]..[LVI],PLRRGIKDATEIIFEMSKDERKDFYRTIAWGLNRPLFAV
LEPFASL,0,,...[FWY]..[LVI],PLRLGKGAAQENGAPECSPRNPLEPFASLEQNREEAHRV
CQTFCAV,0,,...[FWY]..[LVI],PLRLGKNELAAIIPLVVKSVQRYCQTFCAVAL
CPAWQCL,0,,...[FWY]..[LVI],PLRPHKPASGPSPSNCTAWTPPRRGHAQAGQCPAWQCLL
TEAFKYF,0,,...[FWY]..[WFY],PLRSGGQPQLTQPGKLTEAFKYFLQGMGYMASSCMTRLS
KFIFELI,0,,...[FWY]..[LVI],PLRNEKISVQAYETQVKFIFELIQNADTDQEPVSHLHKL
RMTYLLF,0,,...[FWY]..[WFY],PLRGGNSEKPTVLKLTRKEGLQGPVETERMTYLLFLSEL
RCFWSRV,0,,...[FWY]..[LVI],PLRRRRRDLILPGESVCVHRCFWSRVLCGGVPSRVGQ
LRGWRRL,0,,...[FWY]..[LVI],PLRGWRRLRKEPAARRGLHLAASADHTSLAQRLPGSRKC
DAAWPTF,0,,...[FWY]..[WFY],PLRLSSDIVGQLYELTEVQFDLASRGFDLDAAWPTFARR
GESFQVI,0,,...[FWY]..[LVI],PLRLDSEASTILKELQVKLSGVLDELSVTYGESFQVIIE
GKVYGKY,0,,...[FWY]..[WFY],PLRRGVCVCGKCSCHKIKLGKVYGKYCEKDDFSCPYHHG
LRQFVTV,0,,...[FWY]..[LVI],PLRQFVTVSRRVCRPLLHSCQRQAAGLIRRPQHSQWAR
KCVFWNF,0,,...[FWY]..[WFY],PLRSHNTTMPFRISMTFKNNSPSGGETKCVFWNFRLANN
CAYFASL,0,,...[FWY]..[LVI],PLRGHPGLPGPPGPPGQCDPSQCAYFASLAARPGNVKGP
SPTFYFF,0,,...[FWY]..[WFY],PLRRHQHSQVVVPPLRHPSLSQVVVPSQNFSPTFYFFNH
DVIYTEW,0,,...[FWY]..[WFY],PLRGHVLKVYRKKDVIYTEWVQQQKANGTTVRVGIHPSK
LILFDIL,0,,...[FWY]..[LVI],PLRGHSLGSLILFDILTNQKDSLGDIDSEKDSLNIVMYQ
PPLYVLF,0,,...[FWY]..[WFY],PLRRHLPPPLYVLFVQATAYGQACDKTLSVAIEGSVDEA
NVYFKNF,0,,...[FWY]..[WFY],PLRRIAKQLENDTRIIEVLCKEHECNIDEVKNVYFKNFI
ENDFLAI,0,,...[FWY]..[LVI],PLRGIAQNEENDFLAIGLHNQTLKIAVNLGERISVPMSY
TESYIQL,0,,...[FWY]..[LVI],PLRRICLPHGAGGDAKKLTESYIQLGLQCAGGAGRGDLY
EGFYQCL,0,,...[FWY]..[LVI],PLRRIEVLSNGSLYISEVEGRRGEQSDEGFYQCLAMNKY
SLSYLSF,0,,...[FWY]..[WFY],PLRVIGIVTAKSGDIFKVDVGGSEPASLSYLSFEGATKR
KKLFQHI,0,,...[FWY]..[LVI],PLRRIGMASIKMKENHEFDGKKLFQHIADYLPSYARPRF
ILFYCAI,0,,...[FWY]..[LVI],PLRGIIILFYCAIIGGKLLGLIKLPTLPPLPSLLGMLLA
AWPFPDV,0,,...[FWY]..[LVI],PLRSIKAWPFPDVLECCLVLLLIRSHFPGCLAQEMQQQA
RDMFCKI,0,,...[FWY]..[LVI],PLRWINPKDDLRDMFCKILHGFKNKLAMKLASFL
VKYWAQF,0,,...[FWY]..[WFY],PLRSISVKYWAQFFVPTILIPCQILTVLNMVEIKL
IRTYAVI,0,,...[FWY]..[LVI],PLRRKDAESRRRELHIRTYAVIPLNDECGIIEWVNNTAG
RKLWIFL,0,,...[FWY]..[LVI],PLRRKLWIFLEEHQDALELIMSKYRKQMLQLMVAKKRC
GDIFTHL,0,,...[FWY]..[LVI],PLRGKNLEPIITLYNRNNATENSDKTIGDGDIFTHLNSH
SLTWNSV,0,,...[FWY]..[LVI],PLRTSLTWNSVKGKKSCHTAVDRTAGWNIPMGLLFNQTG
QGKYECV,0,,...[FWY]..[LVI],PLRIKQLRSESIGGTPIRGALQIEQSEESDQGKYECVAT
DSNFLRI,0,,...[FWY]..[LVI],PLRSKSGLKIIKLTDSNFLRILENSIRLGLPVLLEELKE
RDCFPKL,0,,...[FWY]..[LVI],PLRLKLEELWLEGNPLCSTFSDQSAYVSAIRDCFPKLLR
LSKYYVL,0,,...[FWY]..[LVI],PLRVKVLEIKNKARKLNIEPLRSNLSKYYVLSQSEICKG
LHEFIDV,0,,...[FWY]..[LVI],PLRSLACYIASLVFLHEFIDVYFIAPCHSCGKSPSSLW
PILYVLI,0,,...[FWY]..[LVI],PLRGLAFLNSCLNPILYVLISKKFQARFRSSVAEILKYT
IKPYLAL,0,,...[FWY]..[LVI],PLRMLSQKPKKKHNFLNHGLSLNLVIKPYLALEGSVAFP
NKDYINF,0,,...[FWY]..[WFY],PLRWLDKNKDYINFIQEKAKVVTFDCGNDIFEEGDEPKG
TSEFKPY,0,,...[FWY]..[WFY],PLRSLEAIQAVMAKNKVCLVDVEPEALKQLRTSEFKPYI
LFSWDNF,0,,...[FWY]..[WFY],PLRVLFSWDNFVKEKTGFSVSSKDSKGLEIKSVFLRNKF
MATYDSF,0,,...[FWY]..[WFY],PLRSLGCPSFTSMATYDSFLEKSPSDKADTSSHFSVDT
LMGFSKL,0,,...[FWY]..[LVI],PLRWLGDTLGRIKAMLVANILSLVGALLMGFSKLGPSHI
GLGFNSV,0,,...[FWY]..[LVI],PLRRLGESLKRGEVDKVGKFGLGFNSVYHITDIPIIMSR
VNQFKNV,0,,...[FWY]..[LVI],PLRRLHEKGVLLEIEDLQVNQFKNVIFEISPTEEVGDFE
TRLFSLV,0,,...[FWY]..[LVI],PLRVLHGIGNTFQGGANCIMFVLCTRAVRTRLFSLVAA
RGRWASL,0,,...[FWY]..[LVI],PLRRLITGGRPPGRGRWASLCGLGCGQPVPSSWVRKHIH
EGEFTGL,0,,...[FWY]..[LVI],PLRPADLRYFEGEFTGLPPALTPPAPHSLLTARQQAAFR
SDKFKDY,0,,...[FWY]..[WFY],PLRVLPSDKFKDYLETMAPELLEGQGAVPQTDIWAIGVT
ICFFVPI,0,,...[FWY]..[LVI],PLRVLQVENENHCDFVNSVICFFVPIWKI
KGYFLEI,0,,...[FWY]..[LVI],PLRGQLRCIGTVQHLKSKFGKGYFLEIKLKDWIENLEVD
ATQYPQL,0,,...[FWY]..[LVI],PLRGLPATQYPQLLEIKKQLNLLQKIYTCTTVSLKL
IALYATY,0,,...[FWY]..[WFY],PLRSLSVLVLLLTIIAVRMIALYATYDDGICKSSDCIKS
SGFFGNL,0,,...[FWY]..[LVI],PLRRLTQSSGFFGNLSMVTNLDDSNWAAAFSSQRSGLFT
HKFFIGF,0,,...[FWY]..[WFY],PLRSLTSRLPKTGETIHGHKFFIGFGGKGANQCVQAARL
GECFGLL,0,,...[FWY]..[LVI],PLRVLVLRNLTKVYRGQRMPAVDRLCLGIPPGECFGLLG
RGLYKAL,0,,...[FWY]..[LVI],PLRGLYKALEAAHGPGQANQEIVAMIDTEFAKQTSLDAV
RRMFQIY,0,,...[FWY]..[WFY],PLRRMFQIYQTSPDGDPVAESVWELDCEGEISLDKITPF
KTCFLNL,0,,...[FWY]..[LVI],PLRRMGRLVGQSSHCFWAKTCFLNLFSLHSSIILMPLF
KRRYFQL,0,,...[FWY]..[LVI],PLRVMKNWKRRYFQLDENTIGYFKSELEKEPLRVIPLKE
IILYDHV,0,,...[FWY]..[LVI],PLRVMLETPEYRSRFTNEETVSFCLRVMVGVIILYDHVN
GPLWPSW,0,,...[FWY]..[WFY],PLRMMPGCGAGPLWPSWLCTWVAASGAGAGAAAVVFPEA
LVGFCLV,0,,...[FWY]..[LVI],PLRWMSAPIQVGLVGFCLVFATPLCCALFPQKSSMPVTS
CSLFLTL,0,,...[FWY]..[LVI],PLRGMSSSLNQQGVIVHCLLLVLLPIICSLFLTLVSWS
SDSYGDL,0,,...[FWY]..[LVI],PLRKCSHQDPIESSDSYGDLSDASDLKTPEKQSANGSFS
LENFRNL,0,,...[FWY]..[LVI],PLRRKLNRDVMLENFRNLLSVGHQPFHQDTCHFLREEKF
TQNFMLL,0,,...[FWY]..[LVI],PLRGNTQNFMLLCPRLKHRWFFTSARPGDLHVVLDMAKV
VLSFNNL,0,,...[FWY]..[LVI],PLRSNNSIARIHRKGWSFCQKLHELVLSFNNLTRLDEES
VYPYKEI,0,,...[FWY]..[LVI],PLRGNPQITVYPYKEILYLIHVRPWKRGILKGTITFSTT
TFCFKVY,0,,...[FWY]..[WFY],PLRGNSLASKIMTFCFKVYGATYLQKLLDPLLRIVITSS
SSFYLDI,0,,...[FWY]..[LVI],PLRSNYIDGHTPEGSKADSAVSSFYLDIQPSPDQSGLDI
MPEFYAL,0,,...[FWY]..[LVI],PLRSPESLRYALMPEFYALSPVPPEEQAEIESTAHPATP
KKLWRAF,0,,...[FWY]..[WFY],PLRIITPILNPIIYTLRNKEMKISMKKLWRAFVNSREDT
PLIYTCV,0,,...[FWY]..[LVI],PLRSPLIYTCVIQRCVMLLKNSWVKS
TAAFIRV,0,,...[FWY]..[LVI],PLRGPPGCGKTMLAKAVAHHTTAAFIRVVGSEFVQKYLG
VPSYPGY,0,,...[FWY]..[WFY],PLRGQPPVTYPGQPPVPLPGQQQPVPSYPGYPGSGTVTP
PRYWRGV,0,,...[FWY]..[LVI],PLRSPQRPRYWRGVKFNNPVFRSTVDAVQGGRDVLRLYG
RPQYAEI,0,,...[FWY]..[LVI],PLRLLYKFERPQYAEILADHPDAPMSQVYGAPHLLRLFV
LATFLAL,0,,...[FWY]..[LVI],PLRVPRVKLCRWWMKNCLACLATFLALLKRK
DLPFTAL,0,,...[FWY]..[LVI],PLRGPTAYPTAPYLPDLPFTALPPGASDGRGRPAFPFSC
GKRYVKY,0,,...[FWY]..[WFY],PLRMQCIQTVEIREKTMKMAGGKRYVKYSNKESQRVSLF
VKGYHYI,0,,...[FWY]..[LVI],PLRRQEKKFVIDCEIERLQNILEQIVSVGKHVKGYHYII
KKAFCLW,0,,...[FWY]..[WFY],PLRGRLKKAFCLWRESAQRTERTGRVRAAEFHMAQLL
MGSFIRL,0,,...[FWY]..[LVI],PLRGQMGSFIRLKQFLEKCLQHKDIPVPKGFLTSSFWRS
EKPFDCI,0,,...[FWY]..[LVI],PLRRQNASLIRHRRYYHTGEKPFDCIDCGKAFTDHIGLI
DKPFSTV,0,,...[FWY]..[LVI],PLRGQYHGDAGDSLSWHNDKPFSTVDRDRDSYSGNCALY
QSEWRLY,0,,...[FWY]..[WFY],PLRVQSEWRLYCVRGEVPVEGNLLEVACHCSSLRSRTSM
KQRYYSI,0,,...[FWY]..[LVI],PLRVRGYIIGYGVGSPYAETVRVDSKQRYYSIERLESS
NCVFWKI,0,,...[FWY]..[LVI],PLRRRITDLERKIQDLNLSRQQKLINCVFWKIKLLPLK
PLRWRIW,0,,...[FWY]..[WFY],PLRWRIWSRSELKTVPQRMWSLSGKYQRRVFLCSGR
SQFYGKL,0,,...[FWY]..[LVI],PLRQRKDSHVSLATGVPWGYEETKTLLAILSSSQFYGKL
RKRFDVL,0,,...[FWY]..[LVI],PLRRRKRFDVLLAEHKNKTREKELIRHPDSQQPPQPLRD
SWNFCPI,0,,...[FWY]..[LVI],PLRHRLASAGVDTNVRIWKVKRVQMVKPSWNFCPILLV
LGGFWFL,0,,...[FWY]..[LVI],PLRRRLGLSRQTAKSSWSRSRDRTVAAVGLGGFWFLPP
SPTYLLI,0,,...[FWY]..[LVI],PLRRRLLSSHCTLVIHPTEHSPTYLLIGTKHEKDTWLYH
QRGFCRL,0,,...[FWY]..[LVI],PLRVRNIPNGLQEFLDPLCQRGFCRLIPHTVHQVLGQF
DTQWFSF,0,,...[FWY]..[WFY],PLRRQTQVFQIPPRKLLSGSSTRTLQDTQWFSFENHRKM
AMIFFRV,0,,...[FWY]..[LVI],PLRSRRSIRSSQNVAMIFFRVHEPGNGFTLTIKTDPNLF
PSLYNTF,0,,...[FWY]..[WFY],PLRGSCNPSLYNTFASKQAPLKEVEDTSFDKQKSPLETP
PDAYQDV,0,,...[FWY]..[LVI],PLRSRSPLAEHRPDAYQDVSIHGTLPRKKKGPPPIRSCD
GGHFYLL,0,,...[FWY]..[LVI],PLRIYQLPGGHFYLLDPANEKLIKNYIIKCLEVSSISNF
SYCFHCL,0,,...[FWY]..[LVI],PLRSSYCFHCLHLPLSRSLFAQGTPPRESQRQEPSVAMA
MIRWTKL,0,,...[FWY]..[LVI],PLRGSYSISQFQSRMIRWTKLRINMLPATIICEPISECF
GELFMQL,0,,...[FWY]..[LVI],PLRLSGGELFMQLEREGIFMEDTACFYLAEISMALGHLH
IIMFRLI,0,,...[FWY]..[LVI],PLRGSIDSGPPGLLRGAIPSSIWVVSIIMFRLILLILSV
GKPFVFV,0,,...[FWY]..[LVI],PLRVSLVTGDYLYNFSYSNDNDITAVTDSNGKPFVFVG
SNKFKFL,0,,...[FWY]..[LVI],PLRRSNKFKFLKPIIPNFLPQSTGSEVEENPPFQNNLGF
PNSYFRV,0,,...[FWY]..[LVI],PLRSSPPGTAFPLKNAEDLDIGQNNIENYIISPNSYFRV
SAGYGHI,0,,...[FWY]..[LVI],PLRRSPPLQLSEAELLNQLQREVEALDSAGYGHICGCCG
IVKWKRI,0,,...[FWY]..[LVI],PLRVSKNSAMKEAFKAQETGQNVILRITNAIVKWKRIF
LTRFTEL,0,,...[FWY]..[LVI],PLRMSTRESFNPESYELDKSFRLTRFTELKGTGCKVPQE
VTLWGKV,0,,...[FWY]..[LVI],PLRMSKRYLQKATKGKLLIIIFIVTLWGKVVSSANHHKA
SQHYDLV,0,,...[FWY]..[LVI],PLRRSQHYDLVLNGNEIGGGSIRIHNAELQRYILATLLK
EKVFSNI,0,,...[FWY]..[LVI],PLRSSRFNRDHPPEHPIQDDSVWYIDDSEKVFSNINIIT
PLRWSRV,0,,...[FWY]..[LVI],PLRWSRVNKSLLNALKANVDGLLEGLTYVFRVCAENAAG
CGNFGEL,0,,...[FWY]..[LVI],PLRGSSSSGVLMVGPNFRVGKKIGCGNFGELRLGKNLYT
VFEYREY,0,,...[FWY]..[WFY],PLRVSVLDINDNPPVFEYREYGATVSEDILVGTEVLQVY
PQSYPIV,0,,...[FWY]..[LVI],PLRSSVPGPQSYPIVTGRDLASTTLPGYPPHVPPAGQGS
RRQFEFY,0,,...[FWY]..[WFY],PLRSTIKCRDLSALMHELSNDGARRQFEFYLEEMILPLM
DIDFDVY,0,,...[FWY]..[WFY],PLRSTKKDFEIDFEDDIDFDVYFRKTKAATILTKSTLEN
GKKYQIF,0,,...[FWY]..[WFY],PLRRTLDQSPELRSTAMDTLSSLVFQLGKKYQIFIPMVN
RITWGKY,0,,...[FWY]..[WFY],PLRVTLELGGKSPCYIDKDCDLDIVCRRITWGKYMNCGQ
QFKWDNV,0,,...[FWY]..[LVI],PLRRTLEYKPSPLVRGTFDWNLQFKWDNVFSYEMDGPEG
NGLFRPI,0,,...[FWY]..[LVI],PLRSTNGLFRPIGTQPPQQQQQQPSTNLQSNSFYGSSSL
EDPWAGL,0,,...[FWY]..[LVI],PLRRTSTPFGSGRVREKRMSNELENYFKPSMLEDPWAGL
TTHFLYL,0,,...[FWY]..[LVI],PLRVTTHFLYLAMWACGALAVSQRWLPRVVCSCLYGGPC
AKTFFMY,0,,...[FWY]..[WFY],PLRRVADEMDVMLGQEVGYSIRFEDCSSAKTFFMYMTDG
RSIWDVI,0,,...[FWY]..[LVI],PLRGVDPCSRRSIWDVISKNKTARTIILSTHHLDEAEVL
VDTYIKL,0,,...[FWY]..[LVI],PLRNFDIKHDLDLMVDTYIKLYTSKSELPTDNSETVENT
VVEFHLL,0,,...[FWY]..[LVI],PLRRMEVVSVTNGSIVVEFHLLIIADVDVQEVSAAFLTA
LTPYTTF,0,,...[FWY]..[WFY],PLRRVEKGQLLEYILTDLRVPHSYEVRLTPYTTFGAGDM
IRMWKGY,0,,...[FWY]..[WFY],PLRRVILLDVARGIAIRMWKGYRDAQIGWIQTVEDLHER
TYFFTAV,0,,...[FWY]..[LVI],PLRVVPGINLPVNQLTYFFTAVLISGVVHEIGHGIAAIR
AVFYTGV,0,,...[FWY]..[LVI],PLRSVSGICISVSWILPLTYSGAVFYTGVNDDGLEELVS
GAVFVVF,0,,...[FWY]..[WFY],PLRMLWFQGAIPAAIATAKRSGAVFVVFVAGDDEQSTQM
LRRWARV,0,,...[FWY]..[LVI],PLRRWARVEGTPSDPNPNDPRARMDSESLFKDGKLLPAI
LRGWFSY,0,,...[FWY]..[WFY],PLRGWFSYSPSLATLGAVKALGPEDLPRQPYPAHTHSS
PGGYSDL,0,,...[FWY]..[LVI],PLRRWTRSAPGGYSDLSSRKAGSWTPRAAVRRRPVSSQR
RQYFVQW,0,,...[FWY]..[WFY],PLRVYCKKVDRKSLYAARQYFVQWCADRNFTKPQDGDVI
GYTFRKL,0,,...[FWY]..[LVI],PLRVYIGDGGNDVCPVTFLKNDDVAMPRKGYTFRKLFP
MRKYYLI,0,,...[FWY]..[LVI],PLRRYIQESKERAAEMVKAEVLRERQETARKMRKYYLIC
NFSWTEY,0,,...[FWY]..[WFY],PLRGYPNPENFSWTEYLEATQTNAVPAKVFKMRLPHGFL
TVEWGLL,0,,...[FWY]..[LVI],PLRWYRGPWYQEPGTRHSPVAEARLRRTVEWGLLRDGLL
LRNYSTI,0,,...[FWY]..[LVI],PLRNYSTIFAEGNISQPVLMDINAVLCCPPIALRNLIII
VQCYILL,0,,...[FWY]..[LVI],PLRLAADFEIGHFLRSVLSHVQCYILLVKLLKMMMMIM
SSVYNQV,0,,...[FWY]..[LVI],PLRHSAQSNKQKQVIEESSVYNQVSLPLVKSLMLKPFES
QEDWKII,0,,...[FWY]..[LVI],PLRRAEDLPVQARRLVDLMKNDTRIHFQEDWKIITLFIG
PSGYAPV,0,,...[FWY]..[LVI],PLRHAEHHDHVVFLTRQDFGPSGYAPVTGMCHPLRSCAL
LIGYLEY,0,,...[FWY]..[WFY],PLRHEILIGYLEYVKKLGYVTGHIWACPPSEGDDYIFHC
PLRWPVL,0,,...[FWY]..[LVI],PLRWPVLENNGLALKGPVGSGSSGINIQCSTIGQMPNNQ
ADHWMLY,0,,...[FWY]..[WFY],PLRHAPFRADHWMLYECESPWAGGSRGLVHGRLWRQDGV
DIYYLPF,0,,...[FWY]..[WFY],PLRQARDIYYLPFKDQLKLLYSIGANVSAEKVSQLLSFA
SDRFQPY,0,,...[FWY]..[WFY],PLRRCYLMKQVLNFTLEEVLFPQSDRFQPYMQEVVPFLA
LDKYMYL,0,,...[FWY]..[LVI],PLRHDVDHIPESDRNYYGCGQMPRHFATKLDKYMYLLPY
IATYYTI,0,,...[FWY]..[LVI],PLRLEEKEDNEEGVYDYENTGRMTQKWIQSGHIATYYTI
HEGYSLL,0,,...[FWY]..[LVI],PLRHEGYSLLADGVSCTPTVEYPCGKIPILEKRNASKPQ
KKHFPEF,0,,...[FWY]..[WFY],PLRQEKELQEEKKRKKHFPEFPATRAYADSYYYEDGGMK
QQFFGPL,0,,...[FWY]..[LVI],PLRHGQQFFGPLGAGQPLFLHPGQFTMGPGAFSAKGMGH
DYNFHCF,0,,...[FWY]..[WFY],PLRRKGLIDYNFHCFRKAIHEVFEVRMKVVKSRKVQNRL
MKCFSTV,0,,...[FWY]..[LVI],PLRHFIKDIRHLPVNSKEFLAKEESQIQWMKCFSTVII
STYYLAW,0,,...[FWY]..[WFY],PLRHFSQTPLMSTYYLAWAICNFTYRETTTKSGVVVRLY
LRHFTQI,0,,...[FWY]..[LVI],PLRHFTQISLDFEGTENFKGHTLNFVAPFPLPFGPACR
SLIFSQV,0,,...[FWY]..[LVI],PLRHGENGANRHFTKAISGGISLIFSQVYFIKEHNVVAP
PVIYPVL,0,,...[FWY]..[LVI],PLRQGLVIGSKPVIYPVLHWLLQRTNELKKRAYLARFLI
PFLFPDY,0,,...[FWY]..[WFY],PLRHGNEKPFLFPDYRVGLGEGAGPSPFLSGKPFKCPEC
LFFYNNY,0,,...[FWY]..[WFY],PLRLGNIRQLFFYNNYIENFPSDLECLGNLEILSLGKNK
NAVYLHL,0,,...[FWY]..[LVI],PLRHGPRTLHRTQRVTLKNAVYLHLFLFDRRQLLVTLGT
LMIYMLI,0,,...[FWY]..[LVI],PLRHHLDHKMEIKQWKKSFLCSLVFGIPVMALMIYMLIP
ILTFGFV,0,,...[FWY]..[LVI],PLRLHIGSVITLAAMIYKKSAVQLFEKHPCLYILTFGFV
QNNFENV,0,,...[FWY]..[LVI],PLRLHLAAQNNFENVARLLVSRQADPNLHEAEGKTPLQA
GMLYINF,0,,...[FWY]..[WFY],PLRLHLRKLRHDVVQTAVPDGPLQEVPLRYLLGMLYINF
QPHFPGL,0,,...[FWY]..[LVI],PLRHQQPHFPGLTRGLVAVLLYWDGKRCIANSLKALIQS
RTAYPSL,0,,...[FWY]..[LVI],PLRHHVNVRTAYPSLHLLHAVRGYWLTNKVHIKRPTTGL
VQKFVTL,0,,...[FWY]..[LVI],PLRLIEKGSQSVQKFVTLSNVLKHFDQTRLQRQIADIHV
IKFFEEV,0,,...[FWY]..[LVI],PLRQIKFFEEVLLFEDELHDHGVSSLSVKIRVMPSSFFL
NRNFEKV,0,,...[FWY]..[LVI],PLRLILMNARGSSSRELVEPKLAELNRNFEKVSQHIKSA
LGGFAPV,0,,...[FWY]..[LVI],PLRQINHNVLSTSTLSSPAVNLGGFAPVVSDGFGVGYAV
VWLYEQV,0,,...[FWY]..[LVI],PLRQIQVWLYEQVNMQIEGCIIV
TGLYVIV,0,,...[FWY]..[LVI],PLRQIVYPENTGLYVIVESYGPKILQESHEISFEAAFGY
SGGFEFF,0,,...[FWY]..[WFY],PLRLKAIGSGESETPPSTPTAQEPSSSGGFEFFRNRSIS
DWPYEYL,0,,...[FWY]..[LVI],PLRRTDLEKLEKEITARNEQLDWPYEYLKPSCIENSVTI
LALFNSV,0,,...[FWY]..[LVI],PLRLKEPNEALKNFNRALELNPKHKLALFNSVIVMQESG
ILGYCMI,0,,...[FWY]..[LVI],PLRHNGVAPSRRGDLEILGYCMIQWLTGHLPWEDNLKDP
AVRYNCI,0,,...[FWY]..[LVI],PLRRKHIYRAQAVRYNCIRIDKQPVYNVEVKNAEFPRGV
IENFREL,0,,...[FWY]..[LVI],PLRLKIKELQLADNKLEVISHKIENFRELRILILDKNLL
KAGFGGV,0,,...[FWY]..[LVI],PLRRKIKNVTNQIALLKLGKLPLLYKLSSLEKAGFGGVL
SVSYYQL,0,,...[FWY]..[LVI],PLRHKLEVQRTDGVLSQLSPLPHLYSVSYYQLSEELARV
NEVYEAV,0,,...[FWY]..[LVI],PLRLKLSRKSGISPKKSKYMTPMQQKLNEVYEAVKNYTD
ETDFLII,0,,...[FWY]..[LVI],PLRPGQLLQALENNLFRAPVYLHKMPETDFLIIRTRQGY
KGNWCYI,0,,...[FWY]..[LVI],PLRHKPVSLQPRGLINKGNWCYINATLQALVACPPMYHL
IKTYQLL,0,,...[FWY]..[LVI],PLRQKRCIDKFKATLEIKDPVVQIKTYQLLHSIFQYPNP
GPAYSIL,0,,...[FWY]..[LVI],PLRLLAENCSPGPRYNVNPKILRTGKDLGPAYSILGRYQ
PEDYSEI,0,,...[FWY]..[LVI],PLRNLALLEKIQSSLLVYSMEDSSPHVTPEDYSEIIAAI
QVIFSPL,0,,...[FWY]..[LVI],PLRKLAAQLDKKRDDFCKQNQEASSDRCSALLQVIFSPL
ENKYLIV,0,,...[FWY]..[LVI],PLRHLKENKYLIVVTDGHPLEGYKEPCGGLEDAVNEAKH
CSAFKKI,0,,...[FWY]..[LVI],PLRHRKKLFPNGCSAFKKITPNIDEEGAIKEDAGMMDVH
RIAFREF,0,,...[FWY]..[WFY],PLRHMLGVRELRIAFREFDRDRDGRITVAELREAVPALR
PLIYGLW,0,,...[FWY]..[WFY],PLRHPLIYGLWNKTVRKELLGMCFGDRYYREPFVQRQRT
LVSYYHF,0,,...[FWY]..[WFY],PLRHLPSHLIPPSIWKENCKIVYVARNPKDCLVSYYHFH
PLMWELI,0,,...[FWY]..[LVI],PLRPLMWELIHKKVFSPQDQDVQDNPRGRSAKLRAAIKL
AELWALL,0,,...[FWY]..[LVI],PLRLLQFQCRNRLLLTGTPIQNTMAELWALLHFIMPTLF
GPSFWTL,0,,...[FWY]..[LVI],PLRLLSPILAGPSFWTLSHQQLSSTSFKDEDKTAKLHHS
MDGFLSY,0,,...[FWY]..[WFY],PLRHVLSMDGFLSYLCSKDGDIFNPACLPIYQDMAQPLD
SSAFKFY,0,,...[FWY]..[WFY],PLRNPDLWFLHDQNSSAFKFYRKKVFELCPSICFTSSPH
RIDFSKL,0,,...[FWY]..[LVI],PLRHYAKMALDGQNIYNACCTLRIDFSKLTSLNVKYNND
VNLFRTL,0,,...[FWY]..[LVI],PLRLNEMVEYITHSRDVVTEAIYPEAVTMFSVNLFRTLP
TKLFVML,0,,...[FWY]..[LVI],PLRQNETTAMKKQQELMDENFDLSKRLVRTKLFVMLCS
SIAFSIV,0,,...[FWY]..[LVI],PLRLNLIGKYSQHPDSGMSDSVKDKFSIAFSIVGMFASH
RSSFSVL,0,,...[FWY]..[LVI],PLRHNLVHLLLLAAGRTHRSSFSVLLQGLSLLTSCLAW
SKDYTLI,0,,...[FWY]..[LVI],PLRLPHDAKDTVACILKGLNKPQRQAMKKVLLSKDYTLI
SYTWAQV,0,,...[FWY]..[LVI],PLRQPLLALLPDTPGPEPELWLQKVSDSVLLLSYTWAQV
RKNFLRV,0,,...[FWY]..[LVI],PLRHPNATVWRKNFLRVGHLVLIGGPDDGVITPWQSSFF
SQKYLDY,0,,...[FWY]..[WFY],PLRLPSGSQKYLDYMQQGHNLLIFVKSWSPDVFSLPLRI
SDFYPAI,0,,...[FWY]..[LVI],PLRLQASLSKYCDQLPPRSDFYPAIGDICCAQFSEDDQ
QEEFDVF,0,,...[FWY]..[WFY],PLRQQEEFDVFTKAPFSKKVNVQECHAVGPETHPKSIDI
IINFEYV,0,,...[FWY]..[LVI],PLRNQEGVAMMFIINFEYVTDNENAATPERVNPILPIKT
ETRFSSV,0,,...[FWY]..[LVI],PLRQQEILGVETRFSSVNWQYQCGLTCEHKADLLPISAS
MCGWNSL,0,,...[FWY]..[LVI],PLRLQHGANVNGSHSMCGWNSLHQASFQENAEIIKLLLR
IQVYEML,0,,...[FWY]..[LVI],PLRLQIVRTLDHKNIIQVYEMLESADGKICLVMELAERG
LAMFSKL,0,,...[FWY]..[LVI],PLRHQMMCTPSNTPATPPNFPDALAMFSKLRASEGLQSS
HNHFQFF,0,,...[FWY]..[WFY],PLRLQSQAAVIVTVLDENDNSPKFTHNHFQFFVSENLPQ
EHAWQDI,0,,...[FWY]..[LVI],PLRQQTPLHLAAEHAWQDIADMLLIAGVDLNLRDKQGKT
LGIWEPL,0,,...[FWY]..[LVI],PLRLRAKHTQENCETWGVNGETGTLVDMKELGIWEPLAV
LEVYPSI,0,,...[FWY]..[LVI],PLRYRARPVITVNAGLEVYPSILNQDNKTCSLPGTALKV
LLLFQRF,0,,...[FWY]..[WFY],PLRQRPDLLLFQRFTLEKMEWPNHYACEKLLVLLTHYD
ESNYFGV,0,,...[FWY]..[LVI],PLRLRSLRRNTKKPKPKPRPSITKATWESNYFGVPLTTV
KWLYEDI,0,,...[FWY]..[LVI],PLRRSFRTGIKRRILLLIPKWLYEDIPNMKNSNVVKMLQ
DSGFVTI,0,,...[FWY]..[LVI],PLRHSFSLHWSLPSGHVERYQVDLVPDSGFVTIRDLVV
SVPFDDV,0,,...[FWY]..[LVI],PLRRSHYVPHELIPTESCKPLNIAFKSSVPFDDVPCTL
KLTFNAI,0,,...[FWY]..[LVI],PLRRSQNPVQPIGPQTPKACDSKLTFNAITTIRGEVMFF
RHSWNGL,0,,...[FWY]..[LVI],PLRHSWNGLTRPARINDNLPPAAAGSREQRGRVDSQPGT
LQQFLPL,0,,...[FWY]..[LVI],PLRQHSSKSEKGLVSCQSDIPISQDGSLSFLQQFLPLHD
VLDFIHY,0,,...[FWY]..[WFY],PLRLSVLLSLGMGAVAVLDFIHYCRATVCWELKGNMVVL
RTFFPEY,0,,...[FWY]..[WFY],PLRNTAIELKLVRFPEDLENDIRTFFPEYTHQLFGDDET
LKVFSKL,0,,...[FWY]..[LVI],PLRHTGFLDTCLKDCMLTNPELLKVFSKLMSVCVMFTNC
HSRWRIL,0,,...[FWY]..[LVI],PLRHTIRCYNVKSRECVEQLQLEDRVLCLHSRWRILYAG
SAYFSPL,0,,...[FWY]..[LVI],PLRHTKSIASAYFSPLTGNRVVTTCADCNLRIFDSSCIS
VNTFSAL,0,,...[FWY]..[LVI],PLRLTQAEIQGNINKVNTFSALANIDLALEQGDALVLFH
RQTWKLL,0,,...[FWY]..[LVI],PLRQTWKLLREDSCNAGPEDIQSRIGPLHVIPLKKSLLI
LNIFHQL,0,,...[FWY]..[LVI],PLRQVAAAKDHTVVLTEDGCVYTFGLNIFHQLGIIPPPS
ETAFIAV,0,,...[FWY]..[LVI],PLRHVFPETAFIAVTSYQNHKITQLKIENNPFAKGFRGS
KREFDEV,0,,...[FWY]..[LVI],PLRLVLSDTMKTGLKREFDEVFTKKMIESMSRPSMELVL
SLFYISL,0,,...[FWY]..[LVI],PLRLVVSLFYISLSLTYFRPKSNNSPEGKKLLSLSYTVM
GFLYNGF,0,,...[FWY]..[WFY],PLRRWLPPVYEDGFSQPRGWNPGFLYNGFPLPPVREVTR
LRLYIHF,0,,...[FWY]..[WFY],PLRLYIHFSEDLTLFDEMPLIPRTILEEGQTCVELIRLR
LDTFGHL,0,,...[FWY]..[LVI],PLRHYPLNLPSVTVTNLDTFGHLKDSNSWPPSNKLMLI
KEGFLAI,0,,...[FWY]..[LVI],PLRLYPPNPRQEPREFPFAVGGSPGYNKEGFLAIQYAVD
SHDFRLI,0,,...[FWY]..[LVI],PLRIDALADAINEFEGGMMLVSHDFRLIQQVAQEIWVCE
CAAFPGL,0,,...[FWY]..[LVI],PLRMAARLLGRVNPANTVRAGLRLGCCAAFPGLRLGFPH
EPYYKML,0,,...[FWY]..[LVI],PLRITFSTRNNLTTYKSEIKYSCQEPYYKMLNNNTGIYT
REQFRRY,0,,...[FWY]..[WFY],PLRMAHYKAADSKREQFRRYLEKSGMLDTLTKVLVPYM
VSRWMTL,0,,...[FWY]..[LVI],PLRLAKDLASRDVVSRWMTLEIRDTSTCT
LFFWPKI,0,,...[FWY]..[LVI],PLRKIGLFFWPKITRLDFKKNKLTLVVVEDDDQGKEQEH
LYPYNDL,0,,...[FWY]..[LVI],PLRIVLHKSRKKSKEQNVSDDPESTGFLYPYNDLLVWAA
PDRFVVL,0,,...[FWY]..[LVI],PLRIALSEPQLCEVLQVAGPDRFVVLETGGEAGITRSVV
SKYFTPV,0,,...[FWY]..[LVI],PLRNAPQFLKSKYFTPVTKNVKVGTKLIRVTAIDDKDFG
IFRFASL,0,,...[FWY]..[LVI],PLRIERGAFNKQVLILNDNLISFLPDNIFRFASLT
KPAFQAI,0,,...[FWY]..[LVI],PLRMASMNKPAFQAIRSHSPAKPVLIFVSSRRQTRLTAL
RRRWSAW,0,,...[FWY]..[WFY],PLRMATSMGLLLLLLLLLTQPGAGTVLTRRRWSAWGPP
VCKFKML,0,,...[FWY]..[LVI],PLRIAVCKFKMLSCQLCKESEERVPDSEQHQVVHHLFS
KRFYSSY,0,,...[FWY]..[WFY],PLRMAYFNGKRFYSSYFASQIFSESLIFFFTGTIPIISI
QVAYDGV,0,,...[FWY]..[LVI],PLRKCTEYWPEEQVAYDGVEITVQKVIHTEDYRAASHLP
DAAFRML,0,,...[FWY]..[LVI],PLRIDAAFRMLMAMPTSCAAASTGSLTL
LLDYKGV,0,,...[FWY]..[LVI],PLRMDAPRQVVNFGPGPAKLPHSVLLEIQKELLDYKGVG
LLIWACL,0,,...[FWY]..[LVI],PLRIDDPETKRFPYPLNELLIWACLMKRQVMARFLWQHG
PLEFSSY,0,,...[FWY]..[WFY],PLRMDEHSCPLEFSSYGYPREEIVYQWKRSSVEVGDTRS
PKGYECI,0,,...[FWY]..[LVI],PLRYFLEGSNDALLCGNSSDAGHCPKGYECIKTGRNPNY
APDYDHL,0,,...[FWY]..[LVI],PLRIEHRIMLRMAPDYDHLTLMQKVEVFEHAVNNTAGDD
EIDFETL,0,,...[FWY]..[LVI],PLRIEIDFETLKASTLRELEKYVSACLRKRPLKPPAKKI
GHMFDVV,0,,...[FWY]..[LVI],PLRMENQEKASIAGHMFDVVVIGGGISGLSAAKLLTEYG
NTTWADI,0,,...[FWY]..[LVI],PLRMEPQVTLNVTFKNEIQSFLVSDPENTTWADIEAMVK
CRPYCDV,0,,...[FWY]..[LVI],PLRIKSITVSPIPFFNKQRNGCRPYCDVLIGETKIYSTC
GNGYVDL,0,,...[FWY]..[LVI],PLRIESLDPDTETRRLSPVAIMGNGYVDLINGPQDHGWC
ASFWLAL,0,,...[FWY]..[LVI],PLRMETLCLRASFWLALVGCVISDNPERYSTNLSNHVDD
GDLFTRL,0,,...[FWY]..[LVI],PLRLDFLRGGDLFTRLSKEVMFTEEDVKFYLAELALALD
LRIFLHL,0,,...[FWY]..[LVI],PLRIFLHLKRRVKSVVLVILLGPLLFLVCHLFVINMNQI
EAGYPNY,0,,...[FWY]..[WFY],PLRILKGMIDQISMKEAGYPNYLIRKFMFGFPENWKEHI
VGLWSLY,0,,...[FWY]..[WFY],PLRIFLPNVGLWSLYKDKHLVKSAEPGEQQEFNFGLKYI
NRGFPIL,0,,...[FWY]..[LVI],PLRILNRGFPILEADKEKRAAVDISTSFPIKGTHFSDSF
LRIFTKV,0,,...[FWY]..[LVI],PLRIFTKVLSDDDLLQTVQSTSGLAIILFIKTMFHPSEK
EGTYRVL,0,,...[FWY]..[LVI],PLRMGEIEGTYRVLQTAGMRLGAQTPVGVSTLEPGQTLL
PKVYLLI,0,,...[FWY]..[LVI],PLRMGIKSLKIVKKMMDTHGSWMKDAVYNSPKVYLLIGS
NSVFDIF,0,,...[FWY]..[WFY],PLRMGLAWGLGVLFLMHVCGTNRIPESGGDNSVFDIFEL
CPVFKGF,0,,...[FWY]..[WFY],PLRPICPVFKGFSSSSKDQIAIPEDTPENTETASVCTK
GRRWCEW,0,,...[FWY]..[WFY],PLRMGRRWCEWTETIRVEEEVAPRQEDLVPCASLDHYSR
PEVFDSL,0,,...[FWY]..[LVI],PLRMHIYALHRNSAVWPDPEVFDSLRFSTENASKRHPSA
DADFVDV,0,,...[FWY]..[LVI],PLRIHKRLAPDDADFVDVLHTYTRSFGLSIGIQMPVGHI
LMKFSVL,0,,...[FWY]..[LVI],PLRMHLLKVGTWRNNTASSWLMKFSVLWLVSQNCCRASV
GFLWGVI,0,,...[FWY]..[LVI],PLRPTFCDNCAGFLWGVIKQGYRCKDCGMNCHKQCKDLV
TGTWLHY,0,,...[FWY]..[WFY],PLRIHRKSPLPRSRKTATNDEESPLSVSSPEGTGTWLHY
NKCYQEV,0,,...[FWY]..[LVI],PLRIQSLHKQKCDDLQRNKCYQEVAKLLRENRRKEIEII
VLVWILV,0,,...[FWY]..[LVI],PLRIIDSHENLKEFKGDLIKVLVWILVQYCS
TVSYEEF,0,,...[FWY]..[WFY],PLRIITVSYEEFLKSHKENKVEEIPDSTMSICVPSETVD
QFQFHMF,0,,...[FWY]..[WFY],PLRNNHQFQFHMFNDEDSVSLLQKNPCLSTFNDPSGQIS
VHWYQQL,0,,...[FWY]..[LVI],PLRLISGSNHLKVNDDSQVSFSEGKCNHVHWYQQLTIT
LISWFAI,0,,...[FWY]..[LVI],PLRMIVLKMVDLNGDDLGLISWFAIHPVSMNNSNHLVNS
RIKWNPF,0,,...[FWY]..[WFY],PLRIKWNPFIDNIIASCSEDTSVRIWEIPRAG
LKSFECL,0,,...[FWY]..[LVI],PLRMKCPLDRAYLIKLSGLNKETYQSCLKSFECLLGLNS
LRSFCPI,0,,...[FWY]..[LVI],PLRIKELDSLSKVKNDQLRSFCPIELNINGSPGAESDLA
SYLYGVL,0,,...[FWY]..[LVI],PLRMQGQGRRRGTCKDIFCSKMASYLYGVLFAVGLCAPI
LFYYDEV,0,,...[FWY]..[LVI],PLRMKLFYYDEVTPPDYQPPGFKDGDCEGVIFEGEPMYL
KALFEYI,0,,...[FWY]..[LVI],PLRINLSRLNLTKYSQKPKLAKALFEYIFHHENDVKTAL
GERWSSL,0,,...[FWY]..[LVI],PLRMKMGERWSSLFPFPVSPSCCFLLTQSARGVIECLKI
GMHFIFL,0,,...[FWY]..[LVI],PLRIKNKIHRLPVLTLSVGMHFIFLPTNVSSSSSSFLC
APWFQDI,0,,...[FWY]..[LVI],PLRIKNSKLEVSCCAPWFQDILHLESPESGNHSTSVQSW
KPWFSNW,0,,...[FWY]..[WFY],PLRMKPLRLRPLSEPSLYICTFLCKEVLGLKPWFSNWVP
LRMYYSF,0,,...[FWY]..[WFY],PLRMYYSFTFMKQVNLKLEDDFHSSRFYIGCDLCTNCYY
PQAFKFF,0,,...[FWY]..[WFY],PLRITTSPITVRKNKKDEERRESRIQSYSPQAFKFFMEQ
MIRYLPW,0,,...[FWY]..[WFY],PLRLKVGLAQIAAMDISRGNHRDNKAMIRYLPWLYHPPS
VDIWVSV,0,,...[FWY]..[LVI],PLRMKYTKQNFMMSVLGIIIYVTDLIVDIWVSVRFFHEG
VVDFEAL,0,,...[FWY]..[LVI],PLRILFNKGETHSAVVDFEALNVIVRLIEQAPIQMGEEA
DISFNLL,0,,...[FWY]..[LVI],PLRILDISFNLLRNIEGVDKLTRLKKLFLVNNKISKIEN
NPPYSLY,0,,...[FWY]..[WFY],PLRILVSLLSQLMVPNPPYSLYPRSGTGQTTKMQTENLG
KRGWQQV,0,,...[FWY]..[LVI],PLRILHILQEVDEEIKRGWQQVSH
DPNYNPL,0,,...[FWY]..[LVI],PLRILKAIFDTPDEDPNYNPLPEERPGGFAWGEGQRLGG
VLDFKAI,0,,...[FWY]..[LVI],PLRLLISKPKNAIRGITMTFALKGKVLDFKAIVRHYKMR
GGIFVPF,0,,...[FWY]..[WFY],PLRILSRSPGLVLCHGGIFVPFLRAGSEVLPRPAPSSC
QIPFLLL,0,,...[FWY]..[LVI],PLRMLPQIPFLLLVSLNLVHGVFYAERYQMPTGIKGPLP
HFCWKDL,0,,...[FWY]..[LVI],PLRILRKAAPCVEVVAANILAELSSQPSHFCWKDLREYG
LLHWDLL,0,,...[FWY]..[LVI],PLRLLRVLLHWDLLRWPRGHSTLQGTVKSSKDTDVEKEE
QVVFKYL,0,,...[FWY]..[LVI],PLRLMERFMEQVVFKYLRAEPEDHYFLMTEPPLNTPENR
EIKFNLY,0,,...[FWY]..[WFY],PLRLMKRLEEEIKFNLYMVTEKFPKELENKKKELHFLQK
LVMFKKV,0,,...[FWY]..[LVI],PLRIMMIIIAALFTASAVISLVMFKKVHGLYRTTGASFE
PHYYLSI,0,,...[FWY]..[LVI],PLRLMQSKQTIPHYYLSIDVNMGEVLLVRKELNKILEGR
MREWVLL,0,,...[FWY]..[LVI],PLRMMREWVLLMSVLLCGLAGPTHLFQPSLVLDMAKVLL
GAPWYPI,0,,...[FWY]..[LVI],PLRLNEGNKGAGAGDPGSLVSPLNPGGGLSASGAPWYPI
PQEWEAI,0,,...[FWY]..[LVI],PLRINGFCEQLNEDFEGPPLATRLLAHKIQSPQEWEAIQ
LQGYSTL,0,,...[FWY]..[LVI],PLRMNGTRLGMDYKLGSTVTYYCDAGYVLQGYSTLTCIM
RDLYATI,0,,...[FWY]..[LVI],PLRINMAGASIPAMSSRDLYATITHSVREEKMESGKPQT
TERFCAL,0,,...[FWY]..[LVI],PLRMNLWTERFCALEEKCENIQKPLSSVQENIQQKSKDI
NPVYSPV,0,,...[FWY]..[LVI],PLRMNPVYSPVQPGAPYGNPKNMAYTVTRQPIQQLPLP
QKCFSRI,0,,...[FWY]..[LVI],PLRMNRRRKFLLASVLALQNSSFIYPSCQKCFSRIILVS
LSQWDLV,0,,...[FWY]..[LVI],PLRLNTYRVEAAWKLSQWDLVENYLAADGKSTTWSVRLG
MNVFENY,0,,...[FWY]..[WFY],PLRMNVFENYEQARLTVVLMSTFGGNHLQQVMFL
PIRFWIL,0,,...[FWY]..[LVI],PLRIPVMYQGNTYNIPIRFWILDSHPFAPPICFLKPTAN
SQNFSAL,0,,...[FWY]..[LVI],PLRIPEKSQNFSALKKDILLPFQGQLDSIPVSNPSCPMI
PHNFEVW,0,,...[FWY]..[WFY],PLRIPHNFEVWTATTPTYCYECEGLLWGIARQGMKCLEC
QSPYKGF,0,,...[FWY]..[WFY],PLRQAAAPASVPAQAPKGAQSPYKGFRVEISVCQREDRL
IFTFTEL,0,,...[FWY]..[LVI],PLRIPLEIFTFTELEEVHLENNQIEEIPQEIQRLKNIRV
SVTFPVV,0,,...[FWY]..[LVI],PLRMPLVEETSLLEDSSVTFPVVIIGNGPSGICLSYMLS
VTNFMGL,0,,...[FWY]..[LVI],PLRIQPKDSLTLLPPVTNFMGLFKATKKTKDSHNIFSFS
KNSWNQI,0,,...[FWY]..[LVI],PLRLPPKQSKKNSWNQIHYSHSQQDLESHINETFDIPSS
SNYFLKI,0,,...[FWY]..[LVI],PLRMPREDRATWKSNYFLKIIQLLDDYPKCFIVGADNVG
GLCYMSY,0,,...[FWY]..[WFY],PLRMPSLPTTNCVHSLQMIPPLSPAPNQELVLGLCYMSY
VLSWEHL,0,,...[FWY]..[LVI],PLRMQDAVLSWEHLLELKNNHCEQLTVNIKQMENMVGVL
SLPYPDL,0,,...[FWY]..[LVI],PLRMQGGILFVYDNKKMLEHQEPHSLPYPDLEPYTVDMS
QGPWVLL,0,,...[FWY]..[LVI],PLRMQGPWVLLLLGLRLQLSLGIIPVEEENPDFWNRQAA
HFLFTPL,0,,...[FWY]..[LVI],PLRIQNPSAADLVHFLFTPLNMVVQATGGPELASSVLSP
RIRFAEY,0,,...[FWY]..[WFY],PLRIRFAEYSSSLQKPVASPGKASSQRKTEGDLQGDHQK
RLRFKKY,0,,...[FWY]..[WFY],PLRLRFKKYKQAGSHSNSFRLSNGRTEDVEPQGVPLLAR
RIRYGPW,0,,...[FWY]..[WFY],PLRLRIKYWDRRRRAAPHSYSAQRGRIRYGPWYFEPKLG
EDKFDLL,0,,...[FWY]..[LVI],PLRMQYHGCRSNIKDRSKVTELEDKFDLLVDANDVILEH
RLLWKLV,0,,...[FWY]..[LVI],PLRMRLLWKLVILLPLINSSAGDGLLSRPIFTQEPHDVI
IPSWKHV,0,,...[FWY]..[LVI],PLRIRTGTNPEFNETLKYTSAIPSWKHVLCSSQSGTMI
RTEYQSL,0,,...[FWY]..[LVI],PLRMSAFGHDEAWMEAGGFGLEAAERTEYQSLCKSKLLF
SASYPPY,0,,...[FWY]..[WFY],PLRISASYPPYQATGPPNTSYMPGMPGGISPYPSGYPPN
RPRYFLL,0,,...[FWY]..[LVI],PLRMSDVTIVKEGWVQKRGEYIKNWRPRYFLLKTDGSFI
TSVYSEY,0,,...[FWY]..[WFY],PLRISISQTSVYSEYCSTEIRWICQKELTPVRNKVYPDS
LLTFLIV,0,,...[FWY]..[LVI],PLRLLTFLIVITLYVISKHRARNYYTDTSQKEAFHLEAR
ENTFKIL,0,,...[FWY]..[LVI],PLRMSTADALDDENTFKILVATDIHLGFMEKDAVRGNDT
DVKFFVL,0,,...[FWY]..[LVI],PLRITFLANHTLNGEILRNAESGAIDVKFFVLSEKGVII
TGLFDPY,0,,...[FWY]..[WFY],PLRLTKGSVYATDFSNASTTGLFDPYKMCWSGMITSLIS
VPFYPGI,0,,...[FWY]..[LVI],PLRLTKSYLSNRTNSRVQSIGGVPFYPGITLQAWQQGIT
ATSFSLL,0,,...[FWY]..[LVI],PLRLTLHSSEASLGGHSVATSFSLLTSLFSAMTFRHSC
TVAWTLI,0,,...[FWY]..[LVI],PLRVSVVRALRHAVPAGILCLGLTVAWTLIFGGSSLGR
GTGFSNI,0,,...[FWY]..[LVI],PLRLSVYSDGQRRHFIIQYVDNMYRFEGTGFSNIPQLID
VSFYLGF,0,,...[FWY]..[WFY],PLRISVYSGPLRSGRNIERVSFYLGFSIEGPLAYDIEVI
SVAYENV,0,,...[FWY]..[LVI],PLRMVESMKKVAGMDVELTDEERNLLSVAYENVIGARRT
KSEYFEL,0,,...[FWY]..[LVI],PLRKQPDKKSKKSLIGGNHSKIVVEQRKSEYFELKAKLQ
NPLYTEW,0,,...[FWY]..[WFY],PLRMVKLANPLYTEWILEAIQKIKKQKQRPSEERICHAV
DSLFFVV,0,,...[FWY]..[LVI],PLRMRGKERDSLFFVVKMVKLGRSISLTAKMKI
KTVYCEF,0,,...[FWY]..[WFY],PLRIWDDKTVDYFTSKVHNKTVYCEFLKKHDQKWEVNMI
RLKYELL,0,,...[FWY]..[LVI],PLRKADEKRIRRLKYELLEIKRKGAKRGSQHYSDRTCAL
RKAFRSV,0,,...[FWY]..[LVI],PLRKAFNCPSSFQYHERTHSGEKPYECTQCRKAFRSVKY
LPFFKTL,0,,...[FWY]..[LVI],PLRIYRVAKLIIQQCQQLHCLRVLPFFKTLNDDSVVEIA
QQYYHSL,0,,...[FWY]..[LVI],PLRKAKESQQYYHSLAVRQSLAVHFNIQQDCGHFLAEVP
KSFWGPL,0,,...[FWY]..[LVI],PLRKAKKTFLGQNKSFWGPLELVEKLVPEAAEITASVKD
PYDFGGV,0,,...[FWY]..[LVI],PLRKELPANSVLLIYLSATGVFPTGRSDSEGPYDFGGVL
SGHYTAY,0,,...[FWY]..[WFY],PLRMHHGKGFGSGHYTAYCYNTEGGACALLCGVGDTERG
VNVWYSV,0,,...[FWY]..[LVI],PLRKDPIVNVWYSVNGERLGTYMGHTGAVWCVDADWDTK
DPTYSDF,0,,...[FWY]..[WFY],PLRKDSLRPKLSEEQQRIIAILLDAHHKTYDPTYSDFCQ
PGSFTLL,0,,...[FWY]..[LVI],PLRKGGGNLLGIIVGGPGGLDARPGSFTLLLRNRKGFV
LLYWRDI,0,,...[FWY]..[LVI],PLRKEDRSPSAIFSAELSKTSVVDLLYWRDIKKTGVVFG
SIGYKAI,0,,...[FWY]..[LVI],PLRKDEDNIKNSIGYKAIHEYLQKLRVLRLTLTVNS
GTIYIRW,0,,...[FWY]..[WFY],PLRKEETLPAEAPVHGEKEEINFLIGTIYIRWMVSSVLP
KDRFLVL,0,,...[FWY]..[LVI],PLRKDRFLVLGSCCSLCSRLVCVGPMFLEGSPGEGTVLS
IGIFKNI,0,,...[FWY]..[LVI],PLRKDLCEKGTIQQMIGIFKNIISKPNEKEEAIVLEIQS
TLSFTGL,0,,...[FWY]..[LVI],PLRMDSTIPVLGTELTPINGREETPCYKQTLSFTGLTCI
RKDYERL,0,,...[FWY]..[LVI],PLRKDYERLSCIGSPIVSPRIVQLETESKRLHNKENQHV
LMIFSLL,0,,...[FWY]..[LVI],PLRMDYLLMIFSLLFVACQVLQKQQS
KLEYQFV,0,,...[FWY]..[LVI],PLRKEQESLIKLEYQFVSSECPSMNLDSTLQVISLQVNN
SSEFVGL,0,,...[FWY]..[LVI],PLRKKIAVKRALKSEDLSINLISSEFVGLDIQQKLTVFY
MLGFVFI,0,,...[FWY]..[LVI],PLRMEIPFTPALPSPRQGDVSVEENTPIMLGFVFINHFP
NQIFHEV,0,,...[FWY]..[LVI],PLRKVIYINSPLPQKKMTMRERNQIFHEVPLKFMMSKNT
ILNYESL,0,,...[FWY]..[LVI],PLRKEKLTLMFEIQGLKEQCENLQQEKQEAILNYESLRE
LFFFHDL,0,,...[FWY]..[LVI],PLRKEQELFFFHDLSPGSCFFLPRGASFIIRLQISFVR
SGDFSSV,0,,...[FWY]..[LVI],PLRKETSGDFSSVDLSFLPDEVPGK
SGRFWVW,0,,...[FWY]..[WFY],PLRMFPLRACGWSGRFWVWPVHARSRAPAWTSTLTSSR
DFYYGNL,0,,...[FWY]..[LVI],PLRKNFPYERRPTSAACIPFGQGDFYYGNLMVGGTPHNI
DNNYGCV,0,,...[FWY]..[LVI],PLRKSQLLLVNSTQDNNYGCVPLLEDSETRKNNLTLDQP
SREFLSV,0,,...[FWY]..[LVI],PLRMFRITNIEFLPEYRQKESREFLSVSRTVQQVINLVY
LRQFSTL,0,,...[FWY]..[LVI],PLRQFSTLVSTSLLCVCVVWVFANQKLFIQTGTF
NSSFDSL,0,,...[FWY]..[LVI],PLRMFTIKLLLFIVPLVISSRIDQDNSSFDSLSPEPKSR
TEKFWKL,0,,...[FWY]..[LVI],PLRMFCDTEKFWKLKKKLDAQINLSPEDTAFRNEDTAFP
QVDWNAW,0,,...[FWY]..[WFY],PLRKVDVLNQVDWNAWLYSPGLPPIKPNYDMTLTNACIA
LRKFIGI,0,,...[FWY]..[LVI],PLRKFIGIIECGGINLKLEELEWKLAEVGAIQTDLEKT
ILEWRRI,0,,...[FWY]..[LVI],PLRKLKALHPLPGLILEWRRITNAITKVVFPLQREKCLN
NSIFHRV,0,,...[FWY]..[LVI],PLRKGFGFKNSIFHRVIPDFVCQGGDITKHDGTGGQSIY
QGHWADW,0,,...[FWY]..[WFY],PLRQGHWADWLQAYRARLDKDLEGAGDAAAWRLSTCA
KEPWKIL,0,,...[FWY]..[LVI],PLRKGKEPWKILRDETRGPCPDMQLRCQTKKLLPKNGI
CAEYTHF,0,,...[FWY]..[WFY],PLRMGKRQHQKDKMYITCAEYTHFYGGKKPDLPQTNFRR
QERWHRV,0,,...[FWY]..[LVI],PLRKGSQLQERWHRVIAQLEIRQSELESIQEVLGDYRAC
CHSYDEI,0,,...[FWY]..[LVI],PLRKNLIRRLQKYPVRVTREEQSHPARLYTGCHSYDEIC
NLLFAKV,0,,...[FWY]..[LVI],PLRKQLNLLFAKVREMLKMRDSNGARMLTLITEQFMADP
ERGFCVL,0,,...[FWY]..[LVI],PLRNHSSSNSFGRNLPPKRRCRDYDERGFCVLGDLCQFD
AIHWGTF,0,,...[FWY]..[WFY],PLRQHVDPEEAVRIHTDVQTKKSMAIHWGTFALANEHYL
QLIFGGL,0,,...[FWY]..[LVI],PLRMIDTAARDTARVLIASALTLLVGIIQLIFGGLQIGF
VQHYMAY,0,,...[FWY]..[WFY],PLRTIEYIHQETATVLGTEIVAFKEKEVRAKVQHYMAYW
VADYAVV,0,,...[FWY]..[LVI],PLRKIMSLLSRTVADYAVVPLLGCEVEATVGEVVTNTWL
RETWEAL,0,,...[FWY]..[LVI],PLRKMREEQLRRWKERETWEALAQDEGLRPPKTKVQRV
RKLYEEV,0,,...[FWY]..[LVI],PLRKLYEEVRISYSDQCHSALRKSQFISKT
RKNYNKL,0,,...[FWY]..[LVI],PLRKNYNKLKNTLRNLNLHTVCEEARCPNIGECWGGGEY
KKKYEAI,0,,...[FWY]..[LVI],PLRYIKKKKKKYEAIITVVKPSTRILSIMYYAREPGKIN
SVHYAGL,0,,...[FWY]..[LVI],PLRKILGGVPAPERKWPWQVSVHYAGLHVCGGSILNEYW
LVLFLLL,0,,...[FWY]..[LVI],PLRMILIPRMLLVLFLLLPILSSAKAQVNPAICRYPLGM
EKAFNNL,0,,...[FWY]..[LVI],PLRKKCEKAFNNLSSFQIHERMHRGGKYHACKGSGNTYR
VADFCSY,0,,...[FWY]..[WFY],PLRLKLTQGNRKLAQLEKLQDEELDPEFVQQVADFCSYI
SGKYFAF,0,,...[FWY]..[WFY],PLRQKCQLSYELNCSGKYFAFKEQLKHAVVKIVRDKYLK
HDCWSLI,0,,...[FWY]..[LVI],PLRKKEKLSPDIMKDAYVQKLVKVCNGHDCWSLISLSNN
QERFHAL,0,,...[FWY]..[LVI],PLRKKLNIGGKRVNLAIWDTAGQERFHALGPIYYRDSNG
QEVYCHL,0,,...[FWY]..[LVI],PLRMKIAVIGQSLFGQEVYCHLRKEGHEVVGVFTVPDKD
GLKFVGV,0,,...[FWY]..[LVI],PLRKKIQEAASQGLKFVGVIPQYHSSVNSAGSSAPVSTA
RPIWIAW,0,,...[FWY]..[WFY],PLRKKTKTEQELPRPHLRPIWIAWTGGALMMMAAATLV
RSLWDTI,0,,...[FWY]..[LVI],PLRKKRSLWDTIKKKKISASTSHNRRVSNIQNVNKTFSV
KELFAKL,0,,...[FWY]..[LVI],PLRKKSYQIDADRVVYSTKEKNLTLKELFAKLKMHPYDL
ADIFDRI,0,,...[FWY]..[LVI],PLRKKYMHKVMNDLPSCPCSYPPEVAYSTADIFDRIKRK
ESLWPFL,0,,...[FWY]..[LVI],PLRKLETLGIGQRTPFRIGIKESLWPFLIDKRWRQTVFH
IKPYGTV,0,,...[FWY]..[LVI],PLRKLKPAFIKPYGTVTAANSSFLTDGASAMLIMAEEKA
SKFYCQL,0,,...[FWY]..[LVI],PLRKLQPSLSVGSTESVKVSSALSPSKFYCQLIKWTPEL
KTPWRKF,0,,...[FWY]..[WFY],PLRNLLGAMEKFKTPWRKFLHPCQSMQLLLQTSP
GFRFGTV,0,,...[FWY]..[LVI],PLRKLHHPSQGFRFGTVRESSAEDYVRQSFPEMHEYMRR
SSPFHNF,0,,...[FWY]..[WFY],PLRKLPPGFSGRSSRTTRRSWLSSPFHNFRTHPGLHQT
RTVYNIF,0,,...[FWY]..[WFY],PLRKLSNIPTIKRFLEPGSKKKPPPDEIYVRTVYNIFRP
KLGYPEL,0,,...[FWY]..[LVI],PLRKLTKLGYPELINYTEPINGLSALHLASVSNDIDMVS
MQLFENV,0,,...[FWY]..[LVI],PLRKMDRNQDGVVTIEEFLEACQKDENIMSSMQLFENVI
QNHFSEI,0,,...[FWY]..[LVI],PLRKMLFEEQNHFSEIETELQAELVRMEQQHQEKVLYLV
LAKFSFY,0,,...[FWY]..[WFY],PLRKNMLLAKFSFYFHEALSRQTTASEMKTLTAKANPDF
GNQYLFL,0,,...[FWY]..[LVI],PLRKNERTSVAGTVRKCWPNRVAKEQISRRLDGNQYLFL
IQMFHQY,0,,...[FWY]..[WFY],PLRQNAIQMFHQYSFRGKDLIVQLQPTDALLCITKCRF
TEGFFAL,0,,...[FWY]..[LVI],PLRMNARYFLEMSDTKDMNEFETEGFFALHQRRCLPPG
ITEFEKI,0,,...[FWY]..[LVI],PLRNNDITEFEKILKTNHSNIMDDPFIREHIEELLRNIR
KTSFGQL,0,,...[FWY]..[LVI],PLRNNFEFCEAHIPFYNRGPITHLEYKTSFGQLEVFREK
VPAFLQV,0,,...[FWY]..[LVI],PLRKNKRRLRCVFTPSGGVPAFLQVQNTRSEDTTSLSYT
RAIFTGY,0,,...[FWY]..[WFY],PLRRGKLYSLGNGRWMLTLAKNMEVRAIFTGYYGKDKPL
KMEFTEY,0,,...[FWY]..[WFY],PLRQNPDFKLGSHCKQLDITDSTEPRLNKMEFTEYISSH
RGIWLSY,0,,...[FWY]..[WFY],PLRMNVGTAHSEVNPNTRVMNSRGIWLSYVLAIGLLHIV
TLAWNNI,0,,...[FWY]..[LVI],PLRKTLAWNNITKLQLHEHYKIHKEAVTGITVSRNGSSV
GSRWMPV,0,,...[FWY]..[LVI],PLRMPLRKLSFHGGSRWMPVNTGPACRELEGGLLAAPRP
ERRWEAI,0,,...[FWY]..[LVI],PLRQPMQLIIVNLERRWEAIVMQAVQWQTRLQKKMGKES
QQIFHTL,0,,...[FWY]..[LVI],PLRKPPNDGGITGNRQLTHQQIFHTLQMAVIVKPKAVW
DLTYSGI,0,,...[FWY]..[LVI],PLRKTQRNTLNPVWNEDLTYSGITDDDITHKVLRIAVCD
MELFFTV,0,,...[FWY]..[LVI],PLRKPTESWRETLLDSRVMELFFTVHRKIREDSDMAQDS
LTSFTCI,0,,...[FWY]..[LVI],PLRKPYKMDINLKTLTSFTCIQRSLLDTNLEMVRHSFIF
IQWFNKL,0,,...[FWY]..[LVI],PLRKQQSLETCEKTVYESSQMTEHHKVSDHIQWFNKLSL
ERVFQDV,0,,...[FWY]..[LVI],PLRRCTYYETCATYGLNVERVFQDVAQKIVATRKKQQLS
ILIFHSV,0,,...[FWY]..[LVI],PLRKSCLARRVILIFHSVALCLASLNSCLDPVIYYFSTN
AGMYTCV,0,,...[FWY]..[LVI],PLRKSDAGMYTCVGTNMVGERDSDPAELTVFERPTFLRR
LLRYTAY,0,,...[FWY]..[WFY],PLRMSDNGVCVLAFKCPGLLRYTAYRCKQLSDTSIIAVA
ECRFWCV,0,,...[FWY]..[LVI],PLRKSIGLYLRSQKIPLYEECRFWCVKVLIFSVNSMAN
LRTFLGV,0,,...[FWY]..[LVI],PLRMSLACLRTFLGVDVLQDLAACHLSWT
SQLWLNL,0,,...[FWY]..[LVI],PLRKSSRNFEKPVSPLVKKMRYVSQLWLNLKISKNLMA
AKLFLWW,0,,...[FWY]..[WFY],PLRQTLRNEMKVLLILSKWLEQVYPSSVEEEAKLFLWWH
PTVFERY,0,,...[FWY]..[WFY],PLRKTSLLMVFADGAFPESYTPTVFERYMVNLQVKGKPV
EKIFKQL,0,,...[FWY]..[LVI],PLRKTFECNICEKIFKQLIHLTEHMRIHTGEKPFRCKEC
MAKFVKV,0,,...[FWY]..[LVI],PLRKTYMAKFVKVKRTDQVLVKKEISILNIARHRNIYT
HAGYKPF,0,,...[FWY]..[WFY],PLRQCGKAFNRSSTLNTHTRIHAGYKPFVCEFCGKGFHQ
QKAWMPI,0,,...[FWY]..[LVI],PLRQGKYDEAIDCTQKAWMPIHIIRCCQRTVRQHIFV
AQLFACL,0,,...[FWY]..[LVI],PLRMVPLVAVVSGPRAQLFACLLRLGTQQVGPLQLHTGA
VFTYQVF,0,,...[FWY]..[WFY],PLRNVENTLFINTSNHGVFTYQVFGVGVPNPYRLRPFLG
TTMFSTL,0,,...[FWY]..[LVI],PLRKVSEIQGMLQELIGTTMFSTLENNAIKYISSTIVNL
PVEFLVL,0,,...[FWY]..[LVI],PLRNVVFKRAEEGVPVEFLVLHDVDLIISHVENNMHIEE
LRKYIHL,0,,...[FWY]..[LVI],PLRKYIHLVQIVETEKIAANQLRHQLEDQDTEIERLKSK
CLEYRKL,0,,...[FWY]..[LVI],PLRLEAAATSLQALSPQKQSFVLEVLSGCLEYRKLLTVV
NEDFKYV,0,,...[FWY]..[LVI],PLRMAADLGPWNDTINGTWDGDELGYRCRFNEDFKYVLR
SRLYSRF,0,,...[FWY]..[WFY],PLRSSRLYSRFGFSSCTLQVEQYQPEMAQCLRCQEPPQA
RPSFPKL,0,,...[FWY]..[LVI],PLRMAAFQCKVSLRPSFPKLKGRVIKLCFYLKRCF
LYRYAKF,0,,...[FWY]..[WFY],PLRLADKHGFRQEYLDTLYRYAKFQYECGNYSGAAEYLY
QARFSVL,0,,...[FWY]..[LVI],PLRMAASVEQREGTIQVQGQALFFREALPGSGQARFSVL
KPKFSGF,0,,...[FWY]..[WFY],PLRMAAVPQNNLQEQLERHSARTLNNKLSLSKPKFSGFT
HIPYKLL,0,,...[FWY]..[LVI],PLRLVCEMSSLFHAMYSGSRTPHIPYKLLHLIWIHAEHL
PKLYRSV,0,,...[FWY]..[LVI],PLRQPQKHVQQRACYNIQPKLYRSVIEDVIEGVRNLFAE
LADFVKL,0,,...[FWY]..[LVI],PLRLADFVKLSRTQVWKLENSLLDHRNKTIHNDYRRTS
LHFFVQI,0,,...[FWY]..[LVI],PLRLAEFIQKRCNSLLEEETILHFFVQILLALHHVHTHL
DNVFLFL,0,,...[FWY]..[LVI],PLRLAEFTEADEAMAELAIADNVFLFLMESVVVSEYFYQ
GEEFYML,0,,...[FWY]..[LVI],PLRRAGGWVSGEEFYMLTRRVLQLETVLEGVVSQIDAVG
QGTYEDF,0,,...[FWY]..[WFY],PLRLPILQHISRNKEQGTYEDFVEGLRVFDKESNGTVMG
CPTWLQV,0,,...[FWY]..[LVI],PLRLALSSDCPTWLQVRVRGSWRWKMQLGELIRQVSGNS
DTEFSTI,0,,...[FWY]..[LVI],PLRLAKDTEFSTISKGAAPSASSTPTIIASPKATYVQDS
TSYYQGV,0,,...[FWY]..[LVI],PLRLAMGPVTNKTGLDASPLAADTSYYQGVYSRPIMNSS
GGCFSTW,0,,...[FWY]..[WFY],PLRMAKLIVDTMLSLMFPVTGIWLWGGCFSTWTKQGPSS
QFLFQTY,0,,...[FWY]..[WFY],PLRLSLASLNATKLKHPYYPCMAKVSLQLAIQFLFQTYL
LVSFTCV,0,,...[FWY]..[LVI],PLRLALVSFTCVGYAVTKAHPALVCAVLHSEVVVALILQ
SASWMCL,0,,...[FWY]..[LVI],PLRLALLYMIENGPGEIPVDFSKQYSASWMCLSLLAALA
VVSFHQV,0,,...[FWY]..[LVI],PLRLALMEKFKKKVHQLAMTVVSFHQVDYTFDRNVLSRL
DTKWLTL,0,,...[FWY]..[LVI],PLRMALNVAPVRDTKWLTLEVCRQFQRGTCSRSNEECKF
GELWGTL,0,,...[FWY]..[LVI],PLRLALTQGSPHSRSRHQGTGGELWGTLQAYSVNGLAAA
LALWTWV,0,,...[FWY]..[LVI],PLRLALWTWVVNRLKGTETTQKAGRGPTSLRLRWDNPRS
PLRYPFL,0,,...[FWY]..[LVI],PLRYPFLDAKEEFTHTTLAADVMRPRRNDPPLAVLTQAN
TQNYFGL,0,,...[FWY]..[LVI],PLRMANGTADVRKLFIFTTTQNYFGLMSELWDQPLLCNC
VTPWDIL,0,,...[FWY]..[LVI],PLRLANSVTPWDILLSLLQLPLMIWIIQVLINLSLLKL
EKNFKAF,0,,...[FWY]..[WFY],PLRLATQLTGPVMPIRNVYKKEKARVITEEEKNFKAFAS
EGLWPPL,0,,...[FWY]..[LVI],PLRLAPSSEQEQPEGLWPPLASPLHPLEVQGLICGPCFS
DGAFEGL,0,,...[FWY]..[LVI],PLRLEQLDLHSNVLMDIEDGAFEGLPRLTHLNLSRNSLT
QGFYEEV,0,,...[FWY]..[LVI],PLRLENMALENHGFARRIYEDSDADLQLQGFYEEVANPL
TPHWALF,0,,...[FWY]..[WFY],PLRMARTPHWALFGASERGFDPKDTRHQRKNKSKAISGC
LASFKIL,0,,...[FWY]..[LVI],PLRLASFKILSLEGQKVMVAIPLVMTLVLLVSVTINRC
NDEWTRF,0,,...[FWY]..[WFY],PLRLAVPHNDEWTRFARTLVEIRANRADSEEEGTVELSA
EKEFINF,0,,...[FWY]..[WFY],PLRQAWEKEFINFVKNYKNPNLTISFTAERSIEDELNRE
EGGFAIV,0,,...[FWY]..[LVI],PLRLGSGYIGRVFGIGRQQVTVDEVLAEGGFAIVFLVRT
TEFFRKL,0,,...[FWY]..[LVI],PLRLDWLQGAGLGDIATEFFRKLSMAVNLLCVPRTSLL
RRLFRDF,0,,...[FWY]..[WFY],PLRLCEQQPIGRRLFRDFLATVPTFRKAATFLEDVQNW
VVLFHLL,0,,...[FWY]..[LVI],PLRLCHDLGHGHFLTCLMVVLFHLLARR
ADNFQGI,0,,...[FWY]..[LVI],PLRLCHKTDLNNLEMPIKEDQIADNFQGISGPKEDSTSI
LRLWLLV,0,,...[FWY]..[LVI],PLRLWLLVKEAQPLEWVSSPLGPPEPWSSHSY
ASPFTNI,0,,...[FWY]..[LVI],PLRVYADSMLSFSLTTAMYLVTFGIGASPFTNIEAARIF
GHGYSKL,0,,...[FWY]..[LVI],PLRMCRRACGGHGYSKLSGLPSLVTKLSASCTYEGENTV
RKIFLCW,0,,...[FWY]..[WFY],PLRLDEARLAGKDCASTRRRKIFLCWLLGSWAICILPT
CECYSAY,0,,...[FWY]..[WFY],PLRLDGDGTCECYSAYTGPKCDKPIPECAALLCPENSRS
GDKYKFF,0,,...[FWY]..[WFY],PLRLDHFNIQVDNPVSVLTQEMSKQFLQSKNEGDKYKFF
SALYFAV,0,,...[FWY]..[LVI],PLRLDQRINKHYDDHRKSALYFAVSNSDLSSVKLLLSAG
SSQYKFV,0,,...[FWY]..[LVI],PLRRDQRAMMVQTSSQYKFVCEAILRVYEEGLVQMLDPS
KNAFASV,0,,...[FWY]..[LVI],PLRLDKLRKNAFASVILFGTNNSSSISGVWVFRGQELAF
NNSFNDI,0,,...[FWY]..[LVI],PLRLELDKLGTSELLLAKNVGNNSFNDIMEANLPSPSHN
LSPFVLF,0,,...[FWY]..[WFY],PLRLDVLIQLGIIVTVVLQILWTRPCLSPFVLFILTIA
KEDYSVV,0,,...[FWY]..[LVI],PLRLDTLAAMQDLKMGVASTEEETQAVMKVYSKEDYSVV
ELLWNKY,0,,...[FWY]..[WFY],PLRLDRKLLELLWNKYWVNTLSSSSLLTNADYTTGQVFD
TTEWTTL,0,,...[FWY]..[LVI],PLRLDTTEWTTLVSDSQEDKKNSRPRPRAGHCAVAIGTR
SSTYMQI,0,,...[FWY]..[LVI],PLRLDVFSSTYMQIVKLLGLDVPSLCLAELVKTYCSSFK
KDEFKAV,0,,...[FWY]..[LVI],PLRMDVVFLIDNSRNIAKDEFKAVKALVSSVIDNFNIAS
SKDYSGF,0,,...[FWY]..[WFY],PLRPEARASKDYSGFRGNIIPRGAAGKIRE
ITPFQRL,0,,...[FWY]..[LVI],PLRVECQRTECIKPVVQEVLTITPFQRLYRIGESIELTC
LQLFSQI,0,,...[FWY]..[LVI],PLRMEDEMPKTLYVGNLSRDVTEALILQLFSQIGPCKNC
RRRFSAL,0,,...[FWY]..[LVI],PLRLEGEASPPLGARRRFSALLEPSRFSAPQEDEDEARL
LAPYQHL,0,,...[FWY]..[LVI],PLRLEIALAPYQHLEEDMKSLKQVLEMKNQQIHEQEKKI
VVSFLLL,0,,...[FWY]..[LVI],PLRLEILVILKEWTSKLWHRQSIVVSFLLLLAVLIATYY
LINFLDL,0,,...[FWY]..[LVI],PLRLESQGIERLHPMQFDHKKELRKLNMSILINFLDLLD
GPGFPSL,0,,...[FWY]..[LVI],PLRMEKRGSCVAGGPGFPSLVTLLPLSSLHTTHPKPCPL
GTYFTSF,0,,...[FWY]..[WFY],PLRLEQCNIVQPPPPCKIENSIPNPNGTESGTYFTSFQL
DSPFVGL,0,,...[FWY]..[LVI],PLRMELFEGRGISEEGLRDSPFVGLGHQVGESGLLVLR
EKIYPYY,0,,...[FWY]..[WFY],PLRLKNITRKNIAKMIAGNSTESSKTPVTIEKIYPYYVK
EPAFGEV,0,,...[FWY]..[LVI],PLRMEPAFGEVNQLGGVFVNGRPLPNAIRLRIVELAQLG
PTDYLSW,0,,...[FWY]..[WFY],PLRVEQPIVPRPAPRPTDYLSWGTASPYSAMATYSATCA
QQGFLHL,0,,...[FWY]..[LVI],PLRLERREVEQQGFLHLGEHDGSLDLRSRRSVQEGNPRA
RLLFQIF,0,,...[FWY]..[WFY],PLRLSAAIRASQPRLLFQIFGTGHSSLESPTNMPSPSPD
RSSFIIY,0,,...[FWY]..[WFY],PLRLFDQPGDPLKRSSFIIYDIMNELMGKRFSPKDPDDD
HHFWHGF,0,,...[FWY]..[WFY],PLRLFAYPGCDAGIRHGAVLRPALHHFWHGFR
QLRFSRV,0,,...[FWY]..[LVI],PLRMFDFSFPTPASAGTRMGPASCGGRSLHLPQLRFSRV
LRMFDKV,0,,...[FWY]..[LVI],PLRMFDKVLVDAPCSNDRSWLFSSDSQKASCRISQRRNL
LRLFVLI,0,,...[FWY]..[LVI],PLRLFVLILILYLLTILGNTTIILVSRLEPKLHMPMYFF
SSHFSEF,0,,...[FWY]..[WFY],PLRLLEQQSTNSSEFEAPSLSDSMSSVADSHSSHFSEFS
NLSYYVY,0,,...[FWY]..[WFY],PLRLFVLTKTNLSYYVYDKMKRGSRKGPLKLRKSVVWR
LRLFLAF,0,,...[FWY]..[WFY],PLRLFLAFRSDASVGLSGFAIEFKEKPREACFDPGNIMN
LRLFTTL,0,,...[FWY]..[LVI],PLRLFTTLTTRPVMEPPCVGNLNNSLDLNRKLIPRENLV
EELWQRL,0,,...[FWY]..[LVI],PLRLFSCADLGLRLLAPLMPFLAEELWQRLPPRPGCPPA
PLKFVGF,0,,...[FWY]..[WFY],PLRLGAIRGTHGDLAGGAAADWQPAPCPTVRPLKFVGFC
NYNFELV,0,,...[FWY]..[LVI],PLRLGAVCGVVLYCACWHNGMSERNLSALENYNFELVDG
KHNFDTF,0,,...[FWY]..[WFY],PLRMGAYHGKHNFDTFSHQRPCLLKSLKHEGANKLRYPL
EGDFRSY,0,,...[FWY]..[WFY],PLRMGCVFCKKLEPVATAKEDAGLEGDFRSYGAADHYGP
RISFLIL,0,,...[FWY]..[LVI],PLRLGETSAPQQTSLGLLDNLAPAVQIILRISFLILLGI
AHSYTSV,0,,...[FWY]..[LVI],PLRLGKNEDGKGRCPFDPAHSYTSVMVDGELYSGTSYNF
KRPFERL,0,,...[FWY]..[LVI],PLRLGLAAMPEKRPFERLPADVSPINCSLCLKPDLLDFT
HSSYTPL,0,,...[FWY]..[LVI],PLRLGLIIFSLGVISWRRAGHSSYTPLPGSNYSEGWHIS
GMLFGGI,0,,...[FWY]..[LVI],PLRLGMLFGGILMKRFVFSLQTIPRIATTIITISMILCV
LGLWLRL,0,,...[FWY]..[LVI],PLRLGLVAGALALGLWLRLRRGGKDGSPKPGFLASVIPV
SRRWMDL,0,,...[FWY]..[LVI],PLRLGMGFSQASRRWMDLQPTDVLWSLGDAFGGSLSLSA
HLRWHSW,0,,...[FWY]..[WFY],PLRMGNSSLHLRWHSWNVPGLGRQPQAPSSAAPEALAVA
ATVFSLL,0,,...[FWY]..[LVI],PLRMGPPSLVLCLLSATVFSLLGGSSAFLSHHRLKGRFQ
AAKYRVL,0,,...[FWY]..[LVI],PLRLGPRNELFDAAKYRVLADRFGSPADSWGVRNRPCR
SAPWLSL,0,,...[FWY]..[LVI],PLRLGPSPQRDPQAVKERALSAPWLSLFPPEGNMEDKEM
LQLYISV,0,,...[FWY]..[LVI],PLRLGSAPQLTLQLYISVMQQDVTVGRSLLMTISLLSIV
KPVFDFL,0,,...[FWY]..[LVI],PLRLHFVNNSSISAGQSKAQISLQKIKPVFDFLVNKFST
GALFNLF,0,,...[FWY]..[WFY],PLRLPGALFNLFSAAPIHLGLQSPPGSLLRFPPSQPEST
TDMFYTL,0,,...[FWY]..[LVI],PLRLHIIAGQMNIEYMNNTDMFYTLTGKSGEIFNSDKDN
LLGYNEI,0,,...[FWY]..[LVI],PLRLHLEHNNLEEFPFPLPKSLERLLLGYNEISKLQTNA
MISYNSL,0,,...[FWY]..[LVI],PLRLHLGGESFWVSMISYNSLGKSPVATLRIPAIQEKSF
RNLYDSI,0,,...[FWY]..[LVI],PLRVRDKPGLERFVAMNRGINEGGDLPEELLRNLYDSIH
TSSFGTI,0,,...[FWY]..[LVI],PLRLHSSVKRSCSQNDSEEPTLSLTSSFGTILRKCSRNE
KNKFSDV,0,,...[FWY]..[LVI],PLRLNSVKNKFSDVQVLCSLYGEKAKAALDLERQIQDAD
GPPYTLY,0,,...[FWY]..[WFY],PLRLRYCDRSHQTYWLDPAKTLAEHKELINTGPPYTLYF
LTTWPYI,0,,...[FWY]..[LVI],PLRRHYRKHTAPSRSSAGCATAASRALTTWPYI
GGAYVKL,0,,...[FWY]..[LVI],PLRLIVQYEVNFQNGIECGGAYVKLLSKTPELNPDQFHD
LGGFTSY,0,,...[FWY]..[WFY],PLRLIEVQSNSLHKISVDVQRPTGSFSIDFLGGFTSYYD
SNQFCDV,0,,...[FWY]..[LVI],PLRLNEQRLSNQFCDVTLLIEGEEYKAHKSVLSANSEYF
RLIFCTL,0,,...[FWY]..[LVI],PLRLIFCTLAALAEERKPLECLDAFGATGIMGLQWAKHL
GTSYVPI,0,,...[FWY]..[LVI],PLRLIISMSRDYASNLGTSYVPIPARSFTQSSPTFPLAS
CSDYASW,0,,...[FWY]..[WFY],PLRMIGRIPCGRLGTVEELANLAAFLCSDYASWINGAVI
SKKFDIL,0,,...[FWY]..[LVI],PLRLIKISEGTGFRIHMIHKAAVAAKKFGPKSSKKFDIL
IPPFCNL,0,,...[FWY]..[LVI],PLRLVQQNVIPPFCNLLSVKDSQVVQVVLDGLKNILIMA
KDQYGDV,0,,...[FWY]..[LVI],PLRLILNKDDIRCGWPTTITVQTKDQYGDVVHVPNMKVE
LSPWGDL,0,,...[FWY]..[LVI],PLRLILSPWGDLTSRSLAADPSHPCLCGPAHLGNTPRNN
NVKYNSI,0,,...[FWY]..[LVI],PLRMINIWNVKYNSIHCVANLLAGLVLYQEDVGIHVVDG
NQRWDNL,0,,...[FWY]..[LVI],PLRRTDTASRLKQMVHEGNQRWDNLQRRVTAVLRRLRHF
LTMFEAL,0,,...[FWY]..[LVI],PLRLISLLLTMFEALGDPEKNCSRAATVMINCLLQERGG
ELMYVTL,0,,...[FWY]..[LVI],PLRLISEVVRSLLVVSDLSTERNQFELMYVTLTELRRVH
TTSYTFI,0,,...[FWY]..[LVI],PLRLITTSYTFIVAALLKIHSAAGRHRAFSTCSSHLTW
LRQFLGL,0,,...[FWY]..[LVI],PLRLITEMRLVNEMYQTSLRQFLGLFDLSLARSVKSPIT
VFNFCAI,0,,...[FWY]..[LVI],PLRLITNALHHIPDVITYLTRLRNQSVFNFCAIPQVMAI
PWNWTCL,0,,...[FWY]..[LVI],PLRMKAMPWNWTCLLSHLLMVGMGSSTLLTRQPAPLSQK
CEDFYQF,0,,...[FWY]..[WFY],PLRLTEACIRVAGKILESLDRGVSPCEDFYQFSCGGWIQ
IKLFEGV,0,,...[FWY]..[LVI],PLRLNEEITKLNPDIKLFEGVAINNTFLPSQNDLRICSL
IPFFVNV,0,,...[FWY]..[LVI],PLRLKEGSSREVPVGIPFFVNVTHNGTYQCQASSSRGKY
QSAFVSV,0,,...[FWY]..[LVI],PLRLKEIQSAFVSVLSENDELSQDVASKGLGLVYELGNE
SEVWGLV,0,,...[FWY]..[LVI],PLRPKHKTRPSHSEVWGLVPVSDDY
LSLYRTL,0,,...[FWY]..[LVI],PLRLKKAREPGPPREPKEPFRPPPITPHEYMLSLYRTLS
LEVFREL,0,,...[FWY]..[LVI],PLRLKKPETFPKNQRRVFRTPDLKGMLEVFRELTDVRRY
PGKYHFW,0,,...[FWY]..[WFY],PLRLKLDSEKKLEDARARCEGQEMTTEELTKPGKYHFWE
VVRYRSV,0,,...[FWY]..[LVI],PLRLKPPQLATMLLGMPGEGEVVRYRSVWPLTLLALKS
CFTWREF,0,,...[FWY]..[WFY],PLRLKTTFQENTQSISVRGIKFIPGPPGNKDLCFTWREF
EAIYQCV,0,,...[FWY]..[LVI],PLRLKNNNSTLTISGIGPEDEAIYQCVAENSAGSSQASA
LSQYPSL,0,,...[FWY]..[LVI],PLRLKNPLGTFIFCHAYLADQDMECLSQYPSLSQLKEL
TDTWENL,0,,...[FWY]..[LVI],PLRLQSATDTWENLVSDARIKQGLIHQHCQVRIDTLGLL
PLRWLKI,0,,...[FWY]..[LVI],PLRWLKIQESRCEVNLQGASLRSECCATLGAAWGSPCER
LADFKMF,0,,...[FWY]..[WFY],PLRLQWVVGTEVEIINQQLADFKMFQKEQVDPLQMKLQQ
LTFFQEW,0,,...[FWY]..[WFY],PLRLLARLTFFQEWIDKGPPVVFWISGFYFTQSFLTGVS
PCLYLAL,0,,...[FWY]..[LVI],PLRLLATAPCLYLALVLAPTTLLPPMCSWALGSCFCPA
NLAFNEI,0,,...[FWY]..[LVI],PLRLLCEFSVTQNRLEVNISQSTYKDPNNLAFNEIKILG
PESFGSV,0,,...[FWY]..[LVI],PLRLLGTWSDTSSGGPARAYPVGGLCYYLSPPESFGSVL
RNCYQNF,0,,...[FWY]..[WFY],PLRMLDVEAQEPPKGKWSTPPFDPRFPSQNQIRNCYQNF
DGDFVRY,0,,...[FWY]..[WFY],PLRLLDVWNKEDTVQVSTLLRPPHCPRMVQDGDFVRYHY
IIVYTLY,0,,...[FWY]..[WFY],PLRLLKPCECCGRSLKIIVYTLYFKTHRQMGVVSKPSR
LLGWGSL,0,,...[FWY]..[LVI],PLRLLGWGSLLIILKNEGFYSSTCPAESSTNTTQDEQRR
VELYTAF,0,,...[FWY]..[WFY],PLRLLQRRKRENMSDGDTSATESGDEVPVELYTAFQHTP
KQSWDRV,0,,...[FWY]..[LVI],PLRLSLDQALVKQSWDRVTSRLFDWHIQLDKSLPAPLGT
PCLFLEL,0,,...[FWY]..[LVI],PLRLLLRRPCPGMASGDPCLFLELGLTIPRPFMKALGQE
MLLWPLL,0,,...[FWY]..[LVI],PLRMLLWPLLLLLLLLPTLALLRQQRSQDARLSWLAGLQ
EDVFVHV,0,,...[FWY]..[LVI],PLRLLNSAQSGSAGRPLAEDVFVHVDMSEGVPGDPASPP
STSFITV,0,,...[FWY]..[LVI],PLRLLTPKGEDSEEDEDTEYFDAMEDSTSFITVITRPS
GHIFQKV,0,,...[FWY]..[LVI],PLRLLPVCEHSGPSSGKIPSDRAELGAGSVCGHIFQKVE
STTFQGI,0,,...[FWY]..[LVI],PLRLLQHSHSQVPEAGSTTFQGIIEANRRWLERVKNDPR
LYYFSSV,0,,...[FWY]..[LVI],PLRLLQMVLQGWKFNGGSLYYFSSVKKSWHEAEQFCMSQ
TWDFDIL,0,,...[FWY]..[LVI],PLRVLRGAPHEVAVEILEGESVITWDFDILHGDVVFSL
LEQYLTI,0,,...[FWY]..[LVI],PLRLLVLEQYLTIIPEKLKPWVRAKKPENCEKLVTLLEN
CPYWGEL,0,,...[FWY]..[LVI],PLRMLVLFLLGTVFLLCPYWGELHDPIKATELCVMNVK
ARIYADF,0,,...[FWY]..[WFY],PLRMLSKRGCHARIYADFPIRRLISQRSSLETLEDIEEN
IERFFKL,0,,...[FWY]..[LVI],PLRLVSNVGGDGEEIERFFKLHQEDQACATCLILACSTA
RKSFVPL,0,,...[FWY]..[LVI],PLRTDEGIEEEIPDSPVLKSMIKKRNKRIRKSFVPLKY
EVLFKSI,0,,...[FWY]..[LVI],PLRLMLDNWKLGEVLFKSINSCS
GREYIKV,0,,...[FWY]..[LVI],PLRLMLRCTKGREYIKVVMQNGRMMGAVLIGETDLEETF
PAAFAFL,0,,...[FWY]..[LVI],PLRMMSSRRHPAAFAFLVHLSLYLSRSLTSAGQPF
LDSYEFL,0,,...[FWY]..[LVI],PLRLMTKVNKQKLFEKSTGLPHKASRHLDSYEFLKAILN
GKWFDKW,0,,...[FWY]..[WFY],PLRLNDRVFEERRALLGKWFDKWTDSQRRRILTGLLERC
VALFILY,0,,...[FWY]..[WFY],PLRLTEFGINVALFILYMAAALSM
SGTFRLI,0,,...[FWY]..[LVI],PLRLNGRISYYSTPIAVGTVIRYSCSGTFRLIGEKSLLC
LDGFNDI,0,,...[FWY]..[LVI],PLRLNLDGFNDIVIGAPLEDDHGGAVYIYHGSGKTIRKE
TTAYSRL,0,,...[FWY]..[LVI],PLRLNISEKLTLLPTLYEIHSKTTAYSRLNETHLLTFS
AQRYIFV,0,,...[FWY]..[LVI],PLRLNLVKRMKIKTGKALNLGYALDYAQRYIFVKSAGSR
AKCYQLL,0,,...[FWY]..[LVI],PLRMNRFKNALNSCDPWVQAKCYQLLLSVFQHSNRALST
LNRYMEY,0,,...[FWY]..[WFY],PLRLNRYMEYAISTSPFTSNETNIIEVVASSEVGRYVAK
VRRFQVV,0,,...[FWY]..[LVI],PLRLTSQPGKEVVKQLEEGLKDTDLARVRRFQVVEVTKG
MKAFDLI,0,,...[FWY]..[LVI],PLRMPDSWDKDVYPEPPRRTPVQPNPIVYMMKAFDLIVD
GSRFYFW,0,,...[FWY]..[WFY],PLRLPENPYHSRPRPDPSPEIEGDLQPATHGSRFYFWTK
PAAWSTF,0,,...[FWY]..[WFY],PLRLPAAWSTFAYSLRPSRSPLRALIEMVVAREPSASLG
VLSWEPV,0,,...[FWY]..[LVI],PLRLPAPQHPKIRLYNAEQVLSWEPVALSNSTRPVVYQV
LYGFSAL,0,,...[FWY]..[LVI],PLRLPTVPSDHLPNLYGFSALHAVT
TKEYSHI,0,,...[FWY]..[LVI],PLRLPIHCVCVTKEYSHILVGLEDGKLIVVGVGKPAEMR
GRNYIVV,0,,...[FWY]..[LVI],PLRLTKKHGRNYIVVDERRAVEELLECLDLEKSSCCMGY
APVFLSY,0,,...[FWY]..[WFY],PLRLPLIAEVEQLPEGRASPVAAPVFLSYSEPEGSAGPS
RLRYNRL,0,,...[FWY]..[LVI],PLRLRYNRLSAIPRSLAKCSALEELNLENNNISTLPESL
GEDYFAL,0,,...[FWY]..[LVI],PLRQPNSSLEANLVVDTVSHLSRIGEDYFALNKLTAKKT
AGRYYRL,0,,...[FWY]..[LVI],PLRLPPACTRAERREVERVVVDALSGLKGDLAGRYYRLS
QGIYLII,0,,...[FWY]..[LVI],PLRMPQGIYLIISGMAILHSLSPTFGIESNQRCDRGSSD
PESFPEL,0,,...[FWY]..[LVI],PLRLTRLPESFPELQNLTCLSVNDISLQSLPENIGNLYN
AEKFVFF,0,,...[FWY]..[WFY],PLRMPSETLWEIAKAEVEKRGINGSEGDGAEIAEKFVFF
RPSFTEL,0,,...[FWY]..[LVI],PLRRPSFTELREDLENTLKALPPAQEPDEILYVNMDEGG
SAPWGGL,0,,...[FWY]..[LVI],PLRMPTATGLTLLTSASSAISDPGGEVSAPWGGLRTWTQ
AESFMHV,0,,...[FWY]..[LVI],PLRLPVPLRAHSTLQDEAESFMHVQLEVMVKHPPAEPSR
TDLWAAV,0,,...[FWY]..[LVI],PLRMPWSSRGALLRDLVLGVLGTAAFLLDLGTDLWAAVQ
VQLWLCV,0,,...[FWY]..[LVI],PLRMPYASDYGRRLAQTSQVQLWLCVCLHVFFCMPLCVD
VSIYLPV,0,,...[FWY]..[LVI],PLRLQEPVVPDPDVSIYLPVLKTMKSVVEKMKNISNHL
CRAFSAL,0,,...[FWY]..[LVI],PLRPSGPESSVNMDLYSGAQRVCRAFSALVDQIALPNLK
EKLFQIV,0,,...[FWY]..[LVI],PLRPQFKSHNTNEVLEKLFQIVPGENPYRFRDPHQCRRC
PVLWGLI,0,,...[FWY]..[LVI],PLRMQKIMHISVLLSPVLWGLIFGVSSNSIQIGGLFPRG
QDAFVVI,0,,...[FWY]..[LVI],PLRLQQDAFVVIGRDTRPSSEKLSQSVIDGVTVLGGQFH
QRKYLKI,0,,...[FWY]..[LVI],PLRLQRCFGHNFRSHLHQRKYLKIMPVHLLMLLLYIWQV
SALYSNL,0,,...[FWY]..[LVI],PLRLQRENERNLFSRQKAPLASFNHSSALYSNLSGHRGS
KPKFDML,0,,...[FWY]..[LVI],PLRMRAQEDLEGRTQHETTRDPSTPLPTKPKFDMLYKID
TLVFQGY,0,,...[FWY]..[WFY],PLRMRDEVAEKEKADINVTLVFQGYENTPIMVCVDGIVS
VCAFVIV,0,,...[FWY]..[LVI],PLRLRNSATGYRQSPDGACSVPSARTMVVCAFVIVVAVS
GTHYEFL,0,,...[FWY]..[LVI],PLRLRESEESIGTHYEFLQPLQKLLNVSEECSYSDPSES
SDGFWTF,0,,...[FWY]..[WFY],PLRLREDSRLHYSVTLSDGFWTFRTATFSTDGILTSVNH
CGDFDSF,0,,...[FWY]..[WFY],PLRMRENVPGEKKPQNGIPLPPQIFNEEQYCGDFDSFFS
LAAYSFV,0,,...[FWY]..[LVI],PLRMRLPLSHSPEHVEMALLSNILAAYSFVSENPERAAL
LLCWPVL,0,,...[FWY]..[LVI],PLRMRGLLCWPVLLLLLQPWETQLQLTGPRCHTGPLDLV
EHRYPVV,0,,...[FWY]..[LVI],PLRLRLLEHRYPVVMAREAAPSSPAGCALATWRRRPPS
GALFAAL,0,,...[FWY]..[LVI],PLRLRTLLARQLVFFAGALFAALLVLTVYDEDVLWST
CVGFLSI,0,,...[FWY]..[LVI],PLRPSPSCVGFLSISSSESSQLVVTRQLIQSSSRVVAS
GRPFTTL,0,,...[FWY]..[LVI],PLRLRRLQSGPTSPGEDRQAGRPFTTLCYTTNSVRVPV
SSSWRVF,0,,...[FWY]..[WFY],PLRMRSLGANMAAALRAAGVLLRDPLASSSWRVFSHGV
LQQFPDI,0,,...[FWY]..[LVI],PLRQMHVLSYSLCPDLMEIALKKKDVQLLQLCLQQFPDI
NWVYKIL,0,,...[FWY]..[LVI],PLRLSEALKSLRSGPKSKNWVYKILGGFAPEHKEPTLPT
VHLFDTF,0,,...[FWY]..[WFY],PLRLSENKEEPVKLAVVCRDGQVHLFDTF
VANFLAL,0,,...[FWY]..[LVI],PLRLSFYCTGCRLRSTDLIVKHLIVANFLALRCKGVPHT
EAGFPEV,0,,...[FWY]..[LVI],PLRLSGRDAAQLAEEAGFPEVARMVRESHGETRSPENRS
CGPFSAL,0,,...[FWY]..[LVI],PLRMSGSHTPACGPFSALTPSIWPQEILAKYTQKEESAE
CPSWTPL,0,,...[FWY]..[LVI],PLRMRTVCTERPARTRFHATRHLSCSQPCPSWTPLRLRD
EHYFSPV,0,,...[FWY]..[LVI],PLRMSCKKQRSRKHSVNEKCNMKIEHYFSPVSKEQQNNC
ELGWGTL,0,,...[FWY]..[LVI],PLRLSGAAELGWGTLQVVGPEQRLAPHLTALPRTPPSSG
DIQFRLV,0,,...[FWY]..[LVI],PLRSSDEDIQFRLVTRFVNEAVMCLQEGILATPAEGDIG
MIRFTSW,0,,...[FWY]..[WFY],PLRLSKTMLPEATLLIMIRFTSWQTCKPLLKCPSLVTLL
KKAFALF,0,,...[FWY]..[WFY],PLRMSLINPSSSLKAELDGSTKKKYSFAKKKAFALFVKT
RGLFIPF,0,,...[FWY]..[WFY],PLRLSMEPTTKRGLFIPFSVSSVTHKGIPMAASNLSVNY
PEYFDGL,0,,...[FWY]..[LVI],PLRPSQSSGIIMTRDENVPPIVEFGPEYFDGLIIKSGES
PKRYHNL,0,,...[FWY]..[LVI],PLRLSQVGWLHCSHLSLKVFIPKRYHNLLRLLNLKCSKL
SRHYQDV,0,,...[FWY]..[LVI],PLRLSRHYQDVSCLQFTGDSSHFISGGKDCLVLVWSLCI
NKLYTSV,0,,...[FWY]..[LVI],PLRLSRKCNEDKDLPNKLYTSVAYGAEDVAKESFRLCLH
IEGFLLL,0,,...[FWY]..[LVI],PLRMSRKIEGFLLLLLFGYEATLGLRLPRMKARTRGTK
VCPWAAV,0,,...[FWY]..[LVI],PLRMSRTGLPVCPWAAVSPVARRRGEQNPAASGAAWGWM
GPSFESY,0,,...[FWY]..[WFY],PLRLSSAHKVSGMASRLLGPSFESYLLPELTVMTVR
TIRFTSV,0,,...[FWY]..[LVI],PLRQSSLLSSLSGSHSGESLPLSSGNQITIRFTSVGPIT
VSQFKMV,0,,...[FWY]..[LVI],PLRMSSNSDTGDLQESLKHGLTPIVSQFKMVNYSYDEDL
KRIFEKY,0,,...[FWY]..[WFY],PLRMSTKKSPEELKRIFEKYAAKEGDPDQLSKDELKLLI
TSTWSRV,0,,...[FWY]..[LVI],PLRLSVKMMPAGCTQGHRTTSTWSRVSRA
PRVFQHL,0,,...[FWY]..[LVI],PLRLTKLNLGKNSLTHISPRVFQHLGNLQVLRLYENRP
STEFMGV,0,,...[FWY]..[LVI],PLRLTLEPHGDSTEFMGVNMDVIRALLIFLEKRLHKTHR
EDIWEEI,0,,...[FWY]..[LVI],PLRLTEGHCLIVPLQHHRAATLLDEDIWEEIQMFRKSLV
KNYFSQV,0,,...[FWY]..[LVI],PLRLTSIEEGYERSFIHKIKHKHILAKNYFSQVPVLASF
DSYFVDL,0,,...[FWY]..[LVI],PLRLTSRGVCVCISTAFEGNLLDSYFVDLVIQKPLRIHH
ISNFDNI,0,,...[FWY]..[LVI],PLRTQISNFDNISKLSEQVVLTSISTLPAANGAGPLQNW
VTVWELI,0,,...[FWY]..[LVI],PLRVTVWELISSEYFTAEQRQELLRQFRTGKVTVEKVIK
MLEYVPV,0,,...[FWY]..[LVI],PLRMVADMLEYVPVKKDLRLTAGTGQITACLFPDHGSL
TTPFKVV,0,,...[FWY]..[LVI],PLRMVDSSTLAGLEPGTTPFKVVSPLTEAVLGETLLTVT
PVPFLVL,0,,...[FWY]..[LVI],PLRMVLLWPCPCPVPFLVLPCFWPCPVHVLDLTLALDLP
LDIYNNL,0,,...[FWY]..[LVI],PLRLVNLFQQGGRELDIYNNLRQTPLHLAVITTLPSVVR
APYFYDL,0,,...[FWY]..[LVI],PLRMVKMSREVQVFEITENSAKLHWERAEPPAPYFYDLT
SKLYIVI,0,,...[FWY]..[LVI],PLRLVSSTILVVKIRKNTWASHSSKLYIVIMVTIIIFLI
LDSFLPI,0,,...[FWY]..[LVI],PLRLVTHLDSFLPICRVNDFETADILCPKAKRTSRFLSG
PLHFLLL,0,,...[FWY]..[LVI],PLRLVSIISKTVVLGLALRREGPAPLHFLLLTDTPRFAL
KMLFLGI,0,,...[FWY]..[LVI],PLRMWLPQLSPSVKMLFLGIQLPCCEKAQGTAETTCGCS
VMSFVNL,0,,...[FWY]..[LVI],PLRPLASLQDSHFLTDADMVMSFVNLVEHDKEFFHPRYH
TSIFAQI,0,,...[FWY]..[LVI],PLRRWPGTKKTFEGTMTSIFAQIISVALILIFDSGVDLN
DDLFPHL,0,,...[FWY]..[LVI],PLRLYASTGDLLDLEKDDLFPHLDDILQHVNGLQEVVDD
LRMYDNV,0,,...[FWY]..[LVI],PLRMYDNVNKLNASLQETSVSISSTKGMFPGSLAHTTTK
LRLYEVY,0,,...[FWY]..[WFY],PLRLYEVYSSSAGPAVRHKCLRAILRIIYFADAELLKDV
LRLYIII,0,,...[FWY]..[LVI],PLRLYIIIGALCVAFILMLIILIVGICRISRIEYQGSSR
NMPYNIY,0,,...[FWY]..[WFY],PLRRVVELQLEDNPWNCSCDLLPLKAWLENMPYNIYIGE
LRSWDAL,0,,...[FWY]..[LVI],PLRSWDALSQTKAALRHIENKLEVAPTSTAVCDSVMDTK
LPLWSAL,0,,...[FWY]..[LVI],PLRMAAALALVAGVLSGAVLPLWSALPQYKKKITDRCFH
LREFVAV,0,,...[FWY]..[LVI],PLRMAAERQEALREFVAVTGAEEDRARFFLESAGWDLQI
LRMYPTY,0,,...[FWY]..[WFY],PLRMYPTYGNGDPQNFKLSQDDIKGIQKLYGKRSNSRKK
LRMYVLY,0,,...[FWY]..[WFY],PLRMYVLYPGAVISSLVSQSLVKVFLCMNNCSNGSFFAE
RWMYMFL,0,,...[FWY]..[LVI],PLRMAANSSFLGSVCSLFVVRVALKGLGDSPFRWMYMFL
PPSYRKF,0,,...[FWY]..[WFY],PLRMAAPEAPPLDRVFRTTWLSTECDSHPLPPSYRKFLF
LREFLQL,0,,...[FWY]..[LVI],PLRMAEGEEEGGDVLISVGHANVLGYTLREFLQLLQHIT
GFEYADV,0,,...[FWY]..[LVI],PLRVAFSLACIVLGNDVLQKDLHENEGFEYADVLYLLHS
QWCFSQV,0,,...[FWY]..[LVI],PLRMAGAGGGGCPAGGNDFQWCFSQVKGAIDEDVAEADI
LEQFILL,0,,...[FWY]..[LVI],PLRMAGEQKPSSNLLEQFILLAKGTSGSALTALISQVLE
LLGFLPL,0,,...[FWY]..[LVI],PLRNVVCLMLKDPPPLTALLGFLPLKRNEHGNPLKGIFK
GATWGRL,0,,...[FWY]..[LVI],PLRMALLSTVRGATWGRLVTRHFSHAARHGERPGGEELT
SGMFVTF,0,,...[FWY]..[WFY],PLRQSCSVPPLVEDEEFSESGMFVTFLMSALESMGLAHL
PPIFEGL,0,,...[FWY]..[LVI],PLRMATLGFVTPEAPFESSKPPIFEGLSPTVYSNPEGFK
MEEFRNF,0,,...[FWY]..[WFY],PLRMASESETLNPSARITTFYPTMEEFRNFSVTLPTLN
LLNWEEF,0,,...[FWY]..[WFY],PLRMALLTPQGVKEVFQLQRPQGRERLRRLLNWEEFNEQ
DDSFMAV,0,,...[FWY]..[LVI],PLRMASSSDSEDDSFMAVDQEETVLEGTMDQDEEPHPVF
QWPYRAV,0,,...[FWY]..[LVI],PLRMAVAHALTEKSKAMTGVEQWPYRAVAQALEVIPRTL
GLYFSCL,0,,...[FWY]..[LVI],PLRMAVRWTWAGKRLPAAGVFNSGLYLRGALGLYFSCLR
SAPWCTV,0,,...[FWY]..[LVI],PLRMCVHPPCTGSPCPFCGSLVSSRSAPWCTVPMSMAM
GCAFTLL,0,,...[FWY]..[LVI],PLRMGPAGCAFTLLLLLGSCLHSFPKKKELQSVCGQPVY
KENWAIL,0,,...[FWY]..[LVI],PLRMDEDIEDLDHCEMKEEPTSEKKLEDEGTEKENWAIL
PDSYIGI,0,,...[FWY]..[LVI],PLRMDPMELRNVNIEPDDESSSGESAPDSYIGIGNSEKA
RRRWPVV,0,,...[FWY]..[LVI],PLRMDRNPSPPPPPGRDKERRRRWPVVTALGARLQQTL
QEEWEKV,0,,...[FWY]..[LVI],PLRMDGGDDGNLIIKKRFVSEAELDERRKRRQEEWEKVR
PRDFPGI,0,,...[FWY]..[LVI],PLRMDGKQGGMDGSKPAGPRDFPGIRLLSNPLMGDAVSD
ASFYSKL,0,,...[FWY]..[LVI],PLRMDISADRVKVEGELQLIQALQNEVVSQASFYSKLLQ
TSAWPLY,0,,...[FWY]..[WFY],PLRMDTRNKAQLLVLLTLLSVLFSQTSAWPLYRAPSALR
EMDYKQW,0,,...[FWY]..[WFY],PLRMEMDYKQWIVDFVNQSLLQLSTCDVESKRYERTEFA
LPSYSQV,0,,...[FWY]..[LVI],PLRMENHKDSNLPSYSQVVLPQLCVAPPGPAPGSAGPA
LAGFTLL,0,,...[FWY]..[LVI],PLRMFVPCGESAPDLAGFTLLMPAVSVGNVGQLAMDLII
LRMFVPV,0,,...[FWY]..[LVI],PLRMFVPVSLVLDRKDALLMLAMLVEPLWSFSDMHRVGK
LRVFIRL,0,,...[FWY]..[LVI],PLRVFIRLHQDYKGGLCGNFDDNAINDFATRSRSVV
KLPFLLI,0,,...[FWY]..[LVI],PLRMLKMMGQLFISTIRKSKLPFLLIPLQLLVMQKPNQ
RVWFPDV,0,,...[FWY]..[LVI],PLRMEEVLIPDEDYSLDEIHTEVSKYLGRVWFPDVMPLW
PGPFQFV,0,,...[FWY]..[LVI],PLRMGASPEGPRPSSWACTPGPFQFVSAAVARLRLCR
RGPFPGV,0,,...[FWY]..[LVI],PLRMGGKQSTAARSRGPFPGVSTDDSAVPPPGGAPHFGH
GSLFSLW,0,,...[FWY]..[WFY],PLRMGSLFSLWLSTRPATRTMTFGWHRSETLGALASVVS
GTAWSTL,0,,...[FWY]..[LVI],PLRMGTAWSTLFQAQGTLPPMQMAAGTKGQHSASLLLAC
IKPYQTL,0,,...[FWY]..[LVI],PLRMNCGIRGSEMFAEMDLRAIKPYQTLIKEVGQRHCVD
AAFYLAL,0,,...[FWY]..[LVI],PLRMQEVLQRKALLAFQRAHSLSPTDHQAAFYLALQLAI
MNPYHNL,0,,...[FWY]..[LVI],PLRMNPYHNLESGMANLLKPIDDFCTKFFVGTEEGEVIY
VLHFTRL,0,,...[FWY]..[LVI],PLRMKGERERTREGSEAIQGSAMGSQRTALVLHFTRLA
QHIFAFF,0,,...[FWY]..[WFY],PLRMQHIFAFFCTGFLGAVVGANFPNNIQIGGLFPNQQS
VTEFILL,0,,...[FWY]..[LVI],PLRMKIANNTVVTEFILLGLTQSQWSLC
LQLFPCF,0,,...[FWY]..[WFY],PLRMKQAGFPLGILLLFWVHMLQLFPCFID
KATWYTL,0,,...[FWY]..[LVI],PLRMKQLPVLEPGDKPRKATWYTLTVPGDSPCARVGHSC
LDFFQAL,0,,...[FWY]..[LVI],PLRMLDFFQALVVTGTNNLGTWICCAC
LGVYSLV,0,,...[FWY]..[LVI],PLRMLEGSWINRKEDKLGVYSLVHFSPKMLGSVATTLPL
PFNFQPI,0,,...[FWY]..[LVI],PLRMLMQIKMDNHPFNFQPILASHSMTRDSTKPKKMTDT
PTLYSII,0,,...[FWY]..[LVI],PLRMIPTLYSIIFVVGFLVTAWW
DSFFCDL,0,,...[FWY]..[LVI],PLRMISWAVSLVHTLSQLSFTVNLPFCGPNVVDSFFCDL
AVVFGWI,0,,...[FWY]..[LVI],PLRMITGNMALIQVQATVVGFLASIAAVVFGWIPDGHFS
KPSFVSY,0,,...[FWY]..[WFY],PLRMLGKGVVGGGGGTKAPKPSFVSYVRPEEIHTNEKEV
RNGFTAL,0,,...[FWY]..[LVI],PLRMLKGLRPSRLTRNGFTALHLAVYKDNAELITSLLHS
STEYHRV,0,,...[FWY]..[LVI],PLRMNKNTSTEYHRVCLKRILPFR
TPYYSHV,0,,...[FWY]..[LVI],PLRMMPCHSTPYYSHVHCPLPMRFLQCPPDLTGKSHYLD
TRLWINL,0,,...[FWY]..[LVI],PLRMNAEFITSEPCTFPQPTGHQATRLWINLLPVQLLQA
PGPWLLL,0,,...[FWY]..[LVI],PLRMPGPWLLLALALTLNLTGVPGGRAQPEAAQQEAVTA
VRLYQRW,0,,...[FWY]..[WFY],PLRMTDMKVECHHVRLYQRWKTKHCGEEPPL
IKAFGIL,0,,...[FWY]..[LVI],PLRMPTPVIKAFGILKRAAAEVNQDYGLDPKIANAIMKA
RGLFPAI,0,,...[FWY]..[LVI],PLRMRGGVLLVLLLCVAAQCRQRGLFPAILNLASNAHIS
RGQFGWV,0,,...[FWY]..[LVI],PLRMRGQFGWVSNWQTRPQKQRSSLIQFR
CLTFLLL,0,,...[FWY]..[LVI],PLRMQSVQSTSFCLRKQCLCLTFLLLHLLGQVAATQRCP
EEWFHQV,0,,...[FWY]..[LVI],PLRMQSREEEWFHQVRRVMTILFLTMVISYFGCMKAAPM
LAGFLSW,0,,...[FWY]..[WFY],PLRMQKVTLGLLVFLAGFLSWTPMTWKIKTVLSTMTGT
MSLYPSL,0,,...[FWY]..[LVI],PLRMSLYPSLEDLKVDKVIQAQTAFSANPANPAILSEAS
AGEFSDI,0,,...[FWY]..[LVI],PLRMSRSLDSARSFLERLEARGGREGAVLAGEFSDIQAC
GASWMSV,0,,...[FWY]..[LVI],PLRMSHWAPEWKRAEANPRDLGASWMSVAAVAVAGVAL
SFSYEPY,0,,...[FWY]..[WFY],PLRMSSFSYEPYYSTSYKRRYVETPRVHISVRSGYSTAR
LQDFPAL,0,,...[FWY]..[LVI],PLRMSSGAPQKSSPMASGAEETPGFLDTLLQDFPALLNP
LLGFAIF,0,,...[FWY]..[WFY],PLRMTIALLGFAIFLLHCATCEKPLEGILSSSAWHFTHS
SMSYNLL,0,,...[FWY]..[LVI],PLRMTNKCLLQIALLLCFSTTALSMSYNLLGFLQHSSNF
VSCYIDY,0,,...[FWY]..[WFY],PLRMTTRSLNTHDVAAPLSPHSQEVSCYIDYNISMPAQN
LLLFGTV,0,,...[FWY]..[LVI],PLRMVDMDKLINNLEVQLIQKVAQCRYSSRSLLLFGTV
TQPWEHV,0,,...[FWY]..[LVI],PLRMWLQSLLLLGTVACSISAPARSPSPSTQPWEHVNAI
REDYDQF,0,,...[FWY]..[WFY],PLRNALHLASEREAISRLKDRPPLRAREDYDQFMRQRSF
TEKFYML,0,,...[FWY]..[LVI],PLRNEQAAEFLFNQCICIHLKSNTEKFYMLCLMTRKLFA
NLHYPLL,0,,...[FWY]..[LVI],PLRYDEHISNFHSKLKKENPDIYEENLHYPLLLILTKHG
QVSFNTI,0,,...[FWY]..[LVI],PLRNDGKNAEQVSFNTIVIESVVECPRNCHGNGESFLV
PLRYCEV,0,,...[FWY]..[LVI],PLRYCEVDIDECQSSPCVNGGVCKDRVNGFSCTCPSGFS
PLRYEDL,0,,...[FWY]..[LVI],PLRYEDLCTGALKSFALEVFYQTQGRLHPNLRRAIQQIL
DMLYMTW,0,,...[FWY]..[WFY],PLRNEDFIKDCVRIHNKFRSEVKPTASDMLYMTWDPALV
VDKYRKL,0,,...[FWY]..[LVI],PLRNEVLLKHEVDKYRKLFQSKQQTARKSISIKTVSCVE
ESLFDLL,0,,...[FWY]..[LVI],PLRNESLFDLLSTLPYVGPSVTPMTIVENPQGVFIKGLS
ETLYGFV,0,,...[FWY]..[LVI],PLRNDAPPGGSKETWGLQETLYGFVQNPSLAFSPNPEEN
KVCYVDY,0,,...[FWY]..[WFY],PLRNAEEDAWLRAQVISTEENKIKVCYVDYGFSENVEKS
LRNYPTL,0,,...[FWY]..[LVI],PLRNYPTLMGNYNGQNTASLSVFIPPYFAEKIILTEMPG
RYSFEMV,0,,...[FWY]..[LVI],PLRNGEVRYSFEMVQPDFELHAISGEITNTHQFDRESLM
RAKYNEV,0,,...[FWY]..[LVI],PLRNGRGNTSGSHIVNHLVRAKYNEVTLHKDGPLGETVL
KVAFSSL,0,,...[FWY]..[LVI],PLRNGPSFQTAFGKTEQTVKVAFSSLNLLLQTQALVASI
EIPWLQY,0,,...[FWY]..[WFY],PLRNGSNYLEEVREPSLQEEQASLEEGEIPWLQYHENDS
LEIFDGL,0,,...[FWY]..[LVI],PLRNIVKGDKESIKNLLEIFDGLLEYLTERISETSHEKS
PLRYIAL,0,,...[FWY]..[LVI],PLRYIALPLTLLVLLAGYNHDKLIPLLLQLKAGCRVSA
IRTFSTL,0,,...[FWY]..[LVI],PLRNLLKNTPSISEEQIRTFSTLKTKGNMKIKKLLVSV
TVKYYEL,0,,...[FWY]..[LVI],PLRYIMALREEYFDPSIVGWTVKYYELEEKIVSLIKNLI
EDIFGEL,0,,...[FWY]..[LVI],PLRNITLANVIRQLGSLSKYAEDIFGELFTQANTFASRV
QKVFDGV,0,,...[FWY]..[LVI],PLRNKVLLRVRMLYYLKQEVIGNECQKVFDGVDASDIDV
EATYGTV,0,,...[FWY]..[LVI],PLRNLEATYGTVRTGNRTLFEDRDSDSQDEVVVESLPTT
LLDFKSI,0,,...[FWY]..[LVI],PLRYLLDFKSIDDEVVEQRSGSSTPQRSCSAAGLHRPHS
VAIFGGV,0,,...[FWY]..[LVI],PLRNLLLSVSKDHALRLWNIQTDTLVAIFGGVEGHRDEV
TQLYGFL,0,,...[FWY]..[LVI],PLRNLNKLLENEQVQKLFVKTQLYGFLKEMGSEVSEDSE
AKHFVPL,0,,...[FWY]..[LVI],PLRYLPSERVFLFGAETSQAQRKWTEAIAKHFVPLFAEN
EKCFQRV,0,,...[FWY]..[LVI],PLRYLQAEKCFQRVLRKIPKLQNIITNLV
KAQYYLY,0,,...[FWY]..[WFY],PLRNPQKAQYYLYRAKSRQLLQNIFGARQDVATVLLLNH
RNLWSTY,0,,...[FWY]..[WFY],PLRNLWSTYAHAGAFVEKKGVPSVPVAEESRASTLPYVP
VIVFNGI,0,,...[FWY]..[LVI],PLRNNLRLATHPSCNNEHVIVFNGIRSNSPQLEKLCSSV
EINFQAF,0,,...[FWY]..[WFY],PLRNKDDYLRASRALLREIIKQTKHEINFQAFCLGLMQE
VTLYHQF,0,,...[FWY]..[WFY],PLRNNNQTSVTLYHQFYQMRLVLLPWLQQVAW
GPEFNRV,0,,...[FWY]..[LVI],PLRNPRAYTLPISKEESRLSRLATKSHYSSTGPEFNRVL
RSPYEAF,0,,...[FWY]..[WFY],PLRSPYEAFIVENLPGGSRVIQIRASDADSGTNGQVMYS
GDNFEVW,0,,...[FWY]..[WFY],PLRNQDPLGKQGYQLRQGDNFEVWERPLSGLAWAVAMIN
VKVFGKF,0,,...[FWY]..[WFY],PLRNQCLSATQNKTFQTHKCVKVFGKFSNSNRHKTRHTG
IGRFLGL,0,,...[FWY]..[LVI],PLRNQEDEEDAHAGIIGRFLGLQSHDHHPPRANSRTKLL
TSNFSDY,0,,...[FWY]..[WFY],PLRNQPMEIKVLGPYTFSICDTSNFSDYIRGGIVSQVKV
TRSWAPV,0,,...[FWY]..[LVI],PLRNQRLEAVWRGGALSWSSGGGWTRSWAPVPRRCLLQ
RKLYVEL,0,,...[FWY]..[LVI],PLRTRKLYVELKSSPQPHLVPFLKKSVVALRQLLPNSQS
IHLYSEL,0,,...[FWY]..[LVI],PLRNRNVTLTLAEEASQEPEMAPLGPKGLIHLYSELELS
KDAFPPL,0,,...[FWY]..[LVI],PLRNSEEESDPPTYKDAFPPLPEKAACLESAQEPAGAWG
GGSYCKL,0,,...[FWY]..[LVI],PLRNSVAEFDSHSGGSYCKLRSMIQPHGVSDQEKLSLDP
RNSYAGL,0,,...[FWY]..[LVI],PLRNSYAGLDPSNQIGSGSSRLGTAATIKGDTDTAKTSD
PLRYTAI,0,,...[FWY]..[LVI],PLRYTAINFVATPDEQNRDLDMFINASKNFNLNITWAAS
DAEYTVV,0,,...[FWY]..[LVI],PLRYTFESDKGLYQLTINSVTTDDDAEYTVVARNKYGED
RSTWSTF,0,,...[FWY]..[WFY],PLRNTGGRKVSGTMYNTGRHVSFAWTRSTWSTFLVGR
KLHFGQI,0,,...[FWY]..[LVI],PLRNTRDAVKLHFGQITQHVHSFS
VSGYPTL,0,,...[FWY]..[LVI],PLRNTNTCNKYGVSGYPTLKIFRDGEEAGAYDGPRTADG
HFNFAIV,0,,...[FWY]..[LVI],PLRYTWMDATLKELTSLVKEVYPEARKKGTHFNFAIVFT
EQVYHGL,0,,...[FWY]..[LVI],PLRNVEVSSGNSEVEDRPQDPLARLRHKELQMEQVYHGL
PLRYVLL,0,,...[FWY]..[LVI],PLRYVLLEVHYDNPTYEEGLIDNSGLRLFYTMDIRKYDA
KHSYGKL,0,,...[FWY]..[LVI],PLRYVSNGSVYFDTAKFASSEKHSYGKLVPEAVGDQKAL
KFPFKTL,0,,...[FWY]..[LVI],PLRYYPDDNGIYNQKFPFKTLAMVTSFLTNICISYLAKY
GTPWCVV,0,,...[FWY]..[LVI],PLRSVATAPIPGTPWCVVWTGDERVFFYNPTTRLSMWDR
IFQWHLF,0,,...[FWY]..[WFY],PLRPDLAIFQWHLFHHEFLRQSDGATLFQNNHSETFSPN
GPQFSGL,0,,...[FWY]..[LVI],PLRPAQGPQFSGLVSSLPPGVPCPEWSTAWGPCSTTCGL
VEAFFLV,0,,...[FWY]..[LVI],PLRPAVEAFFLVHATERESKPPVRDTRESQLAHIKDEPP
QDQFVDI,0,,...[FWY]..[LVI],PLRPCNEKLIQDQFVDISFPSQVVNTNMQSVQLNTEDTV
ESKYQCI,0,,...[FWY]..[LVI],PLRPCKSKSLGDLTSEDIACNFESKYQCISKSFVTTGIR
DRGFKVW,0,,...[FWY]..[WFY],PLRPWRAGTLISASEDRGFKVWDHCTGSLIYSSSVLSAY
SLCYPRV,0,,...[FWY]..[LVI],PLRPDGTEVADKAAYLTSLNSADLLKSLCYPRVKVGNEF
KAKFENF,0,,...[FWY]..[WFY],PLRPDIAWYKKGGDLPSDKAKFENFNKALRITNVSEEDS
QRKFILV,0,,...[FWY]..[LVI],PLRPDPQAMFDIEYFRKDHVHSSSLQRKFILVNSSHLS
CEKFLGI,0,,...[FWY]..[LVI],PLRPDTTISLSQCEKFLGIGNKKAFWGTEKFEDKMGTYS
QASFLCL,0,,...[FWY]..[LVI],PLRPARRERQASFLCLLRGCGPEPHSPGLAHARGALGDR
HTAWIPF,0,,...[FWY]..[WFY],PLRPATEPPQLPGRCPESDHTAWIPFHGHCYYIESSYTR
DADWLEL,0,,...[FWY]..[LVI],PLRQEGILSMKVTRKGSVISTLDADWLELTTFYYKQGLS
DGIFETF,0,,...[FWY]..[WFY],PLRPESFDLSWMATDGIFETFTIEIIDSNRLLETVEYNI
VLRFLKF,0,,...[FWY]..[WFY],PLRTENPDNCAEKLGCVLRFLKFLVKLIHWKKNLFTNC
QQLFYRY,0,,...[FWY]..[WFY],PLRPQTTEKISPNWESGINVDLAISTRQYHLQQLFYRYG
LRIWRDY,0,,...[FWY]..[WFY],PLRRFAKERRLRIWRDYVAPTANLDQKDKQFVAKVMQVL
TMAYMHI,0,,...[FWY]..[LVI],PLRPFTQAEMCLPCCSPQQGSLQLSSSEGGASTMAYMHI
LRPFTRV,0,,...[FWY]..[LVI],PLRPFTRVHPYETKEFIINDILKHFQEELLSQAARILGS
PALWSLL,0,,...[FWY]..[LVI],PLRPGDPALWSLLSRVVAQYAQRNAKGGVVAGNVAHILD
ITGFTCL,0,,...[FWY]..[LVI],PLRPGLLVKRDFITGFTCLHWAAKHGRQELLAMLVNFAN
DVFYQQL,0,,...[FWY]..[LVI],PLRPGLVLFQLSAAGDVFYQQLRPQVDSSLRRDAGPPGD
LDKFSNI,0,,...[FWY]..[LVI],PLRPGMDVLPSHCWISEMVVQLSDSLTDLLDKFSNISEG
HGVFSGL,0,,...[FWY]..[LVI],PLRQGNLVVSSLWSFTFGHGVFSGLRIFDVRFQGERIAY
LAVWNAL,0,,...[FWY]..[LVI],PLRPGYYYRDDSLAVWNALEKYVTEIITYYYPSDAAVEG
TYLWEKL,0,,...[FWY]..[LVI],PLRPHCQIQGSQDIGSDVILLCSSEEGIPRPTYLWEKLD
MSLYRSL,0,,...[FWY]..[LVI],PLRPHHFMMSLYRSLAGRAPAGAAAVSASGHGRADTITG
KPSYNQL,0,,...[FWY]..[LVI],PLRPNLFKTPQRKPSYNQLASTPIIFKEQGLTLPLYQSP
IRIFQVL,0,,...[FWY]..[LVI],PLRPGGIVKVYSFKIHEHETALFIIRIFQVLKLKPNLL
GYQYKRL,0,,...[FWY]..[LVI],PLRPGGQINPNSGYQYKRLEECLPTGVYECNKRCKCDPN
RGPYDTF,0,,...[FWY]..[WFY],PLRPHQGSGLGPGTYFFKSDLETYVARSVGTRGPYDTFS
EGGFEKF,0,,...[FWY]..[WFY],PLRTICLSWKLSEGGFEKFQISYCMPSRQEKLIKVIVYG
LLLYENY,0,,...[FWY]..[WFY],PLRPKDQEEWKRRTGLLLYENYGQSETGLICATYWGMKI
LERFPIF,0,,...[FWY]..[WFY],PLRPKIQSIYLERFPIFKACFSANGEEVLATSTHSKVLY
KTGYGEL,0,,...[FWY]..[LVI],PLRPKKKTGYGELNGNAGEREISLKNLSSDEATNPISRV
DLCYNYL,0,,...[FWY]..[LVI],PLRSKLQTNAMDGLVNLTMLDLCYNYLHDSLLKDKIFAK
PDLYEKF,0,,...[FWY]..[WFY],PLRSKSPWLRKNGVKKIDPDLYEKFISHRFGEEILYRID
DLVYADL,0,,...[FWY]..[LVI],PLRPLKTTTCLEDGIRNGSCSSDGLLDLVYADLGTLSRL
KVLFKKL,0,,...[FWY]..[LVI],PLRPSKVLFKKLLNKIRSQKSLWTIKSMSEDESEMITTV
DTAYRVV,0,,...[FWY]..[LVI],PLRPLLNAIQQGCRAPPYLGRVGVADEGRTDTAYRVVAD
NQIFSNL,0,,...[FWY]..[LVI],PLRPLPESPVGLDYSNPWHSSYVQARNQIFSNLHIIHLT
MTPYPIY,0,,...[FWY]..[WFY],PLRPLQSRVWQTKSHALKVIAATWCLSFTIMTPYPIYSN
GGHFTFL,0,,...[FWY]..[LVI],PLRRLSQQGSAQSTAGGSFLQAAAPLVTLIIGGHFTFLG
EKYYGAV,0,,...[FWY]..[LVI],PLRTNEVGEVETSSKLLLQATPQFHPGYPLKEKYYGAVG
NTAYSAW,0,,...[FWY]..[WFY],PLRPNGIVSTGYSNTAYSAWDRPSYDSSLKPGKIDHLS
VLHYGDL,0,,...[FWY]..[LVI],PLRPNHKVLHYGDLEESPQGEVPHDSLQDKLPVADIKAV
KLTFLDL,0,,...[FWY]..[LVI],PLRSLELCVLQKLTFLDLRNNFLNSLPEEMESLVRLQTI
QAHFALF,0,,...[FWY]..[WFY],PLRPNIIMSDADMDWAVEQAHFALFFNQGQCCCAGSRTF
LRPYVII,0,,...[FWY]..[LVI],PLRPYVIIYGTPGVPLIQLVRRPVEVLQDPTLRLMLLT
SAQYETL,0,,...[FWY]..[LVI],PLRPSAVNQAAPHQQNRIWEREPAPLLSAQYETLSDSDD
TTAFSGI,0,,...[FWY]..[LVI],PLRPPLSTPNQTTAFSGIGGLSSQLPVGGLGTGSLTGIG
VSVFYSV,0,,...[FWY]..[LVI],PLRSDAPSILDLLVSVFYSVAPPTLNPVIYCLKNKDIKS
DFTYPSL,0,,...[FWY]..[LVI],PLRPPRRQNEEVSISLDFTYPSLEESIPSKPAAQTPPAS
ITIYHLI,0,,...[FWY]..[LVI],PLRPQCTPPSVLPSDITIYHLIQSLSPFDPSRLFGWQSA
PGDFDVL,0,,...[FWY]..[LVI],PLRPTSPTEYQMALSPPASRGKLPGDFDVLPTGIPGRAV
LSCWSSL,0,,...[FWY]..[LVI],PLRPQKIAVNSMVLSCWSSLWLLSCSMG
RYVFEAV,0,,...[FWY]..[LVI],PLRPQKLKEVISLEKLNVGNERYVFEAVIRWIAHDTEIR
TLDFLDI,0,,...[FWY]..[LVI],PLRPQMQLNLTLYTLDFLDILRNQTTTSAEHFTGKKNRP
IENWKFF,0,,...[FWY]..[WFY],PLRPQTLNLTAVNEAVLIENWKFFVRMALILLSMKMLQ
LRPWDSI,0,,...[FWY]..[LVI],PLRPWDSIKLTFEATGPSHMSFYVRAHKGSTLSQWSLGN
TTVFQMV,0,,...[FWY]..[LVI],PLRPSFQSPVKISEIMRSNGFCLANTETIVLTTVFQMV
VETYSAI,0,,...[FWY]..[LVI],PLRPRPDFAVETYSAISQEDLLMRLLECDVIIYNITESS
QKVFLWV,0,,...[FWY]..[LVI],PLRQRPPVDEVLREGHINLSGLSCVHTLCSQQKVFLWV
QKLFDLL,0,,...[FWY]..[LVI],PLRPSAVKVDCLNINCNPVKTVIDDLIQKLFDLLVLSLK
VMRFLHF,0,,...[FWY]..[WFY],PLRPSDVKARQAIVLLGVKKSLGGVMRFLHFSY
IAPWPHV,0,,...[FWY]..[LVI],PLRRASAPCCSRAALGHGQPHPIAPWPHVVRTMRKRAL
AEEWKHL,0,,...[FWY]..[LVI],PLRRQEEVIDHKLTEREWAEEWKHLNNLLNCIMDMVEKT
KCPWKEY,0,,...[FWY]..[WFY],PLRSKCPWKEYKSDSGKPYYYNSQTKESRWAKPKELEDL
VVCFDPL,0,,...[FWY]..[LVI],PLRSSYSTCVLVSEENKDAIITAKEKRGKYVVCFDPLDG
KVSYASL,0,,...[FWY]..[LVI],PLRPTDGSTICKVSYASLADVDKAVAAAKDAFENGEWGR
KNSFHNY,0,,...[FWY]..[WFY],PLRPTNENPRPLSFQSELTASASVDYEEQKNSFHNYLK
LLCWHRL,0,,...[FWY]..[LVI],PLRPTVDISQILLGPSVLLCWHRLKKYFFKSHT
AKDFLHI,0,,...[FWY]..[LVI],PLRVAFAVKTNVSYCGALDEDVPVPSTAISFDAKDFLHI
KDSFESI,0,,...[FWY]..[LVI],PLRPVIEVKNKHPVEVVYLSEAQKDSFESILRLIFEIHH
KPEFVSV,0,,...[FWY]..[LVI],PLRSVLRILQKPEFVSVRHLELAGENPSSDINCTKVLQG
RPWFKSV,0,,...[FWY]..[LVI],PLRPWFKSVEEFMDSSVEDSKKESSSDKKVLSAIINKTI
LRPYASL,0,,...[FWY]..[LVI],PLRPYASLFQSHSCKTKTSPCVLSDRGKAPDPQAGNFVL
VLGFSIL,0,,...[FWY]..[LVI],PLRPYGGALLNKDKILESIRQCGVALCIVLGFSILSASI
EKSYWKV,0,,...[FWY]..[LVI],PLRQALCLQPDGSCTGVGSQSEKSYWKVHKISSGICMFE
SSPYIQV,0,,...[FWY]..[LVI],PLRQELEASVQEGKLDRSSPYIQVLEEDWRQALRGPPGV
SGFFASL,0,,...[FWY]..[LVI],PLRQAPIDIPPDNPRHYGQSGFFASLCWQDQKSEKSFCE
QMGFDGF,0,,...[FWY]..[WFY],PLRQASLFAQMGFDGFFLGALIIKISGYGCRSWRWSRC
VTTFSSY,0,,...[FWY]..[WFY],PLRQCVPVHHRRFLSRSKVCVTTFSSYSASEQVRSALC
RARYIVL,0,,...[FWY]..[LVI],PLRQEKPKPTHKPTLTIKQKVIAWSRARYIVLVPVEGGE
TEDYRQF,0,,...[FWY]..[WFY],PLRQEALDYFSDKESGKQKFNDSEGDDTEETEDYRQFRK
ESSYTSV,0,,...[FWY]..[LVI],PLRQEAVPKSLGASESSYTSVNRGPPLDRAEVYSSKLQD
QALFTGW,0,,...[FWY]..[WFY],PLRQEFYDPMTPVNARYEFGQALFTGWAAASLCLLGGAL
SRVYSKL,0,,...[FWY]..[LVI],PLRQEGLKDSDLENSEGLSRVYSKLYKEAEKIKKWKVST
ILYYESL,0,,...[FWY]..[LVI],PLRQEHSRSILYYESLNKTLSKLKEVHEQLLSTEQVSDH
KEDFVQF,0,,...[FWY]..[WFY],PLRQEMFQISKEDFVQFTKAAKQSVLDGTSKWSAKITIT
EKTWLSL,0,,...[FWY]..[LVI],PLRQELPDSGALMLVPNRQLTADYFEKTWLSLKVAHQQL
GQTYSSV,0,,...[FWY]..[LVI],PLRQENFVLKILFCKQSDRGLYTCTASNLVGQTYSSVLA
EYLFERI,0,,...[FWY]..[LVI],PLRQEYLFERIKELSQGGCMSSFRWNRGGDFKGRKWDTD
LRQFQVL,0,,...[FWY]..[LVI],PLRQFQVLGQAFHKHLSSLTLVGAMRESFIQGCTVRNSF
SECYPVL,0,,...[FWY]..[LVI],PLRQFVYTASIPALLCNLGVTPIDGAPHRSYSECYPVLL
NGIFMKF,0,,...[FWY]..[WFY],PLRQGAEAFEIQHSGLANGIFMKFLKDRLLEDKKITVLL
HSRFNVY,0,,...[FWY]..[WFY],PLRQRCGGGLPGVKTLFLFPNQTGFPNKHSRFNVYCFRD
GLQFPGW,0,,...[FWY]..[WFY],PLRQGRPLWHYASSEVVIPRKETHHGKGLQFPGWLSHSL
EKPYFPI,0,,...[FWY]..[LVI],PLRQGSSTSSSPAPVEKPYFPICMRLLRVVSVLIKQFYS
QGTYLLV,0,,...[FWY]..[LVI],PLRQGTYLLVDPNEREERVMDGLLVIAMNKHREICTIQS
VCPFCRF,0,,...[FWY]..[WFY],PLRQGVIVCPFCRFETCLPDDEVSSLPDDNNILVNLTCG
GPTFIKV,0,,...[FWY]..[LVI],PLRQIEVEKTMFEKGPTFIKVRVVKDNHNFMIHLNDPK
RQHFLPL,0,,...[FWY]..[LVI],PLRQLRAAPGGCSASSPPGRGRTAQPEKFRQHFLPLVPF
KTKWADL,0,,...[FWY]..[LVI],PLRQIREEGLKWQKTKWADLPPIKKNFYKESTATSAMSK
KQLFKCI,0,,...[FWY]..[LVI],PLRQHLHITGNKVDILPKQLFKCIKLRTLNLGQNCITSF
PPPFLGL,0,,...[FWY]..[LVI],PLRQLNGLPATSKASRRVSSTRCPPPPFLGLSMSSSNTF
QHLYRSI,0,,...[FWY]..[LVI],PLRQIYPDESHYFTSSSLKQHLYRSIINFFVECFRIQDK
RQKFEKI,0,,...[FWY]..[LVI],PLRQKFEKISESAKQELIDFKTRRVAAFRKNLVELAELE
RAEYINF,0,,...[FWY]..[WFY],PLRQKRITKKNPKKAEKLERKKVYRAEYINFLENLKILE
IPTWFIF,0,,...[FWY]..[WFY],PLRQTVEKLSNIIFLFRLNSRIPTWFIF
DHLFDCF,0,,...[FWY]..[WFY],PLRQLDHLFDCFKASWTNASKKQREKLLELIRRLAEDDK
LQAYPAL,0,,...[FWY]..[LVI],PLRQLRKEEENASVIDSAELQAYPALVVEKMLKALKLNS
TQLFACW,0,,...[FWY]..[WFY],PLRQLHVPCGAQCQTQLFACWSAHGPSTTW
ADYFLGV,0,,...[FWY]..[LVI],PLRQLIAQKLYLQDDNDLREMHTILADYFLGVWSGGRRK
IAIFCLW,0,,...[FWY]..[WFY],PLRQLLASIPAAVYVIAIFCLWQATLQVMV
RFHYAAF,0,,...[FWY]..[WFY],PLRQLTEERRFHYAAFPSAMSHRNRSFSFNPHPGYLTPS
PSCYGNI,0,,...[FWY]..[LVI],PLRQLQNTSSIKPIEDKGEFSVPSCYGNIKNDNGSSSLT
VVQWKLY,0,,...[FWY]..[WFY],PLRQNFVFEEDRLHSIQIANHICHLIQKGNIVVQWKLYN
TMVYGLF,0,,...[FWY]..[WFY],PLRQNFEVPNRIIEIANKTPKISQLYKQASGTMVYGLFM
QNIWYFL,0,,...[FWY]..[LVI],PLRQNIWYFLDEYLFDIPRGIKSKSHFYSEEAINLLNPK
LPLYSLL,0,,...[FWY]..[LVI],PLRQPDASLPLHVLPLYSLLAPEKQAQVFKASTGGDSVV
SNSWQTV,0,,...[FWY]..[LVI],PLRQPGTPGTLPASAYIIEAFSQSVSNSWQTVANHVKTT
AIRYDAF,0,,...[FWY]..[WFY],PLRQTSPKHKGKISRMLAAKTVLAIRYDAFGEDSSSAMG
LRSWRIL,0,,...[FWY]..[LVI],PLRQQHLRTMNHQSRTLVLKNLINSNSLSLRSWRIL
ALPWEQV,0,,...[FWY]..[LVI],PLRQSCSEDPALPWEQVAVRLFDQESCIRSLEGSGKPPV
PLSYETL,0,,...[FWY]..[LVI],PLRQSRFHLTPLSYETLEFASGFASEQCPEGIVAISTNT
HCGWCVL,0,,...[FWY]..[LVI],PLRQYTSCELCLGSRDPHCGWCVLHSICSRRDACERADE
DRQFHSV,0,,...[FWY]..[LVI],PLRQSGRFDCSDRQFHSVAAAWQARLESPADVKELIPEF
KKLFAGI,0,,...[FWY]..[LVI],PLRQSHLKKLFAGINSVCFDEKSKHITAMKSLEGEVVPF
SNYFTTL,0,,...[FWY]..[LVI],PLRQSNYFTTLSNSVVNEPPRSYPSKEVSNIYGDKQSNA
LFPWAQI,0,,...[FWY]..[LVI],PLRQSIGLIQPFATNGKLFPWAQIRLPTAVVPLRYELSL
TEVWALL,0,,...[FWY]..[LVI],PLRQRGPRAIFPRTKFQINTPPRKMAPVYSPNTEVWALL
SKNFQRI,0,,...[FWY]..[LVI],PLRQRLGADVTAVEFLGHVGGVGIDMEISKNFQRILQKQ
RGKYRTI,0,,...[FWY]..[LVI],PLRQRLLSQSFLGSEGSHGRPGGPGPGTGRGKYRTISQI
CYNYPVI,0,,...[FWY]..[LVI],PLRQVVLWFSHSGLLPEGIDDSVQLSRLCYNYPVIQNYY
QPVFITV,0,,...[FWY]..[LVI],PLRQVVRQLEAEPGLPPVQPVFITVDPERDDVEAMARYV
CVIYHLL,0,,...[FWY]..[LVI],PLRTPSCVIYHLLPLCVMCAWVLPSLTRSGRSVFL
LLYYESI,0,,...[FWY]..[LVI],PLRRAESSRPEDIKDMTKDQIANEKVALQKALLYYESI
SVMYTPF,0,,...[FWY]..[WFY],PLRRAESFSVMYTPFATKIRADKIEKVKDAFTKTHPAYA
MEAFNLV,0,,...[FWY]..[LVI],PLRRAMEAFNLVRESEQLLSICQIPLLCWILCTSLKQEM
LAVFAAV,0,,...[FWY]..[LVI],PLRRAHGVYVFEQNHLAVFAAVHPPAPSVSSSVAAAHA
AQAYMKL,0,,...[FWY]..[LVI],PLRRAQAYMKLEDYEKALVDCEWALKCDEKCTKAYFHMG
PPSFESY,0,,...[FWY]..[WFY],PLRRAVLHLGLPPSFESYVQAVGRAGRDGQPAHCHLFLQ
RRGFLQV,0,,...[FWY]..[LVI],PLRRGFLQVFAPAVAAVFPPSARLFVAAAFCPGVCCLLI
ESVFQEL,0,,...[FWY]..[LVI],PLRRDNPFKRTNEIVEEQYTPQSLATLESVFQELGKLTG
LMCWRLV,0,,...[FWY]..[LVI],PLRSECMDPKRLAESSVDLNLKLMCWRLVPTLDLDKVVS
REQYENL,0,,...[FWY]..[LVI],PLRREQYENLKWTLERKLEELDGELALQRQELLLEFESK
PAVWVLL,0,,...[FWY]..[LVI],PLRRFLQTEDSWVPASPDTGLDPLTVRRHVPAVWVLLSR
LPTWQPV,0,,...[FWY]..[LVI],PLRRFPLPTWQPVTAVGEGLDRVWAYDVPEGGQAGEAAS
ESSWHSL,0,,...[FWY]..[LVI],PLRWGGRLGPRGREGLEYSDPAGAVCERESSWHSLAPPP
HNQYFLL,0,,...[FWY]..[LVI],PLRRGHKLQSCSSKALRDPLLHLCRLWISDHNQYFLLEL
KRGYEAF,0,,...[FWY]..[WFY],PLRRGKRGYEAFLKPWSSTTRNTSRCSRARNRPSAAP
TPPWRPL,0,,...[FWY]..[LVI],PLRRRWLQRPRKQTPPWRPLSCDSLVAAWPLPMTVVCRA
LSNFALI,0,,...[FWY]..[LVI],PLRRQSSLAFLTSLVLKSLSIIALSNFALILPMKNYNN
MRSYLDV,0,,...[FWY]..[LVI],PLRRMGISIQGSHVSDQLEMRSYLDVPRNKSLAIHNIQG
RMIWEPY,0,,...[FWY]..[WFY],PLRRMIWEPYTAAPGGEPPGAKAHNPGPSTAALEVMQDL
QTYFLPV,0,,...[FWY]..[LVI],PLRRKGKCAVIKTSTRQTYFLPVIGLVDAEKLKPGDLVG
ASRYIFL,0,,...[FWY]..[LVI],PLRRKRIEVVEELQVQILKLLLDNKDDNGGEASRYIFLT
DLSYQNI,0,,...[FWY]..[LVI],PLRRKLKQAINYSKSLDMEKGVENDLSYQNIGGNTNWKP
SDEFISL,0,,...[FWY]..[LVI],PLRRKNSNMSDEFISLSPGTPPST
DIFWKMV,0,,...[FWY]..[LVI],PLRRKQDIFWKMVQSRVGDSFYIRTHFELEPSPPSGLGF
SKVYNGI,0,,...[FWY]..[LVI],PLRSKVYNGILEKSCSMNQLSSGIPVPKPRHTSCSSAGN
IASFSGF,0,,...[FWY]..[WFY],PLRRLAANTIASFSGFRSSFRMDSSVEEDELMLNEGKSS
PWFFGAI,0,,...[FWY]..[LVI],PLRRRDGSSQQLQGYIPSNYVAEDRSLQAEPWFFGAIGR
VCLFSML,0,,...[FWY]..[LVI],PLRRLGQLGLKEGFPSAGKILVRLLVCLFSMLTMKIFH
LLRFFSV,0,,...[FWY]..[LVI],PLRRLRAVLKRSRIPMETLETWEERLLRFFSVSPQAVYT
RYEYDHW,0,,...[FWY]..[WFY],PLRRRYEYDHWDAAIHGFRETEKSRWSEASRAILQRVQV
RLLWTVV,0,,...[FWY]..[LVI],PLRRLLWTVVSEDIQSCRHVATKLIQGNEYIFRVSAVNH
CLCFARL,0,,...[FWY]..[LVI],PLRRLTHQDKKSVESTCLCFARLVDNFQHEENLLQQVAS
NQLFHAV,0,,...[FWY]..[LVI],PLRWMLKIARQLRVEKEREEYLAQQKQEQKNQLFHAVQR
NPLFAGI,0,,...[FWY]..[LVI],PLRRNFLKCSEDNPLFAGIDCEVFESRFPTTMALSVLVT
NEQYQKL,0,,...[FWY]..[LVI],PLRSNLSMNQTLEGHSGSVQVVTWNEQYQKLTTSDENGL
AKRFCQY,0,,...[FWY]..[WFY],PLRRNYLQDENENRTGTLQQLAKRFCQYVVKQSELKGTF
GVAYPAF,0,,...[FWY]..[WFY],PLRRSRLYHDGKNQPGVAYPAFLGPDEAFALPDSLLVVL
PLAFPPL,0,,...[FWY]..[LVI],PLRSQAAALESHPYGLPLAKRAAPLAFPPLGLTPSPTAS
MVEYSQY,0,,...[FWY]..[WFY],PLRRTKSQDPMAIFFTKGTTGAPKMVEYSQYGLGMGFSQ
KIRFKPF,0,,...[FWY]..[WFY],PLRRPMPQLTSIIVNQLKKIIKRKHTLPNYKIRFKPFFP
PLAWQAF,0,,...[FWY]..[WFY],PLRRQQIKDFTCNPLNSISEPKGNPLAWQAFESQPAAPA
KKYYDGW,0,,...[FWY]..[WFY],PLRRRFIKKYYDGWLICEEPTCRNRTRHLPLQFSRTGPL
RRRYGDI,0,,...[FWY]..[LVI],PLRRRYGDIEEAPPPPLLPDWCFEDDEDEDEDEDGKKES
LELFGQI,0,,...[FWY]..[LVI],PLRSSEQERTGLPRDMLEGQDSKLPSSVRSTLLELFGQI
RSHFKLF,0,,...[FWY]..[WFY],PLRRSHFKLFTSMADVTIQFQSDPGTSVLGYQQGFVIHF
LRSFTDL,0,,...[FWY]..[LVI],PLRRSKRSKNQENGPVCSLRDCLRSFTDLEELDETELYM
KKEYPAL,0,,...[FWY]..[LVI],PLRRTKVLSLAKRILRFKKEYPALQPKEPPPSLLEADLT
LRYFQCW,0,,...[FWY]..[WFY],PLRYFQCWAVMCCNVPEARVFKASRSNNFYLGMLLLILF
LRRWNVL,0,,...[FWY]..[LVI],PLRRWNVLGLQGALLTHFLQPIYLKSVTLGYLFSQGHLT
LRRYAYV,0,,...[FWY]..[LVI],PLRRYAYVRGGGDPWTNGSGLALCQRYYHRGHVDPANDT
QFGYPKL,0,,...[FWY]..[LVI],PLRRYGDQHGLRFALPARYQFGYPKLFQASRVKGYRPQG
EGRYRKY,0,,...[FWY]..[WFY],PLRYAAGYGGGYLRKAADEGPEGRYRKYAYEPAKAPVAD
IEVWPVL,0,,...[FWY]..[LVI],PLRSELQLRTLCIEVWPVLAVIGGVDAGLRVGGRCVHKQ
SRHFTAL,0,,...[FWY]..[LVI],PLRSAKVSRHFTALSGCEARAASASRLRQLQAWYRGPWY
AADFQDF,0,,...[FWY]..[WFY],PLRSADFTVPKFLQAEETINENAADFQDFEAEETNEGRH
HPFFLSL,0,,...[FWY]..[LVI],PLRSAEDAMKHPFFLSLGERIHKLPDTTSIFALKEIQLQ
TKLFRTL,0,,...[FWY]..[LVI],PLRSAKIVPKISYASKVKETSTKLFRTLLCHQLHLHHL
SKMYGTL,0,,...[FWY]..[LVI],PLRSAQSRRIAKSINRNSVRSRMPAKSSKMYGTLRKGSV
EDLFVNI,0,,...[FWY]..[LVI],PLRSCLSLFRDEVFHIHKAAEDLFVNIRGYNKRINDIRE
MLLFTHI,0,,...[FWY]..[LVI],PLRSESPSEIMESLTKMYSIPKDKQMLLFTHIRLAHGFS
TTCFCLF,0,,...[FWY]..[WFY],PLRSECSRPHSLGQNRTTCFCLFLTS
LRTFDVI,0,,...[FWY]..[LVI],PLRTFDVIHQGQDLLQYVNEVQASGVELLCDRDVDMATR
NPSFHSL,0,,...[FWY]..[LVI],PLRSFLMDEFAMPPTLMQNPSFHSLIEGRGHEGAVQEQY
MFIFAIL,0,,...[FWY]..[LVI],PLRSFPVESDVAPIARMFIFAILPDGEVVGDSEKFEIE
LRSFPTL,0,,...[FWY]..[LVI],PLRSFPTLQDHRKHIHEVHSKEYHPCPTCGKIFSAPSML
PSQWWPY,0,,...[FWY]..[WFY],PLRSFVIPSESDVPTHCPSQWWPYAGHCYKIHRDEKKIQ
DGLYKEL,0,,...[FWY]..[LVI],PLRTGIVEKVKGSITTMLALASSQGDGLYKELADVGSEY
ARLYHHL,0,,...[FWY]..[LVI],PLRSHEQEARLYHHLPDPGLPQPLALPVRTWERPLRPVS
AGLFGLV,0,,...[FWY]..[LVI],PLRSVQQAAKWVEMHVKEAGLFGLVNNAGVAGIIGPTPW
EKQFQLL,0,,...[FWY]..[LVI],PLRSHIHAYVNALLIPGPAGKTKLEKQFQLLSQSNIQQS
HAGWTPL,0,,...[FWY]..[LVI],PLRSIKGDIPSVEYLLQNGSDPNVKDHAGWTPLHEACNH
TFRWTSL,0,,...[FWY]..[LVI],PLRSILREPTFRWTSLKHSRSEPQYFSSAKYAKEGLIRN
ISLYDCI,0,,...[FWY]..[LVI],PLRYIPPRRLDPKEHSYYYRPARTGIISLYDCIFKRRLD
MTEYQRL,0,,...[FWY]..[LVI],PLRSIRVTQLMTPSDSCEDTQMTEYQRLFQSKSTDSEPD
LADYVLY,0,,...[FWY]..[WFY],PLRSNSHLADYVLYKNKVEDSGIFTIKNMINTEEGITLE
AIYYFRV,0,,...[FWY]..[LVI],PLRSKTSFKVENLTEGAIYYFRVMAENEFGVGVPVETVD
PLRWKVL,0,,...[FWY]..[LVI],PLRWKVLKEKIAKYGIRNSLLIAPMPTLPLLRSWGIMS
EPEYVPW,0,,...[FWY]..[WFY],PLRSLEKEPEYVPWTATSGPGGIRTVIIRQHEIVLKVA
QTPFYTV,0,,...[FWY]..[LVI],PLRSLPVFGQTPFYTVENSVEVARNSL
PLRWKPW,0,,...[FWY]..[WFY],PLRWKPWLDEEAISTLRKGGFYSQKVTTNPNLRIISLNT
PAVFSVV,0,,...[FWY]..[LVI],PLRSPAVSLVVSPAASPEISPEVCPAASTVVSPAVFSVV
RSPFKNF,0,,...[FWY]..[WFY],PLRSPFQSPFRSPLRSPFRSPFKNFGHPGGRTIDFDCED
IYSWAWI,0,,...[FWY]..[LVI],PLRSTLLALVLMPLCLWIYSWAWINTPIVRGP
PLSFLTL,0,,...[FWY]..[LVI],PLRSPPPLSFLTLLPVPSTGTSVITSKPMNSTSVISTVT
PRIYVPL,0,,...[FWY]..[LVI],PLRSPSDHRVPRIYVPLKDCPQDFVARPKDYANTLFICR
LPDFPLI,0,,...[FWY]..[LVI],PLRSQLLSFATTLCSQESSTLGLPDFPLIV
RQSWGLL,0,,...[FWY]..[LVI],PLRSRLPPQEDTRAQRQRLQKQLTEHLRQSWGLLGAPIQ
DDNYDYL,0,,...[FWY]..[LVI],PLRTSCCTHLSFMDPGPEGKLYSEDYDDNYDYLESGNWM
NINFNLI,0,,...[FWY]..[LVI],PLRSTFAVTTTCLIWFGCKLVLNPSAININFNLILLLLL
STIWSGL,0,,...[FWY]..[LVI],PLRSTIWSGLPSSEPRGPSTMQDDLPSSEPQGPSIMQDI
RRVYTRL,0,,...[FWY]..[LVI],PLRSVDIDAIRRVYTRLLSNEKIETAFLNALVYLSPNVE
TQVYPKL,0,,...[FWY]..[LVI],PLRSVSFEDTEATQVYPKLYLSPRIEHALGGSSALHIPT
SVSFSSL,0,,...[FWY]..[LVI],PLRVQQLSVSFSSLQIKALQNAVEKEVQAEDNIYIENSL
GLHFVSV,0,,...[FWY]..[LVI],PLRSVSGNSCVVRQVGLHFVSVSLFSS
DSRYFLW,0,,...[FWY]..[WFY],PLRSVTTGGTAEMYTKTGVNGDSRYFLWPLQHGTLHFCS
HAIYDKL,0,,...[FWY]..[LVI],PLRSYKEQESKKGFDQEEVFEKPTRETCQGMRHAIYDKL
GEHWTVY,0,,...[FWY]..[WFY],PLRSYKLAYSNDGEHWTVYQDEKQRKDKVFQGNFDNDTH
ATIFHEL,0,,...[FWY]..[LVI],PLRTAHKIYIHSYNTATIFHELVYKQTKIISSNQELIYE
PAVFVAY,0,,...[FWY]..[WFY],PLRTDLLGTSFLSPAVFVAYARNSSLLGLARGGPALCDA
NLIFQNI,0,,...[FWY]..[LVI],PLRTDDEVDGANDAGLLSGVLSTILQKNLIFQNIYFYC
TLKFLKV,0,,...[FWY]..[LVI],PLRTDGKVKDMNWLLNLSQSLKTLKFLKVKRLNLSALF
LLVYFNV,0,,...[FWY]..[LVI],PLRTGDALINAQYVGKPLILLVYFNVMNVLTLVRPYEC
RTHWLEY,0,,...[FWY]..[WFY],PLRTHWLEYIRMLLAGAVRIADKIESGKTSVVVPLR
DIPFCEF,0,,...[FWY]..[WFY],PLRTKNYEDERPDIPFCEFAETVSKDPQNSKVDKGVLGR
EIDWLHV,0,,...[FWY]..[LVI],PLRTSMNEIDWLHVKNLCQLESEEKQVKISATVNTMVFD
RGLFSVL,0,,...[FWY]..[LVI],PLRTSSFCRGLFSVLSTSQSLTELDLSDNSLGDPGMRVL
RLSFVLF,0,,...[FWY]..[WFY],PLRTSVVIVFHNEAWRLSFVLFTV
TVVFDGL,0,,...[FWY]..[LVI],PLRTVVFDGLLKIKICEAVSLNRQPGRCAMRWVRGRRL
HGNFKAL,0,,...[FWY]..[LVI],PLRTYHGPSPQSEPEVAAIVNFITAHGNFKALISIHSYS
DNMFHVL,0,,...[FWY]..[LVI],PLRVAFILKFLDNMFHVLMAQVTTVIITTVSVLVFDFRP
SSRWSEL,0,,...[FWY]..[LVI],PLRVGGNTPRKNPMHPSSRWSELDLLILLGTAGHVLSLG
IEEFSDV,0,,...[FWY]..[LVI],PLRVDSEDEKDPEWLREKTITQIEEFSDVNEGEKEVMKL
LRVFRVL,0,,...[FWY]..[LVI],PLRVFRVLVYVVAAERVWGDEQKDFDCNTKQPGCTNVCY
PLDFEEV,0,,...[FWY]..[LVI],PLRVFSLDYTTGNILTQQPLDFEEVERYTINIEAKDRGS
KVKFDYV,0,,...[FWY]..[LVI],PLRVGKHVVRWKVKFDYVPTDTTPRDRWVEKGSEDVRLT
RVKWTFL,0,,...[FWY]..[LVI],PLRVHYLRPPPSRRAVLGSPRVKWTFLSRGREAEVLVAR
NSSWEIL,0,,...[FWY]..[LVI],PLRVHSALPFRLQLRRGEARLGEERHFQESGNSSWEILR
RIFFESV,0,,...[FWY]..[LVI],PLRVLETDCHVLRKKAWQDCGMRIFFESVYGQCKAIFYM
LRFWGPW,0,,...[FWY]..[WFY],PLRVLGTQEKEVEGSGFPETRTLELRFWGPWRKKQHVH
RNKFGQL,0,,...[FWY]..[LVI],PLRVLTLSGAIFGWGRNKFGQLGLNDENDRYVPNLLKSL
GLLWVLL,0,,...[FWY]..[LVI],PLRVNSTEWVKRQKISFADQIVTALAVSRVGLLWVLLLN
DGSFLNL,0,,...[FWY]..[LVI],PLRVTCRQLLTDGSFLNLSDELCQGPKASSHKSCARTDY
LRVWASF,0,,...[FWY]..[WFY],PLRVWASFSATAKSRALGLLLPWGCGQRSRGPGVCRDSR
VLSFTCI,0,,...[FWY]..[LVI],PLRVSAYGIQCPAILAALATLLGAVLSFTCIPASTKGAK
NKTFCMI,0,,...[FWY]..[LVI],PLRVTLDFMLPRKTSLSSDSNKTFCMIGHCLSSQEEFLQ
ESHFNQV,0,,...[FWY]..[LVI],PLRVVCESAARLQLSQLKEHCLNFVVKESHFNQVIMMKD
GCTYYPV,0,,...[FWY]..[LVI],PLRVVTLEATHYLPGNSGFPRGCTYYPVGNSSYPRGNTY
AVKFFLL,0,,...[FWY]..[LVI],PLRVVVGVDYRLAPQHHFPAQFEDGLAAVKFFLLEKLLT
VQVFRVY,0,,...[FWY]..[WFY],PLRWGGPWRPPPPGLWKFPCPVQVFRVYGLHPLCFCCCS
VENYPVY,0,,...[FWY]..[WFY],PLRWHSMVYVPQMQQQLHVENYPVYTEPPLVDQTVPQCY
CVSWIYY,0,,...[FWY]..[WFY],PLRWPLAAEPGEVVTYQWNIPERSGPGPNDSACVSWIYY
PLRYAHW,0,,...[FWY]..[WFY],PLRYAHWVVSQPPDTYLKPLMTELLKRILDSNKRVQEAA
PLRYDRL,0,,...[FWY]..[LVI],PLRYDRLNCENAVLKENLKVKTEEIKMLKSDNAVLNQRY
LEKYDGV,0,,...[FWY]..[LVI],PLRYVDQAELEKYDGVDAGKYTIGLGQAKMGFCTDREDI
MTKYLKV,0,,...[FWY]..[LVI],PLRYDLCKTQIYTEEGKVWDYMACQPESTDMTKYLKVKL
PSSFIAY,0,,...[FWY]..[WFY],PLRYECKECGNLPSSFIAYSTCSHSYRGKAV
PLRYVTV,0,,...[FWY]..[LVI],PLRYVTVRRINLEACSNEMVTFLQGELHVSKLFNHPNIV
RYGFCEY,0,,...[FWY]..[WFY],PLRYGFCEYQDQETALSAMRNLNGREFSGRALRVDNAAS
GGFYFRV,0,,...[FWY]..[LVI],PLRYIDARWCSKTGGFYFRVNPLSLVEIILHVVRQMTDP
LEFFTHL,0,,...[FWY]..[LVI],PLRYMAAALLEFFTHLPSSSSMPPSTTSASTVLTGRVW
KVIYSHF,0,,...[FWY]..[WFY],PLRYTGPKQDVRAARDFILKLYQDQNPDKEKVIYSHFTC
LKHFIHV,0,,...[FWY]..[LVI],PLRYYLKHFIHVLQTGQLNQKLGVSLLVIVLEAFHFDHK
PLRYVNV,0,,...[FWY]..[LVI],PLRYVNVSRGLFEQHKLIYSFMLCVEMMRQQGTLSDAEW
